District,Season,Crop Name,Area,N,P,K,ph,Avg Temp,Min Temp,Max Temp,Avg Humidity,Min Relative Humidity,Max Relative Humidity,Rainfall,Production,Crop_Label_22,Season_enc,District_enc,Crop_enc,Crop_22_enc,Production_log
Bandarban,Kharif 2,Aman,25646,79.23,51.5,40.89,6.42,26.0,12.0,40,72.5,85,60,243.94444444444449,30154,rice,1,1,0,15,10.314106025885087
Dhaka,Kharif 2,Aman,18702,70.72,47.36,43.51,6.27,26.0,12.0,40,72.5,85,60,169.94262295081967,18052,rice,1,13,0,15,9.801067154936659
Gopalganj,Kharif 2,Aman,59993,73.12,50.86,41.6,6.38,26.0,12.0,40,72.5,85,60,155.864898989899,45111,rice,1,19,0,15,10.716903565487018
Madaripur,Kharif 2,Aman,40746,74.82,50.52,44.44,6.55,26.0,12.0,40,72.5,85,60,160.41666666666666,33832,rice,1,33,0,15,10.429191936530588
Manikganj,Kharif 2,Aman,19457,74.04,46.43,40.32,6.45,26.0,12.0,40,72.5,85,60,169.94262295081967,17897,rice,1,35,0,15,9.792444253742804
Munshiganj,Kharif 2,Aman,41822,73.52,53.47,40.31,6.69,26.0,12.0,40,72.5,85,60,169.94262295081967,16453,rice,1,38,0,15,9.708323887728875
Narayanganj,Kharif 2,Aman,19756,79.34,47.35,35.88,6.56,26.0,12.0,40,72.5,85,60,169.94262295081967,10831,rice,1,42,0,15,9.290259995152056
Rangamati,Kharif 2,Aman,23990,84.83,48.55,40.75,6.66,26.0,12.0,40,72.5,85,60,204.11111111111111,28765,rice,1,54,0,15,10.266949413163834
Shariatpur,Kharif 2,Aman,32898,78.41,51.34,38.17,6.61,26.0,12.0,40,72.5,85,60,155.864898989899,23078,rice,1,57,0,15,10.046678392127044
Bandarban,Kharif 2,Arhar,64,22.42,67.64,22.65,5.5,28.0,26.0,30,35.0,50,20,243.94444444444449,17,pigeonpeas,1,1,1,13,2.8903717578961645
Bogura,Kharif 2,Arhar,6,19.93,69.95,21.08,5.7,28.0,26.0,30,35.0,50,20,142.85416666666666,2,pigeonpeas,1,5,1,13,1.0986122886681098
Chapai Nawabganj,Kharif 2,Arhar,50,20.69,66.14,21.36,5.57,28.0,26.0,30,35.0,50,20,124.92,19,pigeonpeas,1,8,1,13,2.995732273553991
Chattogram,Kharif 2,Arhar,35,22.68,63.98,21.17,5.83,28.0,26.0,30,35.0,50,20,243.94444444444449,23,pigeonpeas,1,9,1,13,3.1780538303479458
Chuadanga,Kharif 2,Arhar,24,17.47,74.29,19.17,5.68,28.0,26.0,30,35.0,50,20,129.44444444444446,6,pigeonpeas,1,10,1,13,1.9459101490553132
CoxsBazar,Kharif 2,Arhar,2,21.75,66.42,21.94,5.61,28.0,26.0,30,35.0,50,20,303.40277777777777,4,pigeonpeas,1,11,1,13,1.6094379124341003
Dinajpur,Kharif 2,Arhar,15,20.84,71.79,20.39,5.67,28.0,26.0,30,35.0,50,20,154.21843434343435,4,pigeonpeas,1,14,1,13,1.6094379124341003
Faridpur,Kharif 2,Arhar,5,18.26,65.98,20.96,5.96,28.0,26.0,30,35.0,50,20,155.864898989899,2,pigeonpeas,1,15,1,13,1.0986122886681098
Feni,Kharif 2,Arhar,11,20.46,69.37,19.24,5.96,28.0,26.0,30,35.0,50,20,248.1727642276423,2,pigeonpeas,1,16,1,13,1.0986122886681098
Gaibandha,Kharif 2,Arhar,49,21.17,67.63,20.33,6.03,28.0,26.0,30,35.0,50,20,179.6013888888889,29,pigeonpeas,1,17,1,13,3.4011973816621555
Jamalpur,Kharif 2,Arhar,8,20.11,72.56,22.12,5.71,28.0,26.0,30,35.0,50,20,181.08838383838383,2,pigeonpeas,1,21,1,13,1.0986122886681098
Jashore,Kharif 2,Arhar,12,21.87,65.84,19.89,5.66,28.0,26.0,30,35.0,50,20,134.2247474747475,4,pigeonpeas,1,22,1,13,1.6094379124341003
Joypurhat,Kharif 2,Arhar,20,21.37,66.68,19.94,5.9,28.0,26.0,30,35.0,50,20,142.85416666666666,8,pigeonpeas,1,25,1,13,2.1972245773362196
Khagrachari,Kharif 2,Arhar,29,20.85,70.11,22.02,5.65,28.0,26.0,30,35.0,50,20,204.11111111111111,9,pigeonpeas,1,26,1,13,2.302585092994046
Kurigram,Kharif 2,Arhar,61,20.32,62.26,20.7,5.77,28.0,26.0,30,35.0,50,20,179.6013888888889,18,pigeonpeas,1,29,1,13,2.9444389791664403
Kushtia,Kharif 2,Arhar,91,20.24,68.24,18.82,5.61,28.0,26.0,30,35.0,50,20,129.44444444444446,43,pigeonpeas,1,30,1,13,3.784189633918261
Lakshmipur,Kharif 2,Arhar,14,18.91,75.61,18.98,5.79,28.0,26.0,30,35.0,50,20,185.7563131313132,2,pigeonpeas,1,31,1,13,1.0986122886681098
Lalmonirhat,Kharif 2,Arhar,7,21.1,63.66,22.33,5.5,28.0,26.0,30,35.0,50,20,179.6013888888889,1,pigeonpeas,1,32,1,13,0.6931471805599453
Magura,Kharif 2,Arhar,11,20.74,69.82,18.89,5.91,28.0,26.0,30,35.0,50,20,134.2247474747475,3,pigeonpeas,1,34,1,13,1.3862943611198906
Meherpur,Kharif 2,Arhar,16,18.97,69.15,20.7,5.72,28.0,26.0,30,35.0,50,20,129.44444444444446,6,pigeonpeas,1,36,1,13,1.9459101490553132
Moulvibazar,Kharif 2,Arhar,26,20.21,69.72,19.15,5.61,28.0,26.0,30,35.0,50,20,333.72557471264366,7,pigeonpeas,1,37,1,13,2.0794415416798357
Munshiganj,Kharif 2,Arhar,12,20.3,70.31,20.55,5.61,28.0,26.0,30,35.0,50,20,169.94262295081967,3,pigeonpeas,1,38,1,13,1.3862943611198906
Naogaon,Kharif 2,Arhar,132,20.53,69.4,21.63,5.9,28.0,26.0,30,35.0,50,20,124.92,55,pigeonpeas,1,40,1,13,4.02535169073515
Natore,Kharif 2,Arhar,15,21.05,67.19,22.43,5.84,28.0,26.0,30,35.0,50,20,124.92,3,pigeonpeas,1,44,1,13,1.3862943611198906
Netrokona,Kharif 2,Arhar,8,20.64,63.77,20.29,5.65,28.0,26.0,30,35.0,50,20,181.08838383838383,3,pigeonpeas,1,45,1,13,1.3862943611198906
Noakhali,Kharif 2,Arhar,40,20.7,67.24,20.84,6.02,28.0,26.0,30,35.0,50,20,185.7563131313132,10,pigeonpeas,1,47,1,13,2.3978952727983707
Pabna,Kharif 2,Arhar,7,20.8,58.9,22.83,5.93,28.0,26.0,30,35.0,50,20,124.92,5,pigeonpeas,1,48,1,13,1.791759469228055
Rajbari,Kharif 2,Arhar,33,20.69,69.08,20.22,5.97,28.0,26.0,30,35.0,50,20,155.864898989899,9,pigeonpeas,1,52,1,13,2.302585092994046
Rajshahi,Kharif 2,Arhar,6,19.28,68.5,19.09,5.72,28.0,26.0,30,35.0,50,20,124.92,1,pigeonpeas,1,53,1,13,0.6931471805599453
Rangamati,Kharif 2,Arhar,151,22.15,70.61,21.66,6.02,28.0,26.0,30,35.0,50,20,204.11111111111111,80,pigeonpeas,1,54,1,13,4.394449154672439
Rangpur,Kharif 2,Arhar,83,21.67,65.96,23.11,6.01,28.0,26.0,30,35.0,50,20,179.6013888888889,61,pigeonpeas,1,55,1,13,4.127134385045092
Sherpur,Kharif 2,Arhar,8,22.47,70.73,18.4,5.89,28.0,26.0,30,35.0,50,20,181.08838383838383,3,pigeonpeas,1,58,1,13,1.3862943611198906
Thakurgaon,Kharif 2,Arhar,40,20.03,71.01,19.57,5.83,28.0,26.0,30,35.0,50,20,154.21843434343435,14,pigeonpeas,1,63,1,13,2.70805020110221
Bagerhat,Kharif 1,Aus,14355,80.37,48.63,37.26,6.18,26.0,12.0,40,72.5,85,60,144.96843434343435,16061,rice,0,0,2,15,9.684211512748407
Bandarban,Kharif 1,Aus,30323,77.48,52.83,41.87,6.4,26.0,12.0,40,72.5,85,60,243.94444444444449,24465,rice,0,1,2,15,10.105039677606861
Barishal,Kharif 1,Aus,44719,80.22,46.58,36.17,6.01,26.0,12.0,40,72.5,85,60,175.42564102564103,33829,rice,0,3,2,15,10.429103261774754
Brahmanbaria,Kharif 1,Aus,28171,75.48,49.86,43.22,6.34,26.0,12.0,40,72.5,85,60,185.7563131313132,29411,rice,0,6,2,15,10.289158033316113
Chandpur,Kharif 1,Aus,26157,87.32,42.97,36.66,6.53,26.0,12.0,40,72.5,85,60,168.796875,27283,rice,0,7,2,15,10.21405572877461
CoxsBazar,Kharif 1,Aus,7479,73.99,52.46,44.17,6.16,26.0,12.0,40,72.5,85,60,303.40277777777777,7961,rice,0,11,2,15,8.982435503560263
Dhaka,Kharif 1,Aus,1454,86.16,47.1,39.29,6.39,26.0,12.0,40,72.5,85,60,169.94262295081967,1149,rice,0,13,2,15,7.047517221357296
Dinajpur,Kharif 1,Aus,28663,72.18,47.78,37.41,6.45,26.0,12.0,40,72.5,85,60,154.21843434343435,24277,rice,0,14,2,15,10.097325869457748
Faridpur,Kharif 1,Aus,21437,80.78,50.9,42.81,6.29,26.0,12.0,40,72.5,85,60,155.864898989899,13413,rice,0,15,2,15,9.504054216659682
Feni,Kharif 1,Aus,27313,81.14,44.93,37.56,6.77,26.0,12.0,40,72.5,85,60,248.1727642276423,24428,rice,0,16,2,15,10.103526230135241
Gaibandha,Kharif 1,Aus,34902,83.64,48.26,43.77,6.63,26.0,12.0,40,72.5,85,60,179.6013888888889,29653,rice,0,17,2,15,10.297352302577972
Gazipur,Kharif 1,Aus,3943,73.96,50.36,39.19,6.29,26.0,12.0,40,72.5,85,60,169.94262295081967,5147,rice,0,18,2,15,8.546363568716018
Gopalganj,Kharif 1,Aus,9664,73.56,49.01,43.67,6.17,26.0,12.0,40,72.5,85,60,155.864898989899,13842,rice,0,19,2,15,9.535534968687735
Jamalpur,Kharif 1,Aus,9975,81.31,50.44,39.54,6.51,26.0,12.0,40,72.5,85,60,181.08838383838383,9157,rice,0,21,2,15,9.12238309321704
Jhallokati,Kharif 1,Aus,39679,81.55,49.52,39.05,6.67,26.0,12.0,40,72.5,85,60,175.42564102564103,42484,rice,0,23,2,15,10.656906351437641
Joypurhat,Kharif 1,Aus,1038,81.0,42.35,40.05,6.62,26.0,12.0,40,72.5,85,60,142.85416666666666,980,rice,0,25,2,15,6.8885724595653635
Khagrachari,Kharif 1,Aus,11154,81.29,49.04,38.45,6.49,26.0,12.0,40,72.5,85,60,204.11111111111111,11256,rice,0,26,2,15,9.328745436354804
Khulna,Kharif 1,Aus,9017,76.47,51.5,39.47,6.16,26.0,12.0,40,72.5,85,60,144.96843434343435,4942,rice,0,27,2,15,8.505727713306959
Kurigram,Kharif 1,Aus,16357,82.16,50.3,34.78,6.63,26.0,12.0,40,72.5,85,60,179.6013888888889,13802,rice,0,29,2,15,9.532641238823578
Lalmonirhat,Kharif 1,Aus,27851,75.22,52.26,37.11,6.37,26.0,12.0,40,72.5,85,60,179.6013888888889,28204,rice,0,32,2,15,10.247254546174076
Madaripur,Kharif 1,Aus,4854,83.66,49.7,35.83,6.23,26.0,12.0,40,72.5,85,60,160.41666666666666,3324,rice,0,33,2,15,8.109224953089955
Magura,Kharif 1,Aus,14520,85.44,47.8,35.58,6.41,26.0,12.0,40,72.5,85,60,134.2247474747475,12123,rice,0,34,2,15,9.402942238177694
Manikganj,Kharif 1,Aus,8158,75.96,43.01,36.63,6.49,26.0,12.0,40,72.5,85,60,169.94262295081967,6967,rice,0,35,2,15,8.849083518532339
Munshiganj,Kharif 1,Aus,447,83.83,53.78,38.61,6.25,26.0,12.0,40,72.5,85,60,169.94262295081967,401,rice,0,38,2,15,5.996452088619021
Narail,Kharif 1,Aus,22828,76.28,49.15,40.18,6.71,26.0,12.0,40,72.5,85,60,134.2247474747475,19174,rice,0,41,2,15,9.861362626235456
Narayanganj,Kharif 1,Aus,6054,75.63,47.7,39.68,6.72,26.0,12.0,40,72.5,85,60,169.94262295081967,5646,rice,0,42,2,15,8.638879709672837
Narsingdi,Kharif 1,Aus,3735,75.98,52.42,37.01,6.41,26.0,12.0,40,72.5,85,60,169.94262295081967,4071,rice,0,43,2,15,8.311889558230359
Natore,Kharif 1,Aus,24015,79.52,45.8,43.34,6.24,26.0,12.0,40,72.5,85,60,124.92,27651,rice,0,44,2,15,10.227453337065155
Netrokona,Kharif 1,Aus,3609,81.53,48.14,44.19,6.03,26.0,12.0,40,72.5,85,60,181.08838383838383,3470,rice,0,45,2,15,8.152198015861787
Nilphamari,Kharif 1,Aus,4312,81.22,45.46,35.84,6.15,26.0,12.0,40,72.5,85,60,179.6013888888889,3565,rice,0,46,2,15,8.179199798423086
Panchagar,Kharif 1,Aus,6020,86.86,47.47,37.56,6.45,26.0,12.0,40,72.5,85,60,154.21843434343435,6185,rice,0,49,2,15,8.730043953245016
Pirojpur,Kharif 1,Aus,33909,92.93,45.6,38.13,6.0,26.0,12.0,40,72.5,85,60,175.42564102564103,32164,rice,0,51,2,15,10.3786341838451
Rajbari,Kharif 1,Aus,6411,82.89,43.57,45.05,6.2,26.0,12.0,40,72.5,85,60,155.864898989899,4485,rice,0,52,2,15,8.408716715080153
Rangamati,Kharif 1,Aus,14523,74.76,43.28,40.38,6.49,26.0,12.0,40,72.5,85,60,204.11111111111111,9091,rice,0,54,2,15,9.115150184972434
Satkhira,Kharif 1,Aus,19706,78.82,47.82,42.52,6.54,26.0,12.0,40,72.5,85,60,140.35353535353536,22530,rice,0,56,2,15,10.022647417705386
Shariatpur,Kharif 1,Aus,30842,83.31,43.42,38.52,6.75,26.0,12.0,40,72.5,85,60,155.864898989899,30321,rice,0,57,2,15,10.319628800641526
Sherpur,Kharif 1,Aus,12847,82.16,46.7,37.92,6.39,26.0,12.0,40,72.5,85,60,181.08838383838383,12190,rice,0,58,2,15,9.408453253565146
Sirajganj,Kharif 1,Aus,25932,79.54,45.43,40.06,6.44,26.0,12.0,40,72.5,85,60,142.85416666666666,27070,rice,0,59,2,15,10.206218323189427
Tangail,Kharif 1,Aus,2964,77.75,42.23,36.1,6.03,26.0,12.0,40,72.5,85,60,153.4104938271605,2569,rice,0,62,2,15,7.851661177889265
Bagerhat,Rabi,Banana,2077,101.52,81.22,49.83,5.96,25.0,15.0,35,80.0,85,75,144.96843434343435,8637,banana,2,0,3,0,9.063926353520646
Bandarban,Rabi,Banana,3830,92.74,85.31,49.82,6.08,25.0,15.0,35,80.0,85,75,243.94444444444449,18430,banana,2,1,3,0,9.821789308551622
Barguna,Rabi,Banana,305,101.27,83.06,55.97,5.86,25.0,15.0,35,80.0,85,75,207.8076923076923,1397,banana,2,2,3,0,7.242797922793756
Barishal,Rabi,Banana,1760,102.55,78.31,45.89,5.97,25.0,15.0,35,80.0,85,75,175.42564102564103,5781,banana,2,3,3,0,8.662504922576291
Bhola,Rabi,Banana,563,94.91,80.44,51.57,6.11,25.0,15.0,35,80.0,85,75,185.23090277777777,2039,banana,2,4,3,0,7.620705086838262
Bogura,Rabi,Banana,2572,101.15,78.09,54.52,6.54,25.0,15.0,35,80.0,85,75,142.85416666666666,20335,banana,2,5,3,0,9.920147993429236
Brahmanbaria,Rabi,Banana,269,100.58,87.3,56.87,6.12,25.0,15.0,35,80.0,85,75,185.7563131313132,1030,banana,2,6,3,0,6.93828448401696
Chandpur,Rabi,Banana,990,93.36,82.11,48.84,5.83,25.0,15.0,35,80.0,85,75,168.796875,5131,banana,2,7,3,0,8.543250725735527
Chapai Nawabganj,Rabi,Banana,419,102.38,91.36,51.53,5.9,25.0,15.0,35,80.0,85,75,124.92,3395,banana,2,8,3,0,8.130353547431238
Chattogram,Rabi,Banana,2961,103.6,81.71,51.76,5.9,25.0,15.0,35,80.0,85,75,243.94444444444449,14513,banana,2,9,3,0,9.582868979838082
Chuadanga,Rabi,Banana,1813,106.74,78.52,50.64,5.66,25.0,15.0,35,80.0,85,75,129.44444444444446,17999,banana,2,10,3,0,9.798127036878302
CoxsBazar,Rabi,Banana,854,106.57,74.56,49.75,5.92,25.0,15.0,35,80.0,85,75,303.40277777777777,2315,banana,2,11,3,0,7.7475968386928855
Cumilla,Rabi,Banana,849,91.94,73.14,51.36,6.11,25.0,15.0,35,80.0,85,75,185.7563131313132,3930,banana,2,12,3,0,8.27664912542186
Dhaka,Rabi,Banana,588,94.59,74.22,42.45,5.75,25.0,15.0,35,80.0,85,75,169.94262295081967,4075,banana,2,13,3,0,8.312871394342615
Dinajpur,Rabi,Banana,2772,103.33,83.32,52.1,6.17,25.0,15.0,35,80.0,85,75,154.21843434343435,28912,banana,2,14,3,0,10.272046599948313
Faridpur,Rabi,Banana,202,103.32,84.51,50.43,6.07,25.0,15.0,35,80.0,85,75,155.864898989899,624,banana,2,15,3,0,6.437751649736401
Feni,Rabi,Banana,483,103.33,74.23,49.38,5.85,25.0,15.0,35,80.0,85,75,248.1727642276423,2155,banana,2,16,3,0,7.6760099320288875
Gazipur,Rabi,Banana,1499,103.66,79.63,48.02,6.27,25.0,15.0,35,80.0,85,75,169.94262295081967,9163,banana,2,18,3,0,9.123038043573386
Gopalganj,Rabi,Banana,909,107.06,82.73,48.84,6.11,25.0,15.0,35,80.0,85,75,155.864898989899,5384,banana,2,19,3,0,8.591372589590488
Habiganj,Rabi,Banana,279,105.97,89.94,56.03,5.98,25.0,15.0,35,80.0,85,75,333.72557471264366,775,banana,2,20,3,0,6.654152520183219
Jamalpur,Rabi,Banana,1324,104.15,86.42,47.55,5.94,25.0,15.0,35,80.0,85,75,181.08838383838383,7323,banana,2,21,3,0,8.898911905794401
Jashore,Rabi,Banana,1973,98.33,80.69,48.4,5.99,25.0,15.0,35,80.0,85,75,134.2247474747475,10150,banana,2,22,3,0,9.225327501784431
Jhallokati,Rabi,Banana,2910,104.79,77.62,49.61,5.89,25.0,15.0,35,80.0,85,75,175.42564102564103,9500,banana,2,23,3,0,9.15915233520675
Joypurhat,Rabi,Banana,416,98.81,78.47,50.67,6.35,25.0,15.0,35,80.0,85,75,142.85416666666666,3055,banana,2,25,3,0,8.024862150286411
Khagrachari,Rabi,Banana,7462,97.31,80.97,46.17,6.01,25.0,15.0,35,80.0,85,75,204.11111111111111,26938,banana,2,26,3,0,10.201330329750538
Khulna,Rabi,Banana,305,100.72,77.15,48.45,6.05,25.0,15.0,35,80.0,85,75,144.96843434343435,5123,banana,2,27,3,0,8.541690663016626
Kishoreganj,Rabi,Banana,1536,114.15,81.36,48.23,5.97,25.0,15.0,35,80.0,85,75,181.08838383838383,11557,banana,2,28,3,0,9.355133116877724
Kurigram,Rabi,Banana,520,89.0,82.39,49.82,5.85,25.0,15.0,35,80.0,85,75,179.6013888888889,5296,banana,2,29,3,0,8.574895901544526
Kushtia,Rabi,Banana,1760,104.36,80.9,51.33,5.95,25.0,15.0,35,80.0,85,75,129.44444444444446,36962,banana,2,30,3,0,10.517672691292779
Lakshmipur,Rabi,Banana,3250,90.53,78.81,51.31,5.69,25.0,15.0,35,80.0,85,75,185.7563131313132,12432,banana,2,31,3,0,9.428109506952937
Lalmonirhat,Rabi,Banana,277,97.39,82.84,44.72,6.39,25.0,15.0,35,80.0,85,75,179.6013888888889,3001,banana,2,32,3,0,8.007034012193408
Madaripur,Rabi,Banana,1584,106.78,84.18,53.25,5.76,25.0,15.0,35,80.0,85,75,160.41666666666666,12195,banana,2,33,3,0,9.408863308108145
Magura,Rabi,Banana,563,100.62,76.64,50.81,5.79,25.0,15.0,35,80.0,85,75,134.2247474747475,14819,banana,2,34,3,0,9.603732898850078
Manikganj,Rabi,Banana,601,93.75,88.95,54.21,5.9,25.0,15.0,35,80.0,85,75,169.94262295081967,1966,banana,2,35,3,0,7.584264818389059
Meherpur,Rabi,Banana,2432,95.93,81.52,51.38,6.21,25.0,15.0,35,80.0,85,75,129.44444444444446,37399,banana,2,36,3,0,10.529425983402623
Moulvibazar,Rabi,Banana,269,104.32,82.1,53.36,5.98,25.0,15.0,35,80.0,85,75,333.72557471264366,1423,banana,2,37,3,0,7.261225091971921
Munshiganj,Rabi,Banana,170,95.84,85.49,51.45,5.76,25.0,15.0,35,80.0,85,75,169.94262295081967,647,banana,2,38,3,0,6.473890696352274
Mymensingh,Rabi,Banana,5325,101.53,83.16,54.09,6.21,25.0,15.0,35,80.0,85,75,181.08838383838383,36200,banana,2,39,3,0,10.49684202174171
Naogaon,Rabi,Banana,1631,100.5,86.7,51.62,6.11,25.0,15.0,35,80.0,85,75,124.92,13864,banana,2,40,3,0,9.537122958049878
Narail,Rabi,Banana,638,96.31,83.42,49.76,6.08,25.0,15.0,35,80.0,85,75,134.2247474747475,4394,banana,2,41,3,0,8.388222810119277
Narayanganj,Rabi,Banana,195,113.12,79.0,56.87,6.11,25.0,15.0,35,80.0,85,75,169.94262295081967,1000,banana,2,42,3,0,6.90875477931522
Narsingdi,Rabi,Banana,3677,104.04,83.79,52.72,6.41,25.0,15.0,35,80.0,85,75,169.94262295081967,25074,banana,2,43,3,0,10.129626612830137
Natore,Rabi,Banana,856,88.05,76.38,51.77,6.37,25.0,15.0,35,80.0,85,75,124.92,14360,banana,2,44,3,0,9.57227147806062
Netrokona,Rabi,Banana,804,101.35,82.54,46.22,5.86,25.0,15.0,35,80.0,85,75,181.08838383838383,4588,banana,2,45,3,0,8.431417414394833
Nilphamari,Rabi,Banana,439,96.25,81.85,46.18,6.27,25.0,15.0,35,80.0,85,75,179.6013888888889,3672,banana,2,46,3,0,8.208764045819667
Noakhali,Rabi,Banana,1212,105.36,80.99,50.93,6.05,25.0,15.0,35,80.0,85,75,185.7563131313132,3493,banana,2,47,3,0,8.158802490694002
Pabna,Rabi,Banana,756,95.46,81.38,50.49,6.07,25.0,15.0,35,80.0,85,75,124.92,5564,banana,2,48,3,0,8.624252263709645
Panchagar,Rabi,Banana,402,99.54,72.75,48.21,5.68,25.0,15.0,35,80.0,85,75,154.21843434343435,5070,banana,2,49,3,0,8.531293315795018
Patuakhali,Rabi,Banana,561,103.27,79.31,50.47,5.95,25.0,15.0,35,80.0,85,75,207.8076923076923,1885,banana,2,50,3,0,7.542213463193403
Pirojpur,Rabi,Banana,2786,105.44,82.47,54.82,5.83,25.0,15.0,35,80.0,85,75,175.42564102564103,13454,banana,2,51,3,0,9.507106063161006
Rajbari,Rabi,Banana,1071,93.01,82.8,52.14,6.13,25.0,15.0,35,80.0,85,75,155.864898989899,6258,banana,2,52,3,0,8.7417757069247
Rangamati,Rabi,Banana,9230,97.37,88.24,49.72,5.61,25.0,15.0,35,80.0,85,75,204.11111111111111,42734,banana,2,54,3,0,10.662773535600119
Rangpur,Rabi,Banana,2321,96.3,77.75,47.63,5.98,25.0,15.0,35,80.0,85,75,179.6013888888889,13041,banana,2,55,3,0,9.475930197953147
Satkhira,Rabi,Banana,995,110.85,86.78,48.89,6.18,25.0,15.0,35,80.0,85,75,140.35353535353536,6240,banana,2,56,3,0,8.738895704934043
Shariatpur,Rabi,Banana,413,102.67,84.11,48.81,5.95,25.0,15.0,35,80.0,85,75,155.864898989899,1563,banana,2,57,3,0,7.355001921105257
Sherpur,Rabi,Banana,623,92.65,78.83,48.62,6.11,25.0,15.0,35,80.0,85,75,181.08838383838383,3480,banana,2,58,3,0,8.15507488781144
Sirajganj,Rabi,Banana,583,105.75,90.75,46.28,6.04,25.0,15.0,35,80.0,85,75,142.85416666666666,4354,banana,2,59,3,0,8.379079889286603
Sunamganj,Rabi,Banana,325,112.99,76.14,49.67,6.04,25.0,15.0,35,80.0,85,75,333.72557471264366,1949,banana,2,60,3,0,7.575584651557793
Sylhet,Rabi,Banana,855,106.44,86.53,48.37,5.93,25.0,15.0,35,80.0,85,75,333.72557471264366,3341,banana,2,61,3,0,8.114324709155339
Thakurgaon,Rabi,Banana,1161,97.32,78.71,56.22,5.78,25.0,15.0,35,80.0,85,75,154.21843434343435,5855,banana,2,63,3,0,8.675222055641148
Bagerhat,Kharif 2,Barbati,457,22.33,73.18,21.36,5.87,25.0,20.0,30,72.5,85,60,144.96843434343435,545,kidneybeans,1,0,4,5,6.302618975744905
Bandarban,Kharif 2,Barbati,318,19.87,66.53,19.6,5.75,25.0,20.0,30,72.5,85,60,243.94444444444449,414,kidneybeans,1,1,4,5,6.028278520230698
Barguna,Kharif 2,Barbati,89,21.3,68.71,20.07,5.73,25.0,20.0,30,72.5,85,60,207.8076923076923,129,kidneybeans,1,2,4,5,4.867534450455582
Barishal,Kharif 2,Barbati,325,21.71,68.59,18.64,5.68,25.0,20.0,30,72.5,85,60,175.42564102564103,438,kidneybeans,1,3,4,5,6.0844994130751715
Bhola,Kharif 2,Barbati,243,19.6,67.0,22.09,5.7,25.0,20.0,30,72.5,85,60,185.23090277777777,477,kidneybeans,1,4,4,5,6.169610732491456
Bogura,Kharif 2,Barbati,296,20.68,70.83,22.33,5.93,25.0,20.0,30,72.5,85,60,142.85416666666666,605,kidneybeans,1,5,4,5,6.406879986069314
Brahmanbaria,Kharif 2,Barbati,207,16.71,70.76,20.24,5.69,25.0,20.0,30,72.5,85,60,185.7563131313132,322,kidneybeans,1,6,4,5,5.777652323222656
Chandpur,Kharif 2,Barbati,82,19.47,60.45,21.28,5.52,25.0,20.0,30,72.5,85,60,168.796875,53,kidneybeans,1,7,4,5,3.9889840465642745
Chapai Nawabganj,Kharif 2,Barbati,85,20.44,72.83,20.26,5.88,25.0,20.0,30,72.5,85,60,124.92,95,kidneybeans,1,8,4,5,4.564348191467836
Chattogram,Kharif 2,Barbati,1497,19.2,60.8,18.44,5.71,25.0,20.0,30,72.5,85,60,243.94444444444449,2899,kidneybeans,1,9,4,5,7.9724660159745655
Chuadanga,Kharif 2,Barbati,638,22.78,71.72,19.55,5.76,25.0,20.0,30,72.5,85,60,129.44444444444446,1585,kidneybeans,1,10,4,5,7.368970402194793
CoxsBazar,Kharif 2,Barbati,304,18.97,72.11,20.21,6.03,25.0,20.0,30,72.5,85,60,303.40277777777777,617,kidneybeans,1,11,4,5,6.42648845745769
Cumilla,Kharif 2,Barbati,440,20.2,63.12,19.5,5.75,25.0,20.0,30,72.5,85,60,185.7563131313132,878,kidneybeans,1,12,4,5,6.778784897685177
Dhaka,Kharif 2,Barbati,587,20.91,65.88,19.79,5.8,25.0,20.0,30,72.5,85,60,169.94262295081967,924,kidneybeans,1,13,4,5,6.829793737512425
Dinajpur,Kharif 2,Barbati,267,22.54,63.06,19.94,5.55,25.0,20.0,30,72.5,85,60,154.21843434343435,312,kidneybeans,1,14,4,5,5.746203190540153
Faridpur,Kharif 2,Barbati,241,18.96,66.67,19.95,5.71,25.0,20.0,30,72.5,85,60,155.864898989899,377,kidneybeans,1,15,4,5,5.934894195619588
Feni,Kharif 2,Barbati,115,22.2,66.29,20.11,5.86,25.0,20.0,30,72.5,85,60,248.1727642276423,124,kidneybeans,1,16,4,5,4.8283137373023015
Gaibandha,Kharif 2,Barbati,153,20.76,70.7,18.77,5.48,25.0,20.0,30,72.5,85,60,179.6013888888889,185,kidneybeans,1,17,4,5,5.225746673713202
Gazipur,Kharif 2,Barbati,253,19.53,72.85,19.19,5.78,25.0,20.0,30,72.5,85,60,169.94262295081967,291,kidneybeans,1,18,4,5,5.676753802268282
Gopalganj,Kharif 2,Barbati,195,21.33,73.2,18.5,5.77,25.0,20.0,30,72.5,85,60,155.864898989899,350,kidneybeans,1,19,4,5,5.860786223465865
Habiganj,Kharif 2,Barbati,215,21.0,65.26,21.23,5.76,25.0,20.0,30,72.5,85,60,333.72557471264366,767,kidneybeans,1,20,4,5,6.643789733147672
Jamalpur,Kharif 2,Barbati,253,20.0,66.69,17.52,5.93,25.0,20.0,30,72.5,85,60,181.08838383838383,387,kidneybeans,1,21,4,5,5.961005339623274
Jashore,Kharif 2,Barbati,590,20.84,60.72,21.44,5.81,25.0,20.0,30,72.5,85,60,134.2247474747475,1453,kidneybeans,1,22,4,5,7.282073658093465
Jhallokati,Kharif 2,Barbati,180,20.27,64.27,21.72,6.0,25.0,20.0,30,72.5,85,60,175.42564102564103,186,kidneybeans,1,23,4,5,5.231108616854587
Jhenaidah,Kharif 2,Barbati,313,20.89,71.45,19.69,5.58,25.0,20.0,30,72.5,85,60,134.2247474747475,757,kidneybeans,1,24,4,5,6.630683385642372
Joypurhat,Kharif 2,Barbati,97,21.57,74.09,16.92,5.77,25.0,20.0,30,72.5,85,60,142.85416666666666,147,kidneybeans,1,25,4,5,4.997212273764115
Khagrachari,Kharif 2,Barbati,971,22.72,62.54,19.62,5.76,25.0,20.0,30,72.5,85,60,204.11111111111111,2210,kidneybeans,1,26,4,5,7.701200180857446
Khulna,Kharif 2,Barbati,292,19.21,65.14,19.97,5.57,25.0,20.0,30,72.5,85,60,144.96843434343435,412,kidneybeans,1,27,4,5,6.023447592961033
Kishoreganj,Kharif 2,Barbati,160,23.41,67.43,18.83,5.91,25.0,20.0,30,72.5,85,60,181.08838383838383,265,kidneybeans,1,28,4,5,5.583496308781699
Kurigram,Kharif 2,Barbati,218,18.32,68.68,19.43,6.15,25.0,20.0,30,72.5,85,60,179.6013888888889,318,kidneybeans,1,29,4,5,5.765191102784844
Kushtia,Kharif 2,Barbati,185,20.56,64.26,21.89,5.75,25.0,20.0,30,72.5,85,60,129.44444444444446,702,kidneybeans,1,30,4,5,6.555356891810665
Lakshmipur,Kharif 2,Barbati,161,21.48,69.26,20.85,5.84,25.0,20.0,30,72.5,85,60,185.7563131313132,363,kidneybeans,1,31,4,5,5.8971538676367405
Lalmonirhat,Kharif 2,Barbati,163,21.1,65.62,18.94,5.76,25.0,20.0,30,72.5,85,60,179.6013888888889,194,kidneybeans,1,32,4,5,5.272999558563747
Madaripur,Kharif 2,Barbati,67,19.97,67.48,18.13,5.63,25.0,20.0,30,72.5,85,60,160.41666666666666,198,kidneybeans,1,33,4,5,5.293304824724492
Magura,Kharif 2,Barbati,59,20.49,69.75,19.66,5.44,25.0,20.0,30,72.5,85,60,134.2247474747475,132,kidneybeans,1,34,4,5,4.890349128221754
Manikganj,Kharif 2,Barbati,194,20.14,67.57,19.79,5.63,25.0,20.0,30,72.5,85,60,169.94262295081967,283,kidneybeans,1,35,4,5,5.648974238161206
Meherpur,Kharif 2,Barbati,102,20.02,65.77,20.65,5.51,25.0,20.0,30,72.5,85,60,129.44444444444446,539,kidneybeans,1,36,4,5,6.29156913955832
Moulvibazar,Kharif 2,Barbati,355,21.81,67.1,19.41,6.04,25.0,20.0,30,72.5,85,60,333.72557471264366,884,kidneybeans,1,37,4,5,6.785587645007929
Munshiganj,Kharif 2,Barbati,100,21.19,67.18,20.67,5.73,25.0,20.0,30,72.5,85,60,169.94262295081967,168,kidneybeans,1,38,4,5,5.1298987149230735
Mymensingh,Kharif 2,Barbati,566,19.89,66.04,22.38,5.69,25.0,20.0,30,72.5,85,60,181.08838383838383,1219,kidneybeans,1,39,4,5,7.106606137727303
Naogaon,Kharif 2,Barbati,153,21.87,66.49,21.03,5.9,25.0,20.0,30,72.5,85,60,124.92,180,kidneybeans,1,40,4,5,5.198497031265826
Narail,Kharif 2,Barbati,184,21.13,74.02,19.99,5.56,25.0,20.0,30,72.5,85,60,134.2247474747475,438,kidneybeans,1,41,4,5,6.0844994130751715
Narayanganj,Kharif 2,Barbati,154,21.76,69.81,19.83,5.62,25.0,20.0,30,72.5,85,60,169.94262295081967,166,kidneybeans,1,42,4,5,5.117993812416755
Narsingdi,Kharif 2,Barbati,289,21.53,66.34,19.62,5.76,25.0,20.0,30,72.5,85,60,169.94262295081967,459,kidneybeans,1,43,4,5,6.131226489483141
Natore,Kharif 2,Barbati,402,19.72,70.36,21.47,5.93,25.0,20.0,30,72.5,85,60,124.92,442,kidneybeans,1,44,4,5,6.093569770045136
Netrokona,Kharif 2,Barbati,125,20.05,66.19,19.3,5.84,25.0,20.0,30,72.5,85,60,181.08838383838383,192,kidneybeans,1,45,4,5,5.262690188904886
Nilphamari,Kharif 2,Barbati,156,21.68,72.29,20.1,5.79,25.0,20.0,30,72.5,85,60,179.6013888888889,331,kidneybeans,1,46,4,5,5.805134968916488
Noakhali,Kharif 2,Barbati,284,21.51,69.04,20.11,5.76,25.0,20.0,30,72.5,85,60,185.7563131313132,684,kidneybeans,1,47,4,5,6.529418838262226
Pabna,Kharif 2,Barbati,224,20.72,67.11,19.45,5.82,25.0,20.0,30,72.5,85,60,124.92,270,kidneybeans,1,48,4,5,5.602118820879701
Panchagar,Kharif 2,Barbati,373,20.9,69.35,18.4,5.78,25.0,20.0,30,72.5,85,60,154.21843434343435,1202,kidneybeans,1,49,4,5,7.0925737159746784
Patuakhali,Kharif 2,Barbati,85,22.34,61.17,20.44,5.57,25.0,20.0,30,72.5,85,60,207.8076923076923,97,kidneybeans,1,50,4,5,4.584967478670572
Pirojpur,Kharif 2,Barbati,143,20.01,62.97,19.98,5.76,25.0,20.0,30,72.5,85,60,175.42564102564103,162,kidneybeans,1,51,4,5,5.093750200806762
Rajbari,Kharif 2,Barbati,277,21.43,62.7,20.65,5.56,25.0,20.0,30,72.5,85,60,155.864898989899,669,kidneybeans,1,52,4,5,6.507277712385012
Rajshahi,Kharif 2,Barbati,245,20.5,68.12,19.41,5.76,25.0,20.0,30,72.5,85,60,124.92,804,kidneybeans,1,53,4,5,6.690842277418564
Rangamati,Kharif 2,Barbati,663,20.48,74.56,21.52,5.67,25.0,20.0,30,72.5,85,60,204.11111111111111,926,kidneybeans,1,54,4,5,6.831953565565855
Rangpur,Kharif 2,Barbati,350,22.12,76.58,19.0,6.19,25.0,20.0,30,72.5,85,60,179.6013888888889,499,kidneybeans,1,55,4,5,6.214608098422191
Satkhira,Kharif 2,Barbati,307,21.78,70.13,22.11,5.74,25.0,20.0,30,72.5,85,60,140.35353535353536,501,kidneybeans,1,56,4,5,6.218600119691729
Shariatpur,Kharif 2,Barbati,89,21.76,69.57,17.95,5.51,25.0,20.0,30,72.5,85,60,155.864898989899,154,kidneybeans,1,57,4,5,5.043425116919247
Sherpur,Kharif 2,Barbati,140,22.38,60.24,20.57,5.73,25.0,20.0,30,72.5,85,60,181.08838383838383,212,kidneybeans,1,58,4,5,5.3612921657094255
Sirajganj,Kharif 2,Barbati,125,20.78,65.34,20.62,5.84,25.0,20.0,30,72.5,85,60,142.85416666666666,190,kidneybeans,1,59,4,5,5.25227342804663
Sunamganj,Kharif 2,Barbati,82,21.6,64.35,19.09,6.04,25.0,20.0,30,72.5,85,60,333.72557471264366,175,kidneybeans,1,60,4,5,5.170483995038151
Sylhet,Kharif 2,Barbati,409,20.36,65.02,20.56,5.65,25.0,20.0,30,72.5,85,60,333.72557471264366,761,kidneybeans,1,61,4,5,6.635946555686647
Tangail,Kharif 2,Barbati,213,21.15,66.86,21.59,5.48,25.0,20.0,30,72.5,85,60,153.4104938271605,313,kidneybeans,1,62,4,5,5.749392985908253
Thakurgaon,Kharif 2,Barbati,166,20.59,65.63,17.38,5.89,25.0,20.0,30,72.5,85,60,154.21843434343435,235,kidneybeans,1,63,4,5,5.4638318050256105
Bagerhat,Kharif 1,Beans,527,20.87,59.52,20.65,5.51,16.0,10.0,22,67.5,75,60,144.96843434343435,1083,kidneybeans,0,0,5,5,6.988413181999592
Bandarban,Kharif 1,Beans,566,21.49,70.57,17.05,5.67,16.0,10.0,22,67.5,75,60,243.94444444444449,1001,kidneybeans,0,1,5,5,6.90975328164481
Barguna,Kharif 1,Beans,231,19.73,63.19,18.89,5.71,16.0,10.0,22,67.5,75,60,207.8076923076923,335,kidneybeans,0,2,5,5,5.817111159963204
Barishal,Kharif 1,Beans,576,23.36,68.51,22.01,5.74,16.0,10.0,22,67.5,75,60,175.42564102564103,1185,kidneybeans,0,3,5,5,7.078341579557671
Bhola,Kharif 1,Beans,660,19.5,75.95,19.35,5.87,16.0,10.0,22,67.5,75,60,185.23090277777777,2330,kidneybeans,0,4,5,5,7.754052639035757
Bogura,Kharif 1,Beans,1276,19.24,63.81,18.64,5.63,16.0,10.0,22,67.5,75,60,142.85416666666666,4263,kidneybeans,0,5,5,5,8.357962965845681
Brahmanbaria,Kharif 1,Beans,932,22.19,57.29,19.81,5.7,16.0,10.0,22,67.5,75,60,185.7563131313132,2404,kidneybeans,0,6,5,5,7.785305182539862
Chandpur,Kharif 1,Beans,724,21.74,66.38,22.54,5.75,16.0,10.0,22,67.5,75,60,168.796875,2265,kidneybeans,0,7,5,5,7.725771441587952
Chapai Nawabganj,Kharif 1,Beans,231,21.53,72.0,17.85,5.78,16.0,10.0,22,67.5,75,60,124.92,505,kidneybeans,0,8,5,5,6.226536669287466
Chattogram,Kharif 1,Beans,3745,21.53,75.48,18.79,5.77,16.0,10.0,22,67.5,75,60,243.94444444444449,13539,kidneybeans,0,9,5,5,9.513403546466266
Chuadanga,Kharif 1,Beans,776,20.73,62.56,21.85,5.83,16.0,10.0,22,67.5,75,60,129.44444444444446,1538,kidneybeans,0,10,5,5,7.338888133838879
CoxsBazar,Kharif 1,Beans,605,19.63,69.55,22.28,5.9,16.0,10.0,22,67.5,75,60,303.40277777777777,1592,kidneybeans,0,11,5,5,7.373374309910049
Cumilla,Kharif 1,Beans,1823,20.84,65.65,19.93,5.82,16.0,10.0,22,67.5,75,60,185.7563131313132,5504,kidneybeans,0,12,5,5,8.61341204915678
Dhaka,Kharif 1,Beans,1416,19.91,67.11,18.56,5.83,16.0,10.0,22,67.5,75,60,169.94262295081967,4301,kidneybeans,0,13,5,5,8.366835309827675
Dinajpur,Kharif 1,Beans,635,21.96,78.26,22.57,5.48,16.0,10.0,22,67.5,75,60,154.21843434343435,1197,kidneybeans,0,14,5,5,7.088408778675395
Faridpur,Kharif 1,Beans,496,20.57,61.45,21.97,5.76,16.0,10.0,22,67.5,75,60,155.864898989899,901,kidneybeans,0,15,5,5,6.804614520062624
Feni,Kharif 1,Beans,319,19.72,68.57,20.87,5.83,16.0,10.0,22,67.5,75,60,248.1727642276423,523,kidneybeans,0,16,5,5,6.261491684321042
Gaibandha,Kharif 1,Beans,373,20.35,69.44,19.07,5.88,16.0,10.0,22,67.5,75,60,179.6013888888889,795,kidneybeans,0,17,5,5,6.679599185844383
Gazipur,Kharif 1,Beans,1129,21.26,71.94,19.99,5.63,16.0,10.0,22,67.5,75,60,169.94262295081967,1771,kidneybeans,0,18,5,5,7.4798641311650265
Gopalganj,Kharif 1,Beans,331,20.05,67.94,19.86,5.64,16.0,10.0,22,67.5,75,60,155.864898989899,863,kidneybeans,0,19,5,5,6.761572768804055
Habiganj,Kharif 1,Beans,1426,19.73,68.79,20.45,5.65,16.0,10.0,22,67.5,75,60,333.72557471264366,5009,kidneybeans,0,20,5,5,8.51919119407891
Jamalpur,Kharif 1,Beans,1239,21.05,65.95,21.8,5.84,16.0,10.0,22,67.5,75,60,181.08838383838383,2497,kidneybeans,0,21,5,5,7.823245690685523
Jashore,Kharif 1,Beans,2779,21.05,68.63,21.11,5.93,16.0,10.0,22,67.5,75,60,134.2247474747475,9278,kidneybeans,0,22,5,5,9.13550906135318
Jhallokati,Kharif 1,Beans,709,20.12,66.15,18.75,5.68,16.0,10.0,22,67.5,75,60,175.42564102564103,1203,kidneybeans,0,23,5,5,7.093404625868766
Jhenaidah,Kharif 1,Beans,1576,20.16,70.06,21.71,5.91,16.0,10.0,22,67.5,75,60,134.2247474747475,6906,kidneybeans,0,24,5,5,8.840290669088972
Joypurhat,Kharif 1,Beans,219,21.04,66.04,20.43,5.77,16.0,10.0,22,67.5,75,60,142.85416666666666,664,kidneybeans,0,25,5,5,6.499787040655854
Khagrachari,Kharif 1,Beans,728,18.95,69.07,20.88,5.73,16.0,10.0,22,67.5,75,60,204.11111111111111,1550,kidneybeans,0,26,5,5,7.346655163176539
Khulna,Kharif 1,Beans,586,19.0,67.42,21.81,5.71,16.0,10.0,22,67.5,75,60,144.96843434343435,2190,kidneybeans,0,27,5,5,7.692113339595466
Kishoreganj,Kharif 1,Beans,1192,19.86,72.1,18.71,5.88,16.0,10.0,22,67.5,75,60,181.08838383838383,3981,kidneybeans,0,28,5,5,8.289539484624141
Kurigram,Kharif 1,Beans,370,20.48,67.33,20.01,5.81,16.0,10.0,22,67.5,75,60,179.6013888888889,595,kidneybeans,0,29,5,5,6.39024066706535
Kushtia,Kharif 1,Beans,669,21.14,60.35,19.41,6.14,16.0,10.0,22,67.5,75,60,129.44444444444446,1954,kidneybeans,0,30,5,5,7.578145472419466
Lakshmipur,Kharif 1,Beans,769,22.59,72.65,18.16,5.6,16.0,10.0,22,67.5,75,60,185.7563131313132,1044,kidneybeans,0,31,5,5,6.951772164398911
Lalmonirhat,Kharif 1,Beans,251,21.82,63.87,20.47,5.84,16.0,10.0,22,67.5,75,60,179.6013888888889,673,kidneybeans,0,32,5,5,6.513230110912307
Madaripur,Kharif 1,Beans,325,20.55,64.89,23.07,5.66,16.0,10.0,22,67.5,75,60,160.41666666666666,1019,kidneybeans,0,33,5,5,6.927557906278317
Magura,Kharif 1,Beans,186,20.73,65.13,17.84,5.6,16.0,10.0,22,67.5,75,60,134.2247474747475,635,kidneybeans,0,34,5,5,6.455198563340122
Manikganj,Kharif 1,Beans,819,19.5,73.11,20.01,5.75,16.0,10.0,22,67.5,75,60,169.94262295081967,4159,kidneybeans,0,35,5,5,8.333270353255308
Meherpur,Kharif 1,Beans,669,20.73,58.89,20.82,5.77,16.0,10.0,22,67.5,75,60,129.44444444444446,5671,kidneybeans,0,36,5,5,8.643297068211963
Moulvibazar,Kharif 1,Beans,449,20.39,80.26,20.2,6.25,16.0,10.0,22,67.5,75,60,333.72557471264366,1303,kidneybeans,0,37,5,5,7.1731917424865985
Munshiganj,Kharif 1,Beans,551,21.15,71.82,19.91,5.72,16.0,10.0,22,67.5,75,60,169.94262295081967,1016,kidneybeans,0,38,5,5,6.92461239604856
Mymensingh,Kharif 1,Beans,2127,19.72,68.44,18.49,5.56,16.0,10.0,22,67.5,75,60,181.08838383838383,6314,kidneybeans,0,39,5,5,8.750683034784592
Naogaon,Kharif 1,Beans,817,21.4,67.32,20.33,5.8,16.0,10.0,22,67.5,75,60,124.92,2725,kidneybeans,0,40,5,5,7.9105906122564775
Narail,Kharif 1,Beans,360,22.66,68.7,19.14,5.39,16.0,10.0,22,67.5,75,60,134.2247474747475,1207,kidneybeans,0,41,5,5,7.0967213784947605
Narayanganj,Kharif 1,Beans,785,20.61,69.65,17.42,5.73,16.0,10.0,22,67.5,75,60,169.94262295081967,2039,kidneybeans,0,42,5,5,7.620705086838262
Narsingdi,Kharif 1,Beans,2661,21.25,70.15,21.49,5.75,16.0,10.0,22,67.5,75,60,169.94262295081967,11665,kidneybeans,0,43,5,5,9.364433907313582
Natore,Kharif 1,Beans,560,21.61,69.79,21.2,5.89,16.0,10.0,22,67.5,75,60,124.92,1328,kidneybeans,0,44,5,5,7.192182058713246
Netrokona,Kharif 1,Beans,595,20.25,67.9,20.11,5.92,16.0,10.0,22,67.5,75,60,181.08838383838383,1574,kidneybeans,0,45,5,5,7.362010551259734
Nilphamari,Kharif 1,Beans,400,21.03,66.74,20.33,5.66,16.0,10.0,22,67.5,75,60,179.6013888888889,1187,kidneybeans,0,46,5,5,7.080026499922591
Noakhali,Kharif 1,Beans,1139,20.77,66.93,21.34,5.72,16.0,10.0,22,67.5,75,60,185.7563131313132,2008,kidneybeans,0,47,5,5,7.605392364814935
Pabna,Kharif 1,Beans,718,20.87,66.75,20.32,5.62,16.0,10.0,22,67.5,75,60,124.92,1994,kidneybeans,0,48,5,5,7.598399329323964
Panchagar,Kharif 1,Beans,463,19.79,72.13,21.14,5.56,16.0,10.0,22,67.5,75,60,154.21843434343435,1382,kidneybeans,0,49,5,5,7.232010331664759
Patuakhali,Kharif 1,Beans,187,20.78,69.95,19.69,5.8,16.0,10.0,22,67.5,75,60,207.8076923076923,170,kidneybeans,0,50,5,5,5.14166355650266
Pirojpur,Kharif 1,Beans,326,21.37,55.62,21.63,5.53,16.0,10.0,22,67.5,75,60,175.42564102564103,579,kidneybeans,0,51,5,5,6.363028103540465
Rajbari,Kharif 1,Beans,468,22.56,70.2,20.44,5.68,16.0,10.0,22,67.5,75,60,155.864898989899,1145,kidneybeans,0,52,5,5,7.044032897274685
Rajshahi,Kharif 1,Beans,1097,21.94,68.33,20.28,5.58,16.0,10.0,22,67.5,75,60,124.92,4207,kidneybeans,0,53,5,5,8.344742754417545
Rangamati,Kharif 1,Beans,634,23.43,67.46,18.52,5.84,16.0,10.0,22,67.5,75,60,204.11111111111111,907,kidneybeans,0,54,5,5,6.811244378601294
Rangpur,Kharif 1,Beans,544,19.79,65.97,20.4,6.06,16.0,10.0,22,67.5,75,60,179.6013888888889,930,kidneybeans,0,55,5,5,6.836259277277067
Satkhira,Kharif 1,Beans,689,21.84,72.1,19.05,5.53,16.0,10.0,22,67.5,75,60,140.35353535353536,1746,kidneybeans,0,56,5,5,7.465655310134056
Shariatpur,Kharif 1,Beans,398,20.98,71.38,19.28,5.43,16.0,10.0,22,67.5,75,60,155.864898989899,868,kidneybeans,0,57,5,5,6.767343125265392
Sherpur,Kharif 1,Beans,533,23.48,64.41,19.07,5.73,16.0,10.0,22,67.5,75,60,181.08838383838383,1679,kidneybeans,0,58,5,5,7.426549072397305
Sirajganj,Kharif 1,Beans,490,19.74,69.19,18.77,5.75,16.0,10.0,22,67.5,75,60,142.85416666666666,1107,kidneybeans,0,59,5,5,7.010311867307229
Sunamganj,Kharif 1,Beans,1620,19.7,63.6,22.61,5.79,16.0,10.0,22,67.5,75,60,333.72557471264366,13988,kidneybeans,0,60,5,5,9.546026585476431
Sylhet,Kharif 1,Beans,2305,20.0,61.95,21.65,5.67,16.0,10.0,22,67.5,75,60,333.72557471264366,5351,kidneybeans,0,61,5,5,8.585225601808064
Tangail,Kharif 1,Beans,1887,18.11,65.0,22.36,5.72,16.0,10.0,22,67.5,75,60,153.4104938271605,3425,kidneybeans,0,62,5,5,8.139148678884066
Thakurgaon,Kharif 1,Beans,376,20.1,71.03,18.58,5.81,16.0,10.0,22,67.5,75,60,154.21843434343435,873,kidneybeans,0,63,5,5,6.773080375655535
Bandarban,Rabi,Boro,15427,80.61,49.04,36.78,6.05,26.0,12.0,40,72.5,85,60,243.94444444444449,24116,rice,2,1,6,15,10.090672264996071
Barguna,Rabi,Boro,17220,81.53,49.65,38.21,6.36,26.0,12.0,40,72.5,85,60,207.8076923076923,22680,rice,2,2,6,15,10.029282848580436
Jhallokati,Rabi,Boro,26405,79.21,45.25,42.46,6.33,26.0,12.0,40,72.5,85,60,175.42564102564103,40037,rice,2,23,6,15,10.597584282131661
Khagrachari,Rabi,Boro,26856,83.3,42.99,39.95,6.45,26.0,12.0,40,72.5,85,60,204.11111111111111,41588,rice,2,26,6,15,10.635590988206486
Patuakhali,Rabi,Boro,2655,87.09,50.61,40.88,6.49,26.0,12.0,40,72.5,85,60,207.8076923076923,3517,rice,2,50,6,15,8.165647925297504
Rangamati,Rabi,Boro,17437,71.73,47.51,39.57,6.46,26.0,12.0,40,72.5,85,60,204.11111111111111,28175,rice,2,54,6,15,10.246225830735987
Bandarban,Rabi,Cheena,118,74.81,48.02,38.84,6.51,21.0,17.0,25,62.5,85,40,243.94444444444449,25,rice,2,1,7,15,3.258096538021482
Bhola,Rabi,Cheena,58,75.17,45.7,40.93,6.34,21.0,17.0,25,62.5,85,40,185.23090277777777,49,rice,2,4,7,15,3.912023005428146
Bogura,Rabi,Cheena,107,82.31,46.71,37.89,6.14,21.0,17.0,25,62.5,85,40,142.85416666666666,33,rice,2,5,7,15,3.5263605246161616
Chandpur,Rabi,Cheena,49,76.09,45.24,40.74,6.21,21.0,17.0,25,62.5,85,40,168.796875,16,rice,2,7,7,15,2.833213344056216
Chapai Nawabganj,Rabi,Cheena,57,79.38,46.22,39.89,6.35,21.0,17.0,25,62.5,85,40,124.92,18,rice,2,8,7,15,2.9444389791664403
Dinajpur,Rabi,Cheena,4,76.54,48.69,40.76,6.48,21.0,17.0,25,62.5,85,40,154.21843434343435,1,rice,2,14,7,15,0.6931471805599453
Gaibandha,Rabi,Cheena,200,78.83,45.92,36.86,6.27,21.0,17.0,25,62.5,85,40,179.6013888888889,167,rice,2,17,7,15,5.123963979403259
Jamalpur,Rabi,Cheena,20,77.13,50.22,40.68,6.57,21.0,17.0,25,62.5,85,40,181.08838383838383,10,rice,2,21,7,15,2.3978952727983707
Khagrachari,Rabi,Cheena,19,87.77,45.82,39.72,6.35,21.0,17.0,25,62.5,85,40,204.11111111111111,7,rice,2,26,7,15,2.0794415416798357
Kurigram,Rabi,Cheena,812,81.38,51.02,39.51,6.19,21.0,17.0,25,62.5,85,40,179.6013888888889,371,rice,2,29,7,15,5.918893854273146
Lalmonirhat,Rabi,Cheena,10,79.28,47.58,37.19,6.31,21.0,17.0,25,62.5,85,40,179.6013888888889,5,rice,2,32,7,15,1.791759469228055
Munshiganj,Rabi,Cheena,51,76.79,46.13,45.82,6.2,21.0,17.0,25,62.5,85,40,169.94262295081967,21,rice,2,38,7,15,3.091042453358316
Nilphamari,Rabi,Cheena,9,87.19,50.55,41.96,6.69,21.0,17.0,25,62.5,85,40,179.6013888888889,4,rice,2,46,7,15,1.6094379124341003
Panchagar,Rabi,Cheena,30,78.98,44.52,40.67,6.58,21.0,17.0,25,62.5,85,40,154.21843434343435,13,rice,2,49,7,15,2.6390573296152584
Rangamati,Rabi,Cheena,82,73.19,45.1,37.68,6.6,21.0,17.0,25,62.5,85,40,204.11111111111111,36,rice,2,54,7,15,3.6109179126442243
Rangpur,Rabi,Cheena,15,82.59,50.79,37.87,6.54,21.0,17.0,25,62.5,85,40,179.6013888888889,9,rice,2,55,7,15,2.302585092994046
Sirajganj,Rabi,Cheena,229,75.75,49.4,43.1,6.27,21.0,17.0,25,62.5,85,40,142.85416666666666,124,rice,2,59,7,15,4.8283137373023015
Thakurgaon,Rabi,Cheena,111,79.65,47.12,36.72,6.67,21.0,17.0,25,62.5,85,40,154.21843434343435,28,rice,2,63,7,15,3.367295829986474
Bandarban,Kharif 1,Dalim,21,17.84,17.62,35.06,6.47,21.5,5.0,38,82.5,95,70,243.94444444444449,1,pomegranate,0,1,8,14,0.6931471805599453
Barishal,Kharif 1,Dalim,24,19.73,18.17,39.83,6.38,21.5,5.0,38,82.5,95,70,175.42564102564103,62,pomegranate,0,3,8,14,4.143134726391533
Bhola,Kharif 1,Dalim,3,19.44,18.49,48.03,6.14,21.5,5.0,38,82.5,95,70,185.23090277777777,1,pomegranate,0,4,8,14,0.6931471805599453
Bogura,Kharif 1,Dalim,2,17.76,17.63,45.78,6.39,21.5,5.0,38,82.5,95,70,142.85416666666666,8,pomegranate,0,5,8,14,2.1972245773362196
Brahmanbaria,Kharif 1,Dalim,33,18.98,15.87,39.77,6.39,21.5,5.0,38,82.5,95,70,185.7563131313132,29,pomegranate,0,6,8,14,3.4011973816621555
Chandpur,Kharif 1,Dalim,6,19.72,18.54,39.95,6.53,21.5,5.0,38,82.5,95,70,168.796875,10,pomegranate,0,7,8,14,2.3978952727983707
Chapai Nawabganj,Kharif 1,Dalim,23,16.98,21.46,42.61,6.47,21.5,5.0,38,82.5,95,70,124.92,49,pomegranate,0,8,8,14,3.912023005428146
Chattogram,Kharif 1,Dalim,3,19.49,19.63,44.32,6.2,21.5,5.0,38,82.5,95,70,243.94444444444449,6,pomegranate,0,9,8,14,1.9459101490553132
Chuadanga,Kharif 1,Dalim,5,18.12,18.73,36.26,6.64,21.5,5.0,38,82.5,95,70,129.44444444444446,5,pomegranate,0,10,8,14,1.791759469228055
CoxsBazar,Kharif 1,Dalim,6,19.52,18.45,35.9,6.47,21.5,5.0,38,82.5,95,70,303.40277777777777,8,pomegranate,0,11,8,14,2.1972245773362196
Cumilla,Kharif 1,Dalim,44,18.01,18.78,38.71,6.47,21.5,5.0,38,82.5,95,70,185.7563131313132,33,pomegranate,0,12,8,14,3.5263605246161616
Dhaka,Kharif 1,Dalim,5,16.83,19.37,41.62,6.43,21.5,5.0,38,82.5,95,70,169.94262295081967,19,pomegranate,0,13,8,14,2.995732273553991
Dinajpur,Kharif 1,Dalim,26,17.03,17.42,41.41,6.33,21.5,5.0,38,82.5,95,70,154.21843434343435,65,pomegranate,0,14,8,14,4.189654742026425
Faridpur,Kharif 1,Dalim,18,18.92,20.0,42.79,6.47,21.5,5.0,38,82.5,95,70,155.864898989899,54,pomegranate,0,15,8,14,4.007333185232471
Feni,Kharif 1,Dalim,1,19.16,19.55,37.32,6.52,21.5,5.0,38,82.5,95,70,248.1727642276423,1,pomegranate,0,16,8,14,0.6931471805599453
Gaibandha,Kharif 1,Dalim,12,17.85,19.56,34.62,6.09,21.5,5.0,38,82.5,95,70,179.6013888888889,19,pomegranate,0,17,8,14,2.995732273553991
Gazipur,Kharif 1,Dalim,24,19.59,19.24,42.28,6.33,21.5,5.0,38,82.5,95,70,169.94262295081967,17,pomegranate,0,18,8,14,2.8903717578961645
Gopalganj,Kharif 1,Dalim,4,16.99,18.77,38.21,6.38,21.5,5.0,38,82.5,95,70,155.864898989899,29,pomegranate,0,19,8,14,3.4011973816621555
Jamalpur,Kharif 1,Dalim,6,17.5,19.42,40.56,6.66,21.5,5.0,38,82.5,95,70,181.08838383838383,9,pomegranate,0,21,8,14,2.302585092994046
Jashore,Kharif 1,Dalim,13,18.13,18.35,42.12,6.28,21.5,5.0,38,82.5,95,70,134.2247474747475,110,pomegranate,0,22,8,14,4.709530201312334
Jhallokati,Kharif 1,Dalim,13,18.92,18.1,39.92,6.33,21.5,5.0,38,82.5,95,70,175.42564102564103,10,pomegranate,0,23,8,14,2.3978952727983707
Jhenaidah,Kharif 1,Dalim,12,17.9,18.86,39.11,6.33,21.5,5.0,38,82.5,95,70,134.2247474747475,46,pomegranate,0,24,8,14,3.8501476017100584
Joypurhat,Kharif 1,Dalim,5,18.43,20.49,39.83,6.28,21.5,5.0,38,82.5,95,70,142.85416666666666,14,pomegranate,0,25,8,14,2.70805020110221
Khagrachari,Kharif 1,Dalim,4,20.01,17.36,39.32,6.36,21.5,5.0,38,82.5,95,70,204.11111111111111,2,pomegranate,0,26,8,14,1.0986122886681098
Khulna,Kharif 1,Dalim,7,18.22,17.1,36.96,6.58,21.5,5.0,38,82.5,95,70,144.96843434343435,33,pomegranate,0,27,8,14,3.5263605246161616
Kishoreganj,Kharif 1,Dalim,11,19.82,18.94,38.49,6.23,21.5,5.0,38,82.5,95,70,181.08838383838383,15,pomegranate,0,28,8,14,2.772588722239781
Kurigram,Kharif 1,Dalim,6,17.59,18.81,41.47,6.51,21.5,5.0,38,82.5,95,70,179.6013888888889,31,pomegranate,0,29,8,14,3.4657359027997265
Kushtia,Kharif 1,Dalim,12,19.47,18.95,40.99,6.1,21.5,5.0,38,82.5,95,70,129.44444444444446,31,pomegranate,0,30,8,14,3.4657359027997265
Lakshmipur,Kharif 1,Dalim,8,20.5,19.02,40.62,6.32,21.5,5.0,38,82.5,95,70,185.7563131313132,9,pomegranate,0,31,8,14,2.302585092994046
Lalmonirhat,Kharif 1,Dalim,8,16.07,18.5,37.81,6.37,21.5,5.0,38,82.5,95,70,179.6013888888889,18,pomegranate,0,32,8,14,2.9444389791664403
Madaripur,Kharif 1,Dalim,7,17.97,20.43,39.77,6.75,21.5,5.0,38,82.5,95,70,160.41666666666666,49,pomegranate,0,33,8,14,3.912023005428146
Magura,Kharif 1,Dalim,46,19.52,16.95,34.96,6.38,21.5,5.0,38,82.5,95,70,134.2247474747475,65,pomegranate,0,34,8,14,4.189654742026425
Manikganj,Kharif 1,Dalim,2,18.64,17.82,40.64,6.01,21.5,5.0,38,82.5,95,70,169.94262295081967,4,pomegranate,0,35,8,14,1.6094379124341003
Meherpur,Kharif 1,Dalim,14,19.29,18.63,43.66,6.04,21.5,5.0,38,82.5,95,70,129.44444444444446,9,pomegranate,0,36,8,14,2.302585092994046
Moulvibazar,Kharif 1,Dalim,5,18.19,16.9,36.65,6.44,21.5,5.0,38,82.5,95,70,333.72557471264366,4,pomegranate,0,37,8,14,1.6094379124341003
Munshiganj,Kharif 1,Dalim,1,18.97,18.55,38.8,6.55,21.5,5.0,38,82.5,95,70,169.94262295081967,4,pomegranate,0,38,8,14,1.6094379124341003
Mymensingh,Kharif 1,Dalim,18,18.69,20.62,41.0,6.5,21.5,5.0,38,82.5,95,70,181.08838383838383,11,pomegranate,0,39,8,14,2.4849066497880004
Naogaon,Kharif 1,Dalim,5,20.19,18.77,43.23,6.46,21.5,5.0,38,82.5,95,70,124.92,21,pomegranate,0,40,8,14,3.091042453358316
Narail,Kharif 1,Dalim,21,19.16,19.01,39.13,6.65,21.5,5.0,38,82.5,95,70,134.2247474747475,8,pomegranate,0,41,8,14,2.1972245773362196
Narayanganj,Kharif 1,Dalim,4,19.25,17.33,38.54,6.33,21.5,5.0,38,82.5,95,70,169.94262295081967,29,pomegranate,0,42,8,14,3.4011973816621555
Narsingdi,Kharif 1,Dalim,12,18.4,18.06,35.46,6.6,21.5,5.0,38,82.5,95,70,169.94262295081967,29,pomegranate,0,43,8,14,3.4011973816621555
Natore,Kharif 1,Dalim,8,18.32,18.33,40.46,6.12,21.5,5.0,38,82.5,95,70,124.92,51,pomegranate,0,44,8,14,3.9512437185814275
Netrokona,Kharif 1,Dalim,15,18.38,18.39,45.14,6.26,21.5,5.0,38,82.5,95,70,181.08838383838383,26,pomegranate,0,45,8,14,3.295836866004329
Nilphamari,Kharif 1,Dalim,6,19.32,20.19,40.88,6.08,21.5,5.0,38,82.5,95,70,179.6013888888889,18,pomegranate,0,46,8,14,2.9444389791664403
Noakhali,Kharif 1,Dalim,2,18.39,19.38,40.16,6.38,21.5,5.0,38,82.5,95,70,185.7563131313132,1,pomegranate,0,47,8,14,0.6931471805599453
Pabna,Kharif 1,Dalim,4,19.2,17.5,40.99,6.42,21.5,5.0,38,82.5,95,70,124.92,8,pomegranate,0,48,8,14,2.1972245773362196
Panchagar,Kharif 1,Dalim,21,21.22,19.03,40.18,6.45,21.5,5.0,38,82.5,95,70,154.21843434343435,16,pomegranate,0,49,8,14,2.833213344056216
Patuakhali,Kharif 1,Dalim,11,19.86,19.31,38.25,6.44,21.5,5.0,38,82.5,95,70,207.8076923076923,7,pomegranate,0,50,8,14,2.0794415416798357
Pirojpur,Kharif 1,Dalim,1,18.5,20.03,42.2,6.25,21.5,5.0,38,82.5,95,70,175.42564102564103,2,pomegranate,0,51,8,14,1.0986122886681098
Rajbari,Kharif 1,Dalim,2,20.23,20.53,40.75,6.39,21.5,5.0,38,82.5,95,70,155.864898989899,10,pomegranate,0,52,8,14,2.3978952727983707
Rajshahi,Kharif 1,Dalim,16,18.41,17.61,40.25,6.14,21.5,5.0,38,82.5,95,70,124.92,90,pomegranate,0,53,8,14,4.51085950651685
Rangamati,Kharif 1,Dalim,2,16.56,17.84,37.86,6.69,21.5,5.0,38,82.5,95,70,204.11111111111111,1,pomegranate,0,54,8,14,0.6931471805599453
Rangpur,Kharif 1,Dalim,7,17.73,17.34,43.35,6.37,21.5,5.0,38,82.5,95,70,179.6013888888889,22,pomegranate,0,55,8,14,3.1354942159291497
Shariatpur,Kharif 1,Dalim,3,18.47,19.27,38.88,6.74,21.5,5.0,38,82.5,95,70,155.864898989899,25,pomegranate,0,57,8,14,3.258096538021482
Sherpur,Kharif 1,Dalim,3,18.89,19.86,42.63,6.19,21.5,5.0,38,82.5,95,70,181.08838383838383,4,pomegranate,0,58,8,14,1.6094379124341003
Sirajganj,Kharif 1,Dalim,5,20.77,18.66,39.01,6.21,21.5,5.0,38,82.5,95,70,142.85416666666666,14,pomegranate,0,59,8,14,2.70805020110221
Sunamganj,Kharif 1,Dalim,4,19.24,18.39,38.32,6.22,21.5,5.0,38,82.5,95,70,333.72557471264366,2,pomegranate,0,60,8,14,1.0986122886681098
Tangail,Kharif 1,Dalim,24,19.81,17.81,35.94,6.51,21.5,5.0,38,82.5,95,70,153.4104938271605,82,pomegranate,0,62,8,14,4.418840607796598
Thakurgaon,Kharif 1,Dalim,12,16.37,21.1,41.35,6.57,21.5,5.0,38,82.5,95,70,154.21843434343435,36,pomegranate,0,63,8,14,3.6109179126442243
Bagerhat,Kharif 2,Gram,7,40.66,61.25,71.14,7.91,27.5,20.0,35,35.0,45,25,144.96843434343435,2,chickpea,1,0,9,2,1.0986122886681098
Bandarban,Kharif 2,Gram,7,41.94,68.54,74.03,6.84,27.5,20.0,35,35.0,45,25,243.94444444444449,3,chickpea,1,1,9,2,1.3862943611198906
Barguna,Kharif 2,Gram,42,36.53,76.02,69.97,7.47,27.5,20.0,35,35.0,45,25,207.8076923076923,15,chickpea,1,2,9,2,2.772588722239781
Barishal,Kharif 2,Gram,959,42.84,67.82,79.51,7.22,27.5,20.0,35,35.0,45,25,175.42564102564103,383,chickpea,1,3,9,2,5.950642552587727
Bhola,Kharif 2,Gram,74,40.9,67.02,79.2,7.21,27.5,20.0,35,35.0,45,25,185.23090277777777,51,chickpea,1,4,9,2,3.9512437185814275
Bogura,Kharif 2,Gram,8,39.09,66.34,78.35,7.2,27.5,20.0,35,35.0,45,25,142.85416666666666,3,chickpea,1,5,9,2,1.3862943611198906
Chapai Nawabganj,Kharif 2,Gram,1798,40.53,58.79,82.15,7.53,27.5,20.0,35,35.0,45,25,124.92,687,chickpea,1,8,9,2,6.5337888379333435
Chattogram,Kharif 2,Gram,26,40.69,74.03,77.28,7.35,27.5,20.0,35,35.0,45,25,243.94444444444449,8,chickpea,1,9,9,2,2.1972245773362196
Chuadanga,Kharif 2,Gram,144,38.99,62.0,81.44,7.64,27.5,20.0,35,35.0,45,25,129.44444444444446,53,chickpea,1,10,9,2,3.9889840465642745
Dhaka,Kharif 2,Gram,7,38.03,70.18,86.17,6.86,27.5,20.0,35,35.0,45,25,169.94262295081967,2,chickpea,1,13,9,2,1.0986122886681098
Dinajpur,Kharif 2,Gram,9,40.26,61.29,82.73,7.19,27.5,20.0,35,35.0,45,25,154.21843434343435,3,chickpea,1,14,9,2,1.3862943611198906
Faridpur,Kharif 2,Gram,210,38.94,69.67,77.94,7.38,27.5,20.0,35,35.0,45,25,155.864898989899,85,chickpea,1,15,9,2,4.454347296253507
Feni,Kharif 2,Gram,38,41.24,76.02,81.15,7.36,27.5,20.0,35,35.0,45,25,248.1727642276423,17,chickpea,1,16,9,2,2.8903717578961645
Gaibandha,Kharif 2,Gram,31,40.89,62.25,78.77,7.37,27.5,20.0,35,35.0,45,25,179.6013888888889,18,chickpea,1,17,9,2,2.9444389791664403
Gazipur,Kharif 2,Gram,38,42.59,68.56,79.96,7.03,27.5,20.0,35,35.0,45,25,169.94262295081967,19,chickpea,1,18,9,2,2.995732273553991
Gopalganj,Kharif 2,Gram,103,38.86,65.1,78.36,7.52,27.5,20.0,35,35.0,45,25,155.864898989899,20,chickpea,1,19,9,2,3.044522437723423
Jamalpur,Kharif 2,Gram,90,37.74,67.87,80.94,7.5,27.5,20.0,35,35.0,45,25,181.08838383838383,34,chickpea,1,21,9,2,3.5553480614894135
Jashore,Kharif 2,Gram,234,39.02,65.18,75.16,6.92,27.5,20.0,35,35.0,45,25,134.2247474747475,104,chickpea,1,22,9,2,4.653960350157523
Jhallokati,Kharif 2,Gram,255,41.0,69.77,75.05,7.41,27.5,20.0,35,35.0,45,25,175.42564102564103,95,chickpea,1,23,9,2,4.564348191467836
Jhenaidah,Kharif 2,Gram,89,41.91,75.13,73.26,7.08,27.5,20.0,35,35.0,45,25,134.2247474747475,45,chickpea,1,24,9,2,3.828641396489095
Khulna,Kharif 2,Gram,3,43.35,62.53,80.68,7.36,27.5,20.0,35,35.0,45,25,144.96843434343435,1,chickpea,1,27,9,2,0.6931471805599453
Kishoreganj,Kharif 2,Gram,5,41.08,63.9,75.64,7.15,27.5,20.0,35,35.0,45,25,181.08838383838383,1,chickpea,1,28,9,2,0.6931471805599453
Kurigram,Kharif 2,Gram,242,44.6,69.71,82.38,7.34,27.5,20.0,35,35.0,45,25,179.6013888888889,106,chickpea,1,29,9,2,4.672828834461906
Kushtia,Kharif 2,Gram,164,38.23,73.83,80.09,7.0,27.5,20.0,35,35.0,45,25,129.44444444444446,79,chickpea,1,30,9,2,4.382026634673881
Lakshmipur,Kharif 2,Gram,11,37.1,69.24,70.48,7.59,27.5,20.0,35,35.0,45,25,185.7563131313132,6,chickpea,1,31,9,2,1.9459101490553132
Lalmonirhat,Kharif 2,Gram,11,35.81,66.52,83.06,7.29,27.5,20.0,35,35.0,45,25,179.6013888888889,9,chickpea,1,32,9,2,2.302585092994046
Madaripur,Kharif 2,Gram,965,43.69,67.79,83.81,7.59,27.5,20.0,35,35.0,45,25,160.41666666666666,402,chickpea,1,33,9,2,5.998936561946683
Magura,Kharif 2,Gram,257,41.66,62.7,75.15,7.22,27.5,20.0,35,35.0,45,25,134.2247474747475,75,chickpea,1,34,9,2,4.330733340286331
Manikganj,Kharif 2,Gram,4,39.96,70.25,81.93,7.22,27.5,20.0,35,35.0,45,25,169.94262295081967,1,chickpea,1,35,9,2,0.6931471805599453
Meherpur,Kharif 2,Gram,16,40.76,71.38,75.81,7.17,27.5,20.0,35,35.0,45,25,129.44444444444446,6,chickpea,1,36,9,2,1.9459101490553132
Moulvibazar,Kharif 2,Gram,1,37.38,65.95,80.39,7.53,27.5,20.0,35,35.0,45,25,333.72557471264366,1,chickpea,1,37,9,2,0.6931471805599453
Mymensingh,Kharif 2,Gram,45,40.4,68.87,71.32,7.48,27.5,20.0,35,35.0,45,25,181.08838383838383,23,chickpea,1,39,9,2,3.1780538303479458
Naogaon,Kharif 2,Gram,190,40.35,66.01,78.08,7.26,27.5,20.0,35,35.0,45,25,124.92,71,chickpea,1,40,9,2,4.276666119016055
Narail,Kharif 2,Gram,43,41.84,67.52,79.33,6.9,27.5,20.0,35,35.0,45,25,134.2247474747475,19,chickpea,1,41,9,2,2.995732273553991
Narsingdi,Kharif 2,Gram,3,40.63,66.79,74.24,7.08,27.5,20.0,35,35.0,45,25,169.94262295081967,5,chickpea,1,43,9,2,1.791759469228055
Natore,Kharif 2,Gram,66,38.19,66.33,78.0,7.35,27.5,20.0,35,35.0,45,25,124.92,27,chickpea,1,44,9,2,3.332204510175204
Noakhali,Kharif 2,Gram,7,43.33,67.05,80.8,7.32,27.5,20.0,35,35.0,45,25,185.7563131313132,1,chickpea,1,47,9,2,0.6931471805599453
Pabna,Kharif 2,Gram,161,43.92,65.15,76.71,7.3,27.5,20.0,35,35.0,45,25,124.92,104,chickpea,1,48,9,2,4.653960350157523
Panchagar,Kharif 2,Gram,40,38.86,73.16,85.54,7.48,27.5,20.0,35,35.0,45,25,154.21843434343435,13,chickpea,1,49,9,2,2.6390573296152584
Patuakhali,Kharif 2,Gram,1242,37.71,73.56,74.28,7.55,27.5,20.0,35,35.0,45,25,207.8076923076923,540,chickpea,1,50,9,2,6.293419278846481
Rajbari,Kharif 2,Gram,61,40.22,60.2,85.59,7.17,27.5,20.0,35,35.0,45,25,155.864898989899,31,chickpea,1,52,9,2,3.4657359027997265
Rajshahi,Kharif 2,Gram,3101,42.72,71.89,82.23,6.95,27.5,20.0,35,35.0,45,25,124.92,1519,chickpea,1,53,9,2,7.326465613840322
Rangpur,Kharif 2,Gram,24,43.77,71.01,77.39,7.2,27.5,20.0,35,35.0,45,25,179.6013888888889,11,chickpea,1,55,9,2,2.4849066497880004
Shariatpur,Kharif 2,Gram,273,39.06,71.42,73.1,7.26,27.5,20.0,35,35.0,45,25,155.864898989899,192,chickpea,1,57,9,2,5.262690188904886
Sherpur,Kharif 2,Gram,58,37.66,62.86,75.27,7.49,27.5,20.0,35,35.0,45,25,181.08838383838383,40,chickpea,1,58,9,2,3.713572066704308
Sirajganj,Kharif 2,Gram,52,36.11,70.76,78.01,7.21,27.5,20.0,35,35.0,45,25,142.85416666666666,27,chickpea,1,59,9,2,3.332204510175204
Sylhet,Kharif 2,Gram,7,40.27,63.91,81.74,7.6,27.5,20.0,35,35.0,45,25,333.72557471264366,2,chickpea,1,61,9,2,1.0986122886681098
Tangail,Kharif 2,Gram,3,36.99,66.13,75.28,7.42,27.5,20.0,35,35.0,45,25,153.4104938271605,1,chickpea,1,62,9,2,0.6931471805599453
Thakurgaon,Kharif 2,Gram,82,36.97,70.58,78.43,7.33,27.5,20.0,35,35.0,45,25,154.21843434343435,36,chickpea,1,63,9,2,3.6109179126442243
Bagerhat,Kharif 1,Green Coconut,1007,21.54,17.04,29.46,5.87,25.0,20.0,30,70.0,80,60,144.96843434343435,29063,coconut,0,0,10,3,10.277255573901037
Bandarban,Kharif 1,Green Coconut,134,24.18,17.52,29.29,5.87,25.0,20.0,30,70.0,80,60,243.94444444444449,819,coconut,0,1,10,3,6.709304340258298
Barguna,Kharif 1,Green Coconut,8120,21.64,18.94,32.39,5.83,25.0,20.0,30,70.0,80,60,207.8076923076923,9069,coconut,0,2,10,3,9.112727543109182
Barishal,Kharif 1,Green Coconut,6623,20.0,15.34,28.07,5.88,25.0,20.0,30,70.0,80,60,175.42564102564103,13509,coconut,0,3,10,3,9.511185430954244
Bhola,Kharif 1,Green Coconut,1346,21.66,18.57,33.54,6.12,25.0,20.0,30,70.0,80,60,185.23090277777777,14143,coconut,0,4,10,3,9.557045784877424
Bogura,Kharif 1,Green Coconut,328,21.62,17.04,32.11,5.94,25.0,20.0,30,70.0,80,60,142.85416666666666,7981,coconut,0,5,10,3,8.984944285608679
Brahmanbaria,Kharif 1,Green Coconut,400,18.42,16.02,32.59,5.74,25.0,20.0,30,70.0,80,60,185.7563131313132,6689,coconut,0,6,10,3,8.808369153122275
Chandpur,Kharif 1,Green Coconut,394,21.91,15.58,29.74,6.3,25.0,20.0,30,70.0,80,60,168.796875,3934,coconut,0,7,10,3,8.277666160851503
Chapai Nawabganj,Kharif 1,Green Coconut,106,21.68,16.74,30.31,6.04,25.0,20.0,30,70.0,80,60,124.92,805,coconut,0,8,10,3,6.692083742506628
Chattogram,Kharif 1,Green Coconut,5826,22.9,17.87,27.96,5.73,25.0,20.0,30,70.0,80,60,243.94444444444449,8686,coconut,0,9,10,3,9.06958293425992
Chuadanga,Kharif 1,Green Coconut,179,24.42,16.8,29.63,5.9,25.0,20.0,30,70.0,80,60,129.44444444444446,3842,coconut,0,10,10,3,8.254008590564844
CoxsBazar,Kharif 1,Green Coconut,426,23.47,18.47,31.5,6.0,25.0,20.0,30,70.0,80,60,303.40277777777777,6576,coconut,0,11,10,3,8.79133399330135
Cumilla,Kharif 1,Green Coconut,1228,21.63,15.46,32.97,6.29,25.0,20.0,30,70.0,80,60,185.7563131313132,5897,coconut,0,12,10,3,8.682368589375221
Dhaka,Kharif 1,Green Coconut,145,20.52,16.92,28.56,5.78,25.0,20.0,30,70.0,80,60,169.94262295081967,3251,coconut,0,13,10,3,8.087025470667701
Dinajpur,Kharif 1,Green Coconut,260,25.37,15.66,29.92,6.16,25.0,20.0,30,70.0,80,60,154.21843434343435,2094,coconut,0,14,10,3,7.647308832356238
Faridpur,Kharif 1,Green Coconut,544,22.06,17.3,30.31,6.23,25.0,20.0,30,70.0,80,60,155.864898989899,5249,coconut,0,15,10,3,8.565983355585669
Feni,Kharif 1,Green Coconut,915,22.0,17.83,28.03,5.87,25.0,20.0,30,70.0,80,60,248.1727642276423,1986,coconut,0,16,10,3,7.594381242551817
Gaibandha,Kharif 1,Green Coconut,584,21.95,16.5,31.68,5.93,25.0,20.0,30,70.0,80,60,179.6013888888889,2209,coconut,0,17,10,3,7.700747794511798
Gazipur,Kharif 1,Green Coconut,393,22.24,14.28,29.26,5.79,25.0,20.0,30,70.0,80,60,169.94262295081967,1530,coconut,0,18,10,3,7.333676395657684
Gopalganj,Kharif 1,Green Coconut,333,21.79,17.13,30.23,5.94,25.0,20.0,30,70.0,80,60,155.864898989899,3479,coconut,0,19,10,3,8.15478757276852
Habiganj,Kharif 1,Green Coconut,731,21.22,17.37,29.76,5.97,25.0,20.0,30,70.0,80,60,333.72557471264366,5448,coconut,0,20,10,3,8.603187384583098
Jamalpur,Kharif 1,Green Coconut,512,21.26,17.34,29.14,6.1,25.0,20.0,30,70.0,80,60,181.08838383838383,4882,coconut,0,21,10,3,8.49351506406166
Jashore,Kharif 1,Green Coconut,1164,21.94,18.19,30.58,6.18,25.0,20.0,30,70.0,80,60,134.2247474747475,13060,coconut,0,22,10,3,9.47738596957752
Jhallokati,Kharif 1,Green Coconut,2444,21.26,15.84,30.19,5.85,25.0,20.0,30,70.0,80,60,175.42564102564103,8000,coconut,0,23,10,3,8.987321812850125
Jhenaidah,Kharif 1,Green Coconut,378,21.04,17.62,29.91,5.63,25.0,20.0,30,70.0,80,60,134.2247474747475,12191,coconut,0,24,10,3,9.408535277926427
Joypurhat,Kharif 1,Green Coconut,134,22.12,18.14,29.25,5.98,25.0,20.0,30,70.0,80,60,142.85416666666666,185,coconut,0,25,10,3,5.225746673713202
Khagrachari,Kharif 1,Green Coconut,656,21.64,15.12,31.18,6.03,25.0,20.0,30,70.0,80,60,204.11111111111111,1551,coconut,0,26,10,3,7.347299700743164
Khulna,Kharif 1,Green Coconut,1518,23.96,17.25,33.63,6.02,25.0,20.0,30,70.0,80,60,144.96843434343435,10641,coconut,0,27,10,3,9.272563715156315
Kishoreganj,Kharif 1,Green Coconut,313,18.48,16.42,30.85,5.92,25.0,20.0,30,70.0,80,60,181.08838383838383,7547,coconut,0,28,10,3,8.92903790648844
Kurigram,Kharif 1,Green Coconut,90,23.42,16.85,32.42,6.0,25.0,20.0,30,70.0,80,60,179.6013888888889,535,coconut,0,29,10,3,6.284134161070802
Kushtia,Kharif 1,Green Coconut,1286,23.62,17.28,28.04,6.25,25.0,20.0,30,70.0,80,60,129.44444444444446,16767,coconut,0,30,10,3,9.727227587120769
Lakshmipur,Kharif 1,Green Coconut,107,19.25,16.44,30.88,6.05,25.0,20.0,30,70.0,80,60,185.7563131313132,10592,coconut,0,31,10,3,9.267948684596496
Lalmonirhat,Kharif 1,Green Coconut,82,21.53,16.24,28.58,5.91,25.0,20.0,30,70.0,80,60,179.6013888888889,652,coconut,0,32,10,3,6.481577129276431
Madaripur,Kharif 1,Green Coconut,940,21.49,16.96,27.88,5.89,25.0,20.0,30,70.0,80,60,160.41666666666666,11783,coconut,0,33,10,3,9.374497958142467
Magura,Kharif 1,Green Coconut,695,20.12,15.83,29.23,5.95,25.0,20.0,30,70.0,80,60,134.2247474747475,5374,coconut,0,34,10,3,8.589513852995864
Manikganj,Kharif 1,Green Coconut,1533,20.95,15.83,32.78,6.27,25.0,20.0,30,70.0,80,60,169.94262295081967,13912,coconut,0,35,10,3,9.540578933841877
Meherpur,Kharif 1,Green Coconut,129,20.52,17.62,32.33,5.95,25.0,20.0,30,70.0,80,60,129.44444444444446,1368,coconut,0,36,10,3,7.221835825288449
Moulvibazar,Kharif 1,Green Coconut,269,24.29,15.76,31.04,5.98,25.0,20.0,30,70.0,80,60,333.72557471264366,4381,coconut,0,37,10,3,8.385260520155413
Munshiganj,Kharif 1,Green Coconut,67,23.21,17.61,27.78,5.89,25.0,20.0,30,70.0,80,60,169.94262295081967,954,coconut,0,38,10,3,6.86171134048073
Mymensingh,Kharif 1,Green Coconut,1667,23.66,17.4,30.23,6.18,25.0,20.0,30,70.0,80,60,181.08838383838383,10983,coconut,0,39,10,3,9.304194947447806
Naogaon,Kharif 1,Green Coconut,285,22.93,15.18,31.14,6.33,25.0,20.0,30,70.0,80,60,124.92,2455,coconut,0,40,10,3,7.806289289267033
Narail,Kharif 1,Green Coconut,943,20.49,16.24,30.91,6.06,25.0,20.0,30,70.0,80,60,134.2247474747475,8667,coconut,0,41,10,3,9.067393362656249
Narayanganj,Kharif 1,Green Coconut,43,21.29,18.14,27.21,5.99,25.0,20.0,30,70.0,80,60,169.94262295081967,2090,coconut,0,42,10,3,7.645397699428633
Narsingdi,Kharif 1,Green Coconut,84,22.63,15.93,28.96,5.99,25.0,20.0,30,70.0,80,60,169.94262295081967,1506,coconut,0,43,10,3,7.317876198626496
Natore,Kharif 1,Green Coconut,667,20.37,16.46,30.47,5.55,25.0,20.0,30,70.0,80,60,124.92,9702,coconut,0,44,10,3,9.1801903950253
Netrokona,Kharif 1,Green Coconut,521,22.92,17.4,31.57,6.11,25.0,20.0,30,70.0,80,60,181.08838383838383,4924,coconut,0,45,10,3,8.502079553606189
Nilphamari,Kharif 1,Green Coconut,103,21.66,17.73,26.56,6.0,25.0,20.0,30,70.0,80,60,179.6013888888889,1577,coconut,0,46,10,3,7.363913501405819
Noakhali,Kharif 1,Green Coconut,1694,21.49,16.67,30.29,6.06,25.0,20.0,30,70.0,80,60,185.7563131313132,25155,coconut,0,47,10,3,10.132851715663394
Pabna,Kharif 1,Green Coconut,725,22.92,16.32,30.85,5.85,25.0,20.0,30,70.0,80,60,124.92,11814,coconut,0,48,10,3,9.377125189621008
Panchagar,Kharif 1,Green Coconut,126,22.57,18.37,32.15,5.91,25.0,20.0,30,70.0,80,60,154.21843434343435,2084,coconut,0,49,10,3,7.642524134232902
Patuakhali,Kharif 1,Green Coconut,1779,21.5,18.7,31.86,5.91,25.0,20.0,30,70.0,80,60,207.8076923076923,14049,coconut,0,50,10,3,9.550377674761892
Pirojpur,Kharif 1,Green Coconut,3250,23.51,17.92,31.66,6.16,25.0,20.0,30,70.0,80,60,175.42564102564103,15538,coconut,0,51,10,3,9.651108271786734
Rajbari,Kharif 1,Green Coconut,350,20.55,17.02,29.12,5.91,25.0,20.0,30,70.0,80,60,155.864898989899,9656,coconut,0,52,10,3,9.175438319966918
Rajshahi,Kharif 1,Green Coconut,860,22.79,16.11,27.09,6.35,25.0,20.0,30,70.0,80,60,124.92,11692,coconut,0,53,10,3,9.366745651140318
Rangamati,Kharif 1,Green Coconut,1858,22.76,16.09,29.87,6.06,25.0,20.0,30,70.0,80,60,204.11111111111111,3162,coconut,0,54,10,3,8.059276223305648
Rangpur,Kharif 1,Green Coconut,153,21.57,17.46,32.43,5.75,25.0,20.0,30,70.0,80,60,179.6013888888889,2423,coconut,0,55,10,3,7.793174347189205
Satkhira,Kharif 1,Green Coconut,1741,22.41,17.36,33.15,5.96,25.0,20.0,30,70.0,80,60,140.35353535353536,17036,coconut,0,56,10,3,9.743142728545543
Shariatpur,Kharif 1,Green Coconut,313,20.33,18.35,31.89,5.86,25.0,20.0,30,70.0,80,60,155.864898989899,11945,coconut,0,57,10,3,9.388151773292252
Sherpur,Kharif 1,Green Coconut,199,23.2,17.59,31.38,5.59,25.0,20.0,30,70.0,80,60,181.08838383838383,2011,coconut,0,58,10,3,7.60688453121963
Sirajganj,Kharif 1,Green Coconut,172,21.74,15.4,31.29,6.27,25.0,20.0,30,70.0,80,60,142.85416666666666,3668,coconut,0,59,10,3,8.207674424355282
Sunamganj,Kharif 1,Green Coconut,182,21.29,18.0,29.57,6.11,25.0,20.0,30,70.0,80,60,333.72557471264366,3006,coconut,0,60,10,3,8.008698182988528
Sylhet,Kharif 1,Green Coconut,2191,23.36,15.92,30.35,6.08,25.0,20.0,30,70.0,80,60,333.72557471264366,1415,coconut,0,61,10,3,7.255591274253665
Tangail,Kharif 1,Green Coconut,272,21.05,16.54,33.65,6.01,25.0,20.0,30,70.0,80,60,153.4104938271605,4822,coconut,0,62,10,3,8.481151420068972
Thakurgaon,Kharif 1,Green Coconut,59,20.12,17.18,28.86,5.73,25.0,20.0,30,70.0,80,60,154.21843434343435,694,coconut,0,63,10,3,6.543911845564792
Bagerhat,Kharif 1,Green Papaya,83,45.22,66.12,54.89,6.64,25.0,20.0,30,70.0,80,60,144.96843434343435,1434,papaya,0,0,11,12,7.268920128193722
Bandarban,Kharif 1,Green Papaya,276,51.69,70.07,49.07,6.91,25.0,20.0,30,70.0,80,60,243.94444444444449,1633,papaya,0,1,11,12,7.3987862754199485
Barguna,Kharif 1,Green Papaya,3169,46.05,61.2,54.02,6.53,25.0,20.0,30,70.0,80,60,207.8076923076923,2565,papaya,0,2,11,12,7.850103545175582
Barishal,Kharif 1,Green Papaya,1373,55.13,58.4,45.82,6.23,25.0,20.0,30,70.0,80,60,175.42564102564103,4820,papaya,0,3,11,12,8.480736654405622
Bhola,Kharif 1,Green Papaya,207,43.65,60.94,51.8,6.69,25.0,20.0,30,70.0,80,60,185.23090277777777,1284,papaya,0,4,11,12,7.158513997329321
Bogura,Kharif 1,Green Papaya,436,54.96,62.19,47.83,6.71,25.0,20.0,30,70.0,80,60,142.85416666666666,7101,papaya,0,5,11,12,8.868131713503033
Brahmanbaria,Kharif 1,Green Papaya,176,50.51,57.91,45.79,6.77,25.0,20.0,30,70.0,80,60,185.7563131313132,1246,papaya,0,6,11,12,7.1284959456800365
Chandpur,Kharif 1,Green Papaya,102,49.59,65.41,50.7,6.89,25.0,20.0,30,70.0,80,60,168.796875,2608,papaya,0,7,11,12,7.866722285136729
Chapai Nawabganj,Kharif 1,Green Papaya,244,48.25,59.87,53.07,6.87,25.0,20.0,30,70.0,80,60,124.92,3160,papaya,0,8,11,12,8.058643712215618
Chattogram,Kharif 1,Green Papaya,321,51.07,60.81,47.5,6.79,25.0,20.0,30,70.0,80,60,243.94444444444449,3878,papaya,0,9,11,12,8.263332667439967
Chuadanga,Kharif 1,Green Papaya,142,49.77,61.41,45.54,6.98,25.0,20.0,30,70.0,80,60,129.44444444444446,3608,papaya,0,10,11,12,8.19118600464279
CoxsBazar,Kharif 1,Green Papaya,300,53.18,60.54,49.76,6.43,25.0,20.0,30,70.0,80,60,303.40277777777777,2345,papaya,0,11,11,12,7.76046702921342
Cumilla,Kharif 1,Green Papaya,457,50.22,62.02,49.78,6.84,25.0,20.0,30,70.0,80,60,185.7563131313132,2394,papaya,0,12,11,12,7.781138509845015
Dhaka,Kharif 1,Green Papaya,118,50.33,56.86,51.69,6.87,25.0,20.0,30,70.0,80,60,169.94262295081967,2499,papaya,0,13,11,12,7.824046010856292
Dinajpur,Kharif 1,Green Papaya,437,48.79,57.07,52.89,6.49,25.0,20.0,30,70.0,80,60,154.21843434343435,3838,papaya,0,14,11,12,8.252967195000798
Faridpur,Kharif 1,Green Papaya,473,49.71,55.15,49.86,6.44,25.0,20.0,30,70.0,80,60,155.864898989899,12689,papaya,0,15,11,12,9.448569560708433
Feni,Kharif 1,Green Papaya,495,50.8,60.61,55.61,6.59,25.0,20.0,30,70.0,80,60,248.1727642276423,551,papaya,0,16,11,12,6.313548046277095
Gaibandha,Kharif 1,Green Papaya,177,44.76,61.81,50.71,6.61,25.0,20.0,30,70.0,80,60,179.6013888888889,1829,papaya,0,17,11,12,7.512071245835466
Gazipur,Kharif 1,Green Papaya,2715,45.85,60.67,49.0,6.89,25.0,20.0,30,70.0,80,60,169.94262295081967,3540,papaya,0,18,11,12,8.172164452111904
Gopalganj,Kharif 1,Green Papaya,464,52.1,64.98,45.2,6.62,25.0,20.0,30,70.0,80,60,155.864898989899,2129,papaya,0,19,11,12,7.6638772587034705
Habiganj,Kharif 1,Green Papaya,8,50.39,59.03,49.25,6.57,25.0,20.0,30,70.0,80,60,333.72557471264366,720,papaya,0,20,11,12,6.580639137284949
Jamalpur,Kharif 1,Green Papaya,304,49.33,61.42,49.03,6.62,25.0,20.0,30,70.0,80,60,181.08838383838383,5304,papaya,0,21,11,12,8.576405051048084
Jashore,Kharif 1,Green Papaya,841,49.94,55.18,52.92,6.97,25.0,20.0,30,70.0,80,60,134.2247474747475,17019,papaya,0,22,11,12,9.742144402127366
Jhallokati,Kharif 1,Green Papaya,436,50.92,57.68,51.43,6.74,25.0,20.0,30,70.0,80,60,175.42564102564103,1250,papaya,0,23,11,12,7.1316985104669115
Jhenaidah,Kharif 1,Green Papaya,489,48.26,61.51,46.5,6.7,25.0,20.0,30,70.0,80,60,134.2247474747475,6349,papaya,0,24,11,12,8.756210091886738
Joypurhat,Kharif 1,Green Papaya,62,47.55,62.06,50.56,6.72,25.0,20.0,30,70.0,80,60,142.85416666666666,1763,papaya,0,25,11,12,7.475339236566737
Khagrachari,Kharif 1,Green Papaya,300,50.47,58.01,52.06,7.0,25.0,20.0,30,70.0,80,60,204.11111111111111,2433,papaya,0,26,11,12,7.797291273547472
Khulna,Kharif 1,Green Papaya,171,46.95,58.8,54.63,6.59,25.0,20.0,30,70.0,80,60,144.96843434343435,2574,papaya,0,27,11,12,7.853604813097837
Kishoreganj,Kharif 1,Green Papaya,108,51.1,53.67,52.7,7.01,25.0,20.0,30,70.0,80,60,181.08838383838383,4095,papaya,0,28,11,12,8.317766166719343
Kurigram,Kharif 1,Green Papaya,184,44.78,57.79,52.32,6.78,25.0,20.0,30,70.0,80,60,179.6013888888889,2187,papaya,0,29,11,12,7.690743163541872
Kushtia,Kharif 1,Green Papaya,300,52.96,62.2,50.22,6.71,25.0,20.0,30,70.0,80,60,129.44444444444446,5066,papaya,0,30,11,12,8.53050420547591
Lakshmipur,Kharif 1,Green Papaya,95,51.29,61.09,51.21,7.25,25.0,20.0,30,70.0,80,60,185.7563131313132,3954,papaya,0,31,11,12,8.282735880201754
Lalmonirhat,Kharif 1,Green Papaya,168,50.65,60.82,53.79,6.53,25.0,20.0,30,70.0,80,60,179.6013888888889,1548,papaya,0,32,11,12,7.3453648404168685
Madaripur,Kharif 1,Green Papaya,252,52.82,59.23,46.04,6.67,25.0,20.0,30,70.0,80,60,160.41666666666666,2212,papaya,0,33,11,12,7.70210434005105
Magura,Kharif 1,Green Papaya,752,54.86,59.08,48.99,6.49,25.0,20.0,30,70.0,80,60,134.2247474747475,6640,papaya,0,34,11,12,8.801017833540714
Manikganj,Kharif 1,Green Papaya,181,52.92,56.71,47.72,6.93,25.0,20.0,30,70.0,80,60,169.94262295081967,2599,papaya,0,35,11,12,7.8632667240095735
Meherpur,Kharif 1,Green Papaya,85,44.37,61.53,51.18,7.08,25.0,20.0,30,70.0,80,60,129.44444444444446,1805,papaya,0,36,11,12,7.498869733976931
Moulvibazar,Kharif 1,Green Papaya,263,46.05,60.54,53.73,7.08,25.0,20.0,30,70.0,80,60,333.72557471264366,1404,papaya,0,37,11,12,7.247792581767846
Munshiganj,Kharif 1,Green Papaya,97,48.01,60.79,48.25,6.99,25.0,20.0,30,70.0,80,60,169.94262295081967,600,papaya,0,38,11,12,6.398594934535208
Mymensingh,Kharif 1,Green Papaya,1234,49.96,57.19,42.86,6.7,25.0,20.0,30,70.0,80,60,181.08838383838383,22793,papaya,0,39,11,12,10.03425262241568
Naogaon,Kharif 1,Green Papaya,142,51.43,51.42,48.8,6.67,25.0,20.0,30,70.0,80,60,124.92,1908,papaya,0,40,11,12,7.554334823725748
Narail,Kharif 1,Green Papaya,365,47.71,62.94,52.78,6.4,25.0,20.0,30,70.0,80,60,134.2247474747475,3783,papaya,0,41,11,12,8.238536930171769
Narayanganj,Kharif 1,Green Papaya,48,50.44,57.35,51.65,7.15,25.0,20.0,30,70.0,80,60,169.94262295081967,1026,papaya,0,42,11,12,6.934397209928558
Narsingdi,Kharif 1,Green Papaya,293,47.62,55.99,51.33,6.83,25.0,20.0,30,70.0,80,60,169.94262295081967,5561,papaya,0,43,11,12,8.62371303479391
Natore,Kharif 1,Green Papaya,313,48.05,61.51,49.2,6.64,25.0,20.0,30,70.0,80,60,124.92,5991,papaya,0,44,11,12,8.698180525197055
Netrokona,Kharif 1,Green Papaya,191,45.67,57.66,46.2,7.01,25.0,20.0,30,70.0,80,60,181.08838383838383,3517,papaya,0,45,11,12,8.165647925297504
Nilphamari,Kharif 1,Green Papaya,69,47.12,62.81,51.59,6.54,25.0,20.0,30,70.0,80,60,179.6013888888889,2018,papaya,0,46,11,12,7.610357618312838
Noakhali,Kharif 1,Green Papaya,190,45.83,61.24,47.54,6.82,25.0,20.0,30,70.0,80,60,185.7563131313132,1486,papaya,0,47,11,12,7.304515946460155
Pabna,Kharif 1,Green Papaya,495,46.96,61.47,56.6,6.71,25.0,20.0,30,70.0,80,60,124.92,7394,papaya,0,48,11,12,8.9085593751449
Panchagar,Kharif 1,Green Papaya,74,53.03,54.21,51.75,6.87,25.0,20.0,30,70.0,80,60,154.21843434343435,1734,papaya,0,49,11,12,7.45876269238096
Patuakhali,Kharif 1,Green Papaya,753,47.04,63.34,48.3,6.73,25.0,20.0,30,70.0,80,60,207.8076923076923,3680,papaya,0,50,11,12,8.210939733379021
Pirojpur,Kharif 1,Green Papaya,438,57.76,59.98,48.2,6.45,25.0,20.0,30,70.0,80,60,175.42564102564103,1517,papaya,0,51,11,12,7.325148957955575
Rajbari,Kharif 1,Green Papaya,513,51.36,57.74,49.76,6.76,25.0,20.0,30,70.0,80,60,155.864898989899,6127,papaya,0,52,11,12,8.720623711420426
Rangamati,Kharif 1,Green Papaya,498,47.31,52.76,53.39,6.73,25.0,20.0,30,70.0,80,60,204.11111111111111,7682,papaya,0,54,11,12,8.946765374867635
Rangpur,Kharif 1,Green Papaya,234,51.98,60.5,50.6,6.9,25.0,20.0,30,70.0,80,60,179.6013888888889,3441,papaya,0,55,11,12,8.143807976771484
Satkhira,Kharif 1,Green Papaya,341,48.16,55.4,47.84,6.53,25.0,20.0,30,70.0,80,60,140.35353535353536,3054,papaya,0,56,11,12,8.024534871605695
Shariatpur,Kharif 1,Green Papaya,98,50.25,54.26,55.72,6.73,25.0,20.0,30,70.0,80,60,155.864898989899,1120,papaya,0,57,11,12,7.02197642307216
Sherpur,Kharif 1,Green Papaya,217,57.54,53.66,50.19,6.61,25.0,20.0,30,70.0,80,60,181.08838383838383,2859,papaya,0,58,11,12,7.958576903813898
Sirajganj,Kharif 1,Green Papaya,297,49.59,62.99,52.35,6.89,25.0,20.0,30,70.0,80,60,142.85416666666666,3953,papaya,0,59,11,12,8.282483003730562
Sunamganj,Kharif 1,Green Papaya,74,53.32,56.82,48.21,6.75,25.0,20.0,30,70.0,80,60,333.72557471264366,76,papaya,0,60,11,12,4.343805421853684
Sylhet,Kharif 1,Green Papaya,278,47.78,64.48,51.13,6.88,25.0,20.0,30,70.0,80,60,333.72557471264366,1016,papaya,0,61,11,12,6.92461239604856
Tangail,Kharif 1,Green Papaya,394,49.78,57.15,50.97,6.96,25.0,20.0,30,70.0,80,60,153.4104938271605,4984,papaya,0,62,11,12,8.514188682395938
Thakurgaon,Kharif 1,Green Papaya,91,55.18,53.0,44.37,6.88,25.0,20.0,30,70.0,80,60,154.21843434343435,1293,papaya,0,63,11,12,7.165493475060845
Bagerhat,Kharif 1,Jambura,84,18.84,15.44,11.22,7.08,27.5,25.0,30,80.0,90,70,144.96843434343435,723,orange,0,0,12,11,6.584791392385716
Bandarban,Kharif 1,Jambura,989,21.71,17.78,10.79,6.81,27.5,25.0,30,80.0,90,70,243.94444444444449,860,orange,0,1,12,11,6.7580945044277305
Barguna,Kharif 1,Jambura,373,20.41,16.4,9.77,7.02,27.5,25.0,30,80.0,90,70,207.8076923076923,258,orange,0,2,12,11,5.556828061699537
Barishal,Kharif 1,Jambura,405,18.92,16.01,9.35,6.91,27.5,25.0,30,80.0,90,70,175.42564102564103,1383,orange,0,3,12,11,7.232733136177615
Bhola,Kharif 1,Jambura,273,20.32,16.71,10.22,6.95,27.5,25.0,30,80.0,90,70,185.23090277777777,432,orange,0,4,12,11,6.07073772800249
Bogura,Kharif 1,Jambura,190,20.72,17.05,10.06,6.94,27.5,25.0,30,80.0,90,70,142.85416666666666,1829,orange,0,5,12,11,7.512071245835466
Brahmanbaria,Kharif 1,Jambura,178,20.31,17.66,10.22,6.81,27.5,25.0,30,80.0,90,70,185.7563131313132,1187,orange,0,6,12,11,7.080026499922591
Chandpur,Kharif 1,Jambura,22,17.74,17.99,10.13,6.61,27.5,25.0,30,80.0,90,70,168.796875,438,orange,0,7,12,11,6.0844994130751715
Chapai Nawabganj,Kharif 1,Jambura,109,18.73,16.19,10.31,6.88,27.5,25.0,30,80.0,90,70,124.92,398,orange,0,8,12,11,5.988961416889864
Chattogram,Kharif 1,Jambura,556,19.29,15.23,10.88,7.06,27.5,25.0,30,80.0,90,70,243.94444444444449,5774,orange,0,9,12,11,8.661293535389994
Chuadanga,Kharif 1,Jambura,51,19.49,16.14,10.35,6.74,27.5,25.0,30,80.0,90,70,129.44444444444446,201,orange,0,10,12,11,5.308267697401205
CoxsBazar,Kharif 1,Jambura,157,20.31,16.81,9.38,7.02,27.5,25.0,30,80.0,90,70,303.40277777777777,2298,orange,0,11,12,11,7.740229524763182
Cumilla,Kharif 1,Jambura,316,19.79,15.59,10.83,7.42,27.5,25.0,30,80.0,90,70,185.7563131313132,2115,orange,0,12,12,11,7.65728279297819
Dhaka,Kharif 1,Jambura,70,18.01,15.6,11.0,7.24,27.5,25.0,30,80.0,90,70,169.94262295081967,1215,orange,0,13,12,11,7.103322062526113
Dinajpur,Kharif 1,Jambura,141,20.03,16.89,11.9,7.37,27.5,25.0,30,80.0,90,70,154.21843434343435,1150,orange,0,14,12,11,7.048386408721883
Faridpur,Kharif 1,Jambura,100,20.3,16.5,9.34,7.1,27.5,25.0,30,80.0,90,70,155.864898989899,640,orange,0,15,12,11,6.46302945692067
Feni,Kharif 1,Jambura,59,20.24,16.58,10.16,7.27,27.5,25.0,30,80.0,90,70,248.1727642276423,157,orange,0,16,12,11,5.062595033026967
Gaibandha,Kharif 1,Jambura,64,20.85,15.8,8.76,6.87,27.5,25.0,30,80.0,90,70,179.6013888888889,453,orange,0,17,12,11,6.118097198041348
Gazipur,Kharif 1,Jambura,191,20.56,16.32,10.34,6.88,27.5,25.0,30,80.0,90,70,169.94262295081967,847,orange,0,18,12,11,6.742880635791903
Gopalganj,Kharif 1,Jambura,64,20.12,15.63,9.68,6.44,27.5,25.0,30,80.0,90,70,155.864898989899,689,orange,0,19,12,11,6.536691597591305
Habiganj,Kharif 1,Jambura,375,19.5,17.43,11.17,7.27,27.5,25.0,30,80.0,90,70,333.72557471264366,1424,orange,0,20,12,11,7.261927092702751
Jamalpur,Kharif 1,Jambura,189,17.63,17.58,9.54,7.34,27.5,25.0,30,80.0,90,70,181.08838383838383,1181,orange,0,21,12,11,7.074963197966044
Jashore,Kharif 1,Jambura,392,20.08,14.72,9.0,6.9,27.5,25.0,30,80.0,90,70,134.2247474747475,2320,orange,0,22,12,11,7.749753406274437
Jhallokati,Kharif 1,Jambura,336,19.82,15.63,9.73,6.97,27.5,25.0,30,80.0,90,70,175.42564102564103,1487,orange,0,23,12,11,7.305188215393037
Jhenaidah,Kharif 1,Jambura,114,19.9,15.06,8.82,6.86,27.5,25.0,30,80.0,90,70,134.2247474747475,1444,orange,0,24,12,11,7.275864600546533
Joypurhat,Kharif 1,Jambura,25,18.08,15.9,10.46,7.1,27.5,25.0,30,80.0,90,70,142.85416666666666,219,orange,0,25,12,11,5.393627546352362
Khagrachari,Kharif 1,Jambura,494,18.31,16.47,8.77,7.26,27.5,25.0,30,80.0,90,70,204.11111111111111,1038,orange,0,26,12,11,6.946013991099227
Khulna,Kharif 1,Jambura,221,20.82,15.11,10.03,6.65,27.5,25.0,30,80.0,90,70,144.96843434343435,1355,orange,0,27,12,11,7.212294468500341
Kishoreganj,Kharif 1,Jambura,150,19.53,15.63,8.76,7.11,27.5,25.0,30,80.0,90,70,181.08838383838383,1615,orange,0,28,12,11,7.38770923908104
Kurigram,Kharif 1,Jambura,48,20.38,15.55,9.82,6.96,27.5,25.0,30,80.0,90,70,179.6013888888889,411,orange,0,29,12,11,6.021023349349527
Kushtia,Kharif 1,Jambura,91,19.61,16.76,11.0,7.04,27.5,25.0,30,80.0,90,70,129.44444444444446,1745,orange,0,30,12,11,7.465082736399547
Lakshmipur,Kharif 1,Jambura,476,19.61,16.62,10.23,7.12,27.5,25.0,30,80.0,90,70,185.7563131313132,552,orange,0,31,12,11,6.315358001522335
Lalmonirhat,Kharif 1,Jambura,180,20.68,15.83,9.49,6.98,27.5,25.0,30,80.0,90,70,179.6013888888889,642,orange,0,32,12,11,6.466144724237619
Madaripur,Kharif 1,Jambura,63,18.97,16.73,9.99,7.0,27.5,25.0,30,80.0,90,70,160.41666666666666,479,orange,0,33,12,11,6.173786103901937
Magura,Kharif 1,Jambura,136,19.69,16.01,10.02,6.97,27.5,25.0,30,80.0,90,70,134.2247474747475,1615,orange,0,34,12,11,7.38770923908104
Manikganj,Kharif 1,Jambura,106,19.04,16.28,10.29,7.22,27.5,25.0,30,80.0,90,70,169.94262295081967,709,orange,0,35,12,11,6.565264970035361
Meherpur,Kharif 1,Jambura,117,19.07,18.21,9.19,7.11,27.5,25.0,30,80.0,90,70,129.44444444444446,703,orange,0,36,12,11,6.556778356158042
Moulvibazar,Kharif 1,Jambura,285,19.22,17.88,10.37,7.07,27.5,25.0,30,80.0,90,70,333.72557471264366,3774,orange,0,37,12,11,8.236155661683124
Munshiganj,Kharif 1,Jambura,25,19.84,15.26,8.39,6.75,27.5,25.0,30,80.0,90,70,169.94262295081967,158,orange,0,38,12,11,5.0689042022202315
Mymensingh,Kharif 1,Jambura,1257,19.02,17.37,9.63,6.94,27.5,25.0,30,80.0,90,70,181.08838383838383,3998,orange,0,39,12,11,8.293799608846818
Naogaon,Kharif 1,Jambura,182,21.06,17.36,9.72,7.21,27.5,25.0,30,80.0,90,70,124.92,637,orange,0,40,12,11,6.45833828334479
Narail,Kharif 1,Jambura,227,18.53,15.41,10.39,7.03,27.5,25.0,30,80.0,90,70,134.2247474747475,1316,orange,0,41,12,11,7.183111701743281
Narayanganj,Kharif 1,Jambura,14,19.36,17.36,10.02,7.16,27.5,25.0,30,80.0,90,70,169.94262295081967,140,orange,0,42,12,11,4.948759890378168
Narsingdi,Kharif 1,Jambura,80,19.06,18.08,9.17,7.39,27.5,25.0,30,80.0,90,70,169.94262295081967,891,orange,0,43,12,11,6.79346613258001
Natore,Kharif 1,Jambura,229,21.28,15.44,9.42,7.24,27.5,25.0,30,80.0,90,70,124.92,3424,orange,0,44,12,11,8.138856750696325
Netrokona,Kharif 1,Jambura,242,19.81,15.64,10.13,7.04,27.5,25.0,30,80.0,90,70,181.08838383838383,1495,orange,0,45,12,11,7.310550158534422
Nilphamari,Kharif 1,Jambura,88,20.79,17.56,9.96,6.91,27.5,25.0,30,80.0,90,70,179.6013888888889,1496,orange,0,46,12,11,7.311218384419629
Noakhali,Kharif 1,Jambura,45,17.83,16.82,9.66,6.48,27.5,25.0,30,80.0,90,70,185.7563131313132,293,orange,0,47,12,11,5.683579767338681
Pabna,Kharif 1,Jambura,66,19.89,17.1,9.72,6.98,27.5,25.0,30,80.0,90,70,124.92,606,orange,0,48,12,11,6.408528791059498
Panchagar,Kharif 1,Jambura,185,20.63,16.89,10.43,6.95,27.5,25.0,30,80.0,90,70,154.21843434343435,1580,orange,0,49,12,11,7.365812837209472
Patuakhali,Kharif 1,Jambura,219,19.68,16.94,9.7,7.1,27.5,25.0,30,80.0,90,70,207.8076923076923,224,orange,0,50,12,11,5.41610040220442
Pirojpur,Kharif 1,Jambura,251,20.83,15.23,9.96,6.99,27.5,25.0,30,80.0,90,70,175.42564102564103,840,orange,0,51,12,11,6.734591659972948
Rajbari,Kharif 1,Jambura,373,18.97,17.59,11.31,6.95,27.5,25.0,30,80.0,90,70,155.864898989899,1323,orange,0,52,12,11,7.188412736496954
Rajshahi,Kharif 1,Jambura,256,21.24,17.71,9.15,6.65,27.5,25.0,30,80.0,90,70,124.92,1352,orange,0,53,12,11,7.210079628170788
Rangamati,Kharif 1,Jambura,380,22.28,16.32,8.9,6.82,27.5,25.0,30,80.0,90,70,204.11111111111111,2811,orange,0,54,12,11,7.941651252930556
Rangpur,Kharif 1,Jambura,114,19.15,16.51,10.48,7.12,27.5,25.0,30,80.0,90,70,179.6013888888889,1301,orange,0,55,12,11,7.171656822768514
Satkhira,Kharif 1,Jambura,189,19.06,15.03,9.6,7.38,27.5,25.0,30,80.0,90,70,140.35353535353536,813,orange,0,56,12,11,6.70196036600254
Shariatpur,Kharif 1,Jambura,292,21.29,17.06,9.82,7.0,27.5,25.0,30,80.0,90,70,155.864898989899,1059,orange,0,57,12,11,6.966024187106113
Sherpur,Kharif 1,Jambura,115,21.44,17.12,9.54,7.09,27.5,25.0,30,80.0,90,70,181.08838383838383,539,orange,0,58,12,11,6.29156913955832
Sirajganj,Kharif 1,Jambura,42,18.97,16.49,9.85,7.22,27.5,25.0,30,80.0,90,70,142.85416666666666,648,orange,0,59,12,11,6.47543271670409
Sunamganj,Kharif 1,Jambura,107,19.09,17.67,10.97,6.85,27.5,25.0,30,80.0,90,70,333.72557471264366,3118,orange,0,60,12,11,8.045267716607803
Sylhet,Kharif 1,Jambura,516,19.25,16.22,10.49,7.1,27.5,25.0,30,80.0,90,70,333.72557471264366,422,orange,0,61,12,11,6.0473721790462776
Tangail,Kharif 1,Jambura,155,18.0,17.11,10.53,6.86,27.5,25.0,30,80.0,90,70,153.4104938271605,1901,orange,0,62,12,11,7.550661243105336
Thakurgaon,Kharif 1,Jambura,105,18.5,15.54,9.16,7.2,27.5,25.0,30,80.0,90,70,154.21843434343435,503,orange,0,63,12,11,6.222576268071369
Bagerhat,Kharif 1,Jute,3603,73.68,46.79,37.23,6.76,30.0,20.0,40,75.0,80,70,144.96843434343435,18269,jute,0,0,13,4,9.813015649372053
Brahmanbaria,Kharif 1,Jute,5559,83.03,45.63,39.94,6.66,30.0,20.0,40,75.0,80,70,185.7563131313132,29627,jute,0,6,13,4,10.29647513913318
Chapai Nawabganj,Kharif 1,Jute,3099,78.17,51.78,40.48,6.89,30.0,20.0,40,75.0,80,70,124.92,15557,jute,0,8,13,4,9.652330254766719
Cumilla,Kharif 1,Jute,818,79.18,45.45,42.23,6.88,30.0,20.0,40,75.0,80,70,185.7563131313132,3576,jute,0,12,13,4,8.182279739259018
Dhaka,Kharif 1,Jute,7754,80.72,47.6,38.99,6.38,30.0,20.0,40,75.0,80,70,169.94262295081967,34193,jute,0,13,13,4,10.439805469063055
Gazipur,Kharif 1,Jute,3712,75.47,44.28,38.22,6.69,30.0,20.0,40,75.0,80,70,169.94262295081967,12918,jute,0,18,13,4,9.466454374960302
Habiganj,Kharif 1,Jute,745,75.4,46.67,41.09,6.7,30.0,20.0,40,75.0,80,70,333.72557471264366,4038,jute,0,20,13,4,8.303752415563412
Joypurhat,Kharif 1,Jute,4339,80.62,47.53,41.07,6.72,30.0,20.0,40,75.0,80,70,142.85416666666666,23474,jute,0,25,13,4,10.063691304076464
Khulna,Kharif 1,Jute,3181,81.38,48.19,39.42,6.59,30.0,20.0,40,75.0,80,70,144.96843434343435,16382,jute,0,27,13,4,9.703999490820264
Lakshmipur,Kharif 1,Jute,484,86.85,43.38,40.75,6.43,30.0,20.0,40,75.0,80,70,185.7563131313132,1859,jute,0,31,13,4,7.528331766707247
Manikganj,Kharif 1,Jute,8914,79.97,46.97,40.7,6.87,30.0,20.0,40,75.0,80,70,169.94262295081967,36815,jute,0,35,13,4,10.513687812275148
Munshiganj,Kharif 1,Jute,7320,77.57,49.88,41.36,7.23,30.0,20.0,40,75.0,80,70,169.94262295081967,28548,jute,0,38,13,4,10.25937718820102
Narayanganj,Kharif 1,Jute,720,78.24,47.71,38.92,6.46,30.0,20.0,40,75.0,80,70,169.94262295081967,3468,jute,0,42,13,4,8.15162164696975
Narsingdi,Kharif 1,Jute,6636,86.84,48.89,40.26,6.73,30.0,20.0,40,75.0,80,70,169.94262295081967,32450,jute,0,43,13,4,10.387486538298399
Pirojpur,Kharif 1,Jute,900,83.31,44.7,35.4,6.74,30.0,20.0,40,75.0,80,70,175.42564102564103,2079,jute,0,51,13,4,7.640123172695364
Sherpur,Kharif 1,Jute,3302,82.26,46.82,37.35,6.74,30.0,20.0,40,75.0,80,70,181.08838383838383,17666,jute,0,58,13,4,9.77945377161268
Sunamganj,Kharif 1,Jute,821,83.42,45.47,39.72,6.8,30.0,20.0,40,75.0,80,70,333.72557471264366,3933,jute,0,60,13,4,8.277411998949004
Bagerhat,Rabi,Lemon,89,19.38,16.27,10.37,6.94,17.5,10.0,25,77.5,95,60,144.96843434343435,392,orange,2,0,14,11,5.973809611869261
Bandarban,Rabi,Lemon,3726,19.75,16.27,9.66,6.86,17.5,10.0,25,77.5,95,60,243.94444444444449,487,orange,2,1,14,11,6.1903154058531475
Barguna,Rabi,Lemon,1337,21.0,17.33,9.93,7.0,17.5,10.0,25,77.5,95,60,207.8076923076923,460,orange,2,2,14,11,6.133398042996649
Barishal,Rabi,Lemon,1005,18.62,16.89,10.05,7.15,17.5,10.0,25,77.5,95,60,175.42564102564103,1420,orange,2,3,14,11,7.259116128097101
Bhola,Rabi,Lemon,471,20.01,17.12,9.11,7.01,17.5,10.0,25,77.5,95,60,185.23090277777777,182,orange,2,4,14,11,5.209486152841421
Bogura,Rabi,Lemon,108,19.12,17.51,9.54,6.97,17.5,10.0,25,77.5,95,60,142.85416666666666,332,orange,2,5,14,11,5.808142489980444
Brahmanbaria,Rabi,Lemon,205,19.61,16.22,10.82,7.03,17.5,10.0,25,77.5,95,60,185.7563131313132,1422,orange,2,6,14,11,7.260522598089852
Chandpur,Rabi,Lemon,44,21.08,15.94,10.54,6.89,17.5,10.0,25,77.5,95,60,168.796875,468,orange,2,7,14,11,6.150602768446279
Chapai Nawabganj,Rabi,Lemon,307,19.8,15.47,9.97,6.95,17.5,10.0,25,77.5,95,60,124.92,615,orange,2,8,14,11,6.423246963533519
Chattogram,Rabi,Lemon,66350,19.63,15.73,10.16,6.58,17.5,10.0,25,77.5,95,60,243.94444444444449,6952,orange,2,9,14,11,8.846928500099018
Chuadanga,Rabi,Lemon,89,17.98,19.48,9.83,7.23,17.5,10.0,25,77.5,95,60,129.44444444444446,165,orange,2,10,14,11,5.111987788356544
CoxsBazar,Rabi,Lemon,67500,20.46,17.79,10.82,7.08,17.5,10.0,25,77.5,95,60,303.40277777777777,940,orange,2,11,14,11,6.846943139585379
Cumilla,Rabi,Lemon,1642,20.34,15.21,9.89,6.86,17.5,10.0,25,77.5,95,60,185.7563131313132,2190,orange,2,12,14,11,7.692113339595466
Dhaka,Rabi,Lemon,552,22.12,15.24,10.15,7.42,17.5,10.0,25,77.5,95,60,169.94262295081967,9192,orange,2,13,14,11,9.126197603863755
Dinajpur,Rabi,Lemon,348,19.22,17.03,10.7,7.04,17.5,10.0,25,77.5,95,60,154.21843434343435,737,orange,2,14,14,11,6.6039438246004725
Faridpur,Rabi,Lemon,110,19.84,17.09,9.54,6.8,17.5,10.0,25,77.5,95,60,155.864898989899,264,orange,2,15,14,11,5.579729825986222
Feni,Rabi,Lemon,72,19.87,17.1,10.95,7.2,17.5,10.0,25,77.5,95,60,248.1727642276423,143,orange,2,16,14,11,4.969813299576001
Gaibandha,Rabi,Lemon,145,21.43,16.3,9.09,7.1,17.5,10.0,25,77.5,95,60,179.6013888888889,336,orange,2,17,14,11,5.820082930352362
Gazipur,Rabi,Lemon,213,19.47,16.43,10.99,7.1,17.5,10.0,25,77.5,95,60,169.94262295081967,557,orange,2,18,14,11,6.324358962381311
Gopalganj,Rabi,Lemon,1250,19.91,16.88,9.79,6.93,17.5,10.0,25,77.5,95,60,155.864898989899,463,orange,2,19,14,11,6.139884552226255
Habiganj,Rabi,Lemon,212,20.29,16.64,9.86,7.11,17.5,10.0,25,77.5,95,60,333.72557471264366,834,orange,2,20,14,11,6.727431724850855
Jamalpur,Rabi,Lemon,425,19.8,14.35,8.87,6.96,17.5,10.0,25,77.5,95,60,181.08838383838383,359,orange,2,21,14,11,5.886104031450156
Jashore,Rabi,Lemon,865,19.06,16.32,9.74,7.14,17.5,10.0,25,77.5,95,60,134.2247474747475,991,orange,2,22,14,11,6.899723107284872
Jhallokati,Rabi,Lemon,1625,19.81,15.7,9.39,6.62,17.5,10.0,25,77.5,95,60,175.42564102564103,635,orange,2,23,14,11,6.455198563340122
Jhenaidah,Rabi,Lemon,142,20.84,16.72,9.65,6.93,17.5,10.0,25,77.5,95,60,134.2247474747475,670,orange,2,24,14,11,6.508769136971682
Joypurhat,Rabi,Lemon,48,18.37,19.51,9.93,7.38,17.5,10.0,25,77.5,95,60,142.85416666666666,163,orange,2,25,14,11,5.099866427824199
Khagrachari,Rabi,Lemon,689,19.74,16.91,10.59,6.86,17.5,10.0,25,77.5,95,60,204.11111111111111,875,orange,2,26,14,11,6.775366090936392
Khulna,Rabi,Lemon,291,18.76,16.24,10.13,6.89,17.5,10.0,25,77.5,95,60,144.96843434343435,413,orange,2,27,14,11,6.025865973825314
Kishoreganj,Rabi,Lemon,119,20.98,17.47,10.19,6.93,17.5,10.0,25,77.5,95,60,181.08838383838383,854,orange,2,28,14,11,6.75110146893676
Kurigram,Rabi,Lemon,125,17.79,17.03,9.35,6.76,17.5,10.0,25,77.5,95,60,179.6013888888889,168,orange,2,29,14,11,5.1298987149230735
Kushtia,Rabi,Lemon,146,18.92,16.97,9.48,6.55,17.5,10.0,25,77.5,95,60,129.44444444444446,1758,orange,2,30,14,11,7.472500744737558
Lakshmipur,Rabi,Lemon,560,20.02,17.15,11.09,6.97,17.5,10.0,25,77.5,95,60,185.7563131313132,364,orange,2,31,14,11,5.8998973535824915
Lalmonirhat,Rabi,Lemon,130,21.42,18.59,9.57,7.05,17.5,10.0,25,77.5,95,60,179.6013888888889,360,orange,2,32,14,11,5.8888779583328805
Madaripur,Rabi,Lemon,28,19.5,15.43,11.0,7.01,17.5,10.0,25,77.5,95,60,160.41666666666666,339,orange,2,33,14,11,5.8289456176102075
Magura,Rabi,Lemon,257,18.93,17.02,9.86,6.99,17.5,10.0,25,77.5,95,60,134.2247474747475,1391,orange,2,34,14,11,7.238496840894365
Manikganj,Rabi,Lemon,310,21.79,15.63,10.01,7.03,17.5,10.0,25,77.5,95,60,169.94262295081967,1414,orange,2,35,14,11,7.254884810077338
Meherpur,Rabi,Lemon,157,17.88,17.1,10.65,7.24,17.5,10.0,25,77.5,95,60,129.44444444444446,888,orange,2,36,14,11,6.790097235513905
Moulvibazar,Rabi,Lemon,1101,17.0,15.64,10.77,6.98,17.5,10.0,25,77.5,95,60,333.72557471264366,9898,orange,2,37,14,11,9.200189020919808
Munshiganj,Rabi,Lemon,49,20.1,16.14,9.94,6.9,17.5,10.0,25,77.5,95,60,169.94262295081967,121,orange,2,38,14,11,4.804021044733257
Mymensingh,Rabi,Lemon,1292,18.99,16.26,9.78,6.96,17.5,10.0,25,77.5,95,60,181.08838383838383,5540,orange,2,39,14,11,8.61993026886735
Naogaon,Rabi,Lemon,483,18.38,17.52,9.98,7.14,17.5,10.0,25,77.5,95,60,124.92,752,orange,2,40,14,11,6.6240652277998935
Narail,Rabi,Lemon,413,20.41,17.46,10.21,7.32,17.5,10.0,25,77.5,95,60,134.2247474747475,909,orange,2,41,14,11,6.813444599510896
Narayanganj,Rabi,Lemon,309,19.87,15.31,10.55,6.89,17.5,10.0,25,77.5,95,60,169.94262295081967,29,orange,2,42,14,11,3.4011973816621555
Narsingdi,Rabi,Lemon,346,18.92,16.6,10.01,7.04,17.5,10.0,25,77.5,95,60,169.94262295081967,2551,orange,2,43,14,11,7.844632644464681
Natore,Rabi,Lemon,240,18.08,15.85,10.38,7.09,17.5,10.0,25,77.5,95,60,124.92,1292,orange,2,44,14,11,7.164720378771857
Netrokona,Rabi,Lemon,212,20.6,15.3,10.99,6.81,17.5,10.0,25,77.5,95,60,181.08838383838383,2038,orange,2,45,14,11,7.620214770574455
Nilphamari,Rabi,Lemon,144,20.34,16.33,10.24,7.02,17.5,10.0,25,77.5,95,60,179.6013888888889,295,orange,2,46,14,11,5.69035945432406
Noakhali,Rabi,Lemon,103,19.46,16.24,10.2,6.71,17.5,10.0,25,77.5,95,60,185.7563131313132,375,orange,2,47,14,11,5.929589143389895
Pabna,Rabi,Lemon,232,21.75,18.96,9.1,6.65,17.5,10.0,25,77.5,95,60,124.92,2036,orange,2,48,14,11,7.619233416226805
Panchagar,Rabi,Lemon,190,18.32,16.98,8.43,7.1,17.5,10.0,25,77.5,95,60,154.21843434343435,450,orange,2,49,14,11,6.111467339502679
Patuakhali,Rabi,Lemon,550,17.79,15.18,10.24,6.94,17.5,10.0,25,77.5,95,60,207.8076923076923,310,orange,2,50,14,11,5.739792912179234
Pirojpur,Rabi,Lemon,365,18.77,15.99,9.95,7.06,17.5,10.0,25,77.5,95,60,175.42564102564103,497,orange,2,51,14,11,6.210600077024653
Rajbari,Rabi,Lemon,183,19.53,17.56,9.7,7.02,17.5,10.0,25,77.5,95,60,155.864898989899,1322,orange,2,52,14,11,7.187657164114956
Rajshahi,Rabi,Lemon,201,19.87,18.62,10.16,6.81,17.5,10.0,25,77.5,95,60,124.92,3785,orange,2,53,14,11,8.239065331769268
Rangamati,Rabi,Lemon,1220,19.3,14.98,9.97,7.01,17.5,10.0,25,77.5,95,60,204.11111111111111,4124,orange,2,54,14,11,8.324821298768782
Rangpur,Rabi,Lemon,121,19.99,14.68,10.69,6.76,17.5,10.0,25,77.5,95,60,179.6013888888889,360,orange,2,55,14,11,5.8888779583328805
Satkhira,Rabi,Lemon,321,18.11,18.41,10.06,7.31,17.5,10.0,25,77.5,95,60,140.35353535353536,389,orange,2,56,14,11,5.966146739123692
Shariatpur,Rabi,Lemon,191,21.28,16.94,9.56,6.73,17.5,10.0,25,77.5,95,60,155.864898989899,478,orange,2,57,14,11,6.171700597410915
Sherpur,Rabi,Lemon,114,19.48,15.69,10.6,6.98,17.5,10.0,25,77.5,95,60,181.08838383838383,304,orange,2,58,14,11,5.720311776607412
Sirajganj,Rabi,Lemon,94,20.89,17.08,9.88,6.8,17.5,10.0,25,77.5,95,60,142.85416666666666,482,orange,2,59,14,11,6.180016653652572
Sunamganj,Rabi,Lemon,147,19.98,13.93,10.33,7.14,17.5,10.0,25,77.5,95,60,333.72557471264366,764,orange,2,60,14,11,6.639875833826536
Sylhet,Rabi,Lemon,235,20.12,16.55,9.72,6.95,17.5,10.0,25,77.5,95,60,333.72557471264366,312,orange,2,61,14,11,5.746203190540153
Tangail,Rabi,Lemon,452,20.25,16.88,9.62,6.91,17.5,10.0,25,77.5,95,60,153.4104938271605,1655,orange,2,62,14,11,7.412160334945205
Thakurgaon,Rabi,Lemon,1225,20.11,17.47,10.06,7.2,17.5,10.0,25,77.5,95,60,154.21843434343435,326,orange,2,63,14,11,5.7899601708972535
Bagerhat,Kharif 2,Lentil,1449,19.49,64.2,19.42,6.94,15.0,10.0,20,90.0,95,85,144.96843434343435,491,lentil,1,0,15,6,6.198478716492308
Bandarban,Kharif 2,Lentil,27,20.27,68.71,19.97,7.04,15.0,10.0,20,90.0,95,85,243.94444444444449,10,lentil,1,1,15,6,2.3978952727983707
Barguna,Kharif 2,Lentil,177,18.99,64.56,19.1,6.73,15.0,10.0,20,90.0,95,85,207.8076923076923,65,lentil,1,2,15,6,4.189654742026425
Barishal,Kharif 2,Lentil,4293,19.57,69.41,17.27,6.64,15.0,10.0,20,90.0,95,85,175.42564102564103,1866,lentil,1,3,15,6,7.532088143541722
Bhola,Kharif 2,Lentil,1584,18.67,64.69,18.91,6.95,15.0,10.0,20,90.0,95,85,185.23090277777777,725,lentil,1,4,15,6,6.587550014824796
Bogura,Kharif 2,Lentil,923,20.39,66.69,20.33,6.86,15.0,10.0,20,90.0,95,85,142.85416666666666,391,lentil,1,5,15,6,5.971261839790462
Brahmanbaria,Kharif 2,Lentil,2861,18.01,64.28,19.06,7.06,15.0,10.0,20,90.0,95,85,185.7563131313132,867,lentil,1,6,15,6,6.7661917146603505
Chandpur,Kharif 2,Lentil,551,20.8,71.03,19.12,6.91,15.0,10.0,20,90.0,95,85,168.796875,218,lentil,1,7,15,6,5.389071729816501
Chapai Nawabganj,Kharif 2,Lentil,5307,18.72,71.88,20.56,6.97,15.0,10.0,20,90.0,95,85,124.92,1608,lentil,1,8,15,6,7.3833681469923835
Chattogram,Kharif 2,Lentil,256,17.16,67.4,18.58,6.59,15.0,10.0,20,90.0,95,85,243.94444444444449,59,lentil,1,9,15,6,4.0943445622221
Chuadanga,Kharif 2,Lentil,4477,18.91,68.52,17.61,7.32,15.0,10.0,20,90.0,95,85,129.44444444444446,1851,lentil,1,10,15,6,7.524021415206125
Cumilla,Kharif 2,Lentil,960,19.72,67.13,18.85,7.08,15.0,10.0,20,90.0,95,85,185.7563131313132,257,lentil,1,12,15,6,5.552959584921617
Dhaka,Kharif 2,Lentil,617,18.04,68.15,18.28,6.76,15.0,10.0,20,90.0,95,85,169.94262295081967,272,lentil,1,13,15,6,5.60947179518496
Dinajpur,Kharif 2,Lentil,100,18.27,79.11,19.21,6.99,15.0,10.0,20,90.0,95,85,154.21843434343435,38,lentil,1,14,15,6,3.6635616461296463
Faridpur,Kharif 2,Lentil,41417,16.64,63.8,19.98,6.66,15.0,10.0,20,90.0,95,85,155.864898989899,28646,lentil,1,15,15,6,10.262804004618312
Feni,Kharif 2,Lentil,1122,18.26,74.37,19.4,7.02,15.0,10.0,20,90.0,95,85,248.1727642276423,513,lentil,1,16,15,6,6.2422232654551655
Gaibandha,Kharif 2,Lentil,1296,16.04,72.45,19.77,6.86,15.0,10.0,20,90.0,95,85,179.6013888888889,963,lentil,1,17,15,6,6.871091294610546
Gazipur,Kharif 2,Lentil,172,16.99,69.51,21.52,6.94,15.0,10.0,20,90.0,95,85,169.94262295081967,68,lentil,1,18,15,6,4.23410650459726
Gopalganj,Kharif 2,Lentil,9399,19.63,75.57,19.01,7.08,15.0,10.0,20,90.0,95,85,155.864898989899,3819,lentil,1,19,15,6,8.24800570160062
Habiganj,Kharif 2,Lentil,40,19.65,69.89,19.73,6.67,15.0,10.0,20,90.0,95,85,333.72557471264366,9,lentil,1,20,15,6,2.302585092994046
Jamalpur,Kharif 2,Lentil,765,19.25,69.96,18.82,6.79,15.0,10.0,20,90.0,95,85,181.08838383838383,266,lentil,1,21,15,6,5.58724865840025
Jashore,Kharif 2,Lentil,24551,17.68,68.14,18.42,7.03,15.0,10.0,20,90.0,95,85,134.2247474747475,11898,lentil,1,22,15,6,9.384209641955154
Jhallokati,Kharif 2,Lentil,683,18.72,73.38,18.73,7.37,15.0,10.0,20,90.0,95,85,175.42564102564103,321,lentil,1,23,15,6,5.7745515455444085
Jhenaidah,Kharif 2,Lentil,29147,18.77,72.86,18.85,6.9,15.0,10.0,20,90.0,95,85,134.2247474747475,16486,lentil,1,24,15,6,9.710327470561179
Joypurhat,Kharif 2,Lentil,333,17.47,65.79,19.83,7.05,15.0,10.0,20,90.0,95,85,142.85416666666666,163,lentil,1,25,15,6,5.099866427824199
Khagrachari,Kharif 2,Lentil,67,20.46,62.95,22.15,6.91,15.0,10.0,20,90.0,95,85,204.11111111111111,17,lentil,1,26,15,6,2.8903717578961645
Khulna,Kharif 2,Lentil,225,19.76,67.53,18.58,7.33,15.0,10.0,20,90.0,95,85,144.96843434343435,71,lentil,1,27,15,6,4.276666119016055
Kishoreganj,Kharif 2,Lentil,260,18.52,65.08,18.92,6.57,15.0,10.0,20,90.0,95,85,181.08838383838383,100,lentil,1,28,15,6,4.61512051684126
Kurigram,Kharif 2,Lentil,1411,18.8,68.1,19.34,6.95,15.0,10.0,20,90.0,95,85,179.6013888888889,537,lentil,1,29,15,6,6.2878585601617845
Kushtia,Kharif 2,Lentil,21146,19.0,73.44,19.87,6.59,15.0,10.0,20,90.0,95,85,129.44444444444446,12532,lentil,1,30,15,6,9.436120444611522
Lakshmipur,Kharif 2,Lentil,64,16.47,66.48,19.72,6.41,15.0,10.0,20,90.0,95,85,185.7563131313132,18,lentil,1,31,15,6,2.9444389791664403
Lalmonirhat,Kharif 2,Lentil,104,18.49,68.18,20.91,6.99,15.0,10.0,20,90.0,95,85,179.6013888888889,43,lentil,1,32,15,6,3.784189633918261
Madaripur,Kharif 2,Lentil,11427,18.0,68.6,16.58,6.96,15.0,10.0,20,90.0,95,85,160.41666666666666,5400,lentil,1,33,15,6,8.594339400592892
Magura,Kharif 2,Lentil,32570,17.64,71.84,16.63,6.87,15.0,10.0,20,90.0,95,85,134.2247474747475,11610,lentil,1,34,15,6,9.359708203627006
Manikganj,Kharif 2,Lentil,2235,18.45,59.14,18.83,6.91,15.0,10.0,20,90.0,95,85,169.94262295081967,1006,lentil,1,35,15,6,6.914730892718563
Meherpur,Kharif 2,Lentil,14079,20.79,65.87,20.69,7.57,15.0,10.0,20,90.0,95,85,129.44444444444446,7374,lentil,1,36,15,6,8.905851181208021
Moulvibazar,Kharif 2,Lentil,70,19.49,69.23,17.59,6.88,15.0,10.0,20,90.0,95,85,333.72557471264366,30,lentil,1,37,15,6,3.4339872044851463
Munshiganj,Kharif 2,Lentil,40,18.13,73.28,15.91,7.04,15.0,10.0,20,90.0,95,85,169.94262295081967,14,lentil,1,38,15,6,2.70805020110221
Mymensingh,Kharif 2,Lentil,728,19.41,66.34,20.08,6.79,15.0,10.0,20,90.0,95,85,181.08838383838383,375,lentil,1,39,15,6,5.929589143389895
Naogaon,Kharif 2,Lentil,432,20.35,60.66,19.69,6.99,15.0,10.0,20,90.0,95,85,124.92,216,lentil,1,40,15,6,5.37989735354046
Narail,Kharif 2,Lentil,13887,19.81,70.9,18.14,6.88,15.0,10.0,20,90.0,95,85,134.2247474747475,6774,lentil,1,41,15,6,8.820994645747902
Narayanganj,Kharif 2,Lentil,247,18.84,65.75,18.26,6.84,15.0,10.0,20,90.0,95,85,169.94262295081967,71,lentil,1,42,15,6,4.276666119016055
Narsingdi,Kharif 2,Lentil,48,18.04,63.48,18.28,7.31,15.0,10.0,20,90.0,95,85,169.94262295081967,14,lentil,1,43,15,6,2.70805020110221
Natore,Kharif 2,Lentil,30860,19.56,65.8,19.54,7.17,15.0,10.0,20,90.0,95,85,124.92,18460,lentil,1,44,15,6,9.82341567777057
Netrokona,Kharif 2,Lentil,92,19.21,67.6,18.68,6.96,15.0,10.0,20,90.0,95,85,181.08838383838383,36,lentil,1,45,15,6,3.6109179126442243
Nilphamari,Kharif 2,Lentil,21,19.78,65.88,19.99,6.45,15.0,10.0,20,90.0,95,85,179.6013888888889,9,lentil,1,46,15,6,2.302585092994046
Noakhali,Kharif 2,Lentil,86,19.49,59.31,16.09,6.85,15.0,10.0,20,90.0,95,85,185.7563131313132,30,lentil,1,47,15,6,3.4339872044851463
Pabna,Kharif 2,Lentil,26691,19.95,72.04,18.41,7.49,15.0,10.0,20,90.0,95,85,124.92,13309,lentil,1,48,15,6,9.496270911389157
Panchagar,Kharif 2,Lentil,179,18.17,73.59,18.1,6.88,15.0,10.0,20,90.0,95,85,154.21843434343435,60,lentil,1,49,15,6,4.110873864173311
Patuakhali,Kharif 2,Lentil,602,20.25,71.03,19.11,7.16,15.0,10.0,20,90.0,95,85,207.8076923076923,219,lentil,1,50,15,6,5.393627546352362
Pirojpur,Kharif 2,Lentil,77,18.99,63.69,18.78,7.23,15.0,10.0,20,90.0,95,85,175.42564102564103,40,lentil,1,51,15,6,3.713572066704308
Rajbari,Kharif 2,Lentil,17356,21.11,67.53,20.34,6.98,15.0,10.0,20,90.0,95,85,155.864898989899,8979,lentil,1,52,15,6,9.102755161296246
Rajshahi,Kharif 2,Lentil,36337,17.99,68.33,17.24,6.75,15.0,10.0,20,90.0,95,85,124.92,18993,lentil,1,53,15,6,9.851878418802897
Rangamati,Kharif 2,Lentil,72,20.73,70.82,19.46,6.42,15.0,10.0,20,90.0,95,85,204.11111111111111,25,lentil,1,54,15,6,3.258096538021482
Rangpur,Kharif 2,Lentil,215,18.99,71.1,20.06,7.07,15.0,10.0,20,90.0,95,85,179.6013888888889,113,lentil,1,55,15,6,4.736198448394496
Satkhira,Kharif 2,Lentil,766,18.04,65.35,21.57,6.76,15.0,10.0,20,90.0,95,85,140.35353535353536,277,lentil,1,56,15,6,5.627621113690637
Shariatpur,Kharif 2,Lentil,5433,18.23,68.7,18.85,6.97,15.0,10.0,20,90.0,95,85,155.864898989899,2784,lentil,1,57,15,6,7.932003152361385
Sherpur,Kharif 2,Lentil,133,18.41,70.24,19.79,6.67,15.0,10.0,20,90.0,95,85,181.08838383838383,46,lentil,1,58,15,6,3.8501476017100584
Sirajganj,Kharif 2,Lentil,7010,19.25,74.33,17.31,6.87,15.0,10.0,20,90.0,95,85,142.85416666666666,3097,lentil,1,59,15,6,8.038512020976814
Sylhet,Kharif 2,Lentil,42,18.12,71.6,20.39,6.99,15.0,10.0,20,90.0,95,85,333.72557471264366,22,lentil,1,61,15,6,3.1354942159291497
Tangail,Kharif 2,Lentil,2716,18.74,68.7,19.4,6.7,15.0,10.0,20,90.0,95,85,153.4104938271605,747,lentil,1,62,15,6,6.617402977974478
Thakurgaon,Kharif 2,Lentil,464,21.18,74.15,20.78,7.18,15.0,10.0,20,90.0,95,85,154.21843434343435,182,lentil,1,63,15,6,5.209486152841421
Bandarban,Kharif 1,Maize 1,412,79.8,45.94,20.41,5.94,27.0,20.0,34,72.5,85,60,243.94444444444449,397,maize,0,1,16,7,5.986452005284438
Bogura,Kharif 1,Maize 1,1142,72.99,47.05,19.8,6.51,27.0,20.0,34,72.5,85,60,142.85416666666666,3150,maize,0,5,16,7,8.055475141757274
Brahmanbaria,Kharif 1,Maize 1,33,76.56,49.3,17.92,6.21,27.0,20.0,34,72.5,85,60,185.7563131313132,66,maize,0,6,16,7,4.204692619390966
Chandpur,Kharif 1,Maize 1,1778,69.98,49.79,21.4,6.23,27.0,20.0,34,72.5,85,60,168.796875,3972,maize,0,7,16,7,8.287276755814599
Chapai Nawabganj,Kharif 1,Maize 1,2259,79.62,49.01,19.06,6.04,27.0,20.0,34,72.5,85,60,124.92,4097,maize,0,8,16,7,8.318254328798846
Chuadanga,Kharif 1,Maize 1,49,75.51,53.38,17.93,6.28,27.0,20.0,34,72.5,85,60,129.44444444444446,98,maize,0,10,16,7,4.59511985013459
Dhaka,Kharif 1,Maize 1,6108,70.93,51.18,19.38,6.52,27.0,20.0,34,72.5,85,60,169.94262295081967,15942,maize,0,13,16,7,9.676775140407365
Dinajpur,Kharif 1,Maize 1,13541,78.81,45.44,21.52,6.02,27.0,20.0,34,72.5,85,60,154.21843434343435,39966,maize,0,14,16,7,10.595809392596285
Faridpur,Kharif 1,Maize 1,753,82.65,49.6,19.7,6.14,27.0,20.0,34,72.5,85,60,155.864898989899,1731,maize,0,15,16,7,7.4570320891223805
Feni,Kharif 1,Maize 1,166,85.62,53.7,17.6,6.32,27.0,20.0,34,72.5,85,60,248.1727642276423,482,maize,0,16,16,7,6.180016653652572
Gaibandha,Kharif 1,Maize 1,1246,75.62,47.81,20.85,6.03,27.0,20.0,34,72.5,85,60,179.6013888888889,4091,maize,0,17,16,7,8.316789127071518
Gazipur,Kharif 1,Maize 1,340,82.79,45.98,19.09,5.97,27.0,20.0,34,72.5,85,60,169.94262295081967,780,maize,0,18,16,7,6.660575149839686
Gopalganj,Kharif 1,Maize 1,27,77.58,46.54,20.62,5.85,27.0,20.0,34,72.5,85,60,155.864898989899,76,maize,0,19,16,7,4.343805421853684
Jamalpur,Kharif 1,Maize 1,12,81.88,46.16,17.96,6.15,27.0,20.0,34,72.5,85,60,181.08838383838383,36,maize,0,21,16,7,3.6109179126442243
Jashore,Kharif 1,Maize 1,76,80.8,47.36,19.99,6.8,27.0,20.0,34,72.5,85,60,134.2247474747475,283,maize,0,22,16,7,5.648974238161206
Jhenaidah,Kharif 1,Maize 1,212,84.65,48.49,20.38,6.08,27.0,20.0,34,72.5,85,60,134.2247474747475,615,maize,0,24,16,7,6.423246963533519
Khagrachari,Kharif 1,Maize 1,411,74.84,45.8,21.07,6.3,27.0,20.0,34,72.5,85,60,204.11111111111111,454,maize,0,26,16,7,6.12029741895095
Khulna,Kharif 1,Maize 1,10,79.61,52.86,20.04,6.16,27.0,20.0,34,72.5,85,60,144.96843434343435,19,maize,0,27,16,7,2.995732273553991
Kurigram,Kharif 1,Maize 1,6575,78.98,51.44,18.49,6.07,27.0,20.0,34,72.5,85,60,179.6013888888889,21402,maize,0,29,16,7,9.971286378100563
Kushtia,Kharif 1,Maize 1,1088,75.19,46.53,20.07,5.99,27.0,20.0,34,72.5,85,60,129.44444444444446,2839,maize,0,30,16,7,7.951559331155252
Manikganj,Kharif 1,Maize 1,13736,76.03,50.05,18.74,6.13,27.0,20.0,34,72.5,85,60,169.94262295081967,29431,maize,0,35,16,7,10.28983779678461
Munshiganj,Kharif 1,Maize 1,10584,83.12,50.18,20.69,6.19,27.0,20.0,34,72.5,85,60,169.94262295081967,23219,maize,0,38,16,7,10.052769255251883
Naogaon,Kharif 1,Maize 1,2419,76.07,49.79,19.72,6.14,27.0,20.0,34,72.5,85,60,124.92,5909,maize,0,40,16,7,8.684401110400144
Nilphamari,Kharif 1,Maize 1,3210,77.54,46.41,19.63,6.13,27.0,20.0,34,72.5,85,60,179.6013888888889,11183,maize,0,46,16,7,9.322239464473592
Pabna,Kharif 1,Maize 1,90,78.12,49.2,18.18,6.32,27.0,20.0,34,72.5,85,60,124.92,247,maize,0,48,16,7,5.5134287461649825
Panchagar,Kharif 1,Maize 1,2498,71.77,46.87,18.51,6.08,27.0,20.0,34,72.5,85,60,154.21843434343435,8669,maize,0,49,16,7,9.067624069774588
Rajbari,Kharif 1,Maize 1,34,70.5,49.46,19.08,5.95,27.0,20.0,34,72.5,85,60,155.864898989899,80,maize,0,52,16,7,4.394449154672439
Rangamati,Kharif 1,Maize 1,500,84.76,48.72,19.71,6.1,27.0,20.0,34,72.5,85,60,204.11111111111111,668,maize,0,54,16,7,6.505784060128229
Satkhira,Kharif 1,Maize 1,10,76.13,50.41,22.28,5.8,27.0,20.0,34,72.5,85,60,140.35353535353536,32,maize,0,56,16,7,3.4965075614664802
Sherpur,Kharif 1,Maize 1,136,76.26,47.48,21.17,6.38,27.0,20.0,34,72.5,85,60,181.08838383838383,478,maize,0,58,16,7,6.171700597410915
Sirajganj,Kharif 1,Maize 1,305,87.45,50.57,20.95,5.97,27.0,20.0,34,72.5,85,60,142.85416666666666,686,maize,0,59,16,7,6.532334292222349
Bagerhat,Rabi,Maize 2,421,76.55,50.64,21.58,5.83,20.5,14.0,27,60.0,70,50,144.96843434343435,946,maize,2,0,17,7,6.853299093186078
Bandarban,Rabi,Maize 2,373,76.84,50.22,20.51,6.18,20.5,14.0,27,60.0,70,50,243.94444444444449,545,maize,2,1,17,7,6.302618975744905
Barguna,Rabi,Maize 2,126,77.43,45.49,20.39,6.21,20.5,14.0,27,60.0,70,50,207.8076923076923,181,maize,2,2,17,7,5.204006687076795
Barishal,Rabi,Maize 2,660,77.59,47.73,19.28,6.38,20.5,14.0,27,60.0,70,50,175.42564102564103,1320,maize,2,3,17,7,7.186144304522325
Bhola,Rabi,Maize 2,1954,81.15,48.33,18.03,5.99,20.5,14.0,27,60.0,70,50,185.23090277777777,5254,maize,2,4,17,7,8.566935283311052
Brahmanbaria,Rabi,Maize 2,233,81.18,49.41,21.22,6.33,20.5,14.0,27,60.0,70,50,185.7563131313132,339,maize,2,6,17,7,5.8289456176102075
Chandpur,Rabi,Maize 2,11951,77.38,52.6,17.98,6.44,20.5,14.0,27,60.0,70,50,168.796875,34539,maize,2,7,17,7,10.449873351700669
Chapai Nawabganj,Rabi,Maize 2,14687,78.13,51.58,18.54,5.96,20.5,14.0,27,60.0,70,50,124.92,41987,maize,2,8,17,7,10.645139142155688
Chattogram,Rabi,Maize 2,66,68.44,44.63,19.94,6.45,20.5,14.0,27,60.0,70,50,243.94444444444449,171,maize,2,9,17,7,5.147494476813453
CoxsBazar,Rabi,Maize 2,200,79.38,52.3,18.85,6.45,20.5,14.0,27,60.0,70,50,303.40277777777777,424,maize,2,11,17,7,6.052089168924417
Dhaka,Rabi,Maize 2,10394,64.25,51.61,18.17,5.78,20.5,14.0,27,60.0,70,50,169.94262295081967,28489,maize,2,13,17,7,10.257308427491955
Faridpur,Rabi,Maize 2,797,77.11,51.42,20.63,6.45,20.5,14.0,27,60.0,70,50,155.864898989899,1764,maize,2,15,17,7,7.475905969367397
Feni,Rabi,Maize 2,184,82.93,49.16,18.24,6.08,20.5,14.0,27,60.0,70,50,248.1727642276423,534,maize,2,16,17,7,6.282266746896006
Gazipur,Rabi,Maize 2,6,80.62,48.86,19.04,6.22,20.5,14.0,27,60.0,70,50,169.94262295081967,10,maize,2,18,17,7,2.3978952727983707
Gopalganj,Rabi,Maize 2,88,72.85,48.51,20.66,5.71,20.5,14.0,27,60.0,70,50,155.864898989899,252,maize,2,19,17,7,5.53338948872752
Habiganj,Rabi,Maize 2,27,74.85,47.42,19.56,6.56,20.5,14.0,27,60.0,70,50,333.72557471264366,39,maize,2,20,17,7,3.6888794541139363
Jashore,Rabi,Maize 2,1394,76.87,46.06,19.84,6.34,20.5,14.0,27,60.0,70,50,134.2247474747475,4507,maize,2,22,17,7,8.413608875159667
Jhallokati,Rabi,Maize 2,1095,78.77,52.89,17.72,6.23,20.5,14.0,27,60.0,70,50,175.42564102564103,2404,maize,2,23,17,7,7.785305182539862
Joypurhat,Rabi,Maize 2,817,80.07,44.37,20.25,6.33,20.5,14.0,27,60.0,70,50,142.85416666666666,2828,maize,2,25,17,7,7.947678571301568
Khagrachari,Rabi,Maize 2,1062,78.46,49.51,19.3,6.21,20.5,14.0,27,60.0,70,50,204.11111111111111,2172,maize,2,26,17,7,7.6838639802564295
Khulna,Rabi,Maize 2,203,79.46,42.34,20.98,6.08,20.5,14.0,27,60.0,70,50,144.96843434343435,583,maize,2,27,17,7,6.369900982828227
Kishoreganj,Rabi,Maize 2,13926,88.97,50.26,18.45,6.4,20.5,14.0,27,60.0,70,50,181.08838383838383,43161,maize,2,28,17,7,10.67271575750141
Madaripur,Rabi,Maize 2,568,83.3,46.97,19.66,6.28,20.5,14.0,27,60.0,70,50,160.41666666666666,2153,maize,2,33,17,7,7.675081857716334
Magura,Rabi,Maize 2,155,80.74,45.36,21.24,6.37,20.5,14.0,27,60.0,70,50,134.2247474747475,512,maize,2,34,17,7,6.240275845170769
Moulvibazar,Rabi,Maize 2,2,72.41,48.45,21.02,6.09,20.5,14.0,27,60.0,70,50,333.72557471264366,7,maize,2,37,17,7,2.0794415416798357
Munshiganj,Rabi,Maize 2,721,79.17,51.38,19.08,6.38,20.5,14.0,27,60.0,70,50,169.94262295081967,1932,maize,2,38,17,7,7.566828479208331
Mymensingh,Rabi,Maize 2,290,74.24,52.34,20.86,6.28,20.5,14.0,27,60.0,70,50,181.08838383838383,1015,maize,2,39,17,7,6.923628628138427
Narail,Rabi,Maize 2,301,79.29,47.03,19.31,6.33,20.5,14.0,27,60.0,70,50,134.2247474747475,1061,maize,2,41,17,7,6.967909201801884
Narayanganj,Rabi,Maize 2,65,79.26,52.02,20.6,6.07,20.5,14.0,27,60.0,70,50,169.94262295081967,209,maize,2,42,17,7,5.3471075307174685
Narsingdi,Rabi,Maize 2,39,79.73,53.34,18.42,6.1,20.5,14.0,27,60.0,70,50,169.94262295081967,101,maize,2,43,17,7,4.624972813284271
Natore,Rabi,Maize 2,11500,85.29,50.08,20.69,6.27,20.5,14.0,27,60.0,70,50,124.92,39393,maize,2,44,17,7,10.58136879942564
Noakhali,Rabi,Maize 2,256,82.26,46.9,19.02,6.33,20.5,14.0,27,60.0,70,50,185.7563131313132,798,maize,2,47,17,7,6.683360945766275
Pabna,Rabi,Maize 2,1710,83.31,47.47,17.82,6.48,20.5,14.0,27,60.0,70,50,124.92,4822,maize,2,48,17,7,8.481151420068972
Patuakhali,Rabi,Maize 2,112,80.55,52.96,17.34,6.48,20.5,14.0,27,60.0,70,50,207.8076923076923,167,maize,2,50,17,7,5.123963979403259
Pirojpur,Rabi,Maize 2,533,81.03,50.92,19.41,6.67,20.5,14.0,27,60.0,70,50,175.42564102564103,995,maize,2,51,17,7,6.903747257584598
Rajbari,Rabi,Maize 2,695,76.37,49.65,20.91,6.0,20.5,14.0,27,60.0,70,50,155.864898989899,2084,maize,2,52,17,7,7.642524134232902
Rangamati,Rabi,Maize 2,554,77.06,48.57,22.1,6.25,20.5,14.0,27,60.0,70,50,204.11111111111111,1177,maize,2,54,17,7,7.071573364211532
Satkhira,Rabi,Maize 2,146,76.95,41.09,19.01,6.34,20.5,14.0,27,60.0,70,50,140.35353535353536,413,maize,2,56,17,7,6.025865973825314
Shariatpur,Rabi,Maize 2,32,77.83,47.58,19.82,6.41,20.5,14.0,27,60.0,70,50,155.864898989899,99,maize,2,57,17,7,4.605170185988092
Sherpur,Rabi,Maize 2,1922,72.65,49.14,19.73,6.14,20.5,14.0,27,60.0,70,50,181.08838383838383,4757,maize,2,58,17,7,8.467582690862903
Sunamganj,Rabi,Maize 2,15,85.2,49.56,18.67,5.94,20.5,14.0,27,60.0,70,50,333.72557471264366,31,maize,2,60,17,7,3.4657359027997265
Sylhet,Rabi,Maize 2,29,73.81,47.85,19.12,5.97,20.5,14.0,27,60.0,70,50,333.72557471264366,53,maize,2,61,17,7,3.9889840465642745
Tangail,Rabi,Maize 2,7685,73.13,53.54,17.37,6.28,20.5,14.0,27,60.0,70,50,153.4104938271605,22529,maize,2,62,17,7,10.02260303342629
Bandarban,Kharif 1,Malta,1022,18.03,16.4,9.01,7.19,27.5,20.0,35,85.0,90,80,243.94444444444449,331,orange,0,1,18,11,5.805134968916488
Barishal,Kharif 1,Malta,190,20.77,16.1,10.44,7.2,27.5,20.0,35,85.0,90,80,175.42564102564103,80,orange,0,3,18,11,4.394449154672439
Bogura,Kharif 1,Malta,1,22.23,15.8,9.82,7.15,27.5,20.0,35,85.0,90,80,142.85416666666666,1,orange,0,5,18,11,0.6931471805599453
Brahmanbaria,Kharif 1,Malta,127,20.73,15.43,10.37,6.93,27.5,20.0,35,85.0,90,80,185.7563131313132,258,orange,0,6,18,11,5.556828061699537
Chapai Nawabganj,Kharif 1,Malta,46,16.64,17.18,10.19,6.85,27.5,20.0,35,85.0,90,80,124.92,29,orange,0,8,18,11,3.4011973816621555
Chuadanga,Kharif 1,Malta,17,17.95,17.44,10.18,7.03,27.5,20.0,35,85.0,90,80,129.44444444444446,86,orange,0,10,18,11,4.465908118654584
Dinajpur,Kharif 1,Malta,107,21.21,16.52,9.69,7.2,27.5,20.0,35,85.0,90,80,154.21843434343435,283,orange,0,14,18,11,5.648974238161206
Gazipur,Kharif 1,Malta,72,20.47,16.35,8.96,7.23,27.5,20.0,35,85.0,90,80,169.94262295081967,101,orange,0,18,18,11,4.624972813284271
Jashore,Kharif 1,Malta,81,18.69,16.06,10.61,7.11,27.5,20.0,35,85.0,90,80,134.2247474747475,302,orange,0,22,18,11,5.713732805509369
Jhallokati,Kharif 1,Malta,55,19.25,16.27,10.4,6.89,27.5,20.0,35,85.0,90,80,175.42564102564103,185,orange,0,23,18,11,5.225746673713202
Jhenaidah,Kharif 1,Malta,60,17.59,16.3,8.59,7.37,27.5,20.0,35,85.0,90,80,134.2247474747475,74,orange,0,24,18,11,4.31748811353631
Khagrachari,Kharif 1,Malta,5561,18.42,16.49,10.19,7.07,27.5,20.0,35,85.0,90,80,204.11111111111111,266,orange,0,26,18,11,5.58724865840025
Kishoreganj,Kharif 1,Malta,4,19.79,17.42,10.1,6.81,27.5,20.0,35,85.0,90,80,181.08838383838383,24,orange,0,28,18,11,3.2188758248682006
Kurigram,Kharif 1,Malta,2,21.22,15.9,10.12,7.36,27.5,20.0,35,85.0,90,80,179.6013888888889,2,orange,0,29,18,11,1.0986122886681098
Lalmonirhat,Kharif 1,Malta,96,18.42,16.07,9.65,7.35,27.5,20.0,35,85.0,90,80,179.6013888888889,58,orange,0,32,18,11,4.07753744390572
Magura,Kharif 1,Malta,4772,18.43,15.79,9.6,6.85,27.5,20.0,35,85.0,90,80,134.2247474747475,1543,orange,0,34,18,11,7.342131730584722
Meherpur,Kharif 1,Malta,24,20.23,16.1,10.1,7.11,27.5,20.0,35,85.0,90,80,129.44444444444446,45,orange,0,36,18,11,3.828641396489095
Naogaon,Kharif 1,Malta,34,18.87,16.14,10.2,6.81,27.5,20.0,35,85.0,90,80,124.92,223,orange,0,40,18,11,5.4116460518550396
Narail,Kharif 1,Malta,4,19.96,15.63,9.69,7.13,27.5,20.0,35,85.0,90,80,134.2247474747475,5,orange,0,41,18,11,1.791759469228055
Narsingdi,Kharif 1,Malta,55,20.1,15.71,9.19,7.06,27.5,20.0,35,85.0,90,80,169.94262295081967,52,orange,0,43,18,11,3.970291913552122
Natore,Kharif 1,Malta,30,19.56,17.12,9.47,7.26,27.5,20.0,35,85.0,90,80,124.92,107,orange,0,44,18,11,4.68213122712422
Nilphamari,Kharif 1,Malta,24,19.84,16.19,10.66,7.12,27.5,20.0,35,85.0,90,80,179.6013888888889,36,orange,0,46,18,11,3.6109179126442243
Pabna,Kharif 1,Malta,5,19.73,16.73,10.3,6.79,27.5,20.0,35,85.0,90,80,124.92,9,orange,0,48,18,11,2.302585092994046
Panchagar,Kharif 1,Malta,30,19.08,19.22,10.65,6.89,27.5,20.0,35,85.0,90,80,154.21843434343435,81,orange,0,49,18,11,4.406719247264253
Pirojpur,Kharif 1,Malta,87,20.22,15.55,10.22,6.9,27.5,20.0,35,85.0,90,80,175.42564102564103,208,orange,0,51,18,11,5.342334251964811
Rajshahi,Kharif 1,Malta,322,19.63,14.79,10.52,7.2,27.5,20.0,35,85.0,90,80,124.92,677,orange,0,53,18,11,6.519147287940395
Rangamati,Kharif 1,Malta,90,18.76,16.47,9.94,6.95,27.5,20.0,35,85.0,90,80,204.11111111111111,408,orange,0,54,18,11,6.013715156042802
Rangpur,Kharif 1,Malta,38,18.8,15.72,9.78,6.69,27.5,20.0,35,85.0,90,80,179.6013888888889,125,orange,0,55,18,11,4.836281906951478
Shariatpur,Kharif 1,Malta,7,21.64,16.0,10.54,6.84,27.5,20.0,35,85.0,90,80,155.864898989899,82,orange,0,57,18,11,4.418840607796598
Sherpur,Kharif 1,Malta,25,18.12,16.43,9.61,7.01,27.5,20.0,35,85.0,90,80,181.08838383838383,136,orange,0,58,18,11,4.919980925828125
Sirajganj,Kharif 1,Malta,2,18.77,15.92,9.97,7.11,27.5,20.0,35,85.0,90,80,142.85416666666666,12,orange,0,59,18,11,2.5649493574615367
Sylhet,Kharif 1,Malta,1,20.63,16.23,8.51,7.25,27.5,20.0,35,85.0,90,80,333.72557471264366,21,orange,0,61,18,11,3.091042453358316
Tangail,Kharif 1,Malta,225,19.23,18.37,10.13,7.12,27.5,20.0,35,85.0,90,80,153.4104938271605,456,orange,0,62,18,11,6.124683390894205
Thakurgaon,Kharif 1,Malta,40,21.05,17.36,10.38,6.84,27.5,20.0,35,85.0,90,80,154.21843434343435,195,orange,0,63,18,11,5.278114659230517
Bagerhat,Kharif 1,Mango,383,19.26,27.97,30.39,6.15,31.5,27.0,36,70.0,90,50,144.96843434343435,1913,mango,0,0,19,8,7.5569505720129
Bandarban,Kharif 1,Mango,2839,20.41,27.78,26.42,5.8,31.5,27.0,36,70.0,90,50,243.94444444444449,3737,mango,0,1,19,8,8.226305988015508
Barguna,Kharif 1,Mango,2348,19.06,27.82,29.29,5.74,31.5,27.0,36,70.0,90,50,207.8076923076923,7200,mango,0,2,19,8,8.881975184248867
Barishal,Kharif 1,Mango,27465,22.65,24.04,25.94,5.94,31.5,27.0,36,70.0,90,50,175.42564102564103,10705,mango,0,3,19,8,9.278559610953327
Bhola,Kharif 1,Mango,715,18.64,26.73,32.38,5.81,31.5,27.0,36,70.0,90,50,185.23090277777777,1513,mango,0,4,19,8,7.322510433997394
Bogura,Kharif 1,Mango,3148,20.44,28.56,27.97,5.84,31.5,27.0,36,70.0,90,50,142.85416666666666,22434,mango,0,5,19,8,10.018377518410084
Brahmanbaria,Kharif 1,Mango,2856,20.83,27.1,32.17,6.2,31.5,27.0,36,70.0,90,50,185.7563131313132,9839,mango,0,6,19,8,9.1942109900463
Chandpur,Kharif 1,Mango,1054,20.57,24.89,31.62,5.72,31.5,27.0,36,70.0,90,50,168.796875,9739,mango,0,7,19,8,9.18399639663658
Chattogram,Kharif 1,Mango,2583,19.91,29.96,27.89,5.79,31.5,27.0,36,70.0,90,50,243.94444444444449,19804,mango,0,9,19,8,9.893689710056018
Chuadanga,Kharif 1,Mango,914,20.12,29.21,30.55,5.96,31.5,27.0,36,70.0,90,50,129.44444444444446,6332,mango,0,10,19,8,8.753529336516431
CoxsBazar,Kharif 1,Mango,1192,19.89,27.08,28.4,5.51,31.5,27.0,36,70.0,90,50,303.40277777777777,9650,mango,0,11,19,8,9.174816815907135
Cumilla,Kharif 1,Mango,5878,21.23,28.73,30.1,5.43,31.5,27.0,36,70.0,90,50,185.7563131313132,22529,mango,0,12,19,8,10.02260303342629
Dhaka,Kharif 1,Mango,533,22.73,26.58,29.05,5.67,31.5,27.0,36,70.0,90,50,169.94262295081967,5676,mango,0,13,19,8,8.644178203170727
Dinajpur,Kharif 1,Mango,1534,19.4,24.4,26.72,5.49,31.5,27.0,36,70.0,90,50,154.21843434343435,41796,mango,0,14,19,8,10.640579845602305
Faridpur,Kharif 1,Mango,1339,18.42,25.67,25.92,5.7,31.5,27.0,36,70.0,90,50,155.864898989899,8082,mango,0,15,19,8,8.997518369733845
Feni,Kharif 1,Mango,1569,19.96,29.73,30.33,5.86,31.5,27.0,36,70.0,90,50,248.1727642276423,3662,mango,0,16,19,8,8.206037762778815
Gaibandha,Kharif 1,Mango,1818,23.18,26.73,28.91,5.62,31.5,27.0,36,70.0,90,50,179.6013888888889,13499,mango,0,17,19,8,9.51044496442652
Gazipur,Kharif 1,Mango,1796,19.1,26.78,28.93,5.52,31.5,27.0,36,70.0,90,50,169.94262295081967,8837,mango,0,18,19,8,9.086815885690685
Gopalganj,Kharif 1,Mango,1044,22.04,26.69,31.17,5.78,31.5,27.0,36,70.0,90,50,155.864898989899,3831,mango,0,19,19,8,8.251142139090751
Habiganj,Kharif 1,Mango,17256,22.09,30.29,32.03,5.92,31.5,27.0,36,70.0,90,50,333.72557471264366,36093,mango,0,20,19,8,10.493881925521244
Jamalpur,Kharif 1,Mango,2664,19.4,29.83,29.43,5.48,31.5,27.0,36,70.0,90,50,181.08838383838383,12792,mango,0,21,19,8,9.456653425317034
Jashore,Kharif 1,Mango,3653,20.76,30.8,29.31,5.91,31.5,27.0,36,70.0,90,50,134.2247474747475,9580,mango,0,22,19,8,9.167537249650874
Jhallokati,Kharif 1,Mango,1957,22.03,26.92,30.82,5.91,31.5,27.0,36,70.0,90,50,175.42564102564103,1090,mango,0,23,19,8,6.994849985833071
Jhenaidah,Kharif 1,Mango,1768,19.61,27.66,27.48,5.94,31.5,27.0,36,70.0,90,50,134.2247474747475,17115,mango,0,24,19,8,9.747768977536708
Joypurhat,Kharif 1,Mango,883,19.82,24.71,30.32,5.98,31.5,27.0,36,70.0,90,50,142.85416666666666,4566,mango,0,25,19,8,8.426611813185
Khagrachari,Kharif 1,Mango,4207,19.37,29.59,30.91,6.15,31.5,27.0,36,70.0,90,50,204.11111111111111,9114,mango,0,26,19,8,9.117676687112763
Khulna,Kharif 1,Mango,1336,18.85,25.28,31.14,5.71,31.5,27.0,36,70.0,90,50,144.96843434343435,7111,mango,0,27,19,8,8.86953877719374
Kishoreganj,Kharif 1,Mango,644,19.29,27.53,26.44,5.79,31.5,27.0,36,70.0,90,50,181.08838383838383,10418,mango,0,28,19,8,9.251386341412184
Kurigram,Kharif 1,Mango,1173,18.6,25.39,28.55,5.7,31.5,27.0,36,70.0,90,50,179.6013888888889,11044,mango,0,29,19,8,9.309733115854218
Lakshmipur,Kharif 1,Mango,1923,19.14,25.81,30.1,6.04,31.5,27.0,36,70.0,90,50,185.7563131313132,1925,mango,0,31,19,8,7.563200592358071
Lalmonirhat,Kharif 1,Mango,899,20.35,26.19,30.78,5.54,31.5,27.0,36,70.0,90,50,179.6013888888889,5710,mango,0,32,19,8,8.650149418664864
Madaripur,Kharif 1,Mango,1015,18.2,26.3,32.61,5.62,31.5,27.0,36,70.0,90,50,160.41666666666666,7420,mango,0,33,19,8,8.912069097970134
Magura,Kharif 1,Mango,529,20.47,26.29,29.03,6.01,31.5,27.0,36,70.0,90,50,134.2247474747475,7106,mango,0,34,19,8,8.868835492826895
Manikganj,Kharif 1,Mango,2707,21.07,28.54,29.03,5.95,31.5,27.0,36,70.0,90,50,169.94262295081967,5504,mango,0,35,19,8,8.61341204915678
Meherpur,Kharif 1,Mango,6050,17.67,25.38,31.98,5.71,31.5,27.0,36,70.0,90,50,129.44444444444446,13594,mango,0,36,19,8,9.51745735706657
Moulvibazar,Kharif 1,Mango,777,20.52,27.54,30.45,5.92,31.5,27.0,36,70.0,90,50,333.72557471264366,5938,mango,0,37,19,8,8.68929604801586
Munshiganj,Kharif 1,Mango,265,21.55,29.17,32.2,5.83,31.5,27.0,36,70.0,90,50,169.94262295081967,3119,mango,0,38,19,8,8.045588280803528
Mymensingh,Kharif 1,Mango,6934,18.61,26.34,30.44,6.03,31.5,27.0,36,70.0,90,50,181.08838383838383,21720,mango,0,39,19,8,9.986034813503693
Naogaon,Kharif 1,Mango,6061,22.08,26.01,27.84,5.78,31.5,27.0,36,70.0,90,50,124.92,40193,mango,0,40,19,8,10.601473009736322
Narail,Kharif 1,Mango,1629,20.57,26.8,27.53,5.95,31.5,27.0,36,70.0,90,50,134.2247474747475,7726,mango,0,41,19,8,8.952475967933584
Narayanganj,Kharif 1,Mango,80,19.22,29.1,27.13,6.23,31.5,27.0,36,70.0,90,50,169.94262295081967,1901,mango,0,42,19,8,7.550661243105336
Narsingdi,Kharif 1,Mango,996,20.0,27.5,31.11,5.87,31.5,27.0,36,70.0,90,50,169.94262295081967,5009,mango,0,43,19,8,8.51919119407891
Netrokona,Kharif 1,Mango,4404,20.16,27.97,33.24,5.9,31.5,27.0,36,70.0,90,50,181.08838383838383,28690,mango,0,45,19,8,10.264338763718273
Nilphamari,Kharif 1,Mango,595,20.72,25.38,31.43,5.71,31.5,27.0,36,70.0,90,50,179.6013888888889,10220,mango,0,46,19,8,9.232199706329077
Noakhali,Kharif 1,Mango,730,18.96,28.29,32.01,6.18,31.5,27.0,36,70.0,90,50,185.7563131313132,6616,mango,0,47,19,8,8.797397374012059
Pabna,Kharif 1,Mango,2480,20.27,27.85,28.88,5.8,31.5,27.0,36,70.0,90,50,124.92,34755,mango,0,48,19,8,10.456107497959097
Panchagar,Kharif 1,Mango,1934,18.37,26.68,27.84,5.72,31.5,27.0,36,70.0,90,50,154.21843434343435,15856,mango,0,49,19,8,9.671366322189568
Patuakhali,Kharif 1,Mango,4944,19.94,25.81,31.45,5.63,31.5,27.0,36,70.0,90,50,207.8076923076923,4045,mango,0,50,19,8,8.305484017727691
Pirojpur,Kharif 1,Mango,3842,18.98,25.73,30.67,5.96,31.5,27.0,36,70.0,90,50,175.42564102564103,4734,mango,0,51,19,8,8.462737005620179
Rajbari,Kharif 1,Mango,2771,19.18,28.05,30.11,5.92,31.5,27.0,36,70.0,90,50,155.864898989899,16516,mango,0,52,19,8,9.71214543252109
Rangamati,Kharif 1,Mango,3748,21.38,26.14,30.5,5.87,31.5,27.0,36,70.0,90,50,204.11111111111111,6125,mango,0,54,19,8,8.72029728739272
Rangpur,Kharif 1,Mango,951,20.8,27.93,32.22,5.51,31.5,27.0,36,70.0,90,50,179.6013888888889,23677,mango,0,55,19,8,10.072301625971582
Satkhira,Kharif 1,Mango,3161,18.75,23.78,32.24,5.8,31.5,27.0,36,70.0,90,50,140.35353535353536,9998,mango,0,56,19,8,9.21024036697585
Shariatpur,Kharif 1,Mango,10042,19.69,26.23,30.9,5.85,31.5,27.0,36,70.0,90,50,155.864898989899,5884,mango,0,57,19,8,8.680162019694377
Sherpur,Kharif 1,Mango,2355,21.53,27.13,31.44,6.07,31.5,27.0,36,70.0,90,50,181.08838383838383,11468,mango,0,58,19,8,9.347403022364523
Sirajganj,Kharif 1,Mango,772,20.24,25.7,30.84,5.64,31.5,27.0,36,70.0,90,50,142.85416666666666,23547,mango,0,59,19,8,10.066796170148152
Sunamganj,Kharif 1,Mango,1667,22.86,25.65,29.09,5.55,31.5,27.0,36,70.0,90,50,333.72557471264366,13915,mango,0,60,19,8,9.540794536271832
Sylhet,Kharif 1,Mango,1487,20.54,26.09,31.28,5.62,31.5,27.0,36,70.0,90,50,333.72557471264366,4978,mango,0,61,19,8,8.512984346642183
Tangail,Kharif 1,Mango,2204,20.3,27.66,27.42,5.54,31.5,27.0,36,70.0,90,50,153.4104938271605,18336,mango,0,62,19,8,9.816676155549164
Thakurgaon,Kharif 1,Mango,4179,19.7,26.87,31.81,6.0,31.5,27.0,36,70.0,90,50,154.21843434343435,28967,mango,0,63,19,8,10.273947051445477
Barguna,Kharif 2,Mashkalai,210,41.72,65.01,18.26,7.39,27.5,20.0,35,35.0,45,25,207.8076923076923,80,blackgram,1,2,20,1,4.394449154672439
Barishal,Kharif 2,Mashkalai,4,42.32,69.32,19.88,7.16,27.5,20.0,35,35.0,45,25,175.42564102564103,2,blackgram,1,3,20,1,1.0986122886681098
Bogura,Kharif 2,Mashkalai,696,36.82,65.45,17.4,7.06,27.5,20.0,35,35.0,45,25,142.85416666666666,327,blackgram,1,5,20,1,5.793013608384144
Brahmanbaria,Kharif 2,Mashkalai,1022,35.61,65.34,19.73,7.06,27.5,20.0,35,35.0,45,25,185.7563131313132,474,blackgram,1,6,20,1,6.163314804034641
Chandpur,Kharif 2,Mashkalai,623,41.24,73.09,18.57,6.8,27.5,20.0,35,35.0,45,25,168.796875,203,blackgram,1,7,20,1,5.318119993844216
Chapai Nawabganj,Kharif 2,Mashkalai,23226,37.37,65.91,20.26,7.19,27.5,20.0,35,35.0,45,25,124.92,7843,blackgram,1,8,20,1,8.967504187316237
Chattogram,Kharif 2,Mashkalai,82,34.85,69.02,19.24,7.12,27.5,20.0,35,35.0,45,25,243.94444444444449,37,blackgram,1,9,20,1,3.6375861597263857
Chuadanga,Kharif 2,Mashkalai,904,40.95,68.04,19.7,7.29,27.5,20.0,35,35.0,45,25,129.44444444444446,298,blackgram,1,10,20,1,5.700443573390687
Cumilla,Kharif 2,Mashkalai,423,40.01,70.58,18.56,7.1,27.5,20.0,35,35.0,45,25,185.7563131313132,174,blackgram,1,12,20,1,5.1647859739235145
Dhaka,Kharif 2,Mashkalai,1434,42.03,68.34,18.71,6.94,27.5,20.0,35,35.0,45,25,169.94262295081967,631,blackgram,1,13,20,1,6.448889394146858
Dinajpur,Kharif 2,Mashkalai,645,40.22,69.53,20.23,7.15,27.5,20.0,35,35.0,45,25,154.21843434343435,319,blackgram,1,14,20,1,5.768320995793772
Faridpur,Kharif 2,Mashkalai,1969,39.78,83.36,21.18,7.29,27.5,20.0,35,35.0,45,25,155.864898989899,776,blackgram,1,15,20,1,6.655440350367647
Feni,Kharif 2,Mashkalai,114,42.23,59.03,18.31,6.89,27.5,20.0,35,35.0,45,25,248.1727642276423,37,blackgram,1,16,20,1,3.6375861597263857
Gaibandha,Kharif 2,Mashkalai,820,39.32,74.45,20.48,7.15,27.5,20.0,35,35.0,45,25,179.6013888888889,304,blackgram,1,17,20,1,5.720311776607412
Gazipur,Kharif 2,Mashkalai,632,40.66,66.31,16.74,7.18,27.5,20.0,35,35.0,45,25,169.94262295081967,159,blackgram,1,18,20,1,5.075173815233827
Gopalganj,Kharif 2,Mashkalai,389,40.79,68.63,17.86,6.98,27.5,20.0,35,35.0,45,25,155.864898989899,132,blackgram,1,19,20,1,4.890349128221754
Jamalpur,Kharif 2,Mashkalai,4169,42.4,65.75,17.68,7.18,27.5,20.0,35,35.0,45,25,181.08838383838383,1479,blackgram,1,21,20,1,7.299797366758161
Jashore,Kharif 2,Mashkalai,908,39.6,65.16,17.41,6.89,27.5,20.0,35,35.0,45,25,134.2247474747475,341,blackgram,1,22,20,1,5.834810737062605
Jhenaidah,Kharif 2,Mashkalai,1710,41.31,61.33,18.99,6.94,27.5,20.0,35,35.0,45,25,134.2247474747475,583,blackgram,1,24,20,1,6.369900982828227
Joypurhat,Kharif 2,Mashkalai,147,37.86,70.51,19.68,7.36,27.5,20.0,35,35.0,45,25,142.85416666666666,56,blackgram,1,25,20,1,4.04305126783455
Khulna,Kharif 2,Mashkalai,105,40.0,62.9,19.55,6.95,27.5,20.0,35,35.0,45,25,144.96843434343435,45,blackgram,1,27,20,1,3.828641396489095
Kishoreganj,Kharif 2,Mashkalai,1059,42.63,65.65,20.0,7.24,27.5,20.0,35,35.0,45,25,181.08838383838383,558,blackgram,1,28,20,1,6.326149473155099
Kurigram,Kharif 2,Mashkalai,2084,41.16,72.56,19.16,6.97,27.5,20.0,35,35.0,45,25,179.6013888888889,881,blackgram,1,29,20,1,6.782192056006791
Kushtia,Kharif 2,Mashkalai,620,39.96,65.3,17.87,7.35,27.5,20.0,35,35.0,45,25,129.44444444444446,308,blackgram,1,30,20,1,5.733341276897746
Lakshmipur,Kharif 2,Mashkalai,77,41.98,68.92,20.46,6.86,27.5,20.0,35,35.0,45,25,185.7563131313132,18,blackgram,1,31,20,1,2.9444389791664403
Lalmonirhat,Kharif 2,Mashkalai,218,43.36,64.51,18.56,7.23,27.5,20.0,35,35.0,45,25,179.6013888888889,85,blackgram,1,32,20,1,4.454347296253507
Madaripur,Kharif 2,Mashkalai,1075,41.36,70.54,18.16,6.94,27.5,20.0,35,35.0,45,25,160.41666666666666,429,blackgram,1,33,20,1,6.063785208687608
Magura,Kharif 2,Mashkalai,158,40.04,70.25,19.03,7.09,27.5,20.0,35,35.0,45,25,134.2247474747475,64,blackgram,1,34,20,1,4.174387269895637
Manikganj,Kharif 2,Mashkalai,8930,36.87,74.95,18.19,6.91,27.5,20.0,35,35.0,45,25,169.94262295081967,3495,blackgram,1,35,20,1,8.159374736775426
Meherpur,Kharif 2,Mashkalai,1733,37.46,66.76,18.76,7.31,27.5,20.0,35,35.0,45,25,129.44444444444446,841,blackgram,1,36,20,1,6.7357800142423265
Moulvibazar,Kharif 2,Mashkalai,267,39.29,70.18,19.64,6.95,27.5,20.0,35,35.0,45,25,333.72557471264366,122,blackgram,1,37,20,1,4.812184355372417
Munshiganj,Kharif 2,Mashkalai,158,38.56,67.87,19.64,7.25,27.5,20.0,35,35.0,45,25,169.94262295081967,70,blackgram,1,38,20,1,4.2626798770413155
Mymensingh,Kharif 2,Mashkalai,2050,39.57,72.72,18.2,7.06,27.5,20.0,35,35.0,45,25,181.08838383838383,801,blackgram,1,39,20,1,6.687108607866515
Naogaon,Kharif 2,Mashkalai,579,40.16,64.56,18.68,7.11,27.5,20.0,35,35.0,45,25,124.92,241,blackgram,1,40,20,1,5.488937726156687
Narail,Kharif 2,Mashkalai,103,41.29,70.49,20.48,7.16,27.5,20.0,35,35.0,45,25,134.2247474747475,36,blackgram,1,41,20,1,3.6109179126442243
Narayanganj,Kharif 2,Mashkalai,45,39.85,66.68,19.81,6.97,27.5,20.0,35,35.0,45,25,169.94262295081967,18,blackgram,1,42,20,1,2.9444389791664403
Narsingdi,Kharif 2,Mashkalai,501,41.19,67.21,21.64,7.17,27.5,20.0,35,35.0,45,25,169.94262295081967,228,blackgram,1,43,20,1,5.43372200355424
Natore,Kharif 2,Mashkalai,701,40.17,67.84,20.6,7.46,27.5,20.0,35,35.0,45,25,124.92,233,blackgram,1,44,20,1,5.455321115357702
Netrokona,Kharif 2,Mashkalai,341,35.28,68.49,20.56,6.96,27.5,20.0,35,35.0,45,25,181.08838383838383,205,blackgram,1,45,20,1,5.327876168789581
Nilphamari,Kharif 2,Mashkalai,93,37.76,67.0,17.64,7.38,27.5,20.0,35,35.0,45,25,179.6013888888889,37,blackgram,1,46,20,1,3.6375861597263857
Noakhali,Kharif 2,Mashkalai,121,39.67,68.34,20.12,7.45,27.5,20.0,35,35.0,45,25,185.7563131313132,40,blackgram,1,47,20,1,3.713572066704308
Pabna,Kharif 2,Mashkalai,4860,37.12,73.86,19.18,6.96,27.5,20.0,35,35.0,45,25,124.92,2341,blackgram,1,48,20,1,7.758760544157663
Panchagar,Kharif 2,Mashkalai,310,41.46,71.46,18.6,6.82,27.5,20.0,35,35.0,45,25,154.21843434343435,136,blackgram,1,49,20,1,4.919980925828125
Rajbari,Kharif 2,Mashkalai,1036,39.51,63.87,19.82,7.53,27.5,20.0,35,35.0,45,25,155.864898989899,436,blackgram,1,52,20,1,6.07993319509559
Rajshahi,Kharif 2,Mashkalai,8204,43.6,71.34,18.23,7.14,27.5,20.0,35,35.0,45,25,124.92,3059,blackgram,1,53,20,1,8.026170194946426
Rangpur,Kharif 2,Mashkalai,1197,39.21,73.43,18.5,6.88,27.5,20.0,35,35.0,45,25,179.6013888888889,564,blackgram,1,55,20,1,6.336825731146441
Satkhira,Kharif 2,Mashkalai,330,38.55,65.02,19.49,7.36,27.5,20.0,35,35.0,45,25,140.35353535353536,97,blackgram,1,56,20,1,4.584967478670572
Shariatpur,Kharif 2,Mashkalai,238,39.29,66.54,18.89,7.01,27.5,20.0,35,35.0,45,25,155.864898989899,128,blackgram,1,57,20,1,4.859812404361672
Sherpur,Kharif 2,Mashkalai,1359,39.09,60.83,18.99,7.14,27.5,20.0,35,35.0,45,25,181.08838383838383,762,blackgram,1,58,20,1,6.637258031284457
Sirajganj,Kharif 2,Mashkalai,7306,40.43,65.88,20.12,7.33,27.5,20.0,35,35.0,45,25,142.85416666666666,2459,blackgram,1,59,20,1,7.807916628926408
Sunamganj,Kharif 2,Mashkalai,278,40.41,71.5,18.04,7.03,27.5,20.0,35,35.0,45,25,333.72557471264366,119,blackgram,1,60,20,1,4.787491742782046
Sylhet,Kharif 2,Mashkalai,131,40.03,65.58,21.49,7.12,27.5,20.0,35,35.0,45,25,333.72557471264366,67,blackgram,1,61,20,1,4.219507705176107
Tangail,Kharif 2,Mashkalai,13122,41.07,70.06,17.14,7.13,27.5,20.0,35,35.0,45,25,153.4104938271605,3898,blackgram,1,62,20,1,8.268475388982598
Thakurgaon,Kharif 2,Mashkalai,803,42.88,66.7,18.55,7.28,27.5,20.0,35,35.0,45,25,154.21843434343435,258,blackgram,1,63,20,1,5.556828061699537
Bagerhat,Kharif 2,Motor,141,22.66,48.94,20.68,6.95,22.5,15.0,30,82.5,90,75,144.96843434343435,45,mothbeans,1,0,21,9,3.828641396489095
Bandarban,Kharif 2,Motor,64,19.53,44.7,20.94,6.78,22.5,15.0,30,82.5,90,75,243.94444444444449,24,mothbeans,1,1,21,9,3.2188758248682006
Barguna,Kharif 2,Motor,18,18.15,48.26,20.11,6.84,22.5,15.0,30,82.5,90,75,207.8076923076923,17,mothbeans,1,2,21,9,2.8903717578961645
Barishal,Kharif 2,Motor,28,22.64,39.39,20.16,6.75,22.5,15.0,30,82.5,90,75,175.42564102564103,14,mothbeans,1,3,21,9,2.70805020110221
Brahmanbaria,Kharif 2,Motor,56,19.93,51.48,21.92,7.22,22.5,15.0,30,82.5,90,75,185.7563131313132,19,mothbeans,1,6,21,9,2.995732273553991
Chandpur,Kharif 2,Motor,95,19.12,50.25,21.25,6.65,22.5,15.0,30,82.5,90,75,168.796875,49,mothbeans,1,7,21,9,3.912023005428146
Chapai Nawabganj,Kharif 2,Motor,397,22.14,49.35,21.29,6.67,22.5,15.0,30,82.5,90,75,124.92,123,mothbeans,1,8,21,9,4.820281565605037
Chattogram,Kharif 2,Motor,132,22.42,52.39,19.06,6.65,22.5,15.0,30,82.5,90,75,243.94444444444449,46,mothbeans,1,9,21,9,3.8501476017100584
Chuadanga,Kharif 2,Motor,118,20.7,45.28,20.13,6.98,22.5,15.0,30,82.5,90,75,129.44444444444446,53,mothbeans,1,10,21,9,3.9889840465642745
Cumilla,Kharif 2,Motor,43,20.74,50.7,19.01,6.8,22.5,15.0,30,82.5,90,75,185.7563131313132,22,mothbeans,1,12,21,9,3.1354942159291497
Dhaka,Kharif 2,Motor,205,21.94,47.33,20.67,6.64,22.5,15.0,30,82.5,90,75,169.94262295081967,114,mothbeans,1,13,21,9,4.74493212836325
Dinajpur,Kharif 2,Motor,59,19.54,51.28,19.58,6.85,22.5,15.0,30,82.5,90,75,154.21843434343435,8,mothbeans,1,14,21,9,2.1972245773362196
Faridpur,Kharif 2,Motor,1319,21.68,44.82,21.03,6.51,22.5,15.0,30,82.5,90,75,155.864898989899,538,mothbeans,1,15,21,9,6.289715570908998
Feni,Kharif 2,Motor,318,21.42,45.63,18.93,6.86,22.5,15.0,30,82.5,90,75,248.1727642276423,175,mothbeans,1,16,21,9,5.170483995038151
Gaibandha,Kharif 2,Motor,7,22.19,46.26,22.32,7.01,22.5,15.0,30,82.5,90,75,179.6013888888889,2,mothbeans,1,17,21,9,1.0986122886681098
Gazipur,Kharif 2,Motor,7,21.59,46.49,19.14,6.57,22.5,15.0,30,82.5,90,75,169.94262295081967,2,mothbeans,1,18,21,9,1.0986122886681098
Gopalganj,Kharif 2,Motor,574,20.19,44.97,20.5,6.52,22.5,15.0,30,82.5,90,75,155.864898989899,242,mothbeans,1,19,21,9,5.493061443340548
Jamalpur,Kharif 2,Motor,37,21.24,47.26,19.54,6.7,22.5,15.0,30,82.5,90,75,181.08838383838383,14,mothbeans,1,21,21,9,2.70805020110221
Jashore,Kharif 2,Motor,655,21.4,49.03,21.26,7.06,22.5,15.0,30,82.5,90,75,134.2247474747475,288,mothbeans,1,22,21,9,5.666426688112432
Jhallokati,Kharif 2,Motor,28,20.24,46.37,18.74,6.8,22.5,15.0,30,82.5,90,75,175.42564102564103,15,mothbeans,1,23,21,9,2.772588722239781
Jhenaidah,Kharif 2,Motor,671,20.87,42.77,21.99,6.8,22.5,15.0,30,82.5,90,75,134.2247474747475,251,mothbeans,1,24,21,9,5.529429087511423
Joypurhat,Kharif 2,Motor,17,20.3,48.79,20.25,6.92,22.5,15.0,30,82.5,90,75,142.85416666666666,8,mothbeans,1,25,21,9,2.1972245773362196
Khagrachari,Kharif 2,Motor,104,21.22,42.5,19.51,6.65,22.5,15.0,30,82.5,90,75,204.11111111111111,43,mothbeans,1,26,21,9,3.784189633918261
Khulna,Kharif 2,Motor,16,23.64,47.81,19.87,6.86,22.5,15.0,30,82.5,90,75,144.96843434343435,5,mothbeans,1,27,21,9,1.791759469228055
Kishoreganj,Kharif 2,Motor,10,19.68,44.07,21.21,6.75,22.5,15.0,30,82.5,90,75,181.08838383838383,3,mothbeans,1,28,21,9,1.3862943611198906
Kurigram,Kharif 2,Motor,47,19.36,53.73,19.52,6.56,22.5,15.0,30,82.5,90,75,179.6013888888889,18,mothbeans,1,29,21,9,2.9444389791664403
Kushtia,Kharif 2,Motor,921,23.33,50.64,19.32,6.9,22.5,15.0,30,82.5,90,75,129.44444444444446,543,mothbeans,1,30,21,9,6.298949246855942
Lakshmipur,Kharif 2,Motor,64,21.17,48.31,19.96,6.78,22.5,15.0,30,82.5,90,75,185.7563131313132,20,mothbeans,1,31,21,9,3.044522437723423
Madaripur,Kharif 2,Motor,1150,22.78,45.57,22.44,6.58,22.5,15.0,30,82.5,90,75,160.41666666666666,450,mothbeans,1,33,21,9,6.111467339502679
Magura,Kharif 2,Motor,1763,20.66,49.58,19.54,7.16,22.5,15.0,30,82.5,90,75,134.2247474747475,557,mothbeans,1,34,21,9,6.324358962381311
Manikganj,Kharif 2,Motor,714,23.79,48.59,21.24,7.01,22.5,15.0,30,82.5,90,75,169.94262295081967,273,mothbeans,1,35,21,9,5.6131281063880705
Meherpur,Kharif 2,Motor,21,22.31,48.77,20.48,7.03,22.5,15.0,30,82.5,90,75,129.44444444444446,9,mothbeans,1,36,21,9,2.302585092994046
Moulvibazar,Kharif 2,Motor,16,20.81,51.68,19.03,6.77,22.5,15.0,30,82.5,90,75,333.72557471264366,7,mothbeans,1,37,21,9,2.0794415416798357
Munshiganj,Kharif 2,Motor,61,24.22,50.12,20.22,6.48,22.5,15.0,30,82.5,90,75,169.94262295081967,59,mothbeans,1,38,21,9,4.0943445622221
Mymensingh,Kharif 2,Motor,117,20.66,48.84,21.18,7.23,22.5,15.0,30,82.5,90,75,181.08838383838383,68,mothbeans,1,39,21,9,4.23410650459726
Naogaon,Kharif 2,Motor,38,22.39,43.24,20.0,6.82,22.5,15.0,30,82.5,90,75,124.92,18,mothbeans,1,40,21,9,2.9444389791664403
Narail,Kharif 2,Motor,896,21.83,45.24,21.68,6.68,22.5,15.0,30,82.5,90,75,134.2247474747475,377,mothbeans,1,41,21,9,5.934894195619588
Narayanganj,Kharif 2,Motor,16,23.11,47.66,21.47,6.92,22.5,15.0,30,82.5,90,75,169.94262295081967,7,mothbeans,1,42,21,9,2.0794415416798357
Natore,Kharif 2,Motor,2048,21.48,44.75,19.67,6.83,22.5,15.0,30,82.5,90,75,124.92,823,mothbeans,1,44,21,9,6.714170529909472
Netrokona,Kharif 2,Motor,33,20.47,54.96,18.92,7.09,22.5,15.0,30,82.5,90,75,181.08838383838383,14,mothbeans,1,45,21,9,2.70805020110221
Nilphamari,Kharif 2,Motor,3,22.03,52.38,19.49,7.05,22.5,15.0,30,82.5,90,75,179.6013888888889,1,mothbeans,1,46,21,9,0.6931471805599453
Noakhali,Kharif 2,Motor,126,20.57,49.74,20.47,6.61,22.5,15.0,30,82.5,90,75,185.7563131313132,49,mothbeans,1,47,21,9,3.912023005428146
Pabna,Kharif 2,Motor,1734,24.03,48.22,20.89,6.69,22.5,15.0,30,82.5,90,75,124.92,854,mothbeans,1,48,21,9,6.75110146893676
Panchagar,Kharif 2,Motor,27,21.62,47.4,17.59,7.03,22.5,15.0,30,82.5,90,75,154.21843434343435,11,mothbeans,1,49,21,9,2.4849066497880004
Rajbari,Kharif 2,Motor,1801,19.71,48.75,19.89,6.54,22.5,15.0,30,82.5,90,75,155.864898989899,756,mothbeans,1,52,21,9,6.6293632534374485
Rajshahi,Kharif 2,Motor,1241,20.19,44.43,21.8,6.73,22.5,15.0,30,82.5,90,75,124.92,727,mothbeans,1,53,21,9,6.590301048196686
Rangamati,Kharif 2,Motor,152,22.98,48.97,20.74,6.77,22.5,15.0,30,82.5,90,75,204.11111111111111,88,mothbeans,1,54,21,9,4.48863636973214
Rangpur,Kharif 2,Motor,4,20.59,47.56,21.82,6.76,22.5,15.0,30,82.5,90,75,179.6013888888889,2,mothbeans,1,55,21,9,1.0986122886681098
Satkhira,Kharif 2,Motor,9,20.09,42.51,19.97,6.72,22.5,15.0,30,82.5,90,75,140.35353535353536,3,mothbeans,1,56,21,9,1.3862943611198906
Shariatpur,Kharif 2,Motor,305,22.13,45.53,21.37,6.61,22.5,15.0,30,82.5,90,75,155.864898989899,172,mothbeans,1,57,21,9,5.153291594497779
Sherpur,Kharif 2,Motor,11,22.97,46.82,22.21,7.3,22.5,15.0,30,82.5,90,75,181.08838383838383,4,mothbeans,1,58,21,9,1.6094379124341003
Sirajganj,Kharif 2,Motor,10,22.36,53.45,21.82,7.21,22.5,15.0,30,82.5,90,75,142.85416666666666,5,mothbeans,1,59,21,9,1.791759469228055
Sylhet,Kharif 2,Motor,12,20.47,44.16,19.92,7.15,22.5,15.0,30,82.5,90,75,333.72557471264366,4,mothbeans,1,61,21,9,1.6094379124341003
Tangail,Kharif 2,Motor,10,19.61,49.41,19.81,6.75,22.5,15.0,30,82.5,90,75,153.4104938271605,3,mothbeans,1,62,21,9,1.3862943611198906
Thakurgaon,Kharif 2,Motor,32,23.37,43.55,20.82,6.86,22.5,15.0,30,82.5,90,75,154.21843434343435,9,mothbeans,1,63,21,9,2.302585092994046
Bagerhat,Kharif 2,Mug,475,20.58,50.35,20.69,6.71,30.0,25.0,35,70.0,80,60,144.96843434343435,130,mungbean,1,0,22,10,4.875197323201151
Bandarban,Kharif 2,Mug,50,20.67,45.94,18.87,6.59,30.0,25.0,35,70.0,80,60,243.94444444444449,19,mungbean,1,1,22,10,2.995732273553991
Barguna,Kharif 2,Mug,13617,22.66,47.01,19.95,6.92,30.0,25.0,35,70.0,80,60,207.8076923076923,4786,mungbean,1,2,22,10,8.473659189392508
Barishal,Kharif 2,Mug,12212,21.69,51.04,17.46,6.75,30.0,25.0,35,70.0,80,60,175.42564102564103,5055,mungbean,1,3,22,10,8.528330935826693
Bhola,Kharif 2,Mug,25459,21.56,43.63,21.59,6.62,30.0,25.0,35,70.0,80,60,185.23090277777777,9303,mungbean,1,4,22,10,9.1381996941985
Bogura,Kharif 2,Mug,11,23.72,43.32,19.26,6.46,30.0,25.0,35,70.0,80,60,142.85416666666666,4,mungbean,1,5,22,10,1.6094379124341003
Brahmanbaria,Kharif 2,Mug,21,20.18,45.62,19.94,6.54,30.0,25.0,35,70.0,80,60,185.7563131313132,7,mungbean,1,6,22,10,2.0794415416798357
Chandpur,Kharif 2,Mug,167,22.16,50.23,19.5,6.39,30.0,25.0,35,70.0,80,60,168.796875,71,mungbean,1,7,22,10,4.276666119016055
Chapai Nawabganj,Kharif 2,Mug,26,21.06,42.97,21.24,6.72,30.0,25.0,35,70.0,80,60,124.92,7,mungbean,1,8,22,10,2.0794415416798357
Chattogram,Kharif 2,Mug,1678,21.33,39.25,16.49,6.48,30.0,25.0,35,70.0,80,60,243.94444444444449,505,mungbean,1,9,22,10,6.226536669287466
Chuadanga,Kharif 2,Mug,1387,22.91,46.0,19.85,6.67,30.0,25.0,35,70.0,80,60,129.44444444444446,791,mungbean,1,10,22,10,6.674561391814426
Cumilla,Kharif 2,Mug,3,21.67,50.68,19.33,6.96,30.0,25.0,35,70.0,80,60,185.7563131313132,2,mungbean,1,12,22,10,1.0986122886681098
Dhaka,Kharif 2,Mug,61,22.34,45.97,21.93,6.71,30.0,25.0,35,70.0,80,60,169.94262295081967,37,mungbean,1,13,22,10,3.6375861597263857
Dinajpur,Kharif 2,Mug,38,20.53,46.11,18.81,6.7,30.0,25.0,35,70.0,80,60,154.21843434343435,12,mungbean,1,14,22,10,2.5649493574615367
Faridpur,Kharif 2,Mug,960,19.93,50.55,20.79,7.1,30.0,25.0,35,70.0,80,60,155.864898989899,350,mungbean,1,15,22,10,5.860786223465865
Feni,Kharif 2,Mug,1381,19.67,41.98,20.29,6.82,30.0,25.0,35,70.0,80,60,248.1727642276423,722,mungbean,1,16,22,10,6.583409222158765
Gaibandha,Kharif 2,Mug,133,18.51,46.18,21.37,6.65,30.0,25.0,35,70.0,80,60,179.6013888888889,54,mungbean,1,17,22,10,4.007333185232471
Gazipur,Kharif 2,Mug,132,23.58,47.82,19.07,6.43,30.0,25.0,35,70.0,80,60,169.94262295081967,35,mungbean,1,18,22,10,3.58351893845611
Gopalganj,Kharif 2,Mug,169,19.6,48.55,19.0,6.8,30.0,25.0,35,70.0,80,60,155.864898989899,67,mungbean,1,19,22,10,4.219507705176107
Jamalpur,Kharif 2,Mug,87,20.64,47.38,20.38,6.59,30.0,25.0,35,70.0,80,60,181.08838383838383,33,mungbean,1,21,22,10,3.5263605246161616
Jashore,Kharif 2,Mug,1638,21.38,40.22,18.03,6.78,30.0,25.0,35,70.0,80,60,134.2247474747475,636,mungbean,1,22,22,10,6.456769655572163
Jhallokati,Kharif 2,Mug,2269,22.02,45.41,19.23,6.65,30.0,25.0,35,70.0,80,60,175.42564102564103,769,mungbean,1,23,22,10,6.646390514847729
Jhenaidah,Kharif 2,Mug,1654,22.07,48.57,20.33,6.68,30.0,25.0,35,70.0,80,60,134.2247474747475,706,mungbean,1,24,22,10,6.561030665896573
Joypurhat,Kharif 2,Mug,18,20.26,44.49,20.87,6.22,30.0,25.0,35,70.0,80,60,142.85416666666666,5,mungbean,1,25,22,10,1.791759469228055
Khulna,Kharif 2,Mug,217,21.35,48.55,16.4,6.92,30.0,25.0,35,70.0,80,60,144.96843434343435,61,mungbean,1,27,22,10,4.127134385045092
Kishoreganj,Kharif 2,Mug,233,20.68,46.31,20.49,6.59,30.0,25.0,35,70.0,80,60,181.08838383838383,86,mungbean,1,28,22,10,4.465908118654584
Kurigram,Kharif 2,Mug,125,23.01,47.76,18.42,6.73,30.0,25.0,35,70.0,80,60,179.6013888888889,46,mungbean,1,29,22,10,3.8501476017100584
Kushtia,Kharif 2,Mug,157,21.61,44.55,17.46,6.57,30.0,25.0,35,70.0,80,60,129.44444444444446,84,mungbean,1,30,22,10,4.442651256490317
Lakshmipur,Kharif 2,Mug,1542,21.92,46.69,16.49,6.79,30.0,25.0,35,70.0,80,60,185.7563131313132,393,mungbean,1,31,22,10,5.976350909297934
Lalmonirhat,Kharif 2,Mug,118,21.82,49.01,20.84,6.68,30.0,25.0,35,70.0,80,60,179.6013888888889,38,mungbean,1,32,22,10,3.6635616461296463
Madaripur,Kharif 2,Mug,480,22.47,47.73,20.02,6.53,30.0,25.0,35,70.0,80,60,160.41666666666666,154,mungbean,1,33,22,10,5.043425116919247
Magura,Kharif 2,Mug,129,21.22,45.62,19.6,6.99,30.0,25.0,35,70.0,80,60,134.2247474747475,29,mungbean,1,34,22,10,3.4011973816621555
Manikganj,Kharif 2,Mug,268,19.36,47.92,21.53,6.91,30.0,25.0,35,70.0,80,60,169.94262295081967,81,mungbean,1,35,22,10,4.406719247264253
Meherpur,Kharif 2,Mug,78,21.49,49.31,20.63,6.6,30.0,25.0,35,70.0,80,60,129.44444444444446,73,mungbean,1,36,22,10,4.30406509320417
Moulvibazar,Kharif 2,Mug,11,20.17,41.46,21.8,6.82,30.0,25.0,35,70.0,80,60,333.72557471264366,3,mungbean,1,37,22,10,1.3862943611198906
Mymensingh,Kharif 2,Mug,154,21.73,46.33,19.83,6.85,30.0,25.0,35,70.0,80,60,181.08838383838383,58,mungbean,1,39,22,10,4.07753744390572
Naogaon,Kharif 2,Mug,158,22.55,48.49,17.94,6.38,30.0,25.0,35,70.0,80,60,124.92,76,mungbean,1,40,22,10,4.343805421853684
Narail,Kharif 2,Mug,385,21.02,50.68,19.6,6.92,30.0,25.0,35,70.0,80,60,134.2247474747475,153,mungbean,1,41,22,10,5.0369526024136295
Narayanganj,Kharif 2,Mug,29,21.38,43.39,19.57,6.61,30.0,25.0,35,70.0,80,60,169.94262295081967,12,mungbean,1,42,22,10,2.5649493574615367
Narsingdi,Kharif 2,Mug,28,23.13,45.27,20.62,6.65,30.0,25.0,35,70.0,80,60,169.94262295081967,8,mungbean,1,43,22,10,2.1972245773362196
Natore,Kharif 2,Mug,10616,21.29,46.46,19.92,7.25,30.0,25.0,35,70.0,80,60,124.92,3964,mungbean,1,44,22,10,8.285261134068948
Netrokona,Kharif 2,Mug,33,24.27,45.06,20.61,6.78,30.0,25.0,35,70.0,80,60,181.08838383838383,10,mungbean,1,45,22,10,2.3978952727983707
Nilphamari,Kharif 2,Mug,11,21.7,52.2,20.71,6.64,30.0,25.0,35,70.0,80,60,179.6013888888889,5,mungbean,1,46,22,10,1.791759469228055
Noakhali,Kharif 2,Mug,7793,18.77,44.85,22.44,6.28,30.0,25.0,35,70.0,80,60,185.7563131313132,2566,mungbean,1,47,22,10,7.8504931808711405
Pabna,Kharif 2,Mug,462,21.94,45.7,19.49,7.0,30.0,25.0,35,70.0,80,60,124.92,194,mungbean,1,48,22,10,5.272999558563747
Panchagar,Kharif 2,Mug,246,21.47,47.86,18.75,6.45,30.0,25.0,35,70.0,80,60,154.21843434343435,140,mungbean,1,49,22,10,4.948759890378168
Patuakhali,Kharif 2,Mug,12559,22.61,43.87,20.16,6.52,30.0,25.0,35,70.0,80,60,207.8076923076923,4613,mungbean,1,50,22,10,8.4368504387337
Pirojpur,Kharif 2,Mug,602,21.84,46.16,18.91,6.65,30.0,25.0,35,70.0,80,60,175.42564102564103,213,mungbean,1,51,22,10,5.365976015021851
Rajbari,Kharif 2,Mug,150,20.82,48.18,21.64,7.01,30.0,25.0,35,70.0,80,60,155.864898989899,60,mungbean,1,52,22,10,4.110873864173311
Rajshahi,Kharif 2,Mug,8557,19.45,46.34,19.53,6.88,30.0,25.0,35,70.0,80,60,124.92,3746,mungbean,1,53,22,10,8.228710798793687
Rangpur,Kharif 2,Mug,46,19.92,45.78,19.31,6.78,30.0,25.0,35,70.0,80,60,179.6013888888889,20,mungbean,1,55,22,10,3.044522437723423
Satkhira,Kharif 2,Mug,30,20.26,42.98,20.73,6.6,30.0,25.0,35,70.0,80,60,140.35353535353536,8,mungbean,1,56,22,10,2.1972245773362196
Shariatpur,Kharif 2,Mug,215,21.73,48.19,19.68,6.75,30.0,25.0,35,70.0,80,60,155.864898989899,108,mungbean,1,57,22,10,4.6913478822291435
Sherpur,Kharif 2,Mug,11,23.09,52.26,19.11,6.73,30.0,25.0,35,70.0,80,60,181.08838383838383,4,mungbean,1,58,22,10,1.6094379124341003
Sirajganj,Kharif 2,Mug,19,21.49,47.33,21.86,6.92,30.0,25.0,35,70.0,80,60,142.85416666666666,6,mungbean,1,59,22,10,1.9459101490553132
Sylhet,Kharif 2,Mug,9,21.55,49.25,19.91,6.82,30.0,25.0,35,70.0,80,60,333.72557471264366,2,mungbean,1,61,22,10,1.0986122886681098
Tangail,Kharif 2,Mug,2,22.5,43.68,20.65,6.65,30.0,25.0,35,70.0,80,60,153.4104938271605,1,mungbean,1,62,22,10,0.6931471805599453
Thakurgaon,Kharif 2,Mug,171,20.22,52.11,17.93,6.87,30.0,25.0,35,70.0,80,60,154.21843434343435,52,mungbean,1,63,22,10,3.970291913552122
Bagerhat,Kharif 1,Ripe Papaya,90,49.48,59.77,51.48,6.72,30.0,25.0,35,80.0,90,70,144.96843434343435,1026,papaya,0,0,23,12,6.934397209928558
Bandarban,Kharif 1,Ripe Papaya,100,49.92,64.83,46.87,6.52,30.0,25.0,35,80.0,90,70,243.94444444444449,2180,papaya,0,1,23,12,7.687538766201629
Barguna,Kharif 1,Ripe Papaya,150,47.53,56.45,52.51,6.66,30.0,25.0,35,80.0,90,70,207.8076923076923,566,papaya,0,2,23,12,6.340359303727752
Barishal,Kharif 1,Ripe Papaya,170,51.82,65.49,47.15,6.76,30.0,25.0,35,80.0,90,70,175.42564102564103,2330,papaya,0,3,23,12,7.754052639035757
Bhola,Kharif 1,Ripe Papaya,62,49.52,61.8,52.12,6.92,30.0,25.0,35,80.0,90,70,185.23090277777777,952,papaya,0,4,23,12,6.859614903654202
Bogura,Kharif 1,Ripe Papaya,277,51.14,61.01,53.36,6.7,30.0,25.0,35,80.0,90,70,142.85416666666666,4862,papaya,0,5,23,12,8.489410810403786
Brahmanbaria,Kharif 1,Ripe Papaya,39,47.22,59.88,52.63,6.5,30.0,25.0,35,80.0,90,70,185.7563131313132,569,papaya,0,6,23,12,6.345636360828596
Chandpur,Kharif 1,Ripe Papaya,191,48.57,58.17,50.79,6.75,30.0,25.0,35,80.0,90,70,168.796875,1682,papaya,0,7,23,12,7.428333194190806
Chapai Nawabganj,Kharif 1,Ripe Papaya,86,52.04,63.3,49.35,6.76,30.0,25.0,35,80.0,90,70,124.92,1375,papaya,0,8,23,12,7.226936018493289
Chattogram,Kharif 1,Ripe Papaya,200,48.76,59.55,48.31,6.78,30.0,25.0,35,80.0,90,70,243.94444444444449,2739,papaya,0,9,23,12,7.9157131993821155
Chuadanga,Kharif 1,Ripe Papaya,69,55.05,52.08,54.46,6.93,30.0,25.0,35,80.0,90,70,129.44444444444446,1939,papaya,0,10,23,12,7.570443252057374
CoxsBazar,Kharif 1,Ripe Papaya,100,48.68,55.09,47.94,6.95,30.0,25.0,35,80.0,90,70,303.40277777777777,4086,papaya,0,11,23,12,8.315566483564277
Cumilla,Kharif 1,Ripe Papaya,190,50.55,58.39,46.93,6.62,30.0,25.0,35,80.0,90,70,185.7563131313132,2409,papaya,0,12,23,12,7.787382026484701
Dhaka,Kharif 1,Ripe Papaya,160,52.67,60.15,52.04,6.62,30.0,25.0,35,80.0,90,70,169.94262295081967,1614,papaya,0,13,23,12,7.387090235656757
Dinajpur,Kharif 1,Ripe Papaya,158,45.64,58.85,47.65,6.53,30.0,25.0,35,80.0,90,70,154.21843434343435,2472,papaya,0,14,23,12,7.813187267521416
Faridpur,Kharif 1,Ripe Papaya,55,44.61,63.37,47.19,6.88,30.0,25.0,35,80.0,90,70,155.864898989899,1089,papaya,0,15,23,12,6.993932975223189
Feni,Kharif 1,Ripe Papaya,60,45.31,52.14,45.71,7.03,30.0,25.0,35,80.0,90,70,248.1727642276423,492,papaya,0,16,23,12,6.20050917404269
Gaibandha,Kharif 1,Ripe Papaya,147,53.66,59.56,48.59,6.68,30.0,25.0,35,80.0,90,70,179.6013888888889,1525,papaya,0,17,23,12,7.330405211844402
Gazipur,Kharif 1,Ripe Papaya,200,48.23,52.61,49.79,6.69,30.0,25.0,35,80.0,90,70,169.94262295081967,1719,papaya,0,18,23,12,7.450079569807499
Gopalganj,Kharif 1,Ripe Papaya,114,57.54,61.74,50.77,7.04,30.0,25.0,35,80.0,90,70,155.864898989899,1064,papaya,0,19,23,12,6.970730078143525
Habiganj,Kharif 1,Ripe Papaya,20,48.19,58.72,52.9,6.84,30.0,25.0,35,80.0,90,70,333.72557471264366,510,papaya,0,20,23,12,6.236369590203704
Jamalpur,Kharif 1,Ripe Papaya,155,50.43,60.54,51.62,6.83,30.0,25.0,35,80.0,90,70,181.08838383838383,3255,papaya,0,21,23,12,8.08825472712243
Jashore,Kharif 1,Ripe Papaya,150,54.5,55.99,49.47,6.5,30.0,25.0,35,80.0,90,70,134.2247474747475,3307,papaya,0,22,23,12,8.104099056143582
Jhallokati,Kharif 1,Ripe Papaya,130,55.88,63.58,49.44,6.88,30.0,25.0,35,80.0,90,70,175.42564102564103,1318,papaya,0,23,23,12,7.1846291527173145
Jhenaidah,Kharif 1,Ripe Papaya,107,56.05,62.74,51.57,6.55,30.0,25.0,35,80.0,90,70,134.2247474747475,1190,papaya,0,24,23,12,7.0825485693553
Joypurhat,Kharif 1,Ripe Papaya,47,53.5,61.12,53.86,6.51,30.0,25.0,35,80.0,90,70,142.85416666666666,563,papaya,0,25,23,12,6.335054251498059
Khagrachari,Kharif 1,Ripe Papaya,150,52.94,58.59,50.42,6.67,30.0,25.0,35,80.0,90,70,204.11111111111111,2404,papaya,0,26,23,12,7.785305182539862
Khulna,Kharif 1,Ripe Papaya,200,51.65,61.1,48.63,6.62,30.0,25.0,35,80.0,90,70,144.96843434343435,1099,papaya,0,27,23,12,7.003065458786462
Kishoreganj,Kharif 1,Ripe Papaya,90,52.21,56.55,47.06,6.7,30.0,25.0,35,80.0,90,70,181.08838383838383,1167,papaya,0,28,23,12,7.0630481633881725
Kurigram,Kharif 1,Ripe Papaya,70,48.23,62.08,45.7,6.45,30.0,25.0,35,80.0,90,70,179.6013888888889,1073,papaya,0,29,23,12,6.97914527506881
Kushtia,Kharif 1,Ripe Papaya,126,47.43,64.89,52.04,6.93,30.0,25.0,35,80.0,90,70,129.44444444444446,5518,papaya,0,30,23,12,8.615951963439501
Lakshmipur,Kharif 1,Ripe Papaya,165,49.87,62.84,51.78,6.97,30.0,25.0,35,80.0,90,70,185.7563131313132,3564,papaya,0,31,23,12,8.178919332848396
Lalmonirhat,Kharif 1,Ripe Papaya,75,49.37,56.47,51.77,6.35,30.0,25.0,35,80.0,90,70,179.6013888888889,773,papaya,0,32,23,12,6.651571873589727
Madaripur,Kharif 1,Ripe Papaya,134,48.52,60.33,49.65,6.94,30.0,25.0,35,80.0,90,70,160.41666666666666,1095,papaya,0,33,23,12,6.999422467507961
Magura,Kharif 1,Ripe Papaya,95,51.96,54.47,54.26,6.58,30.0,25.0,35,80.0,90,70,134.2247474747475,2449,papaya,0,34,23,12,7.803843303538772
Manikganj,Kharif 1,Ripe Papaya,110,52.74,61.08,48.59,6.91,30.0,25.0,35,80.0,90,70,169.94262295081967,1519,papaya,0,35,23,12,7.326465613840322
Meherpur,Kharif 1,Ripe Papaya,55,50.14,60.65,52.91,6.73,30.0,25.0,35,80.0,90,70,129.44444444444446,1590,papaya,0,36,23,12,7.372118028337787
Moulvibazar,Kharif 1,Ripe Papaya,45,54.3,52.43,49.92,6.75,30.0,25.0,35,80.0,90,70,333.72557471264366,919,papaya,0,37,23,12,6.824373670043086
Munshiganj,Kharif 1,Ripe Papaya,92,46.46,54.93,48.21,6.7,30.0,25.0,35,80.0,90,70,169.94262295081967,516,papaya,0,38,23,12,6.248042874508429
Mymensingh,Kharif 1,Ripe Papaya,400,49.3,58.05,51.82,6.99,30.0,25.0,35,80.0,90,70,181.08838383838383,4798,papaya,0,39,23,12,8.476162841858246
Naogaon,Kharif 1,Ripe Papaya,70,47.73,57.98,51.27,6.49,30.0,25.0,35,80.0,90,70,124.92,1556,papaya,0,40,23,12,7.350516171833998
Narail,Kharif 1,Ripe Papaya,29,44.29,54.76,51.11,6.86,30.0,25.0,35,80.0,90,70,134.2247474747475,1388,papaya,0,41,23,12,7.236339342754344
Narayanganj,Kharif 1,Ripe Papaya,57,49.63,60.43,50.28,6.96,30.0,25.0,35,80.0,90,70,169.94262295081967,931,papaya,0,42,23,12,6.837332814685591
Narsingdi,Kharif 1,Ripe Papaya,147,49.52,59.94,49.93,6.88,30.0,25.0,35,80.0,90,70,169.94262295081967,1471,papaya,0,43,23,12,7.294377299288821
Natore,Kharif 1,Ripe Papaya,330,54.41,58.36,57.21,7.21,30.0,25.0,35,80.0,90,70,124.92,8135,papaya,0,44,23,12,9.004053937728395
Netrokona,Kharif 1,Ripe Papaya,60,51.77,56.37,53.6,6.63,30.0,25.0,35,80.0,90,70,181.08838383838383,950,papaya,0,45,23,12,6.85751406254539
Nilphamari,Kharif 1,Ripe Papaya,72,46.81,62.77,52.21,6.93,30.0,25.0,35,80.0,90,70,179.6013888888889,1383,papaya,0,46,23,12,7.232733136177615
Noakhali,Kharif 1,Ripe Papaya,150,55.43,64.92,50.38,6.72,30.0,25.0,35,80.0,90,70,185.7563131313132,2146,papaya,0,47,23,12,7.671826797878781
Pabna,Kharif 1,Ripe Papaya,399,53.53,57.34,53.06,6.99,30.0,25.0,35,80.0,90,70,124.92,4537,papaya,0,48,23,12,8.420241665339788
Panchagar,Kharif 1,Ripe Papaya,65,51.62,56.88,51.6,6.74,30.0,25.0,35,80.0,90,70,154.21843434343435,1270,papaya,0,49,23,12,7.147559271189454
Patuakhali,Kharif 1,Ripe Papaya,120,49.2,60.79,50.12,6.66,30.0,25.0,35,80.0,90,70,207.8076923076923,291,papaya,0,50,23,12,5.676753802268282
Pirojpur,Kharif 1,Ripe Papaya,52,47.01,57.78,49.13,7.0,30.0,25.0,35,80.0,90,70,175.42564102564103,900,papaya,0,51,23,12,6.803505257608338
Rajbari,Kharif 1,Ripe Papaya,90,48.77,58.56,49.8,6.64,30.0,25.0,35,80.0,90,70,155.864898989899,2001,papaya,0,52,23,12,7.601901959875166
Rajshahi,Kharif 1,Ripe Papaya,175,53.14,61.67,40.52,6.45,30.0,25.0,35,80.0,90,70,124.92,2881,papaya,0,53,23,12,7.966239776559467
Rangamati,Kharif 1,Ripe Papaya,300,55.52,52.29,50.67,6.64,30.0,25.0,35,80.0,90,70,204.11111111111111,4638,papaya,0,54,23,12,8.442254104751743
Rangpur,Kharif 1,Ripe Papaya,100,54.5,63.72,48.57,6.87,30.0,25.0,35,80.0,90,70,179.6013888888889,1482,papaya,0,55,23,12,7.301822342137932
Satkhira,Kharif 1,Ripe Papaya,200,48.42,59.31,54.82,7.02,30.0,25.0,35,80.0,90,70,140.35353535353536,1693,papaya,0,56,23,12,7.434847875211999
Shariatpur,Kharif 1,Ripe Papaya,120,46.53,57.59,50.1,6.76,30.0,25.0,35,80.0,90,70,155.864898989899,1929,papaya,0,57,23,12,7.5652752818989315
Sherpur,Kharif 1,Ripe Papaya,115,50.3,58.73,46.47,7.01,30.0,25.0,35,80.0,90,70,181.08838383838383,1049,papaya,0,58,23,12,6.956545443151569
Sirajganj,Kharif 1,Ripe Papaya,180,44.59,58.92,49.89,6.47,30.0,25.0,35,80.0,90,70,142.85416666666666,2881,papaya,0,59,23,12,7.966239776559467
Sunamganj,Kharif 1,Ripe Papaya,60,50.85,52.92,46.9,6.65,30.0,25.0,35,80.0,90,70,333.72557471264366,470,papaya,0,60,23,12,6.154858094016418
Sylhet,Kharif 1,Ripe Papaya,55,49.44,64.35,51.46,6.68,30.0,25.0,35,80.0,90,70,333.72557471264366,606,papaya,0,61,23,12,6.408528791059498
Tangail,Kharif 1,Ripe Papaya,390,48.49,59.2,50.91,6.72,30.0,25.0,35,80.0,90,70,153.4104938271605,5273,papaya,0,62,23,12,8.570544366913232
Thakurgaon,Kharif 1,Ripe Papaya,44,45.11,60.62,52.92,6.76,30.0,25.0,35,80.0,90,70,154.21843434343435,580,papaya,0,63,23,12,6.364750756851911
Bagerhat,Rabi,Wheat,259,82.35,50.3,37.98,6.56,17.75,15.5,20,55.0,60,50,144.96843434343435,200,rice,2,0,24,15,5.303304908059076
Barishal,Rabi,Wheat,1800,66.12,46.82,41.55,6.42,17.75,15.5,20,55.0,60,50,175.42564102564103,1696,rice,2,3,24,15,7.436617265234227
Bhola,Rabi,Wheat,5670,79.76,50.0,41.11,6.25,17.75,15.5,20,55.0,60,50,185.23090277777777,7005,rice,2,4,24,15,8.854522203757432
Bogura,Rabi,Wheat,6264,88.39,41.51,41.06,6.41,17.75,15.5,20,55.0,60,50,142.85416666666666,7424,rice,2,5,24,15,8.9126079636709
Brahmanbaria,Rabi,Wheat,1898,87.85,47.3,39.87,6.4,17.75,15.5,20,55.0,60,50,185.7563131313132,1378,rice,2,6,24,15,7.229113877793302
Chandpur,Rabi,Wheat,107,77.7,45.86,40.86,6.4,17.75,15.5,20,55.0,60,50,168.796875,117,rice,2,7,24,15,4.770684624465665
Chuadanga,Rabi,Wheat,1869,75.1,45.56,40.2,6.35,17.75,15.5,20,55.0,60,50,129.44444444444446,2812,rice,2,10,24,15,7.9420068084898565
Cumilla,Rabi,Wheat,1231,83.56,47.26,37.79,6.2,17.75,15.5,20,55.0,60,50,185.7563131313132,1259,rice,2,12,24,15,7.138866999945524
Dhaka,Rabi,Wheat,372,85.77,45.02,40.1,6.29,17.75,15.5,20,55.0,60,50,169.94262295081967,455,rice,2,13,24,15,6.1224928095143865
Dinajpur,Rabi,Wheat,10237,79.41,49.98,42.51,6.97,17.75,15.5,20,55.0,60,50,154.21843434343435,13095,rice,2,14,24,15,9.48006211905097
Feni,Rabi,Wheat,150,75.68,39.28,39.31,6.17,17.75,15.5,20,55.0,60,50,248.1727642276423,161,rice,2,16,24,15,5.087596335232384
Gaibandha,Rabi,Wheat,7317,75.93,46.51,38.9,6.57,17.75,15.5,20,55.0,60,50,179.6013888888889,8743,rice,2,17,24,15,9.076123029856374
Gazipur,Rabi,Wheat,167,78.8,44.62,38.59,6.03,17.75,15.5,20,55.0,60,50,169.94262295081967,199,rice,2,18,24,15,5.298317366548036
Gopalganj,Rabi,Wheat,13291,81.65,42.92,40.58,6.38,17.75,15.5,20,55.0,60,50,155.864898989899,15409,rice,2,19,24,15,9.642771928314161
Habiganj,Rabi,Wheat,550,84.27,44.05,36.29,6.84,17.75,15.5,20,55.0,60,50,333.72557471264366,591,rice,2,20,24,15,6.3835066348840055
Jamalpur,Rabi,Wheat,10623,76.04,47.89,42.93,6.13,17.75,15.5,20,55.0,60,50,181.08838383838383,12169,rice,2,21,24,15,9.406729185981574
Jashore,Rabi,Wheat,1890,87.05,51.37,38.28,6.05,17.75,15.5,20,55.0,60,50,134.2247474747475,2320,rice,2,22,24,15,7.749753406274437
Jhallokati,Rabi,Wheat,160,78.59,48.47,41.6,6.14,17.75,15.5,20,55.0,60,50,175.42564102564103,199,rice,2,23,24,15,5.298317366548036
Jhenaidah,Rabi,Wheat,13261,79.79,45.85,36.83,6.6,17.75,15.5,20,55.0,60,50,134.2247474747475,18652,rice,2,24,24,15,9.833762270044563
Joypurhat,Rabi,Wheat,5649,76.31,48.88,41.47,6.65,17.75,15.5,20,55.0,60,50,142.85416666666666,6197,rice,2,25,24,15,8.731981938347694
Khulna,Rabi,Wheat,497,84.13,45.6,40.79,6.56,17.75,15.5,20,55.0,60,50,144.96843434343435,517,rice,2,27,24,15,6.249975242259483
Kishoreganj,Rabi,Wheat,3030,83.42,44.28,37.49,6.7,17.75,15.5,20,55.0,60,50,181.08838383838383,3084,rice,2,28,24,15,8.034306936339489
Kurigram,Rabi,Wheat,20932,78.54,42.58,40.47,6.77,17.75,15.5,20,55.0,60,50,179.6013888888889,27995,rice,2,29,24,15,10.23981692180943
Kushtia,Rabi,Wheat,27399,80.21,46.47,37.04,6.38,17.75,15.5,20,55.0,60,50,129.44444444444446,42760,rice,2,30,24,15,10.6633817512079
Lalmonirhat,Rabi,Wheat,3302,72.4,47.3,42.33,6.27,17.75,15.5,20,55.0,60,50,179.6013888888889,4016,rice,2,32,24,15,8.298290634359283
Madaripur,Rabi,Wheat,11787,77.35,46.39,41.78,6.35,17.75,15.5,20,55.0,60,50,160.41666666666666,14079,rice,2,33,24,15,9.552510629712033
Magura,Rabi,Wheat,10947,83.7,44.88,39.91,6.38,17.75,15.5,20,55.0,60,50,134.2247474747475,12394,rice,2,34,24,15,9.42504844446929
Manikganj,Rabi,Wheat,3993,73.88,49.32,37.54,6.39,17.75,15.5,20,55.0,60,50,169.94262295081967,4534,rice,2,35,24,15,8.419580362549237
Moulvibazar,Rabi,Wheat,88,73.39,49.8,39.92,6.68,17.75,15.5,20,55.0,60,50,333.72557471264366,62,rice,2,37,24,15,4.143134726391533
Munshiganj,Rabi,Wheat,21,82.13,44.72,34.32,6.4,17.75,15.5,20,55.0,60,50,169.94262295081967,24,rice,2,38,24,15,3.2188758248682006
Mymensingh,Rabi,Wheat,3247,79.72,45.43,41.74,6.64,17.75,15.5,20,55.0,60,50,181.08838383838383,3642,rice,2,39,24,15,8.200562797008564
Narail,Rabi,Wheat,3717,85.47,46.15,42.75,6.44,17.75,15.5,20,55.0,60,50,134.2247474747475,4397,rice,2,41,24,15,8.388905171114706
Narayanganj,Rabi,Wheat,140,76.37,50.36,37.25,6.6,17.75,15.5,20,55.0,60,50,169.94262295081967,107,rice,2,42,24,15,4.68213122712422
Narsingdi,Rabi,Wheat,241,76.01,49.05,32.27,6.44,17.75,15.5,20,55.0,60,50,169.94262295081967,218,rice,2,43,24,15,5.389071729816501
Netrokona,Rabi,Wheat,2005,85.4,49.07,40.57,6.15,17.75,15.5,20,55.0,60,50,181.08838383838383,1741,rice,2,45,24,15,7.462789157412448
Nilphamari,Rabi,Wheat,12475,75.02,44.43,35.83,6.33,17.75,15.5,20,55.0,60,50,179.6013888888889,16265,rice,2,46,24,15,9.69683231872672
Noakhali,Rabi,Wheat,21,80.19,46.64,37.53,6.41,17.75,15.5,20,55.0,60,50,185.7563131313132,20,rice,2,47,24,15,3.044522437723423
Patuakhali,Rabi,Wheat,31,80.74,44.16,41.62,6.43,17.75,15.5,20,55.0,60,50,207.8076923076923,41,rice,2,50,24,15,3.7376696182833684
Pirojpur,Rabi,Wheat,57,78.13,50.13,38.31,6.16,17.75,15.5,20,55.0,60,50,175.42564102564103,42,rice,2,51,24,15,3.7612001156935624
Rajbari,Rabi,Wheat,29485,75.92,50.13,34.87,6.59,17.75,15.5,20,55.0,60,50,155.864898989899,31246,rice,2,52,24,15,10.349678650556253
Rangpur,Rabi,Wheat,4235,65.89,49.61,38.91,6.43,17.75,15.5,20,55.0,60,50,179.6013888888889,7112,rice,2,55,24,15,8.869679374733515
Satkhira,Rabi,Wheat,1843,81.98,54.09,39.6,6.12,17.75,15.5,20,55.0,60,50,140.35353535353536,2165,rice,2,56,24,15,7.680637427560936
Shariatpur,Rabi,Wheat,10260,84.22,45.82,40.5,6.3,17.75,15.5,20,55.0,60,50,155.864898989899,13473,rice,2,57,24,15,9.508517181520606
Sherpur,Rabi,Wheat,2080,68.56,43.2,39.51,6.26,17.75,15.5,20,55.0,60,50,181.08838383838383,2440,rice,2,58,24,15,7.80016307039296
Sirajganj,Rabi,Wheat,13460,75.05,42.21,36.85,6.59,17.75,15.5,20,55.0,60,50,142.85416666666666,15470,rice,2,59,24,15,9.646722582719068
Sunamganj,Rabi,Wheat,1172,82.86,49.61,41.03,6.45,17.75,15.5,20,55.0,60,50,333.72557471264366,830,rice,2,60,24,15,6.7226297948554485
Sylhet,Rabi,Wheat,590,89.75,42.2,35.21,6.18,17.75,15.5,20,55.0,60,50,333.72557471264366,437,rice,2,61,24,15,6.082218910376446
Tangail,Rabi,Wheat,11985,79.99,46.52,34.97,6.6,17.75,15.5,20,55.0,60,50,153.4104938271605,13613,rice,2,62,24,15,9.518853954007897
