N,P,K,ph,Avg Temp,Avg Humidity,Rainfall,Season_enc,District_enc
-0.7544132489237901,-1.5460479953170658,-1.3032522569658171,0.5003798853468657,0.6755421267289823,0.6896332126703502,-0.14853818596760926,-0.9501890011946215,0.35770164133406146
1.4856407595111254,-0.015487785120578188,0.43139595657743346,-0.3393494385323739,-0.688254438604946,-0.49973421207996455,0.04947202604506849,1.6178893804124637,0.03077003366314515
-0.6797950299348747,0.05223192714987283,-0.5533782896528494,0.3667865838206227,1.2000792672420315,0.009994684241598885,0.04947202604506849,0.3338501896089211,0.03077003366314515
-0.7412231597085778,-0.16466057788415905,-0.495556682534741,0.462210370625083,-0.37353215429711634,0.859542844777538,-1.071527641662064,0.3338501896089211,1.175030660511352
-0.7310479480282712,1.016409089266225,-0.6497476348496968,-1.007315946163586,0.7804495548315921,-2.3687401652590303,1.4552243401488365,0.3338501896089211,-0.8410475867926316
-0.8392066795930122,-1.3779326256946174,0.689183954979,0.04234570868546231,-0.5833470105023361,0.859542844777538,0.04947202604506849,-0.9501890011946215,-0.132695770172313
1.2011116921544025,-0.01880273607088,0.5747453575577439,-0.05307807811899633,0.36081984242115267,0.1799043163487867,0.5519353142862375,1.6178893804124637,1.2295192617898383
-0.8120727817788612,-1.4887467003189918,-1.280364537481566,1.473702510752347,0.6755421267289823,0.6896332126703502,0.5519353142862375,-0.9501890011946215,-0.29616157400777116
-0.7762711110518562,-0.9441476156265535,0.021826239490832743,-0.6447055563066412,1.5148015515498612,0.009994684241598885,-0.6605233000805926,-0.9501890011946215,-1.7128652072484083
-0.696376856376856,-0.21391127771721433,-0.6298714574028469,0.23319328229438127,1.2000792672420315,0.009994684241598885,-0.14853818596760926,0.3338501896089211,0.5756560464480056
1.5557366621976823,-0.14098235681057478,0.45368136765420464,0.5385494000686486,0.36081984242115267,0.1799043163487867,1.4552243401488365,-0.9501890011946215,-0.8410475867926316
-0.7408463000167147,0.7204313258464211,-0.634087616255209,-1.4080958507423136,0.15100498621593295,0.1799043163487867,0.17565148437119396,0.3338501896089211,-1.0590019919065758
-0.8116959220869979,-1.464594914823936,-1.300843023335896,1.168346392978078,-1.4226064353232148,0.5197235805631623,-0.4708930229974518,1.6178893804124637,0.9570762553974079
1.6303548811865978,0.10763896446206012,-0.5624129157650538,-0.568366526863074,0.5706346986263724,0.1799043163487867,-0.14853818596760926,-0.9501890011946215,0.35770164133406146
-0.7589355652261487,0.9785239355484895,-0.5515713644304084,-1.2554177918551792,-1.7373287196310445,-0.15991494786558894,1.4552243401488365,-0.9501890011946215,-0.8410475867926316
-0.7125818231269739,-1.5190548232931798,0.16577794887862338,-0.41568846797594117,0.15100498621593295,0.009994684241598885,-0.14853818596760926,-0.9501890011946215,0.1942358374986033
-0.8098116236276819,-1.3447831161915993,-1.2104967622138518,1.7027195990830486,-1.4226064353232148,0.5197235805631623,-0.7038669936344721,1.6178893804124637,-0.3506501752862572
-0.6975074354524455,0.030447963762175255,-0.8208032225741007,0.8248207604820261,1.2000792672420315,0.009994684241598885,-0.6605233000805926,0.3338501896089211,-0.2416729727292851
0.5073129994342342,0.42208574031925933,1.095139821620719,0.5003798853468657,0.15100498621593295,0.009994684241598885,3.2091057625825927,-0.9501890011946215,1.5564508694607544
-0.06287571435480137,0.8724455051388322,2.889416567504519,1.6454653270003727,0.6755421267289823,-2.3687401652590303,-1.071527641662064,0.3338501896089211,0.6846332490049777
-0.7340628255631769,-1.5323146270943866,-1.217122154696135,0.9011597899255934,0.6755421267289823,0.6896332126703502,0.04947202604506849,-0.9501890011946215,-0.132695770172313
-0.7171041394293325,-1.547468688581481,-1.2086898369914107,0.9584140620082693,0.6755421267289823,0.6896332126703502,-0.036133187396772105,-0.9501890011946215,1.0660534579543801
0.23333600344968106,0.5982517051067263,1.4276140625498421,1.130176878256295,0.15100498621593295,0.009994684241598885,3.2091057625825927,-0.9501890011946215,0.30321304005557537
0.3641063165262149,0.6579208222121585,1.3306424089455144,0.8248207604820261,1.2000792672420315,0.6896332126703502,0.1648802723794888,-0.9501890011946215,-1.4949108021344641
-0.6858247850046861,-1.4290775832135594,-0.20885788057412052,-0.9309769167200188,0.15100498621593295,0.009994684241598885,0.04947202604506849,-0.9501890011946215,0.7936104515619499
-0.7189884378886484,1.0438758257115826,-0.6226437565130833,-1.312672063937855,-1.7373287196310445,-0.15991494786558894,0.6277173376989961,-0.9501890011946215,1.011564856675894
-0.7442380372434836,-1.4413902581718232,-1.2026667529166077,1.3591939665869968,-1.4226064353232148,0.5197235805631623,-0.4708930229974518,1.6178893804124637,1.7199166732962126
0.393501372491545,0.5125365448203512,0.9903381587191477,0.996583576730052,1.2000792672420315,0.6896332126703502,0.07995627083360438,-0.9501890011946215,1.4474736669037824
-0.7623273024529176,1.3100190305786694,-0.6636007282217434,1.130176878256295,-1.9471435758362643,1.3692717410991013,-0.4371395584442967,0.3338501896089211,-0.6775817829571735
-0.6104528466320442,-1.444705209122125,0.012189304971148009,-0.5874512842239671,0.15100498621593295,0.009994684241598885,0.07995627083360438,-0.9501890011946215,0.4121902426125475
0.4929923311434322,0.5059066429197479,1.2282499796738646,0.3477018264597313,1.2000792672420315,0.6896332126703502,0.5519353142862375,-0.9501890011946215,-0.29616157400777116
-0.6873322237721389,-0.024011944707068515,-0.7491285220839454,1.0347530914518366,-0.37353215429711634,0.859542844777538,-0.4708930229974518,0.3338501896089211,0.9570762553974079
2.468490835890375,1.566690947016323,1.2589677084553594,-0.8355531299155602,0.15100498621593295,0.6896332126703502,0.17565148437119396,1.6178893804124637,0.8480990528404359
1.6375152153319987,-0.0206969937567667,-0.7352754287118987,-0.014908563397211857,-0.7931618667075557,-0.6696438441871524,-1.071527641662064,1.6178893804124637,0.902587654118922
1.3831349233243326,0.06596529537255166,-0.7292523446370955,-0.5301970121412912,0.5706346986263724,0.1799043163487867,0.17565148437119396,-0.9501890011946215,-1.3859335995774922
0.4560600813408378,0.3107981012734132,1.4595364081462978,0.1759390102117054,1.2000792672420315,0.6896332126703502,-0.8807750101134133,-0.9501890011946215,0.13974723622011725
-0.6707503973301577,-1.449440853336842,0.01700777223099027,-0.49202749741950674,0.15100498621593295,0.009994684241598885,-0.4371395584442967,-0.9501890011946215,-0.8955361880711177
1.2745993320677285,-0.052899374416841304,0.4338051902073546,0.5194646427077572,1.2000792672420315,0.3498139484559745,-0.6605233000805926,-0.9501890011946215,-1.7128652072484083
1.3631613596555825,0.10148262698292808,-0.6798630552237116,-0.6828750710284257,0.5706346986263724,0.1799043163487867,-0.14853818596760926,-0.9501890011946215,0.1942358374986033
-0.0214211482498483,1.0547678074054314,-0.6256552985504849,0.882075032564702,0.6755421267289823,-2.3687401652590303,3.2091057625825927,0.3338501896089211,0.30321304005557537
-0.6624594841091671,-1.495850166641067,-1.2725345281843223,0.6339731868731089,0.6755421267289823,0.6896332126703502,0.5519353142862375,-0.9501890011946215,1.2295192617898383
-0.7604430039936015,-0.18170889705713972,-0.5310928785760785,0.5003798853468657,-0.37353215429711634,0.859542844777538,0.07995627083360438,0.3338501896089211,-0.18718437145079905
-0.7645884606040968,1.0183033469521112,-0.7684023911233149,0.29044755437705544,-1.9471435758362643,1.3692717410991013,-0.036133187396772105,0.3338501896089211,-1.5493994034129503
-0.818856256232399,1.2015727780616539,-0.850316334540635,1.0538378488127278,-1.9471435758362643,1.3692717410991013,-0.14853818596760926,0.3338501896089211,0.35770164133406146
1.3612770611962666,0.21371739487171776,0.42055440524278814,-0.14850186492345496,0.36081984242115267,0.1799043163487867,-0.14853818596760926,-0.9501890011946215,0.6301446477264917
-0.7936066568775639,-1.5242640319293683,-1.2195313883260561,0.3858713411815158,0.6755421267289823,1.0294524768847257,0.04947202604506849,-0.9501890011946215,1.2840078630683243
-0.7860694630402998,0.9240640270792461,-0.49495437412726084,-1.4844348801858809,-1.7373287196310445,-0.15991494786558894,-0.6605233000805926,-0.9501890011946215,-0.2416729727292851
-0.7706182156739082,0.8729190695603041,-0.599153728621352,0.576718914790433,-1.9471435758362643,1.3692717410991013,0.07995627083360438,0.3338501896089211,0.4121902426125475
-0.7438611775516203,-1.4849581849472182,-1.223145238770938,0.882075032564702,-1.4226064353232148,0.5197235805631623,3.2091057625825927,1.6178893804124637,1.6109394707392406
-0.6922313997663607,1.0732368198428266,-0.7816531760878813,-1.5607739096294482,-1.7373287196310445,-0.15991494786558894,1.3685413723559798,-0.9501890011946215,-1.6583766059699223
-0.694869417609403,-0.10783284730755667,-0.6684191954815859,0.7103122163166762,-0.37353215429711634,0.859542844777538,1.4552243401488365,0.3338501896089211,-0.8410475867926316
1.2433199776430817,0.028553706076288553,-0.5642198409874947,-1.4844348801858809,-0.7931618667075557,-0.6696438441871524,-0.4371395584442967,1.6178893804124637,-0.6775817829571735
1.4980771293426112,0.23455422941647183,-0.6015629622512731,-0.6256207989457498,0.5706346986263724,0.1799043163487867,-0.6605233000805926,-0.9501890011946215,-0.2416729727292851
0.07731609101831241,1.2891821960339154,2.6039223823588595,1.130176878256295,0.6755421267289823,-2.3687401652590303,-0.8807750101134133,0.3338501896089211,-0.40513877656474323
0.4432468518174886,0.42492712684808953,1.2993223717565394,0.4812951279859744,1.2000792672420315,0.6896332126703502,-0.4708930229974518,-0.9501890011946215,0.9570762553974079
-0.7589355652261487,0.9103306588565668,-0.6732376627414282,1.130176878256295,-1.9471435758362643,1.3692717410991013,0.17565148437119396,0.3338501896089211,-1.0590019919065758
2.1274328147541706,1.6817671014339428,1.1884976247801649,-0.7782988578328843,0.15100498621593295,0.6896332126703502,-0.8807750101134133,1.6178893804124637,0.5211674451695196
1.468682073377281,-0.09409947908487783,0.4115197791305838,-0.41568846797594117,-0.688254438604946,-0.49973421207996455,0.04947202604506849,1.6178893804124637,-0.7865589855141456
1.3315051455390727,-0.06521204937510504,-0.5997560370288322,-0.9500616740809101,0.5706346986263724,0.1799043163487867,-0.9787739493758718,-0.9501890011946215,-0.07820716889382695
0.1044499888324637,0.8402431244787579,-0.6039721958811942,1.435532996030564,0.6755421267289823,-2.3687401652590303,0.07995627083360438,0.3338501896089211,-0.18718437145079905
1.2821365259049922,0.06691242421549519,0.4524767508392439,-0.18667137964523944,-1.37015272127191,-1.009463108401528,-0.14853818596760926,1.6178893804124637,0.1942358374986033
0.31549141627586064,0.22271511887967968,1.1903045500026057,0.3858713411815158,1.2000792672420315,0.6896332126703502,-0.14853818596760926,-0.9501890011946215,-0.7320703842356595
1.7087416970941454,0.07827797033081574,-0.6840792140760734,-1.0454854608853688,-0.7931618667075557,-0.6696438441871524,3.2091057625825927,1.6178893804124637,1.5564508694607544
1.4879019176623047,-0.026379766814426806,0.3524935551975151,0.13776949548992093,0.36081984242115267,0.1799043163487867,-0.14853818596760926,0.3338501896089211,0.5756560464480056
-0.6119602853994971,-1.4503879821797852,-0.11971623626703677,-0.4538579826977239,0.15100498621593295,0.009994684241598885,-0.9787739493758718,-0.9501890011946215,-0.07820716889382695
0.6101956953128903,0.7024358778304972,1.2975154465340983,0.11868473812902955,1.2000792672420315,0.6896332126703502,-0.8807750101134133,-0.9501890011946215,-0.40513877656474323
-0.8060430267090499,-1.3561486623069199,0.5331860774416036,0.4812951279859744,-0.5833470105023361,0.859542844777538,-0.4371395584442967,-0.9501890011946215,1.3929850656252964
-0.7212495960398279,-1.06680080078772,0.08446631386878342,-1.4844348801858809,1.5148015515498612,0.009994684241598885,0.04947202604506849,-0.9501890011946215,0.7936104515619499
0.07844667009390209,0.9771032422840751,2.650300129734842,0.6721427015948916,0.6755421267289823,-2.3687401652590303,1.3685413723559798,0.3338501896089211,-1.6583766059699223
-0.7423537387841674,-0.9441476156265535,0.19348413562271702,-1.121824490328936,1.5148015515498612,0.009994684241598885,0.07995627083360438,-0.9501890011946215,0.7391218502834638
-0.8011438507148281,-1.0663272363662484,-0.0889985074855416,-1.5035196375467723,1.5148015515498612,0.009994684241598885,0.04947202604506849,-0.9501890011946215,-0.132695770172313
-0.7412231597085778,-1.379826883380504,0.7951902346955319,-0.05307807811899633,-0.5833470105023361,0.859542844777538,-1.071527641662064,-0.9501890011946215,0.46667884389103353
0.26763023540923325,0.642293196303593,1.600476575496687,0.42404085590329854,0.15100498621593295,0.009994684241598885,-1.071527641662064,-0.9501890011946215,0.902587654118922
-0.768733917214592,-1.4996386820128407,-1.1942344352118839,0.42404085590329854,-1.4226064353232148,0.5197235805631623,0.17565148437119396,1.6178893804124637,0.8480990528404359
-0.7088132262083419,-1.4465994668080118,-1.1833928838772383,0.6721427015948916,0.6755421267289823,1.0294524768847257,-0.4708930229974518,-0.9501890011946215,1.7199166732962126
1.5399085551394274,-0.01454065627763467,0.5398114699238868,-0.20575613700613082,1.2000792672420315,0.3498139484559745,-0.14853818596760926,-0.9501890011946215,-1.0045133906280899
-0.7389620015573986,0.9467951193098871,-0.597346803398911,-1.0836549756071532,-1.7373287196310445,-0.15991494786558894,0.07995627083360438,-0.9501890011946215,0.7391218502834638
1.6371383556401353,-0.04437521483035098,-0.6244506817355243,-0.39660371061504807,-0.7931618667075557,-0.6696438441871524,-0.3438257243076981,1.6178893804124637,0.08525863494163119
0.391617074032229,0.3008532484225077,1.547473435638421,0.462210370625083,0.15100498621593295,0.009994684241598885,-0.4371395584442967,-0.9501890011946215,1.3929850656252964
-0.728786789877092,-0.9645108857498359,0.02544008993571444,-1.0836549756071532,1.5148015515498612,0.009994684241598885,3.2091057625825927,-0.9501890011946215,0.30321304005557537
-0.645877657667186,0.6929645894010634,-0.6268599153654454,-1.3890110933814224,0.15100498621593295,0.1799043163487867,0.5519353142862375,0.3338501896089211,-0.29616157400777116
-0.8192331159242621,-1.4906409580048785,-1.2297706312532213,0.996583576730052,0.6755421267289823,1.0294524768847257,0.07995627083360438,-0.9501890011946215,1.4474736669037824
-0.7562975473831063,0.8553971859658516,-0.5798798595819825,-0.8164683725546688,-1.7373287196310445,-0.15991494786558894,0.04947202604506849,-0.9501890011946215,1.2840078630683243
2.030956733637189,1.943648226507785,1.4565248661088965,-1.121824490328936,0.15100498621593295,0.6896332126703502,-0.14853818596760926,1.6178893804124637,0.1942358374986033
1.2263612915092377,-0.028747588921785437,0.7409824780223053,-0.41568846797594117,-1.37015272127191,-1.009463108401528,0.04947202604506849,1.6178893804124637,0.03077003366314515
-0.7513983713888844,-0.10072938098548145,-0.6455314759973347,0.5576341574295416,1.2000792672420315,0.009994684241598885,0.04947202604506849,0.3338501896089211,1.2840078630683243
2.4021635301224498,1.6007875853622844,1.308959306276224,-1.121824490328936,0.15100498621593295,0.6896332126703502,1.3685413723559798,1.6178893804124637,-1.222467795742034
-0.718234718504922,-0.9460418733124402,0.1320486780597267,-1.8661300274037171,1.5148015515498612,0.009994684241598885,0.04947202604506849,-0.9501890011946215,1.2840078630683243
1.452853966319026,0.16257243735277582,0.4904221805105026,0.23319328229438127,0.36081984242115267,0.1799043163487867,-0.4371395584442967,0.3338501896089211,1.3929850656252964
-0.6922313997663607,0.0664388597940236,-0.5660267662099356,0.2141085249334882,1.2000792672420315,0.009994684241598885,-0.9787739493758718,0.3338501896089211,0.24872443877708933
-0.7284099301852287,-0.0851017550769159,-0.6756468963713494,0.40495609854240716,1.2000792672420315,0.009994684241598885,-0.4708930229974518,0.3338501896089211,-0.9500247893496038
1.3936869946965025,0.10953322214794682,-0.5732544670996991,-0.5874512842239671,-0.7931618667075557,-0.6696438441871524,1.3685413723559798,1.6178893804124637,-1.6583766059699223
0.6663477894005085,0.2724393831342065,1.2143968863018175,0.23319328229438127,0.15100498621593295,0.009994684241598885,0.07995627083360438,-0.9501890011946215,1.4474736669037824
-0.7483834938539788,0.6650242885342341,-0.5045913086469456,-1.5607739096294482,-1.7373287196310445,-0.15991494786558894,3.2091057625825927,-0.9501890011946215,1.6109394707392406
0.2774285873976766,0.5669964532895952,1.36136013772701,0.023260951324570917,1.2000792672420315,0.6896332126703502,0.17565148437119396,-0.9501890011946215,-1.3859335995774922
-0.7807934273542148,-1.0464375306644376,0.0043592956739042284,-0.8546378872764515,1.5148015515498612,0.009994684241598885,0.17565148437119396,-0.9501890011946215,-0.023718567615340903
-0.7310479480282712,-1.4262361966847292,-1.1568913139481054,1.130176878256295,-1.4226064353232148,0.5197235805631623,2.587471126399411,1.6178893804124637,-1.1134905931850618
-0.7464991953946628,0.8658156032382286,-0.6461337844048148,-1.2363330344942878,0.15100498621593295,0.1799043163487867,0.07995627083360438,0.3338501896089211,0.7391218502834638
0.04603673659366612,0.7573693507212126,2.7472717833391695,1.2637701797825382,0.6755421267289823,-2.3687401652590303,0.07995627083360438,0.3338501896089211,-0.18718437145079905
-0.79549095533688,-1.1425711082231895,0.13325329487468748,-1.312672063937855,1.5148015515498612,0.009994684241598885,-0.7551313621525116,-0.9501890011946215,1.3384964643468102
-0.7676033381390025,-1.5043743262275573,-1.1851998090996791,0.4812951279859744,0.6755421267289823,0.6896332126703502,-0.9787739493758718,-0.9501890011946215,-1.1679791944635478
-0.7204958766561014,1.03771948823245,-0.670828429111507,-1.1027397329680446,0.7804495548315921,-2.3687401652590303,-0.8807750101134133,0.3338501896089211,0.13974723622011725
2.362593262476813,1.4397756820619116,0.9554042710852907,-0.9882311888026947,0.15100498621593295,0.6896332126703502,-0.036133187396772105,1.6178893804124637,-1.5493994034129503
-0.7781554095111723,0.9325881866657361,-0.6834769056685932,0.9011597899255934,-1.9471435758362643,1.3692717410991013,0.07995627083360438,0.3338501896089211,0.7391218502834638
-0.6944925579175399,0.7005416201446105,-0.5648221493949751,-1.7707062405992584,0.15100498621593295,0.1799043163487867,-0.4371395584442967,0.3338501896089211,1.120542059232866
-0.68394048654537,0.9794710643914334,-0.6858861392985144,-1.5416891522685567,0.15100498621593295,0.1799043163487867,-0.036133187396772105,0.3338501896089211,-1.5493994034129503
0.285342640926804,0.8042522284469096,1.3258239416856723,0.8439055178429176,1.2000792672420315,0.6896332126703502,-0.9787739493758718,-0.9501890011946215,-0.07820716889382695
-0.7894612002670687,0.9761561134411312,-0.7479239052689849,1.5882110549176987,-1.9471435758362643,1.3692717410991013,-0.9787739493758718,0.3338501896089211,-1.1679791944635478
-0.7231338944991438,-0.09315235024193465,-0.6720330459264675,0.1950237675725968,1.2000792672420315,0.009994684241598885,1.3685413723559798,0.3338501896089211,-1.6583766059699223
-0.7887074808833422,-1.4627006571380492,-1.2147129210662138,0.9584140620082693,-1.4226064353232148,0.5197235805631623,-0.8807750101134133,1.6178893804124637,0.13974723622011725
-0.7766479707437195,-1.448020160072427,0.5127075915872734,-0.30117992381058944,-0.5833470105023361,0.859542844777538,-0.14853818596760926,-0.9501890011946215,0.5756560464480056
0.4123443570847054,0.6015666560570281,1.5408480431561378,0.1950237675725968,0.15100498621593295,0.009994684241598885,1.4552243401488365,-0.9501890011946215,-0.8410475867926316
-0.6941156982256766,-1.4579650129233321,-1.2339867901055832,1.1492616356171865,0.6755421267289823,0.6896332126703502,0.07995627083360438,-0.9501890011946215,1.4474736669037824
1.363538219347446,-0.0008072880549558289,0.7771209824711232,-0.6828750710284257,-1.37015272127191,-1.009463108401528,0.07995627083360438,1.6178893804124637,-0.5686045804002013
-0.7370777030980825,-0.9588281126921757,-0.15705935753081493,-1.8088757553210413,1.5148015515498612,0.009994684241598885,-0.4874562645074739,-0.9501890011946215,1.6654280720177266
-0.700145453295488,-1.5375238357305756,-1.2412144909953466,1.435532996030564,0.6755421267289823,0.6896332126703502,-1.071527641662064,-0.9501890011946215,0.6846332490049777
0.029078050459821862,0.8942294685265301,2.662948606291928,1.130176878256295,0.6755421267289823,-2.3687401652590303,-0.14853818596760926,0.3338501896089211,0.6301446477264917
-0.8192331159242621,-1.3817211410663908,0.375381274681766,0.29044755437705544,-0.5833470105023361,0.859542844777538,-0.9787739493758718,-0.9501890011946215,-1.1679791944635478
-0.7544132489237901,-1.5020065041201989,-1.1665282484677901,1.2065159076998624,0.6755421267289823,1.0294524768847257,0.04947202604506849,-0.9501890011946215,0.7936104515619499
1.5998292461456778,-0.056687889788614707,0.4735575451010543,-0.6637903136675343,-0.688254438604946,-0.49973421207996455,-0.7038669936344721,1.6178893804124637,-1.4404222008559782
-0.7374545627899458,-1.480696105153973,-1.2147129210662138,1.187431150338971,-1.4226064353232148,0.5197235805631623,3.2091057625825927,1.6178893804124637,-0.6230931816786874
1.4894093564297572,0.20803462181405732,-0.6732376627414282,-0.07216283547988771,-0.7931618667075557,-0.6696438441871524,2.587471126399411,1.6178893804124637,-1.1134905931850618
-0.7755173916681298,0.9752089845981881,-0.6587822609619011,-1.4653501228249894,0.7804495548315921,-2.3687401652590303,-1.071527641662064,0.3338501896089211,1.175030660511352
-0.6481388158183652,0.9846802730276218,-0.6557707189244996,-2.095147115734419,-1.7373287196310445,-0.15991494786558894,-0.8807750101134133,-0.9501890011946215,0.5211674451695196
-0.6684892391789784,1.3578490371473098,-0.6642030366292238,-0.568366526863074,0.15100498621593295,0.1799043163487867,0.04947202604506849,0.3338501896089211,1.2840078630683243
-0.7174809991211957,-1.553151461639141,-1.2044736781390486,0.30953231173794854,0.6755421267289823,0.6896332126703502,-0.6605233000805926,-0.9501890011946215,-0.2416729727292851
1.3759745891789317,0.08254005012406072,-0.5491621308004874,-0.9309769167200188,-0.7931618667075557,-0.6696438441871524,-0.4371395584442967,1.6178893804124637,1.120542059232866
-0.7608198636854646,-0.28068386114472216,-0.5865052520642657,0.6339731868731089,1.2000792672420315,0.009994684241598885,1.4552243401488365,0.3338501896089211,-0.8410475867926316
-0.6865785043884125,-1.3717762882154854,0.14228792098689183,-1.2554177918551792,0.15100498621593295,0.009994684241598885,0.6277173376989961,-0.9501890011946215,-1.6038880046914363
1.6718094472915506,-0.09883512329959475,0.6307600394534114,-0.3584341958932653,-1.37015272127191,-1.009463108401528,-0.4371395584442967,1.6178893804124637,1.3929850656252964
-0.7532826698482005,0.881916793568266,-0.6280645321804059,-1.4080958507423136,0.15100498621593295,0.1799043163487867,1.3685413723559798,0.3338501896089211,-1.6583766059699223
-0.8603108223373519,-1.4437580802791816,0.685570104534118,-0.30117992381058944,-0.5833470105023361,0.859542844777538,-0.4708930229974518,-0.9501890011946215,-0.9500247893496038
-0.730671088336408,-0.17744681726389472,-0.6087906631410365,1.2637701797825382,-0.37353215429711634,0.859542844777538,3.2091057625825927,0.3338501896089211,1.6109394707392406
-0.696376856376856,-0.36403119932373873,-0.7226269521548123,0.5576341574295416,1.2000792672420315,0.009994684241598885,-0.8807750101134133,0.3338501896089211,-0.5141159791217154
-0.7423537387841674,1.0490850343477711,-0.5009774582020636,-1.1027397329680446,-1.7373287196310445,-0.15991494786558894,-0.8807750101134133,-0.9501890011946215,-0.40513877656474323
-0.6601983259579879,-0.09173165697751953,-0.48772667323749724,0.42404085590329854,1.2000792672420315,0.009994684241598885,-0.14853818596760926,0.3338501896089211,-1.0045133906280899
-0.6601983259579879,0.6280862636594426,-0.5774706259520611,-1.7516214832383654,0.15100498621593295,0.1799043163487867,0.6277173376989961,0.3338501896089211,1.011564856675894
-0.6161057420099924,-1.4200798592055972,0.09831940724083024,-0.6256207989457498,0.15100498621593295,0.009994684241598885,-0.036133187396772105,-0.9501890011946215,1.0660534579543801
-0.6914776803826341,1.0007814633576593,-0.597346803398911,-1.3890110933814224,0.15100498621593295,0.1799043163487867,0.17565148437119396,0.3338501896089211,0.8480990528404359
1.235782783805818,0.058388264629004864,-0.6202345228831622,-0.6637903136675343,-0.7931618667075557,-0.6696438441871524,0.07995627083360438,1.6178893804124637,1.4474736669037824
-0.048931905755862454,0.9453744260454721,-0.6256552985504849,1.4546177533914555,0.6755421267289823,-2.3687401652590303,-0.14853818596760926,0.3338501896089211,0.35770164133406146
0.27365999047904443,0.7057508287807991,1.2987200633490592,0.09959998076813817,0.15100498621593295,0.009994684241598885,0.04947202604506849,-0.9501890011946215,0.7936104515619499
1.484887040127399,0.1947748180128504,-0.5678336914323764,-0.7973836151937757,-0.7931618667075557,-0.6696438441871524,-0.14853818596760926,1.6178893804124637,0.5756560464480056
0.179068207821379,0.7322704363832132,1.0337043640577288,0.7484817310384589,1.2000792672420315,0.6896332126703502,-0.4371395584442967,-0.9501890011946215,-0.8955361880711177
0.39463195156713465,0.423979998005146,1.3047431474238618,0.7293969736775675,0.15100498621593295,0.009994684241598885,-0.14853818596760926,-0.9501890011946215,-1.0045133906280899
-0.822624853151031,-1.4920616512692937,-1.2659091357020391,1.3401092092261055,0.6755421267289823,1.0294524768847257,1.3685413723559798,-0.9501890011946215,-1.6583766059699223
-0.7664727590634128,-1.4660156080883509,0.2970811817093278,-0.20575613700613082,-0.5833470105023361,0.859542844777538,-0.8807750101134133,-0.9501890011946215,0.13974723622011725
-0.7220033154235542,-0.12440760205906573,-0.5961421865839505,0.9393293046473778,-0.37353215429711634,0.859542844777538,-0.9787739493758718,0.3338501896089211,-1.1679791944635478
-0.6703735376382945,0.031395092605118774,-0.5840960184343446,0.3667865838206227,1.2000792672420315,0.009994684241598885,-0.8807750101134133,0.3338501896089211,-0.40513877656474323
-0.6319338490682472,0.20614036412817063,-0.6575776441469405,0.462210370625083,1.2000792672420315,0.009994684241598885,0.07995627083360438,0.3338501896089211,1.4474736669037824
-0.6571834484230822,0.21229670160730266,-0.660589186184342,0.30953231173794854,-0.37353215429711634,0.859542844777538,1.3685413723559798,0.3338501896089211,-1.222467795742034
2.4914792770940304,1.9905311042334817,1.5661449962703102,-0.9691464314418016,0.15100498621593295,0.6896332126703502,3.2091057625825927,1.6178893804124637,-0.6230931816786874
-0.7189884378886484,0.8255626274131356,-0.5666290746174159,-1.2363330344942878,0.15100498621593295,0.1799043163487867,-0.7038669936344721,0.3338501896089211,1.5019622681822684
-0.112621193680745,1.2806580364474254,-0.7129900176351276,0.8057360031211348,0.6755421267289823,-2.3687401652590303,-0.14853818596760926,0.3338501896089211,0.1942358374986033
1.4129068389815258,-0.07184195127570865,0.7078555156108892,-0.2630104090888067,-1.37015272127191,-1.009463108401528,-0.3438257243076981,1.6178893804124637,0.08525863494163119
-0.696376856376856,-1.0308099047558719,0.02845163197311596,-1.179078762411612,1.5148015515498612,0.009994684241598885,0.5519353142862375,-0.9501890011946215,1.2295192617898383
-0.024436025784753908,1.2086762443837293,-0.6943184570032386,0.7484817310384589,0.6755421267289823,-2.3687401652590303,0.04947202604506849,0.3338501896089211,1.2840078630683243
-0.7823008661216676,-1.000501781781684,-0.06611078800129044,-1.8470452700428257,1.5148015515498612,0.009994684241598885,-0.14853818596760926,-0.9501890011946215,-0.7320703842356595
0.011365644942250806,0.788624602538344,-0.6834769056685932,1.187431150338971,0.6755421267289823,-2.3687401652590303,-1.071527641662064,0.3338501896089211,0.46667884389103353
-0.7838083048891206,-1.495850166641067,-1.2219406219559772,1.2446854224216453,-1.4226064353232148,0.5197235805631623,-0.8807750101134133,1.6178893804124637,-0.5141159791217154
-0.6684892391789784,-1.546995124160009,-1.1972459772492854,1.779058628526616,-1.4226064353232148,0.5197235805631623,-0.14853818596760926,1.6178893804124637,-1.0045133906280899
-0.7589355652261487,1.0632919669919214,-0.5154328599815908,-1.064570218246262,0.15100498621593295,0.1799043163487867,-1.071527641662064,0.3338501896089211,0.6846332490049777
-0.6594446065742615,0.26249453028330144,-0.49435206571978046,1.3782787239478882,-0.37353215429711634,0.859542844777538,-0.7038669936344721,0.3338501896089211,1.5019622681822684
-0.6699966779464314,-1.0369662422350037,-0.13176240441664264,-1.3508415786596377,1.5148015515498612,0.009994684241598885,-1.071527641662064,-0.9501890011946215,0.46667884389103353
-0.7510215116970212,1.0438758257115826,-0.5389228878733224,-1.5035196375467723,0.7804495548315921,-2.3687401652590303,-0.7038669936344721,0.3338501896089211,-1.4404222008559782
-0.6922313997663607,-0.027326895657370325,-0.49194283208985934,0.8248207604820261,1.2000792672420315,0.009994684241598885,-0.7038669936344721,0.3338501896089211,1.5019622681822684
-0.7400925806329882,0.1990368978060954,-0.7286500362296154,0.7293969736775675,1.2000792672420315,0.009994684241598885,-0.4708930229974518,0.3338501896089211,1.7199166732962126
-0.8116959220869979,-1.4006637179252583,0.6283508058234902,-0.701959828389317,-0.5833470105023361,0.859542844777538,-1.071527641662064,-0.9501890011946215,0.6846332490049777
0.1428896774025109,0.6171942819655937,1.311368539906145,0.3858713411815158,0.15100498621593295,0.009994684241598885,0.1648802723794888,-0.9501890011946215,-1.4949108021344641
-0.7551669683075166,-1.0985296170263228,0.01761008063847066,-0.9691464314418016,1.5148015515498612,0.009994684241598885,-0.7038669936344721,-0.9501890011946215,-0.3506501752862572
0.021540856622557572,0.8511351061726062,-0.5967444949914307,1.60729581227859,0.6755421267289823,-2.3687401652590303,-0.7038669936344721,0.3338501896089211,1.5019622681822684
2.293627938865846,1.3848422091711963,1.1095952234002464,-0.8355531299155602,0.15100498621593295,0.6896332126703502,-0.6605233000805926,1.6178893804124637,-0.2416729727292851
-0.7299173689526817,1.0344045372821487,-0.6244506817355243,-1.9997233289299585,0.15100498621593295,0.1799043163487867,-0.8807750101134133,0.3338501896089211,0.13974723622011725
1.8086095154378954,-0.028747588921785437,0.5928146097821526,-0.16758662228434634,-1.37015272127191,-1.009463108401528,0.17565148437119396,1.6178893804124637,-1.3859335995774922
1.3171844772482708,0.005349049424176204,0.5307768438116826,0.04234570868546231,-0.688254438604946,-0.49973421207996455,1.3685413723559798,1.6178893804124637,-1.6583766059699223
1.5199349914706772,-0.06000284073891652,0.4518744424317637,-0.14850186492345496,-1.37015272127191,-1.009463108401528,0.17565148437119396,1.6178893804124637,0.8480990528404359
-0.7269024914177759,0.08680212991730606,-0.5756637007296204,0.23319328229438127,-0.37353215429711634,0.859542844777538,0.17565148437119396,0.3338501896089211,0.8480990528404359
-0.7167272797374693,1.1310116792623728,-0.5804821679894627,-1.5607739096294482,0.7804495548315921,-2.3687401652590303,-0.4708930229974518,0.3338501896089211,-0.9500247893496038
-0.8361918020581065,-1.06680080078772,0.11759327628019971,-1.4844348801858809,1.5148015515498612,0.009994684241598885,-0.9787739493758718,-0.9501890011946215,0.24872443877708933
-0.6764032927081058,-1.5308939338299719,-0.017323806995386586,-0.3584341958932653,0.15100498621593295,0.009994684241598885,-0.17202667260343352,-0.9501890011946215,-1.331444998299006
-0.7464991953946628,0.9486893769957735,-0.6124045135859184,-1.618028181712124,-1.7373287196310445,-0.15991494786558894,-0.4371395584442967,-0.9501890011946215,-0.6775817829571735
0.514096473887772,0.625718441552084,1.435444071847086,0.04234570868546231,1.2000792672420315,0.6896332126703502,-0.7038669936344721,-0.9501890011946215,-0.3506501752862572
2.1270559550623074,1.413256074459497,1.0602059339868621,-0.9691464314418016,0.15100498621593295,0.6896332126703502,0.04947202604506849,1.6178893804124637,1.2840078630683243
-0.11450549214006094,0.830771836049324,-0.7605723818260711,1.0920073635345107,0.6755421267289823,-2.3687401652590303,-0.7038669936344721,0.3338501896089211,-1.4404222008559782
-0.6605751856498512,1.1968371338469372,-0.522058252463874,-1.179078762411612,0.15100498621593295,0.1799043163487867,-0.6605233000805926,0.3338501896089211,-1.7128652072484083
1.3605233418125398,-0.23190672573313847,0.3976666857585372,0.004176193963679531,0.36081984242115267,0.1799043163487867,-0.14853818596760926,-0.9501890011946215,0.1942358374986033
-0.5874644054283885,-0.13482601933144275,-0.5672313830248963,0.5576341574295416,1.2000792672420315,0.009994684241598885,0.07995627083360438,0.3338501896089211,0.7391218502834638
1.364668798423035,0.08916995202466435,-0.6208368312906426,-0.6637903136675343,0.5706346986263724,0.1799043163487867,-1.071527641662064,-0.9501890011946215,0.46667884389103353
1.4438093337143092,0.18340927189752987,0.6295554226384505,0.7675664883993503,1.2000792672420315,0.3498139484559745,-1.071527641662064,-0.9501890011946215,-1.27695639702052
-0.6858247850046861,-1.3892981718099378,0.2115533878471257,-0.701959828389317,0.15100498621593295,0.009994684241598885,0.1648802723794888,-0.9501890011946215,-1.4949108021344641
0.1029425500650109,0.9780503711270182,3.0074690153706567,1.0347530914518366,0.6755421267289823,-2.3687401652590303,-0.14853818596760926,0.3338501896089211,-0.7320703842356595
-0.6752727136325162,0.9671583894331692,-0.5871075604717458,-1.732536725877474,-1.7373287196310445,-0.15991494786558894,-1.071527641662064,-0.9501890011946215,1.175030660511352
-0.7672264784471393,-1.44328451585771,-1.1358105196862949,1.4927872681132384,0.6755421267289823,0.6896332126703502,3.2091057625825927,-0.9501890011946215,-0.6230931816786874
-0.7065520680571626,0.9292732357154346,-0.5834937100268642,0.9393293046473778,-1.9471435758362643,1.3692717410991013,-0.4371395584442967,0.3338501896089211,1.120542059232866
-0.7630810218366441,-1.500585810855784,-1.1568913139481054,1.0347530914518366,-1.4226064353232148,0.5197235805631623,0.17565148437119396,1.6178893804124637,-1.3859335995774922
-0.739715720941125,-1.506268583913444,-1.2002575192866867,1.187431150338971,0.6755421267289823,1.0294524768847257,-0.9787739493758718,-0.9501890011946215,0.24872443877708933
1.828959938798509,-0.30294138895389133,0.6644893102723081,-0.14850186492345496,-1.37015272127191,-1.009463108401528,-0.7038669936344721,1.6178893804124637,-1.4404222008559782
1.6269631439598289,-0.10783284730755667,0.5970307686345147,0.3286170690988399,1.2000792672420315,0.3498139484559745,0.17565148437119396,-0.9501890011946215,-1.3859335995774922
0.050182193204161396,0.9141191742283403,-0.5051936170544258,1.301939694504321,0.6755421267289823,-2.3687401652590303,-0.14853818596760926,0.3338501896089211,0.6301446477264917
-0.7660958993715496,-1.5285261117226132,-1.2809668458890464,1.187431150338971,0.6755421267289823,0.6896332126703502,0.07995627083360438,-0.9501890011946215,-0.18718437145079905
-0.7042909099059833,0.019082417646855043,-0.6063814295111154,0.5576341574295416,-0.37353215429711634,0.859542844777538,0.17565148437119396,0.3338501896089211,-0.023718567615340903
-0.7442380372434836,1.1674761397156925,-0.47628281349537155,-1.4844348801858809,0.7804495548315921,-2.3687401652590303,0.07995627083360438,0.3338501896089211,-0.5686045804002013
-0.06890546942461258,1.0547678074054314,3.381502536415921,0.7103122163166762,0.6755421267289823,-2.3687401652590303,-0.14853818596760926,0.3338501896089211,-1.0045133906280899
-0.7845620242728469,-1.4977444243269538,-1.188813659544561,1.3973634813087796,0.6755421267289823,0.6896332126703502,-0.14853818596760926,-0.9501890011946215,0.1942358374986033
-0.7382082821736722,-0.9498303886842135,-0.06912233003869196,-1.312672063937855,1.5148015515498612,0.009994684241598885,-1.071527641662064,-0.9501890011946215,0.902587654118922
-0.6809256090104644,-1.5285261117226132,-1.2056782949540095,1.0347530914518366,-1.4226064353232148,0.5197235805631623,-0.14853818596760926,1.6178893804124637,0.1942358374986033
1.521065570546267,-0.06284422726774674,0.36996049901444356,-0.9118921593591274,0.36081984242115267,0.1799043163487867,-0.036133187396772105,-0.9501890011946215,-1.5493994034129503
2.429297427936601,1.61925659779968,1.4053286514730712,-0.9691464314418016,0.15100498621593295,0.6896332126703502,3.2091057625825927,1.6178893804124637,0.30321304005557537
-0.617236321085582,0.7815211362162685,-0.6599868777768617,-1.4462653654640965,-1.7373287196310445,-0.15991494786558894,0.07995627083360438,-0.9501890011946215,1.4474736669037824
0.15306488908281765,0.8165649034051736,2.8117187829395607,1.5500415401959142,0.6755421267289823,-2.3687401652590303,-1.071527641662064,0.3338501896089211,0.902587654118922
-0.6926082594582238,1.0111998806300364,-0.5527759812453691,-1.2363330344942878,0.15100498621593295,0.1799043163487867,0.17565148437119396,0.3338501896089211,-0.023718567615340903
-0.7227570348072806,-0.07563046664748206,-0.5744590839146598,0.1950237675725968,1.2000792672420315,0.009994684241598885,0.07995627083360438,0.3338501896089211,-0.18718437145079905
-0.6217586373879406,0.9756825490196599,-0.48290820597765477,-1.427180608103205,-1.7373287196310445,-0.15991494786558894,-0.036133187396772105,-0.9501890011946215,-1.5493994034129503
0.06035740488446816,1.1153840533538066,-0.6882953729284355,0.6339731868731089,0.6755421267289823,-2.3687401652590303,-0.4708930229974518,0.3338501896089211,0.9570762553974079
0.07995410886135489,0.9950986902999989,-0.5762660091371006,0.7103122163166762,0.6755421267289823,-2.3687401652590303,0.17565148437119396,0.3338501896089211,-0.023718567615340903
-0.7212495960398279,0.9093835300136237,-0.6370991582926105,-1.2745025492160706,0.15100498621593295,0.1799043163487867,-1.071527641662064,0.3338501896089211,0.902587654118922
-0.755920687691243,-1.589142357670989,-1.2743414534067632,0.9011597899255934,-1.4226064353232148,0.5197235805631623,0.07995627083360438,1.6178893804124637,-0.5686045804002013
-0.08096497956423529,1.214832581862861,2.665357839921849,2.027160474218209,0.6755421267289823,-2.3687401652590303,0.6277173376989961,0.3338501896089211,1.011564856675894
-0.7890843405752054,-1.4825903628398598,-1.2056782949540095,1.0538378488127278,-1.4226064353232148,0.5197235805631623,-0.14853818596760926,1.6178893804124637,0.6301446477264917
0.003828451104986783,0.8236683697272486,-0.732263886674497,1.6454653270003727,0.6755421267289823,-2.3687401652590303,-0.9787739493758718,0.3338501896089211,-0.07820716889382695
-0.7725025141332242,0.27575433408450833,-0.6328829994402484,0.13776949548992093,-0.37353215429711634,0.859542844777538,0.04947202604506849,0.3338501896089211,-0.132695770172313
-0.7951140956450167,-1.4887467003189918,-1.2098944538063716,0.882075032564702,0.6755421267289823,1.0294524768847257,0.5519353142862375,-0.9501890011946215,1.2295192617898383
-0.8007669910229649,-1.0213386163264382,0.024837781528234265,-0.873722644637343,1.5148015515498612,0.009994684241598885,0.07995627083360438,-0.9501890011946215,0.4121902426125475
-0.7261487720340495,0.839295995635814,-0.7617769986410317,-1.140909247689829,0.15100498621593295,0.1799043163487867,-0.4708930229974518,0.3338501896089211,1.7199166732962126
-0.7585587055342855,0.9889423528208672,-0.576868317544581,-1.5989434243512308,-1.7373287196310445,-0.15991494786558894,3.2091057625825927,-0.9501890011946215,-0.6230931816786874
2.48318836387304,2.028889822372688,0.9788942989770222,-0.8546378872764515,0.15100498621593295,0.6896332126703502,-0.7038669936344721,1.6178893804124637,1.5019622681822684
-0.7781554095111723,0.8160913389837017,-0.6057791211036352,-1.7516214832383654,0.15100498621593295,0.1799043163487867,-0.6605233000805926,0.3338501896089211,-0.2416729727292851
-0.7050446292897098,1.1324323725267873,-0.6093929715485169,-1.4653501228249894,-1.7373287196310445,-0.15991494786558894,-0.14853818596760926,-0.9501890011946215,0.35770164133406146
-0.009738497802088728,0.8170384678266449,-0.7599700734185907,0.7675664883993503,0.6755421267289823,-2.3687401652590303,-0.8807750101134133,0.3338501896089211,-0.5141159791217154
2.3561866477151385,2.0577772520824613,1.2951062129041773,-1.121824490328936,0.15100498621593295,0.6896332126703502,-1.071527641662064,1.6178893804124637,-1.27695639702052
1.5048606037961492,-0.09741443003517963,0.4097128539081429,0.2141085249334882,-1.37015272127191,-1.009463108401528,-0.8807750101134133,1.6178893804124637,-0.40513877656474323
-0.7581818458424223,-1.4679098657742375,-1.1707444073201523,0.7103122163166762,-1.4226064353232148,0.5197235805631623,0.5519353142862375,1.6178893804124637,-0.29616157400777116
1.5357630985289321,0.05365262041428794,0.40670131187074154,-0.8355531299155602,0.36081984242115267,0.1799043163487867,1.3685413723559798,1.6178893804124637,-1.6583766059699223
-0.6752727136325162,-0.10451789635725485,-0.6346899246626894,0.9774988193691606,1.2000792672420315,0.009994684241598885,-1.071527641662064,0.3338501896089211,0.902587654118922
0.26725337571737007,0.5158514957706529,1.481821819223069,0.1950237675725968,0.15100498621593295,0.009994684241598885,-0.6605233000805926,-0.9501890011946215,-0.2416729727292851
-0.7966215344124696,1.2063084222763703,-0.6804653636311917,1.6836348417221572,-1.9471435758362643,1.3692717410991013,-0.036133187396772105,0.3338501896089211,-0.45962737784322927
2.367115578779172,1.7144430465154892,1.131278326069537,-1.0264007035244775,0.15100498621593295,0.6896332126703502,-0.4371395584442967,1.6178893804124637,1.3929850656252964
1.7245698041524002,0.2743336408200936,-0.748526213676465,-0.3202646811714808,0.5706346986263724,0.1799043163487867,1.4552243401488365,-0.9501890011946215,-0.8410475867926316
-0.6194974792367612,-1.4707512523030677,0.14409484620933277,-0.9309769167200188,0.15100498621593295,0.009994684241598885,0.04947202604506849,-0.9501890011946215,-0.132695770172313
1.5052374634880121,-0.09315235024193465,-0.5792775511745021,-1.0454854608853688,0.5706346986263724,0.1799043163487867,1.3685413723559798,-0.9501890011946215,-1.6583766059699223
1.4419250352549933,0.06122965115783508,-0.713592326042608,-0.3202646811714808,0.5706346986263724,0.1799043163487867,-1.071527641662064,-0.9501890011946215,0.902587654118922
-0.7446148969353467,-1.5247375963508398,-1.2550675843673937,1.0920073635345107,0.6755421267289823,1.0294524768847257,-0.14853818596760926,-0.9501890011946215,0.6301446477264917
1.459637440772564,0.026659448390401852,0.697013964276244,-0.6637903136675343,-1.37015272127191,-1.009463108401528,-0.036133187396772105,1.6178893804124637,-0.45962737784322927
-0.7532826698482005,-1.5436801732097072,-1.1731536409500734,0.7675664883993503,-1.4226064353232148,0.5197235805631623,-0.14853818596760926,1.6178893804124637,0.5756560464480056
-0.8098116236276819,-1.005237425996401,-0.13176240441664264,-1.4653501228249894,1.5148015515498612,0.009994684241598885,-0.4708930229974518,-0.9501890011946215,0.9570762553974079
0.9810256321062882,0.08064579243817403,0.5349930026640441,-0.11033235020167219,-1.37015272127191,-1.009463108401528,0.04947202604506849,1.6178893804124637,1.2840078630683243
-0.689216522231455,1.2399314962008603,-0.7894831853851251,-1.369926336020531,0.15100498621593295,0.1799043163487867,-0.7038669936344721,0.3338501896089211,-0.3506501752862572
1.6013366849131303,0.11332173751972022,0.47897832076837676,0.13776949548992093,-1.37015272127191,-1.009463108401528,-0.6605233000805926,1.6178893804124637,-1.7128652072484083
-0.7197421572723749,-0.8101288843500664,-0.04322306851703927,-1.1027397329680446,1.5148015515498612,0.009994684241598885,-0.8807750101134133,-0.9501890011946215,-0.5141159791217154
-0.6790413105511484,-0.08273393296955761,-0.6696238122965464,0.30953231173794854,1.2000792672420315,0.009994684241598885,-0.036133187396772105,0.3338501896089211,1.0660534579543801
-0.7555438279993798,-1.5252111607723118,-1.2430214162177877,0.2522780396552727,-1.4226064353232148,0.5197235805631623,-0.036133187396772105,1.6178893804124637,-0.45962737784322927
-0.8192331159242621,1.1220139552544102,-0.5804821679894627,0.9584140620082693,-1.9471435758362643,1.3692717410991013,3.2091057625825927,0.3338501896089211,1.6109394707392406
-0.6198743389286245,0.924537591500718,-0.6744422795563889,-1.1027397329680446,0.15100498621593295,0.1799043163487867,0.07995627083360438,0.3338501896089211,-0.18718437145079905
-0.7491372132377052,-1.6090320633728,-1.18640442591464,1.2446854224216453,-1.4226064353232148,0.5197235805631623,3.2091057625825927,1.6178893804124637,1.5564508694607544
0.17831448843765274,0.5215342688283133,1.1963276340774087,-0.03399332075810494,1.2000792672420315,0.6896332126703502,-0.7038669936344721,-0.9501890011946215,1.5019622681822684
-0.7872000421158895,1.1461657407494665,-0.591323719324108,-0.873722644637343,0.15100498621593295,0.1799043163487867,2.587471126399411,0.3338501896089211,-1.1134905931850618
-0.7483834938539788,-1.5422594799452924,-0.11790931104459582,-1.1599940050507205,0.15100498621593295,0.009994684241598885,-0.036133187396772105,-0.9501890011946215,-1.5493994034129503
0.03397722645404341,1.1115955379820333,2.7575110262663345,1.301939694504321,0.6755421267289823,-2.3687401652590303,-0.9787739493758718,0.3338501896089211,0.24872443877708933
-0.8237554322266206,-1.4584385773448039,-1.174358257765034,0.7103122163166762,0.6755421267289823,0.6896332126703502,-0.4874562645074739,-0.9501890011946215,1.6654280720177266
0.05658880796583602,1.071816126578412,-0.7147969428575686,0.8629902752038107,0.6755421267289823,-2.3687401652590303,-0.3438257243076981,0.3338501896089211,0.08525863494163119
-0.7080595068246154,-0.9171544436026674,-0.0600877039264874,-1.0264007035244775,1.5148015515498612,0.009994684241598885,-0.14853818596760926,-0.9501890011946215,0.1942358374986033
-0.7600661443017382,-1.5105306637066893,-1.205075986546529,0.9202445472864847,0.6755421267289823,0.6896332126703502,-0.8807750101134133,-0.9501890011946215,0.13974723622011725
-0.6643437825684831,-1.5204755165575945,-1.217122154696135,1.2637701797825382,0.6755421267289823,1.0294524768847257,-0.7038669936344721,-0.9501890011946215,-1.4404222008559782
-0.6850710656209597,-1.4759604609392563,0.01700777223099027,-0.8546378872764515,0.15100498621593295,0.009994684241598885,-1.071527641662064,-0.9501890011946215,-1.27695639702052
-0.6541685708881765,-0.20017790949453548,-0.5648221493949751,0.30953231173794854,1.2000792672420315,0.009994684241598885,-0.4874562645074739,0.3338501896089211,1.6654280720177266
1.5704341901803474,0.08254005012406072,0.49283141414042375,-0.24392565172791358,0.36081984242115267,0.1799043163487867,0.6277173376989961,1.6178893804124637,-1.6038880046914363
-0.7295405092608184,-1.367987772843712,0.6379877403431747,-0.3202646811714808,-0.5833470105023361,0.859542844777538,0.17565148437119396,-0.9501890011946215,-0.023718567615340903
0.3625988777587618,0.5617872446534067,1.2920946708667755,0.4431256132641899,1.2000792672420315,0.6896332126703502,-0.6605233000805926,-0.9501890011946215,-1.7128652072484083
-0.7084363665164787,-1.4465994668080118,-1.223145238770938,1.3782787239478882,0.6755421267289823,0.6896332126703502,-1.071527641662064,-0.9501890011946215,0.46667884389103353
1.7189169087744518,-0.0832074973910292,0.7662794311364779,-0.0912475928407791,-1.37015272127191,-1.009463108401528,-0.8807750101134133,1.6178893804124637,0.5211674451695196
0.26197734003128514,0.7038565710949124,1.3360631846128375,0.8439055178429176,1.2000792672420315,0.6896332126703502,0.04947202604506849,-0.9501890011946215,0.7936104515619499
2.7997505050381357,1.5842128306107757,1.0963444384356795,-0.9882311888026947,0.15100498621593295,0.6896332126703502,0.07995627083360438,1.6178893804124637,-0.18718437145079905
0.11236404236159113,0.9430066039381131,2.980365137034044,1.3973634813087796,0.6755421267289823,-2.3687401652590303,-0.036133187396772105,0.3338501896089211,-1.5493994034129503
2.203558472510539,1.5524840143721725,1.1065836813628447,-0.9500616740809101,0.15100498621593295,0.6896332126703502,-0.8807750101134133,1.6178893804124637,-0.5141159791217154
1.5335019403777528,0.23928987363118875,-0.7641862322709528,-0.014908563397211857,-0.7931618667075557,-0.6696438441871524,0.6277173376989961,1.6178893804124637,1.011564856675894
0.3252897682643043,0.5347940726295206,1.2577630916403988,0.4431256132641899,1.2000792672420315,0.6896332126703502,-0.4874562645074739,-0.9501890011946215,1.6654280720177266
-0.7480066341621155,-1.4465994668080118,0.5596876473707365,-0.24392565172791358,-0.5833470105023361,0.859542844777538,0.5519353142862375,-0.9501890011946215,-0.29616157400777116
-0.786446322732163,-1.4986915531698972,-1.2195313883260561,0.9011597899255934,-1.4226064353232148,0.5197235805631623,0.07995627083360438,1.6178893804124637,0.4121902426125475
-0.7272793511096391,-1.495850166641067,-1.1858021175071596,0.7484817310384589,0.6755421267289823,0.6896332126703502,-0.14853818596760926,-0.9501890011946215,-0.7320703842356595
-0.7800397079704884,-1.3428888585057126,0.43922596587467744,0.061430466046353695,-0.5833470105023361,0.859542844777538,1.4552243401488365,-0.9501890011946215,-0.8410475867926316
-0.7476297744702525,0.8459258975364177,-0.5648221493949751,-1.8661300274037171,0.15100498621593295,0.1799043163487867,-0.9787739493758718,0.3338501896089211,0.24872443877708933
1.2561332071664308,-0.13293176164555606,0.46090906854396807,0.2141085249334882,-0.688254438604946,-0.49973421207996455,0.5519353142862375,1.6178893804124637,1.2295192617898383
-0.7088132262083419,0.9813653220773197,-0.5371159626508815,-1.064570218246262,-1.7373287196310445,-0.15991494786558894,-0.8807750101134133,-0.9501890011946215,-0.5141159791217154
0.28986495722916245,0.6702334971704227,1.2366822973785887,0.4431256132641899,0.15100498621593295,0.009994684241598885,-0.7038669936344721,-0.9501890011946215,-0.3506501752862572
-0.723510754191007,0.07922509917375892,-0.6316783826252879,1.2828549371434297,-0.37353215429711634,0.859542844777538,-0.8807750101134133,0.3338501896089211,0.13974723622011725
0.07467807317527021,0.9287996712939627,2.9695235856993984,0.7866512457602434,0.6755421267289823,-2.3687401652590303,-0.8807750101134133,0.3338501896089211,0.5211674451695196
1.4837564610518095,0.17014946809632261,0.6542500673451429,-0.12941710756256358,0.36081984242115267,0.1799043163487867,1.3685413723559798,0.3338501896089211,-1.6583766059699223
-0.8079273251683659,-1.4877995714760486,-1.194836743619364,1.1110921208954037,0.6755421267289823,1.0294524768847257,0.5519353142862375,-0.9501890011946215,-0.29616157400777116
-0.7412231597085778,-0.13908809912468809,-0.5738567755071795,0.061430466046353695,-0.37353215429711634,0.859542844777538,-0.4371395584442967,0.3338501896089211,-0.6775817829571735
-0.10319970138416476,1.2290395145070114,-0.6533614852945785,0.9011597899255934,0.6755421267289823,-2.3687401652590303,-1.071527641662064,0.3338501896089211,0.902587654118922
-0.8339306439069273,-1.4475465956509552,0.8024179355852956,-0.2248408943670222,-0.5833470105023361,0.859542844777538,0.04947202604506849,-0.9501890011946215,1.2840078630683243
-0.7208727363479646,0.6939117182440069,-0.4925451404973395,-1.2554177918551792,-1.7373287196310445,-0.15991494786558894,-0.9787739493758718,-0.9501890011946215,-1.1679791944635478
0.006466468948029258,0.8369281735284557,-0.5142282431666303,1.2065159076998624,0.6755421267289823,-2.3687401652590303,3.2091057625825927,0.3338501896089211,1.6109394707392406
-0.7709950753657714,-0.85606463323282,-0.03599536762727567,-1.9233842994863912,1.5148015515498612,0.009994684241598885,0.07995627083360438,-0.9501890011946215,-0.5686045804002013
-0.7502677923132949,1.142850789799165,-0.6997392326705612,1.912651930052859,-1.9471435758362643,1.3692717410991013,-1.071527641662064,0.3338501896089211,0.902587654118922
0.31398397750840784,0.5120629803988795,1.3776224647289776,0.6721427015948916,1.2000792672420315,0.6896332126703502,3.2091057625825927,-0.9501890011946215,-0.6230931816786874
-0.0029550233485509726,1.6789257149051127,-0.5328998037985194,1.5309567828350228,0.6755421267289823,-2.3687401652590303,-0.4371395584442967,0.3338501896089211,-0.8955361880711177
-0.6831867671616436,0.013399644589194602,-0.6232460649205637,0.5003798853468657,1.2000792672420315,0.009994684241598885,-0.4371395584442967,0.3338501896089211,1.3929850656252964
1.3725828519521626,0.058861829050476454,0.6114861704140419,0.42404085590329854,0.36081984242115267,0.1799043163487867,-0.8807750101134133,-0.9501890011946215,0.5211674451695196
-0.7318016674119976,-0.9162073147597241,-0.12393239511939885,-1.2363330344942878,1.5148015515498612,0.009994684241598885,-0.7038669936344721,-0.9501890011946215,-1.4404222008559782
-0.6681123794871153,-0.11256849152227359,-0.5214559440563937,0.23319328229438127,-0.37353215429711634,0.859542844777538,-0.4371395584442967,0.3338501896089211,1.3929850656252964
-0.7419768790923043,-0.3053092110612496,-0.495556682534741,0.6339731868731089,1.2000792672420315,0.009994684241598885,3.2091057625825927,0.3338501896089211,0.30321304005557537
-0.6213817776960773,-0.2063342469736675,-0.5545829064678099,0.7103122163166762,-0.37353215429711634,0.859542844777538,-0.4708930229974518,0.3338501896089211,1.7199166732962126
1.558751539732588,-0.1158834424725754,0.3500843215675939,-0.6447055563066412,0.36081984242115267,0.1799043163487867,0.04947202604506849,-0.9501890011946215,0.7936104515619499
-0.7385851418655354,-0.2333274189975536,-0.5600036821351326,0.2141085249334882,1.2000792672420315,0.009994684241598885,-0.7551313621525116,0.3338501896089211,1.3384964643468102
-0.7204958766561014,0.1322643143785879,-0.6636007282217434,0.5958036721513245,-0.37353215429711634,0.859542844777538,0.17565148437119396,0.3338501896089211,-1.0590019919065758
0.35581540330522404,0.4803341641602765,1.3125731567211059,0.9584140620082693,1.2000792672420315,0.6896332126703502,0.07995627083360438,-0.9501890011946215,0.4121902426125475
-0.7532826698482005,-1.4589121417662756,-1.1490613046508615,1.3591939665869968,-1.4226064353232148,0.5197235805631623,1.4552243401488365,1.6178893804124637,-0.8410475867926316
0.3354649799446108,0.5513688273810293,1.1011629056955223,0.5576341574295416,1.2000792672420315,0.6896332126703502,1.3685413723559798,-0.9501890011946215,-1.222467795742034
1.3797431860975635,0.17014946809632261,0.5687222734829409,-0.6256207989457498,0.36081984242115267,0.1799043163487867,-0.6605233000805926,-0.9501890011946215,-0.2416729727292851
0.2925029750722049,0.38277989333710954,1.2830600447545712,0.6530579442340003,0.15100498621593295,0.009994684241598885,-0.14853818596760926,-0.9501890011946215,0.6301446477264917
-0.6865785043884125,-1.5526778972176694,0.06940860368177602,-0.873722644637343,0.15100498621593295,0.009994684241598885,0.5519353142862375,-0.9501890011946215,-0.29616157400777116
1.8519483800021648,1.6329899660223592,1.1921114752250468,-1.2172482771333963,0.15100498621593295,0.6896332126703502,0.04947202604506849,1.6178893804124637,-0.132695770172313
0.45907495887574346,0.7289554854329114,1.1638029800734728,0.5194646427077572,1.2000792672420315,0.6896332126703502,-1.071527641662064,-0.9501890011946215,-1.27695639702052
0.0818384073206711,0.9676319538546412,-0.6816699804461522,0.8629902752038107,0.6755421267289823,-2.3687401652590303,-0.14853818596760926,0.3338501896089211,-1.0045133906280899
-0.7480066341621155,-1.4579650129233321,-1.2598860516272359,0.996583576730052,-1.4226064353232148,0.5197235805631623,0.1648802723794888,1.6178893804124637,-1.4949108021344641
0.40669146170675735,0.6115115089079336,1.4312279129947238,0.08051522340724677,0.15100498621593295,0.009994684241598885,0.04947202604506849,-0.9501890011946215,0.03077003366314515
1.5267184659242152,0.03423647913394899,0.43561211542979555,-0.5874512842239671,0.36081984242115267,0.1799043163487867,-0.6605233000805926,-0.9501890011946215,-1.7128652072484083
-0.8237554322266206,0.9799446288129046,-0.8099616712394554,0.9011597899255934,-1.9471435758362643,1.3692717410991013,-0.3438257243076981,0.3338501896089211,0.08525863494163119
-0.7095669455920682,0.8918616464191711,-0.5840960184343446,-1.5798586669903396,-1.7373287196310445,-0.15991494786558894,0.04947202604506849,-0.9501890011946215,0.7936104515619499
1.512397797633413,-0.06568561379657663,0.29768349011680795,0.2141085249334882,-1.37015272127191,-1.009463108401528,-0.4874562645074739,1.6178893804124637,1.6654280720177266
-0.7155967006618796,0.5499481341166146,-0.5648221493949751,-1.8661300274037171,-1.7373287196310445,-0.15991494786558894,-0.6605233000805926,-0.9501890011946215,-1.7128652072484083
-0.7604430039936015,-1.4664891725098226,-1.2243498555858985,1.168346392978078,0.6755421267289823,0.6896332126703502,0.6277173376989961,-0.9501890011946215,1.011564856675894
-0.6895933819233182,-0.20254573160189376,-0.5082051590918273,0.2522780396552727,1.2000792672420315,0.009994684241598885,0.1648802723794888,0.3338501896089211,-1.4949108021344641
0.20205664902503476,0.862500652287927,1.4974818378175565,0.29044755437705544,0.15100498621593295,0.009994684241598885,-0.6605233000805926,-0.9501890011946215,-1.7128652072484083
1.4664209152261016,0.23597492268088693,-0.7412985127867017,-0.49202749741950674,-0.7931618667075557,-0.6696438441871524,-0.036133187396772105,1.6178893804124637,-0.45962737784322927
1.7121334343209142,0.1029033202473432,-0.5624129157650538,-0.41568846797594117,-0.7931618667075557,-0.6696438441871524,-1.071527641662064,1.6178893804124637,0.6846332490049777
-0.8392066795930122,-1.4967972954840103,-1.2912060888162114,1.6836348417221572,0.6755421267289823,1.0294524768847257,-0.8807750101134133,-0.9501890011946215,-0.40513877656474323
-0.8041587282497338,0.8132499524548715,-0.669021503889066,0.15685425285081403,-1.9471435758362643,1.3692717410991013,0.07995627083360438,0.3338501896089211,-0.18718437145079905
-0.7777785498193092,-1.4219741168914841,-1.183995192284719,1.1110921208954037,0.6755421267289823,0.6896332126703502,3.2091057625825927,-0.9501890011946215,0.30321304005557537
-0.8222479934591679,0.9586342298466793,-0.707569241967805,0.5194646427077572,-1.9471435758362643,1.3692717410991013,-0.14853818596760926,0.3338501896089211,-1.0045133906280899
-0.619120619544898,0.9259582847651324,-0.6931138401882779,-1.2363330344942878,-1.7373287196310445,-0.15991494786558894,0.5519353142862375,-0.9501890011946215,1.2295192617898383
-0.6745189942487898,1.4374078599545534,-0.4491789351587583,-1.9233842994863912,-1.7373287196310445,-0.15991494786558894,-0.4708930229974518,-0.9501890011946215,-0.9500247893496038
-0.7555438279993798,-1.5280525473011417,-1.1984505940642456,1.0538378488127278,0.6755421267289823,0.6896332126703502,0.07995627083360438,-0.9501890011946215,0.7391218502834638
1.6375152153319987,-0.15187433850442342,0.3235827516384606,0.4812951279859744,1.2000792672420315,0.3498139484559745,-0.036133187396772105,-0.9501890011946215,1.0660534579543801
-0.7472529147783892,-1.468856994617181,-1.0918420059402336,1.6836348417221572,0.6755421267289823,0.6896332126703502,-0.4708930229974518,-0.9501890011946215,-0.9500247893496038
-0.7525289504644741,-0.9862948491375335,-0.09803313359774617,-1.8661300274037171,1.5148015515498612,0.009994684241598885,2.587471126399411,-0.9501890011946215,-1.1134905931850618
1.4140374180571154,0.2222415544582081,-0.7256384941922138,-0.0912475928407791,-0.7931618667075557,-0.6696438441871524,-0.17202667260343352,1.6178893804124637,-1.331444998299006
-0.7280330704933655,-1.0331777268632303,0.07543168775657907,-1.6561976964339067,1.5148015515498612,0.009994684241598885,3.2091057625825927,-0.9501890011946215,1.6109394707392406
0.36825177313671015,0.5930424964705377,1.2198176619691403,0.9011597899255934,1.2000792672420315,0.6896332126703502,-0.14853818596760926,-0.9501890011946215,0.5756560464480056
0.3087079418223229,0.6441874539894797,1.1547683539612685,0.29044755437705544,0.15100498621593295,0.009994684241598885,-1.071527641662064,-0.9501890011946215,0.6846332490049777
1.717786329698862,-0.00506936784820116,0.33442430297310594,-0.14850186492345496,0.36081984242115267,0.1799043163487867,-0.8807750101134133,-0.9501890011946215,0.13974723622011725
-0.7770248304355828,-1.3978223313964282,0.499456806622707,-0.5111122547803998,-0.5833470105023361,0.859542844777538,3.2091057625825927,-0.9501890011946215,1.5564508694607544
-0.6436164995160066,-0.11067423383638689,-0.45700894445600204,0.1759390102117054,-0.37353215429711634,0.859542844777538,-0.3438257243076981,0.3338501896089211,0.08525863494163119
-0.7623273024529176,1.024933248852715,-0.4666458789756868,-1.121824490328936,-1.7373287196310445,-0.15991494786558894,2.587471126399411,-0.9501890011946215,-1.1134905931850618
1.4464473515573515,-0.009331447641446155,0.5355953110715248,-0.05307807811899633,1.2000792672420315,0.3498139484559745,-0.14853818596760926,-0.9501890011946215,0.5756560464480056
1.6522127433146638,-0.14335017891793309,0.5952238434120738,-0.20575613700613082,-1.37015272127191,-1.009463108401528,-0.8807750101134133,1.6178893804124637,0.13974723622011725
0.5020369637481493,0.5982517051067263,1.1884976247801649,-0.11033235020167219,0.15100498621593295,0.009994684241598885,2.587471126399411,-0.9501890011946215,-1.1134905931850618
-0.7815471467379412,-1.4394960004859365,-1.2339867901055832,0.9202445472864847,-1.4226064353232148,0.5197235805631623,-0.7038669936344721,1.6178893804124637,-1.4404222008559782
-0.8554116463431303,0.9231168982363028,-0.6894999897433963,0.1950237675725968,-1.9471435758362643,1.3692717410991013,1.3685413723559798,0.3338501896089211,-1.222467795742034
-0.7167272797374693,0.6067758646932166,-0.5172397852040316,-1.2935873065769636,0.15100498621593295,0.1799043163487867,-0.8807750101134133,0.3338501896089211,-0.5141159791217154
-0.6715041167138842,-1.004763861574929,0.06880629527429585,-1.3508415786596377,1.5148015515498612,0.009994684241598885,-0.4371395584442967,-0.9501890011946215,-0.6775817829571735
-0.6055536706378226,0.03234222144806229,-0.5292859533536377,0.996583576730052,-0.37353215429711634,0.859542844777538,-0.14853818596760926,0.3338501896089211,0.1942358374986033
0.40292286478812517,0.49643535449031395,1.0180443454632413,0.2522780396552727,1.2000792672420315,0.6896332126703502,0.17565148437119396,-0.9501890011946215,-1.0590019919065758
2.317370099453228,1.6400934323444347,0.9752804485321402,-1.1981635197725033,0.15100498621593295,0.6896332126703502,0.07995627083360438,1.6178893804124637,0.7391218502834638
-0.7649653202959601,0.8473465908008327,-0.6316783826252879,1.301939694504321,-1.9471435758362643,1.3692717410991013,-1.071527641662064,0.3338501896089211,0.6846332490049777
-0.030088921162701992,1.1134897956679202,2.594285447839174,1.473702510752347,0.6755421267289823,-2.3687401652590303,-0.4371395584442967,0.3338501896089211,1.3929850656252964
1.5504606265115974,-0.2631619775502696,0.6036561611167979,0.2522780396552727,0.36081984242115267,0.1799043163487867,-0.7038669936344721,-0.9501890011946215,-0.3506501752862572
-0.7167272797374693,-1.4769075897821997,-1.2273613976233,0.8439055178429176,-1.4226064353232148,0.5197235805631623,-0.8807750101134133,1.6178893804124637,-0.40513877656474323
-0.6455007979753227,-1.0099730702111178,-0.05888308711152683,-1.5607739096294482,1.5148015515498612,0.009994684241598885,-0.14853818596760926,-0.9501890011946215,-1.0045133906280899
1.347710112289191,-0.0045958034267292325,-0.5527759812453691,-0.873722644637343,0.5706346986263724,0.1799043163487867,0.04947202604506849,-0.9501890011946215,-0.7865589855141456
-0.7562975473831063,-1.5304203694085003,-1.1562890055406252,1.779058628526616,0.6755421267289823,0.6896332126703502,0.17565148437119396,-0.9501890011946215,-1.0590019919065758
1.4818721625924935,-0.11635700689404699,0.7349593939475023,0.7484817310384589,1.2000792672420315,0.3498139484559745,0.17565148437119396,-0.9501890011946215,-1.0590019919065758
0.3641063165262149,0.5698378398184251,1.19873686770733,0.7484817310384589,1.2000792672420315,0.6896332126703502,-0.14853818596760926,-0.9501890011946215,0.6301446477264917
-0.757804986150559,-1.4982179887484255,-1.2267590892158198,0.7103122163166762,-1.4226064353232148,0.5197235805631623,1.3685413723559798,1.6178893804124637,-1.6583766059699223
-0.6899702416151814,0.06359747326519338,-0.6093929715485169,0.6339731868731089,1.2000792672420315,0.009994684241598885,3.2091057625825927,0.3338501896089211,1.6109394707392406
1.850817800926575,0.11142747983383353,-0.6973299990406401,-0.16758662228434634,-0.7931618667075557,-0.6696438441871524,0.07995627083360438,1.6178893804124637,-0.18718437145079905
-0.8275240291452528,-1.375564803587259,0.5470391708136503,-0.30117992381058944,-0.5833470105023361,0.859542844777538,-0.8807750101134133,-0.9501890011946215,-0.40513877656474323
-0.7261487720340495,-0.01643491396352137,-0.49435206571978046,0.5194646427077572,-0.37353215429711634,0.859542844777538,0.04947202604506849,0.3338501896089211,1.2840078630683243
-0.12543442320409395,1.3313294295448954,2.405762916297842,1.8744824153310744,0.6755421267289823,-2.3687401652590303,0.6277173376989961,0.3338501896089211,-1.6038880046914363
-0.6722578360976106,-0.11825126457993403,-0.650349943257177,0.30953231173794854,1.2000792672420315,0.009994684241598885,-0.036133187396772105,0.3338501896089211,-0.45962737784322927
-0.7008991726792144,1.1381151455844478,-0.6045745042886747,-1.6371129390730155,-1.7373287196310445,-0.15991494786558894,-0.14853818596760926,-0.9501890011946215,-0.7320703842356595
2.5091916826116014,1.829045636511637,1.1047767561404036,-1.064570218246262,0.15100498621593295,0.6896332126703502,3.2091057625825927,1.6178893804124637,1.6109394707392406
-0.7785322692030356,0.61056438006499,-0.6979323074481202,-1.4844348801858809,0.15100498621593295,0.1799043163487867,1.3685413723559798,0.3338501896089211,-1.222467795742034
-0.6967537160687192,0.8890202598903416,-0.6075860463260759,-1.121824490328936,0.7804495548315921,-2.3687401652590303,-0.7038669936344721,0.3338501896089211,-0.3506501752862572
0.32830464579920987,0.48601693721793693,1.2505353907506354,0.5003798853468657,1.2000792672420315,0.6896332126703502,-0.17202667260343352,-0.9501890011946215,-1.331444998299006
1.3326357246146623,0.20614036412817063,0.4265774893175912,-0.2248408943670222,0.36081984242115267,0.1799043163487867,0.04947202604506849,-0.9501890011946215,0.03077003366314515
-0.730671088336408,0.33400275792552586,-0.669021503889066,1.1492616356171865,-0.37353215429711634,0.859542844777538,0.07995627083360438,0.3338501896089211,0.7391218502834638
0.380688142968196,0.43960762391371155,0.772904823618761,0.40495609854240716,0.15100498621593295,0.009994684241598885,0.07995627083360438,-0.9501890011946215,0.4121902426125475
-0.7977521134880592,-1.2922174654082423,0.6608754598274261,0.023260951324570917,-0.5833470105023361,0.859542844777538,0.07995627083360438,-0.9501890011946215,0.4121902426125475
1.495439111499569,-0.11730413573699051,0.6042584695242785,-0.0912475928407791,0.36081984242115267,0.1799043163487867,-0.7038669936344721,-0.9501890011946215,1.5019622681822684
1.2534951893233885,0.13984134512213472,0.697013964276244,-0.20575613700613082,0.36081984242115267,0.1799043163487867,-0.4371395584442967,0.3338501896089211,-0.6775817829571735
-0.6311801296845208,-0.011699269748804784,-0.5154328599815908,0.8248207604820261,-0.37353215429711634,0.859542844777538,-0.14853818596760926,0.3338501896089211,0.5756560464480056
-0.7446148969353467,1.0950207832305245,-0.6894999897433963,-1.2935873065769636,-1.7373287196310445,-0.15991494786558894,-0.4708930229974518,-0.9501890011946215,1.7199166732962126
-0.7223801751154173,0.8634477811308703,-0.522058252463874,-1.7516214832383654,0.7804495548315921,-2.3687401652590303,-1.071527641662064,0.3338501896089211,-1.27695639702052
-0.7838083048891206,-0.9512510819486287,-0.04442768533199984,-1.427180608103205,1.5148015515498612,0.009994684241598885,0.6277173376989961,-0.9501890011946215,-1.6038880046914363
-0.7246413332665966,-1.468856994617181,-1.180381341839837,0.882075032564702,0.6755421267289823,0.6896332126703502,-0.4708930229974518,-0.9501890011946215,0.9570762553974079
-0.09377820908758452,0.8525557994370213,-0.5883121772867065,1.3401092092261055,0.6755421267289823,-2.3687401652590303,-1.071527641662064,0.3338501896089211,-1.27695639702052
-0.7634578815285071,0.030447963762175255,-0.6642030366292238,0.5958036721513245,1.2000792672420315,0.009994684241598885,-0.4371395584442967,0.3338501896089211,-0.6775817829571735
1.3737134310277523,0.04607558967074113,0.689183954979,0.30953231173794854,-1.37015272127191,-1.009463108401528,-0.7038669936344721,1.6178893804124637,-0.3506501752862572
1.5561135218895457,0.020029546489798225,-0.7226269521548123,-0.9500616740809101,-0.7931618667075557,-0.6696438441871524,0.1648802723794888,1.6178893804124637,-1.4949108021344641
0.4884700148410738,0.5362147658939354,0.964438897197495,0.3477018264597313,0.15100498621593295,0.009994684241598885,-0.3438257243076981,-0.9501890011946215,0.08525863494163119
0.020787137238831035,1.1172783110396938,-0.7220246437473322,1.0347530914518366,0.6755421267289823,-2.3687401652590303,3.2091057625825927,0.3338501896089211,1.5564508694607544
1.7799681788562918,0.12800223458534257,0.6536477589376628,0.004176193963679531,0.36081984242115267,0.1799043163487867,0.6277173376989961,1.6178893804124637,1.011564856675894
-0.7242644735747334,0.7512130132420809,-0.5865052520642657,-1.5989434243512308,0.7804495548315921,-2.3687401652590303,0.07995627083360438,0.3338501896089211,0.7391218502834638
-0.7860694630402998,1.2091498088052006,-0.611802205178438,0.1950237675725968,-1.9471435758362643,1.3692717410991013,-0.9787739493758718,0.3338501896089211,-0.07820716889382695
-0.8373223811336962,1.1333795013697312,-0.8069501292020539,0.7293969736775675,-1.9471435758362643,1.3692717410991013,-0.8807750101134133,0.3338501896089211,0.13974723622011725
0.13196074633847785,0.7862567804309858,-0.6907046065583569,1.4164482386696726,0.6755421267289823,-2.3687401652590303,0.04947202604506849,0.3338501896089211,0.03077003366314515
-0.7193652975805117,-1.506268583913444,-1.1797790334323568,1.3591939665869968,0.6755421267289823,1.0294524768847257,-0.036133187396772105,-0.9501890011946215,-1.5493994034129503
0.4828171194631257,0.5797826926693306,1.3258239416856723,0.2522780396552727,1.2000792672420315,0.6896332126703502,-0.14853818596760926,-0.9501890011946215,-1.0045133906280899
-0.7717487947494979,-1.4982179887484255,-1.183995192284719,0.8629902752038107,-1.4226064353232148,0.5197235805631623,-0.6605233000805926,1.6178893804124637,-1.7128652072484083
0.14100537894319495,1.1097012802961468,-0.7105807840052065,1.2446854224216453,0.6755421267289823,-2.3687401652590303,-1.071527641662064,0.3338501896089211,1.175030660511352
-0.1080988773783863,0.8629742167093983,2.725588680669879,1.779058628526616,0.6755421267289823,-2.3687401652590303,-0.4874562645074739,0.3338501896089211,1.6654280720177266
-0.718234718504922,1.0950207832305245,-0.6569753357394602,0.8057360031211348,-1.9471435758362643,1.3692717410991013,-0.17202667260343352,0.3338501896089211,-1.331444998299006
2.760933956776225,1.4724516271434578,1.616738902498655,-0.7210445857502085,0.15100498621593295,0.6896332126703502,-0.14853818596760926,1.6178893804124637,0.5756560464480056
1.5154126751683186,-0.16750196441298928,-0.5889144856941868,-0.30117992381058944,-0.7931618667075557,-0.6696438441871524,-0.7038669936344721,1.6178893804124637,-0.3506501752862572
-0.07983440048864562,0.9453744260454721,3.066495239303726,1.9317366874137503,0.6755421267289823,-2.3687401652590303,0.07995627083360438,0.3338501896089211,-0.5686045804002013
2.000054238904406,-0.10925354057197177,0.4880129468805815,-0.9309769167200188,0.36081984242115267,0.1799043163487867,-0.036133187396772105,-0.9501890011946215,1.0660534579543801
0.052066491663477606,1.3313294295448954,3.0791437158608126,1.664550084361266,0.6755421267289823,-2.3687401652590303,1.4552243401488365,0.3338501896089211,-0.8410475867926316
-0.8678480161746162,-1.351413018092203,0.6982185810912043,-0.11033235020167219,-0.5833470105023361,0.859542844777538,-0.14853818596760926,-0.9501890011946215,-1.0045133906280899
-0.6752727136325162,-1.4072936198258619,0.03327009923295822,-0.5874512842239671,0.15100498621593295,0.009994684241598885,-0.8807750101134133,-0.9501890011946215,-0.5141159791217154
-0.7872000421158895,-1.3902453006528812,0.528367610181761,0.11868473812902955,-0.5833470105023361,0.859542844777538,-0.14853818596760926,-0.9501890011946215,0.35770164133406146
-0.7638347412203704,-1.357569355571335,0.737970935984904,-0.30117992381058944,-0.5833470105023361,0.859542844777538,-0.14853818596760926,-0.9501890011946215,-0.7320703842356595
0.27064511294413884,0.7308497431187985,1.1005605972880417,0.462210370625083,0.15100498621593295,0.009994684241598885,0.6277173376989961,-0.9501890011946215,1.011564856675894
-0.8316694857557481,-1.5498365106888392,-1.1918252015819624,0.8629902752038107,-1.4226064353232148,0.5197235805631623,0.6277173376989961,1.6178893804124637,1.011564856675894
1.641660671942494,-0.17176404420623428,0.4494652088018426,0.40495609854240716,-1.37015272127191,-1.009463108401528,0.07995627083360438,1.6178893804124637,-0.18718437145079905
0.08937560115793512,0.5267434774645019,-0.7057623167453643,0.7675664883993503,0.6755421267289823,-2.3687401652590303,1.4552243401488365,0.3338501896089211,-0.8410475867926316
-0.7672264784471393,1.328014478594594,-0.6431222423674133,-1.179078762411612,-1.7373287196310445,-0.15991494786558894,0.1648802723794888,-0.9501890011946215,-1.4949108021344641
-0.709190085900205,-1.434286791849748,-0.007084564068221462,-1.6371129390730155,0.15100498621593295,0.009994684241598885,-0.8807750101134133,-0.9501890011946215,-0.40513877656474323
-0.7630810218366441,-1.4816432339969166,-1.1924275099894428,1.2065159076998624,0.6755421267289823,0.6896332126703502,0.17565148437119396,-0.9501890011946215,-0.023718567615340903
-0.6877090834640022,-0.15897780482649895,-0.7569585313811892,0.15685425285081403,1.2000792672420315,0.009994684241598885,-0.9787739493758718,0.3338501896089211,-0.07820716889382695
-0.6360793056787425,0.05033766946398613,-0.5594013737276524,0.5385494000686486,-0.37353215429711634,0.859542844777538,0.5519353142862375,0.3338501896089211,1.2295192617898383
-0.007100479959046252,0.9676319538546412,-0.5967444949914307,1.8363129006092918,0.6755421267289823,-2.3687401652590303,0.17565148437119396,0.3338501896089211,0.8480990528404359
-0.8037818685578705,-1.5389445289949903,-1.182790575469758,1.0347530914518366,0.6755421267289823,0.6896332126703502,-0.8807750101134133,-0.9501890011946215,0.5211674451695196
-0.716350420045606,-1.5204755165575945,-1.2809668458890464,0.7293969736775675,0.6755421267289823,0.6896332126703502,0.04947202604506849,-0.9501890011946215,-0.7865589855141456
1.3669299565742143,0.11853094615590874,-0.4666458789756868,-1.312672063937855,0.5706346986263724,0.1799043163487867,-0.7551313621525116,-0.9501890011946215,1.3384964643468102
1.4984539890344746,0.05223192714987283,-0.660589186184342,-0.8546378872764515,0.5706346986263724,0.1799043163487867,-1.071527641662064,-0.9501890011946215,-1.27695639702052
0.36674433436925735,0.7142749883672894,1.3444955023175615,0.7675664883993503,0.15100498621593295,0.009994684241598885,-0.7038669936344721,-0.9501890011946215,1.5019622681822684
-0.6228892164635302,0.1294229278497577,-0.6449291675898543,0.7866512457602434,-0.37353215429711634,0.859542844777538,-0.9787739493758718,0.3338501896089211,-0.07820716889382695
1.5206887108544036,-0.06805343590393526,0.4223613304652291,-0.20575613700613082,-1.37015272127191,-1.009463108401528,-0.9787739493758718,1.6178893804124637,-0.07820716889382695
-0.7751405319762668,-1.547468688581481,-1.1532774635032235,1.0920073635345107,0.6755421267289823,0.6896332126703502,1.3685413723559798,-0.9501890011946215,-1.222467795742034
1.9096079128572359,1.4634539031354958,1.2818554279396108,-1.5226043949076637,0.15100498621593295,0.6896332126703502,0.17565148437119396,1.6178893804124637,-0.023718567615340903
-0.7634578815285071,0.9041743213774351,-0.4780897387178125,-1.5035196375467723,0.15100498621593295,0.1799043163487867,0.1648802723794888,0.3338501896089211,-1.4949108021344641
-0.8437289958953708,1.2494027846302942,-0.6539637937020586,-1.5416891522685567,0.7804495548315921,-2.3687401652590303,-0.9787739493758718,0.3338501896089211,-1.1679791944635478
-0.7966215344124696,1.1352737590556174,-0.5702429250622978,0.9202445472864847,-1.9471435758362643,1.3692717410991013,-1.071527641662064,0.3338501896089211,-1.27695639702052
0.32642034733989395,0.5883068522558209,1.1818722322978816,0.8629902752038107,1.2000792672420315,0.6896332126703502,-0.3438257243076981,-0.9501890011946215,0.08525863494163119
-0.7351934046387665,-1.0284420826485134,0.0453162673825643,-1.8088757553210413,1.5148015515498612,0.009994684241598885,0.04947202604506849,-0.9501890011946215,0.03077003366314515
-0.7197421572723749,1.079393157321959,-0.6780561300012706,-1.9233842994863912,0.15100498621593295,0.1799043163487867,0.04947202604506849,0.3338501896089211,-0.7865589855141456
-0.7438611775516203,-1.5190548232931798,-0.048041535776881535,-1.0264007035244775,0.15100498621593295,0.009994684241598885,-0.8807750101134133,-0.9501890011946215,0.13974723622011725
0.17869134812951587,1.0325102795962617,3.1532276499808884,1.6263805696394813,0.6755421267289823,-2.3687401652590303,0.04947202604506849,0.3338501896089211,-0.132695770172313
-0.7664727590634128,-1.394980944867598,0.3536981720124754,-0.03399332075810494,-0.5833470105023361,0.859542844777538,2.587471126399411,-0.9501890011946215,-1.1134905931850618
-0.7257719123421862,-1.5441537376311787,-1.1466520710209402,0.6148884295122158,-1.4226064353232148,0.5197235805631623,0.07995627083360438,1.6178893804124637,0.7391218502834638
0.5691179888998006,0.6763898346495544,1.0722521021364677,0.42404085590329854,0.15100498621593295,0.009994684241598885,-0.7038669936344721,-0.9501890011946215,-1.4404222008559782
-0.7348165449469033,0.8104085659260413,-0.5702429250622978,-1.5989434243512308,0.15100498621593295,0.1799043163487867,3.2091057625825927,0.3338501896089211,1.6109394707392406
-0.7438611775516203,0.8639213455523422,-0.6792607468162312,-1.5416891522685567,-1.7373287196310445,-0.15991494786558894,-0.036133187396772105,-0.9501890011946215,-0.45962737784322927
-0.739715720941125,-1.2964795452014874,0.6458177496404187,-0.18667137964523944,-0.5833470105023361,0.859542844777538,-0.4371395584442967,-0.9501890011946215,1.120542059232866
-0.7336859658713136,1.5321207442488904,-0.5919260277315883,-0.4538579826977239,-1.7373287196310445,-0.15991494786558894,3.2091057625825927,-0.9501890011946215,0.30321304005557537
1.4279812266560543,-0.26884475060793,0.36574434016208146,-0.873722644637343,0.36081984242115267,0.1799043163487867,-0.4874562645074739,-0.9501890011946215,1.6654280720177266
1.5647812948023991,0.013399644589194602,0.5657107314455396,0.1950237675725968,1.2000792672420315,0.3498139484559745,-0.6605233000805926,-0.9501890011946215,-0.2416729727292851
0.2178847560832896,0.5182193178780116,1.0614105508018226,0.08051522340724677,1.2000792672420315,0.6896332126703502,-0.4708930229974518,-0.9501890011946215,-0.9500247893496038
1.3918026962371866,-0.0841546262339724,0.9511881122329285,-0.5492817695021825,-0.688254438604946,-0.49973421207996455,-0.14853818596760926,1.6178893804124637,0.35770164133406146
-0.7144661215862901,1.015461960423281,-0.7003415410780416,-1.3508415786596377,0.15100498621593295,0.1799043163487867,-0.4708930229974518,0.3338501896089211,0.9570762553974079
-0.673011555481337,-1.4243419389988425,-0.12031854467451694,-1.179078762411612,0.15100498621593295,0.009994684241598885,1.4552243401488365,-0.9501890011946215,-0.8410475867926316
-0.7725025141332242,-1.4465994668080118,-1.205075986546529,1.2828549371434297,0.6755421267289823,0.6896332126703502,-0.14853818596760926,-0.9501890011946215,0.5756560464480056
-0.7310479480282712,0.7123807306814027,-0.4744758882729308,0.8057360031211348,-1.9471435758362643,1.3692717410991013,0.5519353142862375,0.3338501896089211,-0.29616157400777116
-0.7834314451972573,-1.4063464909829184,-1.2550675843673937,1.187431150338971,0.6755421267289823,0.6896332126703502,-0.9787739493758718,-0.9501890011946215,0.24872443877708933
0.4613361170269228,0.8085143082401549,0.9138449909691504,0.2522780396552727,0.15100498621593295,0.009994684241598885,-0.4371395584442967,-0.9501890011946215,-0.6775817829571735
-0.7495140729295685,0.9269054136080763,-0.7166038680800095,-1.6371129390730155,0.15100498621593295,0.1799043163487867,-0.3438257243076981,0.3338501896089211,0.08525863494163119
-0.8139570802381771,1.2531913000020676,-0.640110700330012,1.0156683340909434,-1.9471435758362643,1.3692717410991013,1.4552243401488365,0.3338501896089211,-0.8410475867926316
-0.7382082821736722,0.7748912343156649,-0.5003751497945835,-0.9309769167200188,0.15100498621593295,0.1799043163487867,-0.036133187396772105,0.3338501896089211,-0.45962737784322927
-0.7223801751154173,1.0026757210435457,-0.5907214109166278,-0.9882311888026947,0.7804495548315921,-2.3687401652590303,-0.4371395584442967,0.3338501896089211,1.120542059232866
-0.7985058328717856,0.7947809400174757,-0.6696238122965464,0.882075032564702,-1.9471435758362643,1.3692717410991013,0.1648802723794888,0.3338501896089211,-1.4949108021344641
0.18547482258305362,0.46802148920201275,1.3426885770951207,0.5576341574295416,0.15100498621593295,0.009994684241598885,0.04947202604506849,-0.9501890011946215,-0.132695770172313
-0.09038647186081551,0.892808775262115,-0.6786584384087507,1.5691262975568054,0.6755421267289823,-2.3687401652590303,-0.9787739493758718,0.3338501896089211,0.24872443877708933
0.013626803093430147,1.0239861200097717,-0.5901191025091475,1.2637701797825382,0.6755421267289823,-2.3687401652590303,-0.4708930229974518,0.3338501896089211,-0.9500247893496038
-0.6390941832136482,-1.4224476813129558,-0.12453470352687902,-1.4462653654640965,0.15100498621593295,0.009994684241598885,1.3685413723559798,-0.9501890011946215,-1.222467795742034
-0.6790413105511484,1.1456921763279946,-0.6611914945918222,-1.8279605126819327,-1.7373287196310445,-0.15991494786558894,-0.7551313621525116,-0.9501890011946215,1.3384964643468102
-0.7800397079704884,-1.3684613372651835,0.548243787628611,0.30953231173794854,-0.5833470105023361,0.859542844777538,-0.8807750101134133,-0.9501890011946215,0.5211674451695196
-0.7393388612492618,-1.0516467393006261,0.048930117827445996,-1.618028181712124,1.5148015515498612,0.009994684241598885,-0.7038669936344721,-0.9501890011946215,1.5019622681822684
1.587392876314192,0.29280265325748933,0.5765522827801849,-0.701959828389317,-1.37015272127191,-1.009463108401528,-0.7551313621525116,1.6178893804124637,1.3384964643468102
-0.7600661443017382,-1.0265478249626268,0.05254396827232769,-1.2172482771333963,1.5148015515498612,0.009994684241598885,-0.4371395584442967,-0.9501890011946215,1.3929850656252964
-0.7174809991211957,0.01292608016772301,-0.5051936170544258,0.996583576730052,1.2000792672420315,0.009994684241598885,-0.4371395584442967,0.3338501896089211,1.120542059232866
-0.8780232278549228,-1.4238683745773708,0.47175061987861333,0.3858713411815158,-0.5833470105023361,0.859542844777538,0.5519353142862375,-0.9501890011946215,1.2295192617898383
-0.7246413332665966,-1.5001122464343122,-1.2960245560760537,1.4546177533914555,0.6755421267289823,1.0294524768847257,3.2091057625825927,-0.9501890011946215,1.6109394707392406
-0.7596892846098752,0.7431624180770622,-0.44676970152883716,-1.3317568212987465,-1.7373287196310445,-0.15991494786558894,3.2091057625825927,-0.9501890011946215,1.5564508694607544
-0.8851835620003238,-1.2694863731776014,0.6819562540892365,0.15685425285081403,-0.5833470105023361,0.859542844777538,-0.4708930229974518,-0.9501890011946215,1.7199166732962126
1.6375152153319987,-0.2124905844527992,0.5115029747723131,0.5003798853468657,0.36081984242115267,0.1799043163487867,-0.4371395584442967,-0.9501890011946215,1.3929850656252964
-0.7106975246676579,0.8217741120413622,-0.5298882617611179,-1.3890110933814224,0.15100498621593295,0.1799043163487867,3.2091057625825927,0.3338501896089211,-0.6230931816786874
1.646936707628579,-0.03064184660767214,0.4675344610262513,-0.5492817695021825,-1.37015272127191,-1.009463108401528,0.17565148437119396,1.6178893804124637,-1.0590019919065758
-0.7936066568775639,0.9562664077393204,-0.6437245507748938,0.882075032564702,-1.9471435758362643,1.3692717410991013,0.04947202604506849,0.3338501896089211,-0.132695770172313
-0.68394048654537,-1.426709761106201,-1.1586982391705463,0.6148884295122158,0.6755421267289823,0.6896332126703502,1.3685413723559798,-0.9501890011946215,-1.6583766059699223
2.4187453565644317,1.6992889850283954,1.3667809133943323,-0.14850186492345496,0.15100498621593295,0.6896332126703502,-0.14853818596760926,1.6178893804124637,0.6301446477264917
-0.8618182611048049,-1.379826883380504,0.49283141414042375,-0.20575613700613082,-0.5833470105023361,0.859542844777538,-0.4371395584442967,-0.9501890011946215,-0.6775817829571735
-0.7872000421158895,-1.476434025360728,-1.20688291176897,0.9774988193691606,0.6755421267289823,0.6896332126703502,-0.3438257243076981,-0.9501890011946215,0.08525863494163119
1.403862206376809,0.1663609527245492,-0.5660267662099356,-0.07216283547988771,-0.7931618667075557,-0.6696438441871524,-0.4371395584442967,1.6178893804124637,-0.8955361880711177
0.4334484998290452,0.4656536670946545,1.1884976247801649,0.5194646427077572,0.15100498621593295,0.009994684241598885,-0.4371395584442967,-0.9501890011946215,1.120542059232866
-0.7962446747206063,-1.5020065041201989,-1.1876090427296004,0.7484817310384589,0.6755421267289823,0.6896332126703502,-1.071527641662064,-0.9501890011946215,-1.27695639702052
-0.1725418846869951,0.9747354201767161,-0.5702429250622978,0.9011597899255934,0.6755421267289823,-2.3687401652590303,0.07995627083360438,0.3338501896089211,0.7391218502834638
1.5930457716921398,-0.1509272096614802,0.25853344363058883,-0.16758662228434634,-1.37015272127191,-1.009463108401528,-0.14853818596760926,1.6178893804124637,0.35770164133406146
-0.6481388158183652,-0.042480957144464274,-0.6069837379185957,0.8248207604820261,1.2000792672420315,0.009994684241598885,0.6277173376989961,0.3338501896089211,-1.6038880046914363
-0.6383404638299217,-1.444705209122125,0.09289863157350758,-0.7210445857502085,0.15100498621593295,0.009994684241598885,0.07995627083360438,-0.9501890011946215,0.7391218502834638
-0.7630810218366441,-1.4750133320963128,-1.14604976261346,1.0538378488127278,0.6755421267289823,0.6896332126703502,-0.9787739493758718,-0.9501890011946215,-0.07820716889382695
2.113112146463369,1.5917898613543224,1.286071586791973,-0.5301970121412912,0.15100498621593295,0.6896332126703502,-0.9787739493758718,1.6178893804124637,0.24872443877708933
2.3143552219183223,1.6647187822609621,1.5625311458254283,-1.1981635197725033,0.15100498621593295,0.6896332126703502,0.6277173376989961,1.6178893804124637,-1.6038880046914363
-0.768357057522729,-1.3713027237940139,0.660273151419946,-0.7401293431111016,-0.5833470105023361,0.859542844777538,-0.9787739493758718,-0.9501890011946215,-0.07820716889382695
2.289859341947214,1.3606904236761401,1.251740007565596,-1.3317568212987465,0.15100498621593295,0.6896332126703502,-0.8807750101134133,1.6178893804124637,0.13974723622011725
0.1847211031993271,0.6583943866336305,1.245716923490793,0.23319328229438127,0.15100498621593295,0.009994684241598885,0.04947202604506849,-0.9501890011946215,-0.7865589855141456
-0.7890843405752054,-1.3215784595394868,0.768688664766399,-0.03399332075810494,-0.5833470105023361,0.859542844777538,-0.4371395584442967,-0.9501890011946215,-0.8955361880711177
1.27949850806195,-0.0027015457408425306,-0.6569753357394602,-0.9882311888026947,-0.7931618667075557,-0.6696438441871524,3.2091057625825927,1.6178893804124637,1.6109394707392406
-0.7393388612492618,-1.4835374916828032,-1.196643668841805,1.4927872681132384,0.6755421267289823,0.6896332126703502,1.4552243401488365,-0.9501890011946215,-0.8410475867926316
-0.6379636041380585,-1.5498365106888392,0.0669993700518549,-0.30117992381058944,0.15100498621593295,0.009994684241598885,-1.071527641662064,-0.9501890011946215,0.46667884389103353
1.2180703782882472,-0.006016496691144343,0.4446467415419999,-0.07216283547988771,0.36081984242115267,0.1799043163487867,-0.4708930229974518,-0.9501890011946215,-0.9500247893496038
0.3984005484857668,0.5982517051067263,1.3005269885714996,0.6530579442340003,1.2000792672420315,0.6896332126703502,0.07995627083360438,-0.9501890011946215,-0.5686045804002013
-0.7676033381390025,1.0097791873656212,-0.7491285220839454,0.7484817310384589,-1.9471435758362643,1.3692717410991013,3.2091057625825927,0.3338501896089211,0.30321304005557537
0.551782443074093,0.38277989333710954,1.1710306809632363,0.023260951324570917,1.2000792672420315,0.6896332126703502,-0.8807750101134133,-0.9501890011946215,-0.5141159791217154
0.030208629535411265,0.631874779031216,2.4762329999730364,2.714211739210314,0.6755421267289823,-2.3687401652590303,-0.6605233000805926,0.3338501896089211,-1.7128652072484083
-0.10395342076789103,1.0102527517870925,2.4364806450793375,2.103499503661776,0.6755421267289823,-2.3687401652590303,0.17565148437119396,0.3338501896089211,-0.023718567615340903
0.42365014784060184,0.27291294755567846,1.3655762965793719,0.996583576730052,0.15100498621593295,0.009994684241598885,0.07995627083360438,-0.9501890011946215,-0.18718437145079905
-0.7155967006618796,-0.2432722718484587,-0.4841128227926155,0.5958036721513245,-0.37353215429711634,0.859542844777538,-0.8807750101134133,0.3338501896089211,-0.40513877656474323
-0.728786789877092,-1.4674363013527658,-0.08839619907806143,-1.3508415786596377,0.15100498621593295,0.009994684241598885,-0.14853818596760926,-0.9501890011946215,-1.0045133906280899
1.7449202275130131,-0.03821887735121895,0.5578807221482955,-0.18667137964523944,0.36081984242115267,0.1799043163487867,-0.14853818596760926,-0.9501890011946215,-1.0045133906280899
-0.8316694857557481,-1.4622270927165772,-1.2454306498477088,0.5194646427077572,-1.4226064353232148,0.5197235805631623,0.04947202604506849,1.6178893804124637,-0.132695770172313
-0.6654743616440728,0.8705512474529458,-0.597346803398911,-1.1981635197725033,0.15100498621593295,0.1799043163487867,1.4552243401488365,0.3338501896089211,-0.8410475867926316
-0.786446322732163,1.098335734180826,-0.6003583454363125,1.1110921208954037,-1.9471435758362643,1.3692717410991013,0.04947202604506849,0.3338501896089211,1.2840078630683243
-0.7483834938539788,0.8894938243118128,-0.7533446809363075,-1.064570218246262,0.15100498621593295,0.1799043163487867,0.07995627083360438,0.3338501896089211,-0.5686045804002013
1.5361399582207955,0.04512846082779761,-0.6617938029993027,-0.5111122547803998,-0.7931618667075557,-0.6696438441871524,-0.14853818596760926,1.6178893804124637,-0.7320703842356595
-0.8618182611048049,1.0230389911668285,-0.5124213179441893,0.8629902752038107,-1.9471435758362643,1.3692717410991013,-0.14853818596760926,0.3338501896089211,-0.7320703842356595
-0.7155967006618796,0.892335210840643,-0.5846983268418248,-1.6561976964339067,-1.7373287196310445,-0.15991494786558894,-1.071527641662064,-0.9501890011946215,0.902587654118922
-0.7253950526503231,1.029668893067432,-0.7593677650111104,-1.4462653654640965,-1.7373287196310445,-0.15991494786558894,-0.14853818596760926,-0.9501890011946215,0.5756560464480056
0.1443971161699637,0.9415859106736987,3.2393577522505708,2.103499503661776,0.6755421267289823,-2.3687401652590303,-0.3438257243076981,0.3338501896089211,0.08525863494163119
-0.7024066114466674,-1.44612590238654,-0.016119190180425808,-0.9882311888026947,0.15100498621593295,0.009994684241598885,3.2091057625825927,-0.9501890011946215,-0.6230931816786874
0.04565987690180298,1.0490850343477711,-0.7762324004205586,1.2256006650607538,0.6755421267289823,-2.3687401652590303,-0.4874562645074739,0.3338501896089211,1.6654280720177266
-0.7766479707437195,-1.4901673935834068,0.05133935145736713,-0.8355531299155602,0.15100498621593295,0.009994684241598885,0.17565148437119396,-0.9501890011946215,-0.023718567615340903
-0.8222479934591679,0.7374796450194018,-0.707569241967805,1.5691262975568054,-1.9471435758362643,1.3692717410991013,-0.14853818596760926,0.3338501896089211,0.6301446477264917
1.612642475669027,0.08017222801670244,-0.6220414481056031,-0.6637903136675343,0.5706346986263724,0.1799043163487867,-0.4371395584442967,-0.9501890011946215,-0.8955361880711177
-0.7208727363479646,-1.5379974001520471,-1.183995192284719,0.8439055178429176,0.6755421267289823,1.0294524768847257,0.17565148437119396,-0.9501890011946215,-1.3859335995774922
0.5653493919811684,0.5291112995718602,1.1421198774041823,0.004176193963679531,0.15100498621593295,0.009994684241598885,-0.8807750101134133,-0.9501890011946215,0.13974723622011725
0.11387148112904394,0.8899673887332847,-0.6913069149658371,1.5118720254741314,0.6755421267289823,-2.3687401652590303,-0.4708930229974518,0.3338501896089211,1.7199166732962126
-0.6779107314755587,0.880022535882379,-0.5419344299107237,-1.121824490328936,0.15100498621593295,0.1799043163487867,-1.071527641662064,0.3338501896089211,0.46667884389103353
-0.7140892618944268,0.8511351061726062,-0.6166206724382804,-1.312672063937855,0.15100498621593295,0.1799043163487867,-0.14853818596760926,0.3338501896089211,-1.0045133906280899
0.4854551373061682,0.6238241838661973,1.1180275411049705,0.8057360031211348,1.2000792672420315,0.6896332126703502,-0.14853818596760926,-0.9501890011946215,0.1942358374986033
1.5022225859531064,-0.11730413573699051,0.7054462819809681,0.29044755437705544,-1.37015272127191,-1.009463108401528,0.07995627083360438,1.6178893804124637,0.4121902426125475
0.5442452492368286,0.21419095929318935,1.1981345592998498,0.5003798853468657,1.2000792672420315,0.6896332126703502,3.2091057625825927,-0.9501890011946215,0.30321304005557537
-0.728786789877092,-1.434286791849748,0.13867407054200992,-1.0264007035244775,0.15100498621593295,0.009994684241598885,-0.9787739493758718,-0.9501890011946215,0.24872443877708933
-0.7242644735747334,-0.024959073550011698,-0.581084476396943,0.1950237675725968,1.2000792672420315,0.009994684241598885,0.07995627083360438,0.3338501896089211,-0.5686045804002013
0.2958947122989739,0.7119071662599308,1.3703947638392142,-0.16758662228434634,0.15100498621593295,0.009994684241598885,-0.8807750101134133,-0.9501890011946215,0.5211674451695196
-0.694869417609403,-1.3883510429669945,-1.2321798648831424,1.0729226061736192,-1.4226064353232148,0.5197235805631623,0.04947202604506849,1.6178893804124637,0.03077003366314515
-0.7329322464875873,-1.441863822593295,-1.1936321268044034,1.5882110549176987,-1.4226064353232148,0.5197235805631623,-0.8807750101134133,1.6178893804124637,0.5211674451695196
0.03510780552963308,0.9813653220773197,-0.7328661950819775,0.9393293046473778,0.6755421267289823,-2.3687401652590303,-0.4371395584442967,0.3338501896089211,-0.6775817829571735
-0.7747636722844035,-1.559307799118273,-1.2080875285839305,0.996583576730052,-1.4226064353232148,0.5197235805631623,0.5519353142862375,1.6178893804124637,1.2295192617898383
-0.7269024914177759,-1.0900054574398326,0.0959101736109091,-1.4653501228249894,1.5148015515498612,0.009994684241598885,-0.17202667260343352,-0.9501890011946215,-1.331444998299006
-0.6903471013070447,-1.4617535282951057,-0.034188442404834714,-1.179078762411612,0.15100498621593295,0.009994684241598885,-0.6605233000805926,-0.9501890011946215,-1.7128652072484083
-0.06136827558734856,1.2276188212425962,3.0152990246679012,0.9774988193691606,0.6755421267289823,-2.3687401652590303,-0.9787739493758718,0.3338501896089211,-0.07820716889382695
-0.8056661670171866,-1.4911145224263502,0.04953242623492638,-1.0836549756071532,0.15100498621593295,0.009994684241598885,0.07995627083360438,-0.9501890011946215,-0.18718437145079905
1.5836242793955595,-0.08273393296955761,-0.7268431110071745,-0.6447055563066412,0.5706346986263724,0.1799043163487867,0.07995627083360438,-0.9501890011946215,-0.5686045804002013
2.074672457893321,1.5406449038353804,1.2975154465340983,-0.7210445857502085,0.15100498621593295,0.6896332126703502,0.1648802723794888,1.6178893804124637,-1.4949108021344641
0.23333600344968106,0.6295069569238577,1.445081006366771,0.08051522340724677,0.15100498621593295,0.009994684241598885,0.6277173376989961,-0.9501890011946215,-1.6038880046914363
0.548390705847324,0.4950146612258989,1.637217388352985,1.3782787239478882,1.2000792672420315,0.6896332126703502,-1.071527641662064,-0.9501890011946215,0.6846332490049777
-0.7890843405752054,-1.411555699619107,0.5958261518195543,-0.30117992381058944,-0.5833470105023361,0.859542844777538,-0.036133187396772105,-0.9501890011946215,-0.45962737784322927
1.4577531423132482,-0.25226999585642096,0.6289531142309704,0.5385494000686486,-1.37015272127191,-1.009463108401528,0.04947202604506849,1.6178893804124637,-0.132695770172313
-0.7265256317259128,0.11568955962707886,-0.5624129157650538,0.42404085590329854,1.2000792672420315,0.009994684241598885,-0.6605233000805926,0.3338501896089211,-1.7128652072484083
-0.7872000421158895,-1.4877995714760486,-1.215315229473694,1.3973634813087796,0.6755421267289823,0.6896332126703502,-0.7038669936344721,-0.9501890011946215,1.5019622681822684
-0.6997685936036249,-1.4162913438338238,-0.027563049922551496,-0.7210445857502085,0.15100498621593295,0.009994684241598885,3.2091057625825927,-0.9501890011946215,1.5564508694607544
-0.817348817464946,1.216253275127276,-0.7184107933024503,0.7484817310384589,-1.9471435758362643,1.3692717410991013,-0.4708930229974518,0.3338501896089211,0.9570762553974079
-0.8094347639358187,-1.3978223313964282,0.9102311405242685,-0.43477322533683255,-0.5833470105023361,0.859542844777538,0.07995627083360438,-0.9501890011946215,0.7391218502834638
-0.10885259676211284,1.0737103842642985,2.9153158290261723,1.60729581227859,0.6755421267289823,-2.3687401652590303,-0.4708930229974518,0.3338501896089211,1.7199166732962126
0.043021859058760506,1.0353516661250919,2.7117355872978317,1.7599738711657245,0.6755421267289823,-2.3687401652590303,-0.036133187396772105,0.3338501896089211,-0.45962737784322927
0.5774089021207911,0.24118413131707545,0.8638533931482856,0.7484817310384589,0.15100498621593295,0.009994684241598885,-0.4708930229974518,-0.9501890011946215,1.7199166732962126
-0.7551669683075166,-1.5285261117226132,-1.2225429303634576,0.9202445472864847,0.6755421267289823,0.6896332126703502,-0.036133187396772105,-0.9501890011946215,-0.45962737784322927
0.5725097261265694,0.1976162045416803,1.4715825762959038,0.8439055178429176,1.2000792672420315,0.6896332126703502,-0.9787739493758718,-0.9501890011946215,-1.1679791944635478
-0.7585587055342855,-1.408240748668805,0.5904053761522314,-0.20575613700613082,-0.5833470105023361,0.859542844777538,-0.036133187396772105,-0.9501890011946215,-1.5493994034129503
-0.7088132262083419,0.8544500571229083,-0.495556682534741,-1.2363330344942878,-1.7373287196310445,-0.15991494786558894,0.07995627083360438,-0.9501890011946215,-0.5686045804002013
0.005712749564302721,1.0737103842642985,-0.6907046065583569,1.168346392978078,0.6755421267289823,-2.3687401652590303,0.17565148437119396,0.3338501896089211,-1.0590019919065758
1.4219514715862431,-0.008384318798502972,-0.6473384012197755,-0.20575613700613082,-0.7931618667075557,-0.6696438441871524,-0.036133187396772105,1.6178893804124637,-1.5493994034129503
-0.6752727136325162,-0.027326895657370325,-0.5636175325800143,0.29044755437705544,-0.37353215429711634,0.859542844777538,-0.14853818596760926,0.3338501896089211,-1.0045133906280899
0.22579880961241702,0.6044080425858583,1.1427221858116625,0.7675664883993503,0.15100498621593295,0.009994684241598885,-0.14853818596760926,-0.9501890011946215,-0.7320703842356595
1.962745129409948,1.19494287616105,1.284866969977012,-0.7210445857502085,0.15100498621593295,0.6896332126703502,0.17565148437119396,1.6178893804124637,-1.0590019919065758
-0.8233785725347574,-1.3793533189590323,0.5229468345144386,-0.03399332075810494,-0.5833470105023361,0.859542844777538,0.17565148437119396,-0.9501890011946215,-1.0590019919065758
-0.7363239837143561,0.6797047855998561,-0.5618106073575736,-1.369926336020531,0.7804495548315921,-2.3687401652590303,0.04947202604506849,0.3338501896089211,-0.132695770172313
-0.6967537160687192,0.36525800974265693,-0.5057959254619061,-1.8279605126819327,-1.7373287196310445,-0.15991494786558894,-0.036133187396772105,-0.9501890011946215,1.0660534579543801
0.37390466851465826,0.43771336622782486,1.2613769420852805,0.9011597899255934,0.15100498621593295,0.009994684241598885,-0.4874562645074739,-0.9501890011946215,1.6654280720177266
-0.7562975473831063,-1.4437580802791816,-1.2002575192866867,0.6148884295122158,0.6755421267289823,1.0294524768847257,0.07995627083360438,-0.9501890011946215,-0.18718437145079905
-0.09340134939572113,0.8544500571229083,3.03336827689231,1.9889909594964261,0.6755421267289823,-2.3687401652590303,3.2091057625825927,0.3338501896089211,0.30321304005557537
-0.6285421118414783,-1.0028696038890423,-0.067315404816251,-1.6561976964339067,1.5148015515498612,0.009994684241598885,0.04947202604506849,-0.9501890011946215,-0.7865589855141456
-0.6869553640802758,-1.536576706887632,0.17722180862074885,-0.3775189532541567,0.15100498621593295,0.009994684241598885,0.17565148437119396,-0.9501890011946215,-1.0590019919065758
-0.6304264103007944,-0.12488116648053732,-0.5666290746174159,0.30953231173794854,1.2000792672420315,0.009994684241598885,-0.14853818596760926,0.3338501896089211,0.6301446477264917
0.04905161412857173,1.1674761397156925,-0.654566102109539,0.9202445472864847,0.6755421267289823,-2.3687401652590303,0.04947202604506849,0.3338501896089211,-0.132695770172313
-0.7318016674119976,1.1802623790954279,-0.5883121772867065,-1.1599940050507205,0.15100498621593295,0.1799043163487867,-1.071527641662064,0.3338501896089211,-1.27695639702052
-0.7208727363479646,0.8156177745622298,-0.734070811896938,-1.6943672111556913,-1.7373287196310445,-0.15991494786558894,-0.8807750101134133,-0.9501890011946215,0.13974723622011725
0.13083016726288818,0.9065421434847935,3.0580629215990016,1.5882110549176987,0.6755421267289823,-2.3687401652590303,0.17565148437119396,0.3338501896089211,0.8480990528404359
1.6499515851634845,0.016714595539496415,0.8277148886994682,0.27136279701616406,0.36081984242115267,0.1799043163487867,0.04947202604506849,-0.9501890011946215,-0.7865589855141456
-0.8075504654765027,-1.5209490809790664,-1.2303729396607013,0.6912274589557831,0.6755421267289823,1.0294524768847257,-0.8807750101134133,-0.9501890011946215,0.13974723622011725
1.6947978884952064,0.030447963762175255,0.6458177496404187,0.3286170690988399,0.36081984242115267,0.1799043163487867,0.5519353142862375,0.3338501896089211,1.2295192617898383
1.3394191990682003,-0.05858214747450141,0.666296235494749,0.40495609854240716,1.2000792672420315,0.3498139484559745,3.2091057625825927,-0.9501890011946215,-0.6230931816786874
0.4360865176720877,0.1663609527245492,1.1306760176620565,0.3477018264597313,0.15100498621593295,0.009994684241598885,-1.071527641662064,-0.9501890011946215,0.46667884389103353
2.4715057134252802,1.6367784813941326,1.4932656789651944,-1.2554177918551792,0.15100498621593295,0.6896332126703502,-0.036133187396772105,1.6178893804124637,1.0660534579543801
2.3237767142149024,1.577582928710172,1.192713783632527,-1.007315946163586,0.15100498621593295,0.6896332126703502,-0.6605233000805926,1.6178893804124637,-1.7128652072484083
-0.665851221335936,-0.07799828875484069,-0.4642366453457657,0.996583576730052,-0.37353215429711634,0.859542844777538,0.04947202604506849,0.3338501896089211,-0.7865589855141456
-0.6907239609989078,-1.4996386820128407,-0.08719158226310086,-1.1027397329680446,0.15100498621593295,0.009994684241598885,0.04947202604506849,-0.9501890011946215,0.03077003366314515
-0.7766479707437195,1.2512970423161807,-0.7659931574933938,0.7293969736775675,-1.9471435758362643,1.3692717410991013,-0.7038669936344721,0.3338501896089211,1.5019622681822684
-0.6552991499637661,-0.008384318798502972,-0.6027675790662337,0.08051522340724677,1.2000792672420315,0.009994684241598885,-0.3438257243076981,0.3338501896089211,0.08525863494163119
-0.7593124249180119,0.0399192521916091,-0.6105975883634774,0.09959998076813817,-0.37353215429711634,0.859542844777538,-0.4371395584442967,0.3338501896089211,1.120542059232866
-0.8976199318318097,1.162266931079504,-0.6178252892532411,0.7103122163166762,-1.9471435758362643,1.3692717410991013,0.04947202604506849,0.3338501896089211,-0.7865589855141456
0.4142286555440216,0.23739561594530204,1.0162374202408004,0.30953231173794854,1.2000792672420315,0.6896332126703502,3.2091057625825927,-0.9501890011946215,1.5564508694607544
2.1651187839404917,1.5657438181733798,0.972268906494739,-0.9118921593591274,0.15100498621593295,0.6896332126703502,0.5519353142862375,1.6178893804124637,-0.29616157400777116
1.7837367757749238,0.12516084805651237,0.7186970669455346,0.3858713411815158,-0.688254438604946,-0.49973421207996455,0.04947202604506849,1.6178893804124637,0.7936104515619499
1.3307514261553464,-0.10451789635725485,0.6566593009750641,-0.28209516644969806,-0.688254438604946,-0.49973421207996455,0.1648802723794888,1.6178893804124637,-1.4949108021344641
-0.7050446292897098,0.8975444194768316,-0.5082051590918273,-1.9233842994863912,0.15100498621593295,0.1799043163487867,-0.4874562645074739,0.3338501896089211,1.6654280720177266
0.4168666733870641,0.46281228056582424,1.2890831288293743,0.4812951279859744,0.15100498621593295,0.009994684241598885,-0.036133187396772105,-0.9501890011946215,-0.45962737784322927
1.4814953029006301,0.1644666950386625,-0.6593845693693815,-0.20575613700613082,-0.7931618667075557,-0.6696438441871524,-0.14853818596760926,1.6178893804124637,0.35770164133406146
-0.7890843405752054,-1.4650684792454076,-1.237600640550465,0.11868473812902955,-1.4226064353232148,0.5197235805631623,-0.9787739493758718,1.6178893804124637,-0.07820716889382695
1.202619130921855,-0.0491108590450679,-0.6937161485957581,-0.7782988578328843,0.5706346986263724,0.1799043163487867,-0.4708930229974518,-0.9501890011946215,0.9570762553974079
0.24878725081607278,0.33258206466111073,1.095139821620719,0.40495609854240716,1.2000792672420315,0.6896332126703502,-0.14853818596760926,-0.9501890011946215,0.35770164133406146
-0.6997685936036249,-0.06852700032540684,-0.6087906631410365,1.4546177533914555,1.2000792672420315,0.009994684241598885,-1.071527641662064,0.3338501896089211,0.6846332490049777
1.5025994456449698,0.25728532164711293,-0.6991369242630808,-0.7401293431111016,-0.7931618667075557,-0.6696438441871524,-0.14853818596760926,1.6178893804124637,0.6301446477264917
-0.5867106860446621,-1.5223697742434816,0.06097628597705186,-0.9691464314418016,0.15100498621593295,0.009994684241598885,3.2091057625825927,-0.9501890011946215,0.30321304005557537
1.623194547041197,0.05933539347194804,-0.7099784755977263,-0.7782988578328843,-0.7931618667075557,-0.6696438441871524,1.4552243401488365,1.6178893804124637,-0.8410475867926316
0.015134241860882951,0.6337690367171027,3.174308444242699,1.3401092092261055,0.6755421267289823,-2.3687401652590303,-0.4708930229974518,0.3338501896089211,-0.9500247893496038
-0.028958342087112322,0.6119850733294051,-0.6648053450367042,1.2446854224216453,0.6755421267289823,-2.3687401652590303,0.07995627083360438,0.3338501896089211,1.4474736669037824
-0.6349487266031528,-0.006963625534087862,-0.6991369242630808,0.462210370625083,1.2000792672420315,0.009994684241598885,0.04947202604506849,0.3338501896089211,-0.132695770172313
-0.5818115100504403,-1.473119074410426,-0.0239491994776698,-1.121824490328936,0.15100498621593295,0.009994684241598885,-0.9787739493758718,-0.9501890011946215,-1.1679791944635478
-0.0214211482498483,0.882390357989738,-0.670828429111507,0.996583576730052,0.6755421267289823,-2.3687401652590303,-0.4371395584442967,0.3338501896089211,1.3929850656252964
-0.7336859658713136,0.8894938243118128,-0.5840960184343446,0.7103122163166762,-1.9471435758362643,1.3692717410991013,-0.7038669936344721,0.3338501896089211,-1.4404222008559782
-0.7148429812781532,1.1149104889323354,-0.6226437565130833,-1.732536725877474,0.15100498621593295,0.1799043163487867,-0.8807750101134133,0.3338501896089211,-0.40513877656474323
-0.6809256090104644,-1.4574914485018606,0.012189304971148009,-1.0454854608853688,0.15100498621593295,0.009994684241598885,-0.4371395584442967,-0.9501890011946215,-0.6775817829571735
-0.8282777485289792,-1.4589121417662756,-1.1671305568752706,1.435532996030564,-1.4226064353232148,0.5197235805631623,-0.9787739493758718,1.6178893804124637,0.24872443877708933
-0.7272793511096391,0.7744176698941936,-0.49013590686741837,-1.4080958507423136,0.15100498621593295,0.1799043163487867,-0.9787739493758718,0.3338501896089211,-0.07820716889382695
2.1654956436323545,1.4587182589207786,1.5775888560124356,-1.3508415786596377,0.15100498621593295,0.6896332126703502,-0.4708930229974518,1.6178893804124637,1.7199166732962126
1.3281134083123036,-0.11114779825785848,0.6126907872290027,-0.2630104090888067,-1.37015272127191,-1.009463108401528,-0.9787739493758718,1.6178893804124637,-1.1679791944635478
-0.716350420045606,1.0514528564551293,-0.48230589757017456,-1.5989434243512308,0.7804495548315921,-2.3687401652590303,0.5519353142862375,0.3338501896089211,-0.29616157400777116
-0.7679801978308657,-1.5256847251937833,-1.1701420989126718,0.9393293046473778,-1.4226064353232148,0.5197235805631623,0.07995627083360438,1.6178893804124637,1.4474736669037824
1.43099610419096,-0.015487785120578188,-0.6148137472158395,-0.14850186492345496,-0.7931618667075557,-0.6696438441871524,-0.4371395584442967,1.6178893804124637,1.3929850656252964
-0.7660958993715496,-0.15187433850442342,-0.5473552055780464,0.5576341574295416,-0.37353215429711634,0.859542844777538,1.3685413723559798,0.3338501896089211,-1.6583766059699223
-0.6831867671616436,-0.07468333780453888,-0.6142114388083594,0.6912274589557831,1.2000792672420315,0.009994684241598885,0.07995627083360438,0.3338501896089211,0.4121902426125475
1.3250985307773981,-0.16466057788415905,0.3494820131601133,-0.30117992381058944,-1.37015272127191,-1.009463108401528,0.04947202604506849,1.6178893804124637,0.7936104515619499
-0.730671088336408,-1.0237064384337966,-0.0600877039264874,-0.9118921593591274,1.5148015515498612,0.009994684241598885,-0.8807750101134133,-0.9501890011946215,0.13974723622011725
1.5406622745231537,-0.17744681726389472,0.6982185810912043,-0.11033235020167219,-1.37015272127191,-1.009463108401528,0.6277173376989961,1.6178893804124637,1.011564856675894
-0.8049124476334603,-1.5327881915158585,-1.2568745095898344,1.3591939665869968,0.6755421267289823,0.6896332126703502,-0.4708930229974518,-0.9501890011946215,1.7199166732962126
-0.7446148969353467,-1.5043743262275573,-1.2098944538063716,0.7866512457602434,-1.4226064353232148,0.5197235805631623,-0.14853818596760926,1.6178893804124637,0.35770164133406146
-0.7351934046387665,1.0197240402165264,-0.6599868777768617,-1.1599940050507205,-1.7373287196310445,-0.15991494786558894,0.04947202604506849,-0.9501890011946215,-0.7865589855141456
-0.7785322692030356,-1.4399695649074082,0.660273151419946,-0.12941710756256358,-0.5833470105023361,0.859542844777538,-1.071527641662064,-0.9501890011946215,0.902587654118922
0.03887640244826523,0.6792312211783845,2.9357943148805017,1.6836348417221572,0.6755421267289823,-2.3687401652590303,0.04947202604506849,0.3338501896089211,-0.7865589855141456
-0.7039140502141201,1.2427728827296907,-0.5569921400977311,1.3210244518652123,-1.9471435758362643,1.3692717410991013,-0.4708930229974518,0.3338501896089211,1.7199166732962126
-0.6956231369931296,0.053179055992816346,-0.528081336538677,1.0920073635345107,-0.37353215429711634,0.859542844777538,-0.8807750101134133,0.3338501896089211,-0.5141159791217154
-0.7295405092608184,0.9572135365822642,-0.6395083919225316,-1.3890110933814224,0.15100498621593295,0.1799043163487867,-1.071527641662064,0.3338501896089211,1.175030660511352
-0.8621951207966679,-1.2524380540046207,0.7578471134317537,-0.03399332075810494,-0.5833470105023361,0.859542844777538,-1.071527641662064,-0.9501890011946215,-1.27695639702052
-0.7615735830691912,1.0410344391827524,-0.6202345228831622,0.3477018264597313,-1.9471435758362643,1.3692717410991013,3.2091057625825927,0.3338501896089211,-0.6230931816786874
-0.6884628028477285,-0.06710630706099173,-0.6557707189244996,0.15685425285081403,-0.37353215429711634,0.859542844777538,-0.14853818596760926,0.3338501896089211,-0.7320703842356595
-0.7517752310807477,-0.849908295753688,-0.1287508623792411,-1.3317568212987465,1.5148015515498612,0.009994684241598885,1.3685413723559798,-0.9501890011946215,-1.222467795742034
-0.730671088336408,-1.4944294733766519,-1.2689206777394404,1.4164482386696726,0.6755421267289823,1.0294524768847257,-0.14853818596760926,-0.9501890011946215,-0.7320703842356595
1.7162788909314095,0.05507331367870305,0.6349761983057735,-0.6447055563066412,-1.37015272127191,-1.009463108401528,0.07995627083360438,1.6178893804124637,0.7391218502834638
-0.6907239609989078,0.8729190695603041,-0.6268599153654454,-1.3890110933814224,0.15100498621593295,0.1799043163487867,-0.14853818596760926,0.3338501896089211,0.6301446477264917
-0.6552991499637661,1.080813850586374,-0.7003415410780416,-1.140909247689829,0.7804495548315921,-2.3687401652590303,0.07995627083360438,0.3338501896089211,1.4474736669037824
0.3791807042007432,0.8014108419180793,1.0144304950183594,0.061430466046353695,1.2000792672420315,0.6896332126703502,1.3685413723559798,-0.9501890011946215,-1.6583766059699223
0.3358418396364742,0.5044859496553327,1.190906858410086,0.29044755437705544,1.2000792672420315,0.6896332126703502,-0.4371395584442967,-0.9501890011946215,1.120542059232866
-0.7709950753657714,-1.1132101140919453,-0.19922094605443577,-1.9042995421255,1.5148015515498612,0.009994684241598885,-0.4708930229974518,-0.9501890011946215,-0.9500247893496038
1.2685695769979166,0.2634416591262446,0.6193161797112859,0.3858713411815158,0.36081984242115267,0.1799043163487867,-0.14853818596760926,0.3338501896089211,0.35770164133406146
-0.7777785498193092,-0.890634836000253,-0.17452630134774366,-0.49202749741950674,1.5148015515498612,0.009994684241598885,-0.14853818596760926,-0.9501890011946215,0.5756560464480056
-0.786446322732163,0.7474244978703072,-0.6774538215937902,1.4164482386696726,-1.9471435758362643,1.3692717410991013,-0.036133187396772105,0.3338501896089211,1.0660534579543801
-0.7751405319762668,-1.3864567852811078,0.8210894962171845,-0.8546378872764515,-0.5833470105023361,0.859542844777538,-0.9787739493758718,-0.9501890011946215,0.24872443877708933
-0.7024066114466674,-0.10830641172902859,-0.6280645321804059,0.9584140620082693,1.2000792672420315,0.009994684241598885,-0.8807750101134133,0.3338501896089211,0.13974723622011725
2.0626129477536987,1.246087833679992,0.7482101789120692,-1.4080958507423136,0.15100498621593295,0.6896332126703502,-0.14853818596760926,1.6178893804124637,-1.0045133906280899
0.0053358898724395875,0.7100129085740441,-0.6310760742178074,0.882075032564702,0.6755421267289823,-2.3687401652590303,-0.6605233000805926,0.3338501896089211,-0.2416729727292851
-0.7438611775516203,-0.8854256273640644,0.03146317401051748,-1.007315946163586,1.5148015515498612,0.009994684241598885,-0.9787739493758718,-0.9501890011946215,-1.1679791944635478
-0.7148429812781532,-1.459859270609219,-1.2135083042512531,0.5958036721513245,-1.4226064353232148,0.5197235805631623,-0.7038669936344721,1.6178893804124637,1.5019622681822684
0.13158388664661472,0.6924910249795918,3.0508352207092386,1.664550084361266,0.6755421267289823,-2.3687401652590303,-0.6605233000805926,0.3338501896089211,-0.2416729727292851
-0.5460098393234355,-1.5271054184581982,-0.006482255660741072,-0.6256207989457498,0.15100498621593295,0.009994684241598885,-0.4708930229974518,-0.9501890011946215,-0.9500247893496038
-0.6684892391789784,-1.4096614419332203,-0.046836918961920965,-0.9691464314418016,0.15100498621593295,0.009994684241598885,-0.7038669936344721,-0.9501890011946215,-0.3506501752862572
0.5005295249806965,0.6517644847330268,0.6319646562683722,-0.07216283547988771,1.2000792672420315,0.6896332126703502,-1.071527641662064,-0.9501890011946215,1.175030660511352
0.9192206426407219,0.17535867673251113,-0.7141946344500882,-1.3508415786596377,-0.7931618667075557,-0.6696438441871524,-0.14853818596760926,1.6178893804124637,-1.0045133906280899
-0.7691107769064554,-0.07420977338306695,-0.6322806910327681,0.7484817310384589,1.2000792672420315,0.009994684241598885,-1.071527641662064,0.3338501896089211,1.175030660511352
-0.7536595295400638,-1.3542544046210332,0.49524064777034493,-0.0912475928407791,-0.5833470105023361,0.859542844777538,0.6277173376989961,-0.9501890011946215,1.011564856675894
-0.7069289277490257,0.7460038046058921,-0.4636343369382855,-1.8852147847646086,0.7804495548315921,-2.3687401652590303,0.04947202604506849,0.3338501896089211,0.03077003366314515
-0.705421488981573,0.5892539810987644,-0.6395083919225316,-0.6637903136675343,-1.7373287196310445,-0.15991494786558894,-0.9787739493758718,-0.9501890011946215,-0.07820716889382695
-0.8049124476334603,-1.3201577662750716,0.7331524687250618,-0.4538579826977239,-0.5833470105023361,0.859542844777538,-0.036133187396772105,-0.9501890011946215,1.0660534579543801
-0.644370218899733,-1.506742148334916,-0.009493797698142592,-0.8164683725546688,0.15100498621593295,0.009994684241598885,0.5519353142862375,-0.9501890011946215,1.2295192617898383
-0.768357057522729,0.5939896253134813,-0.5268767197237163,-1.8470452700428257,0.15100498621593295,0.1799043163487867,-0.17202667260343352,0.3338501896089211,-1.331444998299006
-0.779285988586762,-0.9403591002547799,0.004961604081384404,-1.0836549756071532,1.5148015515498612,0.009994684241598885,-0.4371395584442967,-0.9501890011946215,1.120542059232866
1.401977907917493,0.031395092605118774,-0.4774874303103321,-0.4538579826977239,-0.7931618667075557,-0.6696438441871524,0.5519353142862375,1.6178893804124637,1.2295192617898383
-0.8067967460927763,0.5319526861006904,-0.6744422795563889,0.8057360031211348,-1.9471435758362643,1.3692717410991013,-0.14853818596760926,0.3338501896089211,0.1942358374986033
1.4679283539935546,-0.11683057131551892,-0.5124213179441893,-0.892807401998236,0.5706346986263724,0.1799043163487867,-0.4708930229974518,-0.9501890011946215,-0.9500247893496038
1.490539935505347,0.09816767603262627,0.7518240293569506,0.9202445472864847,-1.37015272127191,-1.009463108401528,-0.4708930229974518,1.6178893804124637,-0.9500247893496038
-0.6515305530451341,-1.3987694602393714,0.12783251920736463,-1.1027397329680446,0.15100498621593295,0.009994684241598885,-0.4708930229974518,-0.9501890011946215,0.9570762553974079
-0.8139570802381771,0.8558707503873234,-0.5461505887630859,-1.007315946163586,0.7804495548315921,-2.3687401652590303,-0.4371395584442967,0.3338501896089211,-0.8955361880711177
-0.7042909099059833,0.9340088799301511,-0.5840960184343446,-0.873722644637343,0.7804495548315921,-2.3687401652590303,0.04947202604506849,0.3338501896089211,-0.7865589855141456
2.6753868067232762,1.8408847470484293,1.1360967933293793,-0.5874512842239671,0.15100498621593295,0.6896332126703502,-0.7551313621525116,1.6178893804124637,1.3384964643468102
0.49374605052715875,0.6768633990710262,1.2162038115242584,0.42404085590329854,0.15100498621593295,0.009994684241598885,-0.9787739493758718,-0.9501890011946215,-0.07820716889382695
0.011742504634114208,0.943953732781057,-0.5678336914323764,1.8553976579701832,0.6755421267289823,-2.3687401652590303,-1.071527641662064,0.3338501896089211,0.6846332490049777
-0.8750083503200171,0.7526337065064956,-0.6051768126961548,0.3286170690988399,-1.9471435758362643,1.3692717410991013,-0.4371395584442967,0.3338501896089211,-0.8955361880711177
-0.7766479707437195,1.0443493901330538,-0.6750445879638691,0.576718914790433,-1.9471435758362643,1.3692717410991013,0.07995627083360438,0.3338501896089211,-0.5686045804002013
0.44588486966053104,1.0495585987692424,1.1469383446640247,0.8057360031211348,0.15100498621593295,0.009994684241598885,1.3685413723559798,-0.9501890011946215,-1.6583766059699223
1.5711879095640737,0.07638371264492903,0.5434253203687683,0.3477018264597313,0.36081984242115267,0.1799043163487867,-0.036133187396772105,-0.9501890011946215,-0.45962737784322927
-0.7472529147783892,1.0940736543875813,-0.6298714574028469,-1.2554177918551792,0.7804495548315921,-2.3687401652590303,-0.4708930229974518,0.3338501896089211,1.7199166732962126
-0.6274115327658887,-1.4347603562712197,-0.13537625486152433,-1.140909247689829,0.15100498621593295,0.009994684241598885,-0.14853818596760926,-0.9501890011946215,0.35770164133406146
1.454738264778342,0.07591014822345711,-0.6461337844048148,-0.5301970121412912,-0.7931618667075557,-0.6696438441871524,0.5519353142862375,1.6178893804124637,-0.29616157400777116
0.07015575687291153,0.80993500150457,-0.7087738587827656,1.72180435644394,0.6755421267289823,-2.3687401652590303,0.6277173376989961,0.3338501896089211,-1.6038880046914363
1.3654225178067618,-0.12630185974495242,0.6452154412329386,-0.5301970121412912,-0.688254438604946,-0.49973421207996455,-0.17202667260343352,1.6178893804124637,-1.331444998299006
1.5941763507677296,-0.057161454210086296,0.47536447032349527,-0.18667137964523944,0.36081984242115267,0.1799043163487867,0.07995627083360438,-0.9501890011946215,1.4474736669037824
0.674638702621499,0.5717320975043118,1.094537513213239,-0.07216283547988771,0.15100498621593295,0.009994684241598885,-0.036133187396772105,-0.9501890011946215,1.0660534579543801
-0.718234718504922,0.5205871399853699,-0.4335189165642707,-1.064570218246262,0.7804495548315921,-2.3687401652590303,-1.071527641662064,0.3338501896089211,0.902587654118922
-0.7088132262083419,0.9131720453853971,-0.4576112528634825,-1.2363330344942878,0.7804495548315921,-2.3687401652590303,-1.071527641662064,0.3338501896089211,0.6846332490049777
-0.680171889626738,0.9089099655921518,-0.6395083919225316,-0.8546378872764515,0.15100498621593295,0.1799043163487867,3.2091057625825927,0.3338501896089211,0.30321304005557537
-0.7276562108015023,0.8042522284469096,-0.4190635147847435,-1.5798586669903396,-1.7373287196310445,-0.15991494786558894,-0.3438257243076981,-0.9501890011946215,0.08525863494163119
-0.7438611775516203,-1.4551236263945022,-0.07032694685365252,-1.4462653654640965,0.15100498621593295,0.009994684241598885,-0.4708930229974518,-0.9501890011946215,1.7199166732962126
1.081647169833765,-0.22290900172517625,0.571131507112862,-0.43477322533683255,-1.37015272127191,-1.009463108401528,0.07995627083360438,1.6178893804124637,1.4474736669037824
0.3162451356595872,0.5665228888681233,1.3878617076561428,0.7293969736775675,0.15100498621593295,0.009994684241598885,-1.071527641662064,-0.9501890011946215,-1.27695639702052
-0.7517752310807477,-1.4693305590386527,-1.218929079918576,0.8439055178429176,-1.4226064353232148,0.5197235805631623,-0.4371395584442967,1.6178893804124637,-0.6775817829571735
-0.7521520907726109,-1.5555192837464993,-1.2773529954441645,0.7103122163166762,0.6755421267289823,0.6896332126703502,-0.8807750101134133,-0.9501890011946215,-0.40513877656474323
-0.8196099756161254,-1.3968752025534847,-1.2026667529166077,1.5691262975568054,-1.4226064353232148,0.5197235805631623,-0.7551313621525116,1.6178893804124637,1.3384964643468102
-0.7589355652261487,0.9723675980693578,-0.6949207654107189,-1.7707062405992584,-1.7373287196310445,-0.15991494786558894,0.07995627083360438,-0.9501890011946215,0.4121902426125475
-0.7167272797374693,0.8402431244787579,-0.6081883547335563,-1.2745025492160706,-1.7373287196310445,-0.15991494786558894,0.17565148437119396,-0.9501890011946215,-1.0590019919065758
-0.7894612002670687,1.3119132882645563,-0.6654076534441843,-1.3317568212987465,0.7804495548315921,-2.3687401652590303,0.17565148437119396,0.3338501896089211,-0.023718567615340903
-0.8181025368486726,0.016714595539496415,-0.597346803398911,0.6721427015948916,-0.37353215429711634,0.859542844777538,0.6277173376989961,0.3338501896089211,-1.6038880046914363
-0.1412625302623488,1.0822345438507892,2.890018875912,1.3782787239478882,0.6755421267289823,-2.3687401652590303,-0.7038669936344721,0.3338501896089211,1.5019622681822684
1.4683052136854176,-0.004122239005257641,0.7524263377644312,0.09959998076813817,0.36081984242115267,0.1799043163487867,-0.7551313621525116,-0.9501890011946215,1.3384964643468102
1.5621432769593568,0.11995163942032384,0.572938432335303,0.04234570868546231,0.36081984242115267,0.1799043163487867,0.07995627083360438,-0.9501890011946215,-0.5686045804002013
-0.7008991726792144,-1.5185812588717083,0.009780071341226878,-1.2172482771333963,0.15100498621593295,0.009994684241598885,-0.036133187396772105,-0.9501890011946215,-0.45962737784322927
-0.5965090380331055,0.014820337853609714,-0.5503667476154479,0.3858713411815158,-0.37353215429711634,0.859542844777538,-1.071527641662064,0.3338501896089211,0.902587654118922
-0.7302942286445447,1.2621890240100295,-0.5124213179441893,-1.5607739096294482,0.15100498621593295,0.1799043163487867,0.5519353142862375,0.3338501896089211,1.2295192617898383
-0.7725025141332242,0.0006134052094592815,-0.511819009536709,0.8057360031211348,1.2000792672420315,0.009994684241598885,-0.14853818596760926,0.3338501896089211,0.1942358374986033
1.6371383556401353,-0.23285385457608168,0.5976330770419953,-0.07216283547988771,0.36081984242115267,0.1799043163487867,0.5519353142862375,1.6178893804124637,-0.29616157400777116
0.1670086976817563,0.324531469496092,1.2698092597900048,0.7103122163166762,1.2000792672420315,0.6896332126703502,-0.8807750101134133,-0.9501890011946215,0.5211674451695196
0.4014154260206724,0.4737042622596729,0.9493811870104876,0.5385494000686486,0.15100498621593295,0.009994684241598885,0.17565148437119396,-0.9501890011946215,-1.3859335995774922
1.9928939047590049,1.7712707770920915,1.1921114752250468,-0.7782988578328843,0.15100498621593295,0.6896332126703502,1.3685413723559798,1.6178893804124637,-1.6583766059699223
-0.7389620015573986,-1.4693305590386527,-1.229168322845741,0.8057360031211348,-1.4226064353232148,0.5197235805631623,-0.4874562645074739,1.6178893804124637,1.6654280720177266
-0.7393388612492618,-0.07278908011865218,-0.6798630552237116,0.5958036721513245,-0.37353215429711634,0.859542844777538,-0.036133187396772105,0.3338501896089211,-0.45962737784322927
-0.6944925579175399,-1.4967972954840103,-1.2610906684421965,1.168346392978078,-1.4226064353232148,0.5197235805631623,0.04947202604506849,1.6178893804124637,-0.7865589855141456
-0.6877090834640022,1.0362987949680358,-0.5316951869835588,-1.140909247689829,-1.7373287196310445,-0.15991494786558894,-1.071527641662064,-0.9501890011946215,0.6846332490049777
-0.7596892846098752,-0.9962397019884388,0.10735403335303458,-0.9309769167200188,1.5148015515498612,0.009994684241598885,-0.4708930229974518,-0.9501890011946215,1.7199166732962126
-0.768357057522729,-1.4906409580048785,-1.1466520710209402,1.168346392978078,-1.4226064353232148,0.5197235805631623,-0.14853818596760926,1.6178893804124637,-0.7320703842356595
1.4743349687552292,-0.16039849809091372,0.6409992823805765,0.1759390102117054,-0.688254438604946,-0.49973421207996455,-0.4708930229974518,1.6178893804124637,0.9570762553974079
-0.7672264784471393,1.193522182896635,-0.6033698874737138,-1.4080958507423136,-1.7373287196310445,-0.15991494786558894,-0.14853818596760926,-0.9501890011946215,0.1942358374986033
2.5220049121349506,1.7177579974657913,1.398703258990788,-1.3890110933814224,0.15100498621593295,0.6896332126703502,-0.3438257243076981,1.6178893804124637,0.08525863494163119
0.003828451104986783,1.058082758355733,3.126123771644276,1.3973634813087796,0.6755421267289823,-2.3687401652590303,-0.14853818596760926,0.3338501896089211,0.1942358374986033
-0.8165950980812197,-1.4683834301957093,0.39887130257349757,-0.0912475928407791,-0.5833470105023361,0.859542844777538,3.2091057625825927,-0.9501890011946215,0.30321304005557537
1.5704341901803474,0.011031822481836309,0.8530118418136402,-0.873722644637343,0.36081984242115267,0.1799043163487867,0.07995627083360438,-0.9501890011946215,0.7391218502834638
1.2862819825154874,0.21561165255760448,0.8518072249986799,-0.6256207989457498,0.36081984242115267,0.1799043163487867,2.587471126399411,-0.9501890011946215,-1.1134905931850618
-0.6922313997663607,-1.479275411889558,0.015803155416029703,-0.8164683725546688,0.15100498621593295,0.009994684241598885,0.17565148437119396,-0.9501890011946215,0.8480990528404359
0.5201262289575832,0.5518423918025013,1.1180275411049705,0.3667865838206227,1.2000792672420315,0.6896332126703502,0.04947202604506849,-0.9501890011946215,-0.7865589855141456
-0.6176131807774453,-1.3940338160246548,0.0886824727211455,-0.9309769167200188,0.15100498621593295,0.009994684241598885,2.587471126399411,-0.9501890011946215,-1.1134905931850618
-0.8376992408255595,-1.4361810495356349,-1.2339867901055832,1.6263805696394813,0.6755421267289823,0.6896332126703502,0.07995627083360438,-0.9501890011946215,-0.5686045804002013
2.324153573906766,1.6694544264756788,1.449297165219133,-0.5301970121412912,0.15100498621593295,0.6896332126703502,0.07995627083360438,1.6178893804124637,0.4121902426125475
-0.717857858813059,0.17867362768281295,-0.6623961114067828,0.5385494000686486,-0.37353215429711634,0.859542844777538,3.2091057625825927,0.3338501896089211,0.30321304005557537
0.5902221316441404,0.20756105739258573,1.243307689860872,0.29044755437705544,1.2000792672420315,0.6896332126703502,0.5519353142862375,-0.9501890011946215,1.2295192617898383
0.46548157363741804,0.40929950093952366,1.0258743547604854,0.40495609854240716,1.2000792672420315,0.6896332126703502,0.07995627083360438,-0.9501890011946215,-0.18718437145079905
-0.7027834711385305,-1.4863788782116334,-1.224952163993379,1.3591939665869968,0.6755421267289823,1.0294524768847257,-0.4708930229974518,-0.9501890011946215,-0.9500247893496038
0.19791119241453947,0.6020402204784997,1.3788270815439383,0.5194646427077572,1.2000792672420315,0.6896332126703502,-0.4708930229974518,-0.9501890011946215,1.7199166732962126
-0.7555438279993798,1.0888644457513927,-0.7160015596725291,0.7484817310384589,-1.9471435758362643,1.3692717410991013,-0.8807750101134133,0.3338501896089211,0.5211674451695196
-0.8294083276045687,-1.342415294084241,0.2766026958549975,-0.7592141004719929,-0.5833470105023361,0.859542844777538,0.04947202604506849,-0.9501890011946215,-0.7865589855141456
-0.6718809764057473,-0.9938718798810803,0.04772550101248543,-1.1027397329680446,1.5148015515498612,0.009994684241598885,-0.036133187396772105,-0.9501890011946215,-0.45962737784322927
-0.028958342087112322,0.8729190695603041,2.9104973617663292,1.3591939665869968,0.6755421267289823,-2.3687401652590303,-0.7038669936344721,0.3338501896089211,-1.4404222008559782
2.3919883184421433,1.246561398101464,1.165609905295914,-1.2172482771333963,0.15100498621593295,0.6896332126703502,1.4552243401488365,1.6178893804124637,-0.8410475867926316
-0.7487603535458421,-1.5735147317624234,-1.1647213232453495,0.5194646427077572,-1.4226064353232148,0.5197235805631623,0.04947202604506849,1.6178893804124637,1.2840078630683243
-0.7088132262083419,-1.48543174936869,0.21817878032940893,-0.9118921593591274,0.15100498621593295,0.009994684241598885,-0.4874562645074739,-0.9501890011946215,1.6654280720177266
1.5037300247205596,0.09911480487556978,0.6675008523097093,-0.4538579826977239,-1.37015272127191,-1.009463108401528,0.1648802723794888,1.6178893804124637,-1.4949108021344641
1.80559463790299,-0.09883512329959475,0.5837799836699482,-0.2630104090888067,-0.688254438604946,-0.49973421207996455,0.5519353142862375,1.6178893804124637,-0.29616157400777116
0.052066491663477606,1.192575054053692,-0.6901022981508764,0.5958036721513245,0.6755421267289823,-2.3687401652590303,-0.17202667260343352,0.3338501896089211,-1.331444998299006
-0.7506446520051581,-1.0464375306644376,0.08567093068374398,-1.6371129390730155,1.5148015515498612,0.009994684241598885,0.6277173376989961,-0.9501890011946215,1.011564856675894
2.389727160290964,1.4871321242090803,1.231261521711266,-1.0264007035244775,0.15100498621593295,0.6896332126703502,0.6277173376989961,1.6178893804124637,1.011564856675894
1.5979449476863619,-0.051478681152426195,0.4410328910971184,0.4812951279859744,1.2000792672420315,0.3498139484559745,0.07995627083360438,-0.9501890011946215,1.4474736669037824
-0.7193652975805117,-1.3850360920166926,0.5410160867388473,-0.5301970121412912,-0.5833470105023361,0.859542844777538,-0.7038669936344721,-0.9501890011946215,1.5019622681822684
-0.7382082821736722,0.9851538374490931,-0.6057791211036352,1.0538378488127278,-1.9471435758362643,1.3692717410991013,1.3685413723559798,0.3338501896089211,-1.6583766059699223
-0.7958678150287433,0.9846802730276218,-0.640110700330012,0.40495609854240716,-1.9471435758362643,1.3692717410991013,-0.4874562645074739,0.3338501896089211,1.6654280720177266
1.2851514034398979,0.11616312404855045,0.5518576380734925,-0.3775189532541567,0.36081984242115267,0.1799043163487867,-0.14853818596760926,-0.9501890011946215,-0.7320703842356595
1.4200671731269272,-0.07089482243276547,-0.6262576069579652,-0.6828750710284257,0.5706346986263724,0.1799043163487867,0.04947202604506849,-0.9501890011946215,0.7936104515619499
-0.8003901313311017,-1.468856994617181,-1.2032690613240882,1.2637701797825382,-1.4226064353232148,0.5197235805631623,-0.036133187396772105,1.6178893804124637,-1.5493994034129503
1.4830027416680827,-0.12582829532348083,0.7488124873195493,-0.30117992381058944,0.36081984242115267,0.1799043163487867,-0.036133187396772105,1.6178893804124637,-0.45962737784322927
-0.8135802205463141,1.4776608357796464,-0.6515545600721375,0.9584140620082693,-1.9471435758362643,1.3692717410991013,-0.4708930229974518,0.3338501896089211,-0.9500247893496038
-0.7890843405752054,-1.5105306637066893,-1.2454306498477088,0.8057360031211348,0.6755421267289823,0.6896332126703502,-0.036133187396772105,-0.9501890011946215,-1.5493994034129503
-0.7774016901274459,-1.3987694602393714,-1.1984505940642456,1.2065159076998624,0.6755421267289823,1.0294524768847257,-0.4874562645074739,-0.9501890011946215,1.6654280720177266
-0.7227570348072806,-1.5190548232931798,-1.2369983321429845,0.9393293046473778,0.6755421267289823,0.6896332126703502,0.04947202604506849,-0.9501890011946215,0.03077003366314515
1.6736937457508665,-0.18265602590008323,0.37718819990420693,0.6721427015948916,-1.37015272127191,-1.009463108401528,3.2091057625825927,1.6178893804124637,-0.6230931816786874
-0.7385851418655354,-0.16181919135532885,-0.5515713644304084,-0.5111122547803998,1.2000792672420315,0.009994684241598885,-0.7038669936344721,0.3338501896089211,-0.3506501752862572
-0.6899702416151814,-0.8873198850499511,0.13084406124476636,-1.2554177918551792,1.5148015515498612,0.009994684241598885,-0.14853818596760926,-0.9501890011946215,0.35770164133406146
1.5572441009651354,0.07117450400874019,-0.5304905701685982,-0.30117992381058944,-0.7931618667075557,-0.6696438441871524,0.17565148437119396,1.6178893804124637,-1.3859335995774922
-0.7581818458424223,1.0078849296797343,-0.6780561300012706,-1.4080958507423136,-1.7373287196310445,-0.15991494786558894,-0.7038669936344721,-0.9501890011946215,1.5019622681822684
1.2538720490152515,0.26675661007654644,-0.7623793070485119,-0.39660371061504807,-0.7931618667075557,-0.6696438441871524,-0.4874562645074739,1.6178893804124637,1.6654280720177266
-0.7114512440513843,-1.4413902581718232,-1.194836743619364,0.8439055178429176,-1.4226064353232148,0.5197235805631623,0.07995627083360438,1.6178893804124637,-0.18718437145079905
0.020410277546967903,0.9927308681926406,2.4870745513076815,1.8935671726919676,0.6755421267289823,-2.3687401652590303,0.07995627083360438,0.3338501896089211,0.4121902426125475
1.3526092882834124,0.07070093958726859,0.7873602253982883,-0.41568846797594117,-0.688254438604946,-0.49973421207996455,-0.7038669936344721,1.6178893804124637,1.5019622681822684
-0.7510215116970212,0.1692023392533791,-0.4883289816449774,1.3973634813087796,-0.37353215429711634,0.859542844777538,0.17565148437119396,0.3338501896089211,-1.3859335995774922
1.5421697132906067,0.14173560280802142,0.7698932815813597,-0.3775189532541567,0.36081984242115267,0.1799043163487867,-0.4371395584442967,-0.9501890011946215,-0.8955361880711177
1.3827580636324692,0.1294229278497577,-0.5088074674993076,-1.2554177918551792,-0.7931618667075557,-0.6696438441871524,-0.6605233000805926,1.6178893804124637,-1.7128652072484083
0.21901533515887928,0.46186515172288073,0.9740758317171799,0.996583576730052,0.15100498621593295,0.009994684241598885,0.07995627083360438,-0.9501890011946215,0.7391218502834638
1.442301894946856,0.17393798346809602,-0.6919092233733174,-1.007315946163586,-0.7931618667075557,-0.6696438441871524,-1.071527641662064,1.6178893804124637,-1.27695639702052
1.617918511355112,-0.09125809255604794,-0.6587822609619011,-0.9882311888026947,0.5706346986263724,0.1799043163487867,-0.14853818596760926,-0.9501890011946215,-0.7320703842356595
-0.7838083048891206,-1.5569399770109145,-1.2303729396607013,1.7027195990830486,0.6755421267289823,0.6896332126703502,-0.7551313621525116,-0.9501890011946215,1.3384964643468102
0.3735278088227951,0.6394518097747628,0.9343234768234802,0.9393293046473778,0.15100498621593295,0.009994684241598885,-0.9787739493758718,-0.9501890011946215,-1.1679791944635478
1.7705466865597117,0.046549154092212726,0.6163046376738842,0.462210370625083,1.2000792672420315,0.3498139484559745,-0.14853818596760926,-0.9501890011946215,0.6301446477264917
2.39161145875028,1.7333856233743568,1.2288522880813446,-0.7973836151937757,0.15100498621593295,0.6896332126703502,-0.4371395584442967,1.6178893804124637,-0.8955361880711177
1.5116440782496867,-0.04437521483035098,0.6428062076030174,0.7293969736775675,1.2000792672420315,0.3498139484559745,-0.14853818596760926,-0.9501890011946215,0.1942358374986033
0.3569459823808137,0.6399253741962347,1.1445291110341034,0.2522780396552727,0.15100498621593295,0.009994684241598885,0.07995627083360438,-0.9501890011946215,-0.5686045804002013
-0.682056188086054,1.025880377695658,-0.7274454194146548,-1.8661300274037171,0.15100498621593295,0.1799043163487867,-0.4371395584442967,0.3338501896089211,1.3929850656252964
2.2491584952259873,1.1764738637236545,1.095139821620719,-1.5416891522685567,0.15100498621593295,0.6896332126703502,-0.4708930229974518,1.6178893804124637,0.9570762553974079
0.4225195687650122,0.611037944486462,1.0523759246896183,0.576718914790433,0.15100498621593295,0.009994684241598885,1.3685413723559798,-0.9501890011946215,-1.222467795742034
0.2808203246244456,0.2298185852017549,1.4071355766955123,0.462210370625083,0.15100498621593295,0.009994684241598885,0.5519353142862375,-0.9501890011946215,1.2295192617898383
-0.682056188086054,1.037245923810979,-0.6142114388083594,-1.6561976964339067,0.15100498621593295,0.1799043163487867,-0.14853818596760926,0.3338501896089211,0.5756560464480056
-0.7076826471327523,-1.5138456146569912,-1.1737559493575538,0.7675664883993503,-1.4226064353232148,0.5197235805631623,-0.17202667260343352,1.6178893804124637,-1.331444998299006
-0.6997685936036249,-1.4096614419332203,-0.1697078340879012,-0.9500616740809101,0.15100498621593295,0.009994684241598885,-0.14853818596760926,-0.9501890011946215,0.5756560464480056
-0.7977521134880592,-1.508162841599331,-1.1695397905051916,1.187431150338971,0.6755421267289823,1.0294524768847257,-0.8807750101134133,-0.9501890011946215,-0.5141159791217154
1.3978324513069977,-0.32283109465570187,-0.6636007282217434,-0.28209516644969806,-0.7931618667075557,-0.6696438441871524,-0.7551313621525116,1.6178893804124637,1.3384964643468102
0.30720050305487007,0.6100908156435184,1.0975490552506404,0.9584140620082693,0.15100498621593295,0.009994684241598885,-0.14853818596760926,-0.9501890011946215,0.35770164133406146
-0.037626114999966286,0.8141970812978147,2.91109967017381,1.9699062021355331,0.6755421267289823,-2.3687401652590303,-0.4371395584442967,0.3338501896089211,-0.6775817829571735
2.1251716566029915,1.607417487262888,0.9728712149022192,-0.41568846797594117,0.15100498621593295,0.6896332126703502,0.04947202604506849,1.6178893804124637,0.7936104515619499
-0.7212495960398279,-1.461279963873634,-1.2026667529166077,0.8629902752038107,0.6755421267289823,0.6896332126703502,-0.7038669936344721,-0.9501890011946215,-1.4404222008559782
-0.6575603081149454,-1.4465994668080118,0.18806335995539417,-1.007315946163586,0.15100498621593295,0.009994684241598885,-0.7551313621525116,-0.9501890011946215,1.3384964643468102
-0.152568321018245,0.8814432291467941,3.1941846216895486,1.5309567828350228,0.6755421267289823,-2.3687401652590303,0.04947202604506849,0.3338501896089211,0.03077003366314515
-0.7872000421158895,-1.435707485114163,-1.1273782019815708,0.882075032564702,0.6755421267289823,0.6896332126703502,-0.4371395584442967,-0.9501890011946215,1.120542059232866
-0.7208727363479646,0.5201135755638983,-0.5545829064678099,-1.369926336020531,-1.7373287196310445,-0.15991494786558894,-0.9787739493758718,-0.9501890011946215,0.24872443877708933
-0.8154645190056301,-1.4589121417662756,0.41754286320538686,0.1759390102117054,-0.5833470105023361,0.859542844777538,-0.6605233000805926,-0.9501890011946215,-0.2416729727292851
1.6205565291981543,0.08064579243817403,0.6626823850498671,-0.07216283547988771,-1.37015272127191,-1.009463108401528,3.2091057625825927,1.6178893804124637,1.5564508694607544
0.9896934050191422,-0.051478681152426195,0.6940024222388422,-0.12941710756256358,-1.37015272127191,-1.009463108401528,-0.036133187396772105,1.6178893804124637,-1.5493994034129503
-0.6718809764057473,0.21182313718583107,-0.6346899246626894,1.0729226061736192,-0.37353215429711634,0.859542844777538,0.04947202604506849,0.3338501896089211,0.7936104515619499
1.1547579500552276,0.07354232611609882,-0.6593845693693815,-1.0264007035244775,0.5706346986263724,0.1799043163487867,-0.4371395584442967,-0.9501890011946215,1.120542059232866
0.38747161742173375,0.6034609137429148,1.3782247731364579,0.462210370625083,1.2000792672420315,0.6896332126703502,-0.9787739493758718,-0.9501890011946215,0.24872443877708933
-0.7574281264586958,0.9292732357154346,-0.6894999897433963,1.60729581227859,-1.9471435758362643,1.3692717410991013,-0.6605233000805926,0.3338501896089211,-0.2416729727292851
1.5361399582207955,-0.01785560722793648,0.6650916186797883,0.4431256132641899,1.2000792672420315,0.3498139484559745,-0.7038669936344721,-0.9501890011946215,-0.3506501752862572
-0.5893487038877046,0.1047975779332299,-0.5907214109166278,-0.014908563397211857,-0.37353215429711634,0.859542844777538,-0.14853818596760926,0.3338501896089211,0.35770164133406146
2.514090858605823,1.2621890240100295,1.1878953163726846,-1.0836549756071532,0.15100498621593295,0.6896332126703502,2.587471126399411,1.6178893804124637,-1.1134905931850618
-0.7020297517548041,-0.9081567195947053,0.0043592956739042284,-2.0188080862908517,1.5148015515498612,0.009994684241598885,0.17565148437119396,-0.9501890011946215,-1.0590019919065758
-0.7220033154235542,0.9155398674927554,-0.5533782896528494,-0.892807401998236,0.7804495548315921,-2.3687401652590303,0.17565148437119396,0.3338501896089211,0.8480990528404359
-0.8116959220869979,0.9837331441846787,-0.6383037751075711,-0.6447055563066412,0.15100498621593295,0.1799043163487867,0.04947202604506849,0.3338501896089211,-0.132695770172313
-0.7815471467379412,0.11095391541236192,-0.5286836449461573,0.30953231173794854,-0.37353215429711634,0.859542844777538,-0.17202667260343352,0.3338501896089211,-1.331444998299006
-0.7777785498193092,-1.4622270927165772,-1.164119014837869,1.0538378488127278,-1.4226064353232148,0.5197235805631623,-0.4708930229974518,1.6178893804124637,-0.9500247893496038
-0.7363239837143561,-1.4773811542036712,-1.1930298183969232,0.882075032564702,0.6755421267289823,0.6896332126703502,0.1648802723794888,-0.9501890011946215,-1.4949108021344641
-0.7766479707437195,-1.500585810855784,-1.176767491394955,1.168346392978078,0.6755421267289823,0.6896332126703502,3.2091057625825927,-0.9501890011946215,1.6109394707392406
-0.6922313997663607,-1.4655420436668791,-0.1293531707867215,-1.140909247689829,0.15100498621593295,0.009994684241598885,-0.3438257243076981,-0.9501890011946215,0.08525863494163119
0.6663477894005085,0.6550794356833287,1.249330773935675,1.0538378488127278,1.2000792672420315,0.6896332126703502,-0.4371395584442967,-0.9501890011946215,-0.6775817829571735
2.1097204092366,1.7797949366785815,1.2902877456443351,-1.3890110933814224,0.15100498621593295,0.6896332126703502,-0.14853818596760926,1.6178893804124637,0.35770164133406146
0.05470450950652008,0.6356632944029894,-0.6648053450367042,0.8629902752038107,0.6755421267289823,-2.3687401652590303,-0.8807750101134133,0.3338501896089211,-0.40513877656474323
-0.8248860113022103,-1.3012151894162043,0.58679152570735,0.5003798853468657,-0.5833470105023361,0.859542844777538,-0.3438257243076981,-0.9501890011946215,0.08525863494163119
-0.6522842724288604,0.02760657723334537,-0.728047727822135,-0.20575613700613082,1.2000792672420315,0.009994684241598885,-1.071527641662064,0.3338501896089211,0.46667884389103353
1.7935351277633673,0.12610797689945588,-0.5467528971705662,-0.9882311888026947,0.5706346986263724,0.1799043163487867,-0.7038669936344721,-0.9501890011946215,1.5019622681822684
2.0953997409457976,1.5851599594537187,1.2324661385262266,-0.7973836151937757,0.15100498621593295,0.6896332126703502,-1.071527641662064,1.6178893804124637,0.902587654118922
-0.7057983486734363,1.2366165452505582,-0.6045745042886747,-1.7707062405992584,0.15100498621593295,0.1799043163487867,-0.8807750101134133,0.3338501896089211,0.5211674451695196
-0.8750083503200171,-1.4551236263945022,-1.194836743619364,0.6912274589557831,0.6755421267289823,1.0294524768847257,-1.071527641662064,-0.9501890011946215,-1.27695639702052
-0.6850710656209597,1.1546899003359572,-0.5979491118063912,-1.3317568212987465,0.15100498621593295,0.1799043163487867,0.04947202604506849,0.3338501896089211,0.7936104515619499
2.309832905615964,1.4293572647895345,1.4751964267407858,0.09959998076813817,0.15100498621593295,0.6896332126703502,-0.7038669936344721,1.6178893804124637,-1.4404222008559782
-0.7766479707437195,-1.4982179887484255,-1.1821882670622779,0.7675664883993503,0.6755421267289823,1.0294524768847257,-0.036133187396772105,-0.9501890011946215,-0.45962737784322927
-0.7302942286445447,0.9198019472860007,-0.6033698874737138,-1.2935873065769636,-1.7373287196310445,-0.15991494786558894,0.04947202604506849,-0.9501890011946215,-0.132695770172313
-0.8075504654765027,-1.2983738028873744,0.5904053761522314,-0.39660371061504807,-0.5833470105023361,0.859542844777538,-0.7038669936344721,-0.9501890011946215,-0.3506501752862572
-0.735947124022493,-1.3997165890823149,0.11217250061287706,-1.1981635197725033,0.15100498621593295,0.009994684241598885,-0.4371395584442967,-0.9501890011946215,1.3929850656252964
1.3624076402718561,0.05412618483575953,0.13506022009712843,-0.0912475928407791,-1.37015272127191,-1.009463108401528,-0.14853818596760926,1.6178893804124637,0.6301446477264917
0.42515758660805464,0.6205092329158954,1.4053286514730712,0.40495609854240716,1.2000792672420315,0.6896332126703502,-0.7038669936344721,-0.9501890011946215,-1.4404222008559782
-0.7355702643306297,-1.4953766022195956,-1.1918252015819624,1.0156683340909434,-1.4226064353232148,0.5197235805631623,0.04947202604506849,1.6178893804124637,0.7936104515619499
1.5941763507677296,0.11332173751972022,0.2862396303746825,0.27136279701616406,0.36081984242115267,0.1799043163487867,0.04947202604506849,-0.9501890011946215,-0.132695770172313
1.5749565064827062,-0.23616880552638347,0.6355785067132537,-0.20575613700613082,-1.37015272127191,-1.009463108401528,-0.4371395584442967,1.6178893804124637,-0.6775817829571735
-0.6481388158183652,0.04891697619957102,-0.5630152241725341,0.882075032564702,-0.37353215429711634,0.859542844777538,-0.6605233000805926,0.3338501896089211,-1.7128652072484083
1.170962916805346,0.15499540660922867,-0.6413153171449726,0.061430466046353695,0.5706346986263724,0.1799043163487867,-0.14853818596760926,-0.9501890011946215,-1.0045133906280899
-0.7367008434062194,-1.4323925341638613,-1.1930298183969232,0.6148884295122158,0.6755421267289823,0.6896332126703502,0.17565148437119396,-0.9501890011946215,-1.3859335995774922
0.33659555902020044,0.4339248508560515,1.3770201563214974,0.004176193963679531,0.15100498621593295,0.009994684241598885,-0.4708930229974518,-0.9501890011946215,-0.9500247893496038
-0.6865785043884125,-1.511004228128161,-1.1737559493575538,0.6721427015948916,0.6755421267289823,1.0294524768847257,-0.4371395584442967,-0.9501890011946215,1.3929850656252964
-0.7106975246676579,-1.448020160072427,-1.2104967622138518,0.9774988193691606,-1.4226064353232148,0.5197235805631623,0.6277173376989961,1.6178893804124637,-1.6038880046914363
-0.6779107314755587,0.8492408484867199,-0.6105975883634774,-1.5798586669903396,0.7804495548315921,-2.3687401652590303,-0.8807750101134133,0.3338501896089211,-0.5141159791217154
-0.7186115781967853,0.850661541751135,-0.5624129157650538,2.0653299889399936,-1.9471435758362643,1.3692717410991013,-0.9787739493758718,0.3338501896089211,0.24872443877708933
0.44437743089307824,0.6247713127091408,1.1204367747348918,0.2522780396552727,1.2000792672420315,0.6896332126703502,-0.6605233000805926,-0.9501890011946215,-0.2416729727292851
-0.7630810218366441,0.07117450400874019,-0.6154160556233199,0.5003798853468657,-0.37353215429711634,0.859542844777538,-0.4874562645074739,0.3338501896089211,1.6654280720177266
-0.8222479934591679,0.8260361918346069,-0.5094097759067878,0.5194646427077572,-1.9471435758362643,1.3692717410991013,-0.7551313621525116,0.3338501896089211,1.3384964643468102
-0.8079273251683659,-1.053067432565041,-0.24740561865285923,-1.5035196375467723,1.5148015515498612,0.009994684241598885,-0.4371395584442967,-0.9501890011946215,-0.8955361880711177
-0.829785187296432,-1.434286791849748,0.3031042657841308,-0.03399332075810494,-0.5833470105023361,0.859542844777538,1.3685413723559798,-0.9501890011946215,-1.6583766059699223
