Area,N,P,K,ph,Avg Temp,Min Temp,Max Temp,Avg Humidity,Min Relative Humidity,Max Relative Humidity,Rainfall,Season_enc,District_enc,Crop_enc
-0.24185089629578224,-0.11426142598917416,0.8324466138893982,-0.7737472084735751,1.1102192330275356,0.6590527851336562,0.36525171225469805,0.7182181756335093,-2.352258025199529,-2.403396421159841,-2.143061935245201,-0.6911623949411695,0.3508125558845378,-1.4537010881393357,1.002357058179737
-0.06924415940219189,0.055902359193517416,0.6347455957009253,-0.6776075836058911,0.8791500978479568,0.6590527851336562,0.36525171225469805,0.7182181756335093,-2.352258025199529,-2.403396421159841,-2.143061935245201,-0.86759260538846,0.3508125558845378,-0.4158022122131522,1.002357058179737
-0.31470659983666655,-0.7759673701517117,-0.008742427092137673,-0.5240260445090877,0.8213828140530613,1.185502242293329,1.1902954417696945,0.7182181756335093,0.01852799155954619,-0.01405494983134393,0.04711644241006265,-0.137333459688987,0.3508125558845378,0.18508661069148033,1.286642510115932
-0.3330907493282915,-0.6224788779490612,0.9274582682615286,-0.6872820112655323,-1.1041933124434398,0.13260332797398333,0.36525171225469805,-0.1693733470307576,0.18786984989948016,0.3272795460727271,0.04711644241006265,0.09054386267235598,0.3508125558845378,-0.19729718570237675,-1.2719265573098228
-0.3130043637726272,0.30110496278639354,0.7859005003838598,1.2657430725245258,0.7636155302581658,0.13260332797398333,0.36525171225469805,-0.1693733470307576,0.01852799155954619,-0.01405494983134393,0.04711644241006265,3.211241919993147,-0.951330118796061,1.605369283011521,-0.2769274755331404
0.9127758259421106,1.2944218468929287,0.20911257838739297,0.8449054693301354,-0.6227992808193145,0.34318311083785247,-0.9548182549692963,1.605809698297776,0.18786984989948016,0.3272795460727271,0.04711644241006265,2.5912862398265606,-0.951330118796061,-1.1259435483731726,-1.5562120092460179
-0.34092103522287254,0.09076888087905756,0.5243785224403702,-0.718723901159366,0.7828712915231304,0.6590527851336562,0.36525171225469805,0.7182181756335093,-2.352258025199529,-2.403396421159841,-2.143061935245201,1.4620975080076348,0.3508125558845378,-0.8528122652347031,1.002357058179737
-0.3085785500061249,-0.7907477434749299,1.1520312695047448,-0.6038400727011273,-0.8731241772638595,0.13260332797398333,0.36525171225469805,-0.1693733470307576,0.18786984989948016,0.3272795460727271,0.04711644241006265,2.5912862398265606,0.3508125558845378,-1.1259435483731726,-1.2719265573098228
-0.2855983631415936,2.1380400781104596,1.6194118319211825,0.9664404668043773,-0.4109859069047005,0.13260332797398333,-0.4597920172602984,0.7182181756335093,0.695895424919282,0.3272795460727271,0.9857643185480329,0.06014195194826885,1.6529552305651367,0.7859754335961129,-1.4140692832779205
-0.3262818050721341,0.33824538806012117,0.5493310781340608,1.0952312850233503,0.5710579176085164,1.185502242293329,1.1902954417696945,0.7182181756335093,0.695895424919282,0.6686140419767981,0.6728816931687095,1.3756486598758153,-0.951330118796061,-1.2351960616285602,1.4287852360840296
1.2396051502376664,-0.7657348040048684,1.3180617362358407,-0.6763982801484358,1.1487307555574664,-1.9731945006647083,-1.2848357467752949,-1.9445563923592915,1.3732628582790178,1.0099485378808692,1.6115295693066798,-0.42515535659833387,0.3508125558845378,-0.6889334953516215,0.29164342833924956
-0.31334481098543504,0.4492876799499399,1.0541404740910347,1.1411848164066456,0.8213828140530613,0.13260332797398333,0.36525171225469805,-0.1693733470307576,0.01852799155954619,-0.01405494983134393,0.04711644241006265,1.3756486598758153,-0.951330118796061,-1.672206114650111,-0.2769274755331404
-0.18891135470415837,-0.6933488731142357,-1.490540349825157,-0.04453722362812307,-1.1812163575033,0.13260332797398333,0.36525171225469805,-0.1693733470307576,0.01852799155954619,-0.01405494983134393,0.04711644241006265,-0.6479357671858119,-0.951330118796061,-1.726832371277805,-0.4190702015012379
-0.3570922778312464,1.8166617043133049,-0.10951236354742726,0.5758354500463657,-0.25693981678498024,-0.7097158034814933,-0.12977452545429982,-1.0569648696950245,-0.4894975834602557,0.3272795460727271,-1.204414059107231,0.5612481508128057,1.6529552305651367,-0.30654969895776446,-0.8454983794055304
3.7233377912774857,1.7052404284921217,0.021488553844448966,0.6381145781053057,0.33998878242893604,0.34318311083785247,-0.9548182549692963,1.605809698297776,0.18786984989948016,0.3272795460727271,0.04711644241006265,0.5612481508128057,0.3508125558845378,1.2229854866176637,-1.840497461182213
0.6702071868165028,1.356575211636718,-0.019299277577929853,0.5734168431314555,0.45552335001872535,0.34318311083785247,-0.9548182549692963,1.605809698297776,0.18786984989948016,0.3272795460727271,0.04711644241006265,-0.137333459688987,-0.951330118796061,0.5674704070853374,-1.5562120092460179
-0.32730314671055777,-0.7464066235052753,0.9341762640252138,-0.6292354453076854,-1.6433546278624607,0.13260332797398333,0.36525171225469805,-0.1693733470307576,0.18786984989948016,0.3272795460727271,0.04711644241006265,-0.137333459688987,0.3508125558845378,0.18508661069148033,-1.2719265573098228
-0.3562411597992267,-0.7429957681229942,-1.5356468928099056,-1.2151429704447028,1.2064980393523619,0.6590527851336562,0.36525171225469805,0.7182181756335093,1.0345791415991499,0.6686140419767981,1.2986469439273562,-0.9653268619914951,-0.951330118796061,0.23971286731917418,0.718071606243542
-0.34568729620218275,0.46255211754769987,0.7292773932327921,1.158115064811018,0.5325463950785855,1.185502242293329,1.1902954417696945,0.7182181756335093,0.695895424919282,0.6686140419767981,0.6728816931687095,-1.0578300383626131,-0.951330118796061,-1.289822318256254,1.4287852360840296
-0.35351758209676376,-0.7251835233488595,0.9183409882965256,-0.5657470137912902,-0.8923799385288258,0.7643426765655907,1.3553041876726937,-0.1693733470307576,-2.352258025199529,-2.06206192525577,-2.4559445606245247,0.18598061562043464,0.3508125558845378,0.8406016902238067,-1.6983547352141153
-0.35828384307607397,-0.8312990241309388,-1.4032064048972395,0.5389516945939838,-0.29545133931490947,-0.6044259120495588,-2.109879476290291,1.2507730892320694,0.865237283259216,1.0099485378808692,0.6728816931687095,-0.86759260538846,-0.951330118796061,-0.4158022122131522,-0.7033556534374329
-0.35011310996868505,0.20749593173934502,0.19375715949896788,0.9380218355541815,1.0524519492326416,1.185502242293329,1.1902954417696945,0.7182181756335093,0.695895424919282,0.6686140419767981,0.6728816931687095,1.4620975080076348,-0.951330118796061,-0.8528122652347031,1.4287852360840296
-0.35641138340563067,-0.8661655458164791,-1.2784436264287857,0.7505797996486341,-0.025870681605399917,-0.6044259120495588,-2.109879476290291,1.2507730892320694,0.865237283259216,1.0099485378808692,0.6728816931687095,-1.0578300383626131,-0.951330118796061,-1.289822318256254,-0.7033556534374329
-0.2922370837913471,-0.7126770536138286,0.8943481462833615,-0.5965842519563965,-1.585587344067565,-1.7626147178008391,-1.2848357467752949,-1.5895197832935846,-0.15081386678038777,-0.355389445735415,0.04711644241006265,0.06014195194826885,-0.951330118796061,0.7859754335961129,-1.1297838313417254
-0.3455170725957788,-0.7274574269370468,-0.03465469646635494,-0.5935609933127586,0.20519845357418043,1.185502242293329,1.1902954417696945,0.7182181756335093,0.01852799155954619,-0.01405494983134393,0.04711644241006265,0.09054386267235598,0.3508125558845378,-0.5796809820962338,1.286642510115932
-0.3547091473415913,-0.5898862598517083,-0.14598148340743672,-0.5796540035520245,0.5710579176085164,1.185502242293329,1.1902954417696945,0.7182181756335093,0.01852799155954619,-0.01405494983134393,0.04711644241006265,0.09054386267235598,0.3508125558845378,0.731349176968419,1.286642510115932
-0.34381483653173944,-0.692211921320142,1.2470429238768752,-0.8027704914524983,-1.373773970152951,0.13260332797398333,0.36525171225469805,-0.1693733470307576,0.18786984989948016,0.3272795460727271,0.04711644241006265,-0.6911623949411695,0.3508125558845378,-0.36117595558545834,-1.2719265573098228
-0.31725995393272555,-0.7517123985443793,0.8919488620820452,-0.7664913877288442,-1.0656817899135105,0.13260332797398333,0.36525171225469805,-0.1693733470307576,0.18786984989948016,0.3272795460727271,0.04711644241006265,0.09054386267235598,0.3508125558845378,-0.5796809820962338,-1.2719265573098228
-0.35692205422484247,1.4134228013414034,0.10162464616841738,0.6338820160042127,0.16668693104425122,-0.7097158034814933,-0.12977452545429982,-1.0569648696950245,-0.4894975834602557,0.3272795460727271,-1.204414059107231,0.09054386267235598,1.6529552305651367,-0.5796809820962338,-0.8454983794055304
-0.19844387666277874,-0.7213936840352138,-0.9679762507784413,0.1223466535006867,-1.8744237630420408,1.5013719165891328,1.520312933575693,0.8957364801663626,0.01852799155954619,0.6686140419767981,-0.5786488083485842,0.06014195194826885,-0.951330118796061,1.2776117432453575,0.8602143322116396
0.034762464110612554,2.1399349977672824,1.4226705274132367,1.0541149674698755,-0.9694029835886842,0.13260332797398333,-0.4597920172602984,0.7182181756335093,0.695895424919282,0.3272795460727271,0.9857643185480329,0.06014195194826885,1.6529552305651367,1.2776117432453575,-1.4140692832779205
-0.3080678791869131,-0.7592920771716707,-1.5658778737464925,-1.2230034429181609,0.8984058591129215,-1.4467450435050353,-1.2848357467752949,-1.0569648696950245,0.526553566579348,1.0099485378808692,0.04711644241006265,-1.0578300383626131,1.6529552305651367,-1.289822318256254,0.14950070237115207
-0.05460492925145346,-0.7858209523671904,-1.0231597874087188,-0.07658376525068446,-1.8551680017770764,1.5013719165891328,1.520312933575693,0.8957364801663626,0.01852799155954619,0.6686140419767981,-0.5786488083485842,-0.137333459688987,-0.951330118796061,-0.7435597519793155,0.8602143322116396
-0.2464469336686885,-0.7240465715547657,0.5176605266766842,-0.5669563172487454,-1.373773970152951,-1.7626147178008391,-1.2848357467752949,-1.5895197832935846,-0.15081386678038777,-0.355389445735415,0.04711644241006265,-0.9653268619914951,-0.951330118796061,0.23971286731917418,-1.1297838313417254
1.337653947526333,1.5718380846517936,0.11218149665420957,0.5649517189292694,0.0511523634544602,0.34318311083785247,-0.9548182549692963,1.605809698297776,0.18786984989948016,0.3272795460727271,0.04711644241006265,0.09054386267235598,-0.951330118796061,-0.5796809820962338,-1.5562120092460179
-0.09069233380908773,2.537110157837351,1.7312184757025282,1.3939292390147708,-1.3930297314179156,0.13260332797398333,-0.4597920172602984,0.7182181756335093,0.695895424919282,0.3272795460727271,0.9857643185480329,-0.33209355124864004,1.6529552305651367,0.07583409743609258,-1.4140692832779205
-0.2706186857780473,-0.7187407965156617,0.5478915076132712,-0.5772353966371142,-1.8744237630420408,-1.7626147178008391,-1.2848357467752949,-1.5895197832935846,-0.15081386678038777,-0.355389445735415,0.04711644241006265,-0.6479357671858119,-0.951330118796061,-1.726832371277805,-1.1297838313417254
-0.3257711342529223,1.5017260573493478,-0.2765025439590497,-0.5572818895891042,-0.7768453709390347,-0.8150056949134279,-0.6248007631632977,-0.7019282606293177,-0.6588394418001896,-0.6967239416394859,-0.5786488083485842,-0.6479357671858119,1.6529552305651367,-0.25192344233007063,0.5759288802754445
-0.2932584254297707,-0.6793264676537466,-1.5605994485035963,-0.027606975223751197,-0.35321862310980495,0.13260332797398333,0.36525171225469805,-0.1693733470307576,0.01852799155954619,-0.01405494983134393,0.04711644241006265,-0.16075850691255444,-0.951330118796061,-1.3444485748839479,-0.4190702015012379
0.6713987520613304,-0.672883740820549,-1.0601087641089917,-0.1424908036819898,-1.3545182088879848,1.5013719165891328,1.520312933575693,0.8957364801663626,0.01852799155954619,0.6686140419767981,-0.5786488083485842,-1.0578300383626131,-0.951330118796061,0.45821789382994965,0.8602143322116396
-0.21393422484553687,-0.6459758816936646,-1.5351670359696423,-0.1878396833365577,-0.25693981678498024,0.13260332797398333,0.36525171225469805,-0.1693733470307576,0.01852799155954619,-0.01405494983134393,0.04711644241006265,-1.0578300383626131,-0.951330118796061,1.1683592299899699,-0.4190702015012379
5.411785743198119,2.012217412897423,-0.12006921403321943,0.47969582517868203,-0.930891461058755,0.34318311083785247,-0.9548182549692963,1.605809698297776,0.18786984989948016,0.3272795460727271,0.04711644241006265,-0.025232052709835702,-0.951330118796061,1.0591067167345822,-1.5562120092460179
3.8188332344700933,-0.8396366706209593,0.9615281039202214,-0.7120727321433625,1.0524519492326416,-1.9731945006647083,-1.2848357467752949,-1.9445563923592915,1.3732628582790178,1.0099485378808692,1.6115295693066798,-0.86759260538846,0.3508125558845378,-0.5250547254685399,0.29164342833924956
-0.3494322155430693,-0.7073712785747246,0.009971989678130408,-0.6189563659193166,0.5710579176085164,-0.39384612918568956,-0.4597920172602984,-0.1693733470307576,0.865237283259216,0.6686140419767981,0.9857643185480329,0.18598061562043464,0.3508125558845378,-0.033418415819295146,1.1444997841478346
-0.3174301775391295,0.4921128641941363,0.5339756592456356,0.9579753426021913,0.35924454369390063,0.13260332797398333,0.36525171225469805,-0.1693733470307576,0.01852799155954619,-0.01405494983134393,0.04711644241006265,-0.33209355124864004,-0.951330118796061,0.07583409743609258,-0.2769274755331404
2.424021003596248,1.6040517188177816,0.10546350089052356,0.2771374960549453,0.28222149863404056,0.34318311083785247,-0.9548182549692963,1.605809698297776,0.18786984989948016,0.3272795460727271,0.04711644241006265,0.06014195194826885,-0.951330118796061,-0.14267092907468287,-1.5562120092460179
-0.35539004176720707,-0.6994126160160687,-0.22611757573140512,-0.6425377833396919,0.24370997610411133,1.185502242293329,1.1902954417696945,0.7182181756335093,0.01852799155954619,-0.01405494983134393,0.04711644241006265,-0.137333459688987,0.3508125558845378,0.5674704070853374,1.286642510115932
-0.2396379894125311,-0.7471645913680044,0.8660365927078282,-0.6921192250953528,-1.547075821537636,-1.7626147178008391,-1.2848357467752949,-1.5895197832935846,-0.15081386678038777,-0.355389445735415,0.04711644241006265,-0.025232052709835702,-0.951330118796061,-0.4704284688408461,-1.1297838313417254
-0.22125383992090608,1.5248440771625866,-0.17909160538560348,-0.601421465786217,-0.29545133931490947,-0.8150056949134279,-0.6248007631632977,-0.7019282606293177,-0.6588394418001896,-0.6967239416394859,-0.5786488083485842,-0.6911623949411695,1.6529552305651367,-0.36117595558545834,0.5759288802754445
-0.3416019296484883,-0.7577761414462124,-1.4881410656238405,-1.2490034672534467,0.6095694401384456,-1.4467450435050353,-1.2848357467752949,-1.0569648696950245,0.526553566579348,1.0099485378808692,0.04711644241006265,-0.42515535659833387,1.6529552305651367,-0.907438521862397,0.14950070237115207
4.60118092950258,-0.7983274221022213,1.188020532524491,-0.6860727078080769,0.8021270527880967,-1.9731945006647083,-1.2848357467752949,-1.9445563923592915,1.3732628582790178,1.0099485378808692,1.6115295693066798,-0.86759260538846,0.3508125558845378,-0.4158022122131522,0.29164342833924956
-0.33887835194602534,1.4247923192823408,-0.12534763927611553,-0.592956341584031,-0.5265204744944898,-0.8150056949134279,-0.6248007631632977,-0.7019282606293177,-0.6588394418001896,-0.6967239416394859,-0.5786488083485842,0.6368254966275787,1.6529552305651367,-1.6175798580224172,0.5759288802754445
0.8833271420342298,0.02255177323343524,0.8530804580207191,-0.6092819382596754,1.6301247871815916,0.6590527851336562,0.36525171225469805,0.7182181756335093,-2.352258025199529,-2.403396421159841,-2.143061935245201,-0.6911623949411695,0.3508125558845378,1.496116769756133,1.002357058179737
-0.27181025102287487,1.863276727871147,1.6453241012954003,1.1865336960612136,-1.2197278800332307,0.13260332797398333,-0.4597920172602984,0.7182181756335093,0.695895424919282,0.3272795460727271,0.9857643185480329,0.06014195194826885,1.6529552305651367,-0.14267092907468287,-1.4140692832779205
-0.35794339586326607,-0.7786202576712637,-1.414243112223295,0.814068231165029,-0.8538684159988948,-0.6044259120495588,-2.109879476290291,1.2507730892320694,0.865237283259216,1.0099485378808692,0.6728816931687095,-0.9653268619914951,-0.951330118796061,0.23971286731917418,-0.7033556534374329
-0.1735912301278042,-0.6781895158596528,0.9706453838852236,-0.5996075106000343,-1.7396334341872852,-1.7626147178008391,-1.2848357467752949,-1.5895197832935846,-0.15081386678038777,-0.355389445735415,0.04711644241006265,-1.0578300383626131,-0.951330118796061,1.1683592299899699,-1.1297838313417254
-0.13239711737805188,-0.8115918596999812,-1.0764238966779434,-0.2585839355976835,-1.5085642990077048,1.5013719165891328,1.520312933575693,0.8957364801663626,0.01852799155954619,0.6686140419767981,-0.5786488083485842,-0.42515535659833387,-0.951330118796061,-0.907438521862397,0.8602143322116396
-0.3336014201475033,-0.6906959855946837,-0.1704541822608644,-0.7701192981012095,0.16668693104425122,1.185502242293329,1.1902954417696945,0.7182181756335093,0.01852799155954619,-0.01405494983134393,0.04711644241006265,-0.9653268619914951,0.3508125558845378,-0.088044672446989,1.286642510115932
-0.2387868713805114,-0.6080774885572077,0.023407981205502398,-0.5415609446421874,1.0139404267027108,-0.39384612918568956,-0.4597920172602984,-0.1693733470307576,0.865237283259216,0.6686140419767981,0.9857643185480329,-0.137333459688987,0.3508125558845378,0.18508661069148033,1.1444997841478346
-0.345006401776567,-0.7987064060335858,-1.5178921897201643,-1.2248173981043438,0.8984058591129215,0.6590527851336562,0.36525171225469805,0.7182181756335093,1.0345791415991499,0.6686140419767981,1.2986469439273562,0.5612481508128057,-0.951330118796061,1.2229854866176637,0.718071606243542
-0.35675183061843857,-0.8335729277191262,-1.4627086530898865,0.2940677444593174,-0.025870681605399917,-0.6044259120495588,-2.109879476290291,1.2507730892320694,0.865237283259216,1.0099485378808692,0.6728816931687095,1.3756486598758153,-0.951330118796061,-1.672206114650111,-0.7033556534374329
5.239689677123741,1.4619327445560684,0.15536861227790535,0.4821144320935922,0.24370997610411133,0.34318311083785247,-0.9548182549692963,1.605809698297776,0.18786984989948016,0.3272795460727271,0.04711644241006265,-0.42515535659833387,0.3508125558845378,1.3868642565007454,-1.840497461182213
-0.35198556963912836,1.3520274044603435,0.25325940769161515,-0.7417006668510138,-0.3917301456397342,0.5537628937017216,0.36525171225469805,0.5406998711006559,0.18786984989948016,0.3272795460727271,0.04711644241006265,-0.9653268619914951,-0.951330118796061,-1.1805698050008664,0.43378615430734707
0.17775029348991817,-0.7990853899649504,-1.1671168394877038,0.12355595695814203,-1.3160066863580555,1.5013719165891328,1.520312933575693,0.8957364801663626,0.01852799155954619,0.6686140419767981,-0.5786488083485842,-0.7422883049259317,-0.951330118796061,1.3322379998730516,0.8602143322116396
-0.345006401776567,1.4509422105464962,0.05267924846156266,-0.7265843736328245,-0.31470710057987406,0.5537628937017216,0.36525171225469805,0.5406998711006559,0.18786984989948016,0.3272795460727271,0.04711644241006265,-1.0578300383626131,-0.951330118796061,0.8952279468515005,0.43378615430734707
-0.3596456319273054,0.004739528459300539,1.0627778972157742,3.1280703970054478,1.4183114132669759,0.6590527851336562,0.36525171225469805,0.7182181756335093,-2.352258025199529,-2.403396421159841,-2.143061935245201,-0.137333459688987,0.3508125558845378,0.18508661069148033,-0.5612129274693354
-0.33394186736031123,0.40153570459800425,0.5968369053201259,1.2953710072321765,0.6673367239333411,1.185502242293329,1.1902954417696945,0.7182181756335093,0.695895424919282,0.6686140419767981,0.6728816931687095,0.09054386267235598,-0.951330118796061,-0.5796809820962338,1.4287852360840296
1.9021154263617823,1.584723538318189,-0.24867084722377938,0.6278354987169369,-0.19917253299008475,-1.394100097789068,-0.37728764430879874,-1.9445563923592915,-0.9975231584800576,-1.379392933447628,-0.5786488083485842,-0.42515535659833387,1.6529552305651367,-0.6889334953516215,1.570927962052127
-0.25240475989282624,-0.6217209100863321,0.9288978387823178,-0.706026214856087,-1.2389836412981954,-1.7626147178008391,-1.2848357467752949,-1.5895197832935846,-0.15081386678038777,-0.355389445735415,0.04711644241006265,0.5612481508128057,-0.951330118796061,1.2229854866176637,-1.1297838313417254
-0.3507940043943008,-0.7543652860639313,0.162086608041591,-0.5004446270887124,1.4183114132669759,-0.39384612918568956,-0.4597920172602984,-0.1693733470307576,0.865237283259216,0.6686140419767981,0.9857643185480329,0.18598061562043464,0.3508125558845378,-1.3990748315116417,1.1444997841478346
-0.09937373773568843,-0.7157089250647453,-1.5486030274970144,0.15620715030943086,-0.4109859069047005,0.13260332797398333,0.36525171225469805,-0.1693733470307576,0.01852799155954619,-0.01405494983134393,0.04711644241006265,-0.137333459688987,-0.951330118796061,0.18508661069148033,-0.4190702015012379
-0.31181279852779964,-0.7812731451908157,-1.4502323752430413,-1.1988173737690582,1.1294749942925018,0.6590527851336562,1.1902954417696945,-0.1693733470307576,0.695895424919282,0.6686140419767981,0.6728816931687095,3.211241919993147,-0.951330118796061,0.29433912394686806,-0.1347847495650429
-0.352836687671148,0.19991625311205355,0.6006757600422321,1.373975731966761,0.5325463950785855,1.185502242293329,1.1902954417696945,0.7182181756335093,0.695895424919282,0.6686140419767981,0.6728816931687095,-0.4588176573406363,-0.951330118796061,1.7146217962669086,1.4287852360840296
-0.3552198181608031,-0.7865789202299197,-1.3859315586477612,-1.181887125364686,0.7828712915231304,0.6590527851336562,0.36525171225469805,0.7182181756335093,1.0345791415991499,0.6686140419767981,1.2986469439273562,-0.4588176573406363,-0.951330118796061,0.9498542034791945,0.718071606243542
0.2776715504490282,-0.6994126160160687,-1.053870625185569,0.018346556159544374,-1.1812163575033,1.5013719165891328,1.520312933575693,0.8957364801663626,0.01852799155954619,0.6686140419767981,-0.5786488083485842,0.5612481508128057,-0.951330118796061,1.2229854866176637,0.8602143322116396
-0.34279349489331584,-0.6888010659378608,-1.4574302278469904,-0.2198862249591191,-0.930891461058755,0.13260332797398333,0.36525171225469805,-0.1693733470307576,0.01852799155954619,-0.01405494983134393,0.04711644241006265,0.06014195194826885,-0.951330118796061,0.7859754335961129,-0.4190702015012379
-0.3041527362396225,0.5523713092811027,0.4922281141427301,1.6333713235908893,1.3990556520020112,1.185502242293329,1.1902954417696945,0.7182181756335093,0.695895424919282,0.6686140419767981,0.6728816931687095,-1.0578300383626131,-0.951330118796061,0.6767229203407251,1.4287852360840296
-0.305684748697258,-0.8233403615722829,-1.424799962709087,-1.217561577359613,1.5916132646516608,-1.4467450435050353,-1.2848357467752949,-1.0569648696950245,0.526553566579348,1.0099485378808692,0.04711644241006265,-0.7422883049259317,1.6529552305651367,1.3322379998730516,0.14950070237115207
-0.29393931985538646,0.32801282191327796,0.532536088724846,1.2524407344925188,0.45552335001872535,1.185502242293329,1.1902954417696945,0.7182181756335093,0.695895424919282,0.6686140419767981,0.6728816931687095,-0.47533616364388437,-0.951330118796061,1.6599955396392148,1.4287852360840296
-0.1909540379810056,2.6913566179027306,1.8559812541709817,1.1303010852895494,-0.5842877582893853,0.13260332797398333,-0.4597920172602984,0.7182181756335093,0.695895424919282,0.3272795460727271,0.9857643185480329,-0.7422883049259317,1.6529552305651367,1.3322379998730516,-1.4140692832779205
-0.32406889818888296,-0.7081292464374539,0.900106428366521,-0.5203981341367223,-1.9321910468369348,0.13260332797398333,0.36525171225469805,-0.1693733470307576,0.18786984989948016,0.3272795460727271,0.04711644241006265,-0.47533616364388437,0.3508125558845378,1.6599955396392148,-1.2719265573098228
-0.35726250143765037,-0.8013592935531377,-1.3187516010109015,0.653230871323495,0.031896602189495596,-0.6044259120495588,-2.109879476290291,1.2507730892320694,0.865237283259216,1.0099485378808692,0.6728816931687095,0.09054386267235598,-0.951330118796061,0.40359163720225577,-0.7033556534374329
-0.3271329231041538,2.777385970322488,1.482652632446147,1.6128131648141517,-0.7190780871441392,0.13260332797398333,-0.4597920172602984,0.7182181756335093,0.695895424919282,0.3272795460727271,0.9857643185480329,-0.137333459688987,1.6529552305651367,0.5674704070853374,-1.4140692832779205
-0.34960243914947325,-0.7907477434749299,-1.5054159118733188,-1.221794139460706,0.9946846654377461,0.6590527851336562,1.1902954417696945,-0.1693733470307576,0.695895424919282,0.6686140419767981,0.6728816931687095,-0.33209355124864004,-0.951330118796061,0.07583409743609258,-0.1347847495650429
-0.3596456319273054,-0.7805151773280866,-1.4257596763896137,0.49118420802450574,-0.5072647132295252,-0.6044259120495588,-2.109879476290291,1.2507730892320694,0.865237283259216,1.0099485378808692,0.6728816931687095,3.211241919993147,-0.951330118796061,1.5507430263838269,-0.7033556534374329
-0.25427721956326954,2.001605862819215,1.4744950661616711,1.1139754886139048,-0.7190780871441392,0.13260332797398333,-0.4597920172602984,0.7182181756335093,0.695895424919282,0.3272795460727271,0.9857643185480329,0.09054386267235598,1.6529552305651367,1.4414905131284392,-1.4140692832779205
-0.28389612707755424,-0.7369320252211611,1.5431145943193212,-0.6044447244298549,-0.44949742943462967,-1.7626147178008391,-1.2848357467752949,-1.5895197832935846,-0.15081386678038777,-0.355389445735415,0.04711644241006265,3.211241919993147,-0.951330118796061,0.29433912394686806,-1.1297838313417254
-0.2358930700716445,-0.705476358917902,-1.4747050740964687,-0.026397671766295865,-0.9886587448536505,0.13260332797398333,0.36525171225469805,-0.1693733470307576,0.01852799155954619,-0.01405494983134393,0.04711644241006265,3.211241919993147,-0.951330118796061,-0.6343072387239277,-0.4190702015012379
-0.050860009910566883,-0.6311955083704464,-1.0255590716100353,-0.07779306870813958,-1.662610389127425,1.5013719165891328,1.520312933575693,0.8957364801663626,0.01852799155954619,0.6686140419767981,-0.5786488083485842,0.06014195194826885,-0.951330118796061,-0.7981860086070093,0.8602143322116396
-0.24202111990218617,1.3846200225576966,0.07427280627341021,-0.5615144516901972,-0.930891461058755,-0.8150056949134279,-0.6248007631632977,-0.7019282606293177,-0.6588394418001896,-0.6967239416394859,-0.5786488083485842,-0.42515535659833387,1.6529552305651367,1.113732973362276,0.5759288802754445
-0.33581432703075453,-0.738826944877984,-1.52461018548385,-1.2066778462425167,1.0331961879676754,-1.4467450435050353,-1.2848357467752949,-1.0569648696950245,0.526553566579348,1.0099485378808692,0.04711644241006265,0.06014195194826885,1.6529552305651367,0.7859754335961129,0.14950070237115207
-0.35930518471449757,1.5456881933876383,0.03636411589261086,-0.6745843249622533,-0.5072647132295252,-0.8150056949134279,-0.6248007631632977,-0.7019282606293177,-0.6588394418001896,-0.6967239416394859,-0.5786488083485842,-0.137333459688987,1.6529552305651367,-0.7435597519793155,0.5759288802754445
-0.30840832639972093,2.307445895430422,1.39387911699744,1.1036964092255364,-0.8346126547339302,0.13260332797398333,-0.4597920172602984,0.7182181756335093,0.695895424919282,0.3272795460727271,0.9857643185480329,-0.6479357671858119,1.6529552305651367,-0.25192344233007063,-1.4140692832779205
-0.2762360647893772,-0.8157606829449915,-1.5178921897201643,-1.2955616503654697,1.495334458326836,0.6590527851336562,1.1902954417696945,-0.1693733470307576,0.695895424919282,0.6686140419767981,0.6728816931687095,0.5612481508128057,-0.951330118796061,-0.30654969895776446,-0.1347847495650429
-0.3092594444317406,0.59443852566257,0.20095501210291705,1.2379290930030573,0.30147725989900515,1.185502242293329,1.1902954417696945,0.7182181756335093,0.695895424919282,0.6686140419767981,0.6728816931687095,0.5612481508128057,-0.951330118796061,1.2229854866176637,1.4287852360840296
-0.35096422800070476,0.36401629539291186,0.7796623614604367,1.2856965795725355,0.3785003049588652,1.185502242293329,1.1902954417696945,0.7182181756335093,0.695895424919282,0.6686140419767981,0.6728816931687095,3.211241919993147,-0.951330118796061,1.605369283011521,1.4287852360840296
-0.3557304889800149,-0.6903170016633191,-0.03369498278582856,-0.7622588256277512,1.0524519492326416,-0.39384612918568956,-0.4597920172602984,-0.1693733470307576,0.865237283259216,0.6686140419767981,0.9857643185480329,-0.4588176573406363,0.3508125558845378,0.9498542034791945,1.1444997841478346
-0.07877668136081227,-0.6732627247519135,0.022448267524975682,-0.5965842519563965,0.3785003049588652,1.185502242293329,1.1902954417696945,0.7182181756335093,0.01852799155954619,-0.01405494983134393,0.04711644241006265,-0.86759260538846,0.3508125558845378,-0.4158022122131522,1.286642510115932
-0.24610648645588062,-0.7187407965156617,-0.2558686998277286,-0.49621206498761955,0.6095694401384456,-0.39384612918568956,-0.4597920172602984,-0.1693733470307576,0.865237283259216,0.6686140419767981,0.9857643185480329,-0.86759260538846,0.3508125558845378,-0.4158022122131522,1.1444997841478346
-0.1397167324534211,-0.9017900353647487,1.1683464020736967,-0.6304447487651405,0.7251040077282366,-1.9731945006647083,-1.2848357467752949,-1.9445563923592915,1.3732628582790178,1.0099485378808692,1.6115295693066798,0.06014195194826885,0.3508125558845378,-0.7981860086070093,0.29164342833924956
-0.34228282407410404,-0.788094855955378,-1.5270094696851664,-1.2036545875988789,1.4183114132669759,0.6590527851336562,1.1902954417696945,-0.1693733470307576,0.695895424919282,0.6686140419767981,0.6728816931687095,-0.137333459688987,-0.951330118796061,0.18508661069148033,-0.1347847495650429
-0.0062614250327358454,1.088633572161968,-0.2352348556964074,0.5631377637430867,-0.4302416681696651,-1.394100097789068,-0.37728764430879874,-1.9445563923592915,-0.9975231584800576,-1.379392933447628,-0.5786488083485842,0.09054386267235598,1.6529552305651367,1.4414905131284392,1.570927962052127
0.3782737018337539,1.5456881933876383,-0.027456843862405753,0.657463433424588,0.45552335001872535,1.185502242293329,0.36525171225469805,1.605809698297776,0.3572117082394141,-0.01405494983134393,0.6728816931687095,-0.6911623949411695,-0.951330118796061,-0.36117595558545834,0.007357976403054584
-0.34909176833026145,-0.062340627392228294,0.874674015832567,2.8904422676155113,1.6686363097115209,0.6590527851336562,0.36525171225469805,0.7182181756335093,-2.352258025199529,-2.403396421159841,-2.143061935245201,-1.0578300383626131,0.3508125558845378,0.6767229203407251,-0.5612129274693354
-0.32798404113617347,0.019519901782518754,0.8593185969441423,2.895279481445332,1.495334458326836,0.6590527851336562,0.36525171225469805,0.7182181756335093,-2.352258025199529,-2.403396421159841,-2.143061935245201,-1.0578300383626131,0.3508125558845378,0.45821789382994965,-0.5612129274693354
-0.25053230022238293,0.01459311067477926,1.0282282047168179,-0.6026307692436721,1.283521084412222,0.6590527851336562,0.36525171225469805,0.7182181756335093,-2.352258025199529,-2.403396421159841,-2.143061935245201,-0.4588176573406363,0.3508125558845378,-0.9620647784900909,1.002357058179737
-0.32457956900809476,-0.03391683253988562,1.0349462004805037,2.886814357243146,1.7264035935064164,0.6590527851336562,0.36525171225469805,0.7182181756335093,-2.352258025199529,-2.403396421159841,-2.143061935245201,-0.42515535659833387,0.3508125558845378,-0.907438521862397,-0.5612129274693354
0.1127248758436149,-0.7119190857510995,0.985041089093122,-0.5494214171156458,-1.0656817899135105,-1.7626147178008391,-1.2848357467752949,-1.5895197832935846,-0.15081386678038777,-0.355389445735415,0.04711644241006265,-0.86759260538846,-0.951330118796061,-0.5250547254685399,-1.1297838313417254
-0.3356441034243506,-0.7320052341134217,-1.4962986319083162,-0.09895587921360469,-1.3545182088879848,0.13260332797398333,0.36525171225469805,-0.1693733470307576,0.01852799155954619,-0.01405494983134393,0.04711644241006265,-0.137333459688987,-0.951330118796061,-1.0166910351177847,-0.4190702015012379
0.11153331059878735,2.4063607015165744,1.6899507874398854,1.3243942902111001,-0.6035435195543499,0.13260332797398333,-0.4597920172602984,0.7182181756335093,0.695895424919282,0.3272795460727271,0.9857643185480329,-0.4588176573406363,1.6529552305651367,-0.9620647784900909,-1.4140692832779205
4.092212346354813,1.7996074274018992,-0.2462715630224631,0.39081202105572854,0.08966388598439111,0.34318311083785247,-0.9548182549692963,1.605809698297776,0.18786984989948016,0.3272795460727271,0.04711644241006265,-0.16075850691255444,-0.951330118796061,-1.3444485748839479,-1.5562120092460179
-0.3080678791869131,-0.6842532587614859,1.0570196151326146,-0.48895624424288864,-1.431541253947845,0.13260332797398333,0.36525171225469805,-0.1693733470307576,0.18786984989948016,0.3272795460727271,0.04711644241006265,-0.7422883049259317,0.3508125558845378,1.3322379998730516,-1.2719265573098228
-0.3526664640647441,-0.8339519116504909,-1.5010972003109493,-1.2417476465087158,-0.0066149203404336065,0.6590527851336562,1.1902954417696945,-0.1693733470307576,0.695895424919282,0.6686140419767981,0.6728816931687095,0.18598061562043464,-0.951330118796061,0.8406016902238067,-0.1347847495650429
1.1570467011317578,1.5210542378489411,-0.054328826917149735,0.6350913194616681,0.7443597689932012,1.185502242293329,0.36525171225469805,1.605809698297776,0.3572117082394141,-0.01405494983134393,0.6728816931687095,-0.137333459688987,-0.951330118796061,0.18508661069148033,0.007357976403054584
-0.34415528374454735,-0.7850629845044613,0.10306421668920729,-0.5409562929134598,0.32073302116397145,-0.39384612918568956,-0.4597920172602984,-0.1693733470307576,0.865237283259216,0.6686140419767981,0.9857643185480329,-0.16075850691255444,0.3508125558845378,-1.3444485748839479,1.1444997841478346
-0.025156245343572657,-0.0020821823052616924,1.6918702148009386,-0.5451888550145528,1.5531017421217315,0.6590527851336562,0.36525171225469805,0.7182181756335093,-2.352258025199529,-2.403396421159841,-2.143061935245201,-0.42515535659833387,0.3508125558845378,-0.907438521862397,1.002357058179737
-0.3390485755524293,-0.835467847375949,-1.4910202066654201,-1.2604918500992706,0.5325463950785855,-1.4467450435050353,-1.2848357467752949,-1.0569648696950245,0.526553566579348,1.0099485378808692,0.04711644241006265,0.06014195194826885,1.6529552305651367,-0.14267092907468287,0.14950070237115207
0.18115476561799687,1.5744909721713454,0.004213707594970789,0.5576958981845388,0.20519845357418043,1.185502242293329,0.36525171225469805,1.605809698297776,0.3572117082394141,-0.01405494983134393,0.6728816931687095,-0.6479357671858119,-0.951330118796061,-0.25192344233007063,0.007357976403054584
-0.3584540666824779,-0.7570181735834832,-1.3816128470853917,0.4869516459234127,-0.08363796540029372,-0.6044259120495588,-2.109879476290291,1.2507730892320694,0.865237283259216,1.0099485378808692,0.6728816931687095,0.6368254966275787,-0.951330118796061,1.0044804601068884,-0.7033556534374329
-0.35828384307607397,1.5934401687395736,-0.0931972309784758,-0.7398867116648309,-0.6420550420842791,0.5537628937017216,0.36525171225469805,0.5406998711006559,0.18786984989948016,0.3272795460727271,0.04711644241006265,0.09054386267235598,-0.951330118796061,-0.5796809820962338,0.43378615430734707
-0.33138851326425217,0.45421447105767937,0.834366041250451,1.0250916844909517,0.5325463950785855,1.185502242293329,1.1902954417696945,0.7182181756335093,0.695895424919282,0.6686140419767981,0.6728816931687095,-0.025232052709835702,-0.951330118796061,-1.5629536013947234,1.4287852360840296
3.002611041763224,1.4971782501729736,-0.036094266987144845,0.3436491862149783,0.14743116977928492,0.34318311083785247,-0.9548182549692963,1.605809698297776,0.18786984989948016,0.3272795460727271,0.04711644241006265,-0.137333459688987,0.3508125558845378,0.5674704070853374,-1.840497461182213
-0.2900241769080959,2.381347762046513,1.727859477820685,1.125463871459729,-1.0271702673835796,0.13260332797398333,-0.4597920172602984,0.7182181756335093,0.695895424919282,0.3272795460727271,0.9857643185480329,-0.42515535659833387,1.6529552305651367,1.3868642565007454,-1.4140692832779205
-0.3296862772002128,-0.7414798323975359,0.7758235067383304,-0.512537661663264,-0.930891461058755,0.13260332797398333,0.36525171225469805,-0.1693733470307576,0.18786984989948016,0.3272795460727271,0.04711644241006265,-0.025232052709835702,0.3508125558845378,-0.4704284688408461,-1.2719265573098228
-0.3598158555337094,-0.7937796149258464,-1.355220720870911,0.7517891031060895,-0.565031997024419,-0.6044259120495588,-2.109879476290291,1.2507730892320694,0.865237283259216,1.0099485378808692,0.6728816931687095,0.09054386267235598,-0.951330118796061,1.4414905131284392,-0.7033556534374329
-0.3342823145731191,-0.692211921320142,-1.470386362534099,0.13504433980396577,-1.4122854926828803,0.13260332797398333,0.36525171225469805,-0.1693733470307576,0.01852799155954619,-0.01405494983134393,0.04711644241006265,0.06014195194826885,-0.951330118796061,1.2776117432453575,-0.4190702015012379
-0.21716847336721162,0.3829654919611403,0.339633638939006,1.373975731966761,0.9369173816428507,0.13260332797398333,0.36525171225469805,-0.1693733470307576,0.01852799155954619,-0.01405494983134393,0.04711644241006265,-0.86759260538846,-0.951330118796061,-0.5250547254685399,-0.2769274755331404
-0.35879451389528577,1.7946806362941599,0.11745992189710565,0.711277437281342,0.3977560662238316,-0.7097158034814933,-0.12977452545429982,-1.0569648696950245,-0.4894975834602557,0.3272795460727271,-1.204414059107231,0.06014195194826885,1.6529552305651367,0.7859754335961129,-0.8454983794055304
-0.345006401776567,0.4689948443808976,0.4053740260550757,1.019649818932404,0.41701182748879617,1.185502242293329,1.1902954417696945,0.7182181756335093,0.695895424919282,0.6686140419767981,0.6728816931687095,0.09054386267235598,-0.951330118796061,-0.19729718570237675,1.4287852360840296
-0.19691186420514334,-0.7543652860639313,0.11745992189710565,-0.5687702724349282,1.1872422780873955,1.185502242293329,1.1902954417696945,0.7182181756335093,0.01852799155954619,-0.01405494983134393,0.04711644241006265,-0.42515535659833387,0.3508125558845378,-0.907438521862397,1.286642510115932
-0.2968331211642533,-0.7361740573584319,-1.5212511876020072,-1.2350964774927125,1.0331961879676754,0.6590527851336562,1.1902954417696945,-0.1693733470307576,0.695895424919282,0.6686140419767981,0.6728816931687095,0.6368254966275787,-0.951330118796061,-1.6175798580224172,-0.1347847495650429
-0.34619796702139455,-0.6884220820064962,0.8569193127428253,-0.4284910713701314,-0.9116356997937903,0.7643426765655907,1.3553041876726937,-0.1693733470307576,-2.352258025199529,-2.06206192525577,-2.4559445606245247,0.06014195194826885,0.3508125558845378,1.2776117432453575,-1.6983547352141153
-0.35930518471449757,-0.8430475260032404,-1.4056056890985558,0.6816495025736908,0.0511523634544602,-0.6044259120495588,-2.109879476290291,1.2507730892320694,0.865237283259216,1.0099485378808692,0.6728816931687095,0.06014195194826885,-0.951330118796061,-0.14267092907468287,-0.7033556534374329
-0.35096422800070476,0.3905451705884318,0.602115330563022,1.3733710802380332,0.47477911128369166,1.185502242293329,1.1902954417696945,0.7182181756335093,0.695895424919282,0.6686140419767981,0.6728816931687095,-0.9653268619914951,-0.951330118796061,0.23971286731917418,1.4287852360840296
-0.34517662538297095,-0.8282671526800222,-1.3734552808009157,-1.231468567120347,1.4375671745319423,-1.4467450435050353,-1.2848357467752949,-1.0569648696950245,0.526553566579348,1.0099485378808692,0.04711644241006265,-0.9653268619914951,1.6529552305651367,-1.1805698050008664,0.14950070237115207
-0.3092594444317406,0.5057562857232607,0.5968369053201259,1.182905785688848,-0.10289372666526003,0.13260332797398333,0.36525171225469805,-0.1693733470307576,0.01852799155954619,-0.01405494983134393,0.04711644241006265,2.5912862398265606,-0.951330118796061,-1.1259435483731726,-0.2769274755331404
-0.3463681906277985,-0.6910749695260482,0.7796623614604367,-0.6715610663186153,-0.8538684159988948,0.13260332797398333,0.36525171225469805,-0.1693733470307576,0.18786984989948016,0.3272795460727271,0.04711644241006265,3.211241919993147,0.3508125558845378,1.5507430263838269,-1.2719265573098228
-0.28423657429036214,1.6673420353556647,0.27245368130214637,0.5087191081576052,-0.44949742943462967,0.34318311083785247,-0.9548182549692963,1.605809698297776,0.18786984989948016,0.3272795460727271,0.04711644241006265,-0.137333459688987,-0.951330118796061,0.3489653805745619,-1.5562120092460179
-0.3494322155430693,-0.769524643318514,-0.1632563296569149,-0.5597004965040144,0.5710579176085164,-0.39384612918568956,-0.4597920172602984,-0.1693733470307576,0.865237283259216,0.6686140419767981,0.9857643185480329,1.3756486598758153,0.3508125558845378,-1.672206114650111,1.1444997841478346
-0.31760040114553345,-0.6827373230360277,0.7566292331277992,-0.5881191277542105,-1.2389836412981954,-1.7626147178008391,-1.2848357467752949,-1.5895197832935846,-0.15081386678038777,-0.355389445735415,0.04711644241006265,0.06014195194826885,-0.951330118796061,0.021207840808398718,-1.1297838313417254
-0.08150025906327522,-0.6994126160160687,-0.378232194094866,-0.7356541495637379,0.5710579176085164,1.185502242293329,1.1902954417696945,0.7182181756335093,0.01852799155954619,-0.01405494983134393,0.04711644241006265,-0.86759260538846,0.3508125558845378,-0.5250547254685399,1.286642510115932
-0.2590434805425797,-0.7244255554861303,-1.0903397450455787,0.07457916693120856,-1.4893085377427404,1.5013719165891328,1.520312933575693,0.8957364801663626,0.01852799155954619,0.6686140419767981,-0.5786488083485842,0.06014195194826885,-0.951330118796061,0.7859754335961129,0.8602143322116396
-0.2922370837913471,-0.8115918596999812,-1.5394857475320118,0.14471876746360715,-1.431541253947845,0.13260332797398333,0.36525171225469805,-0.1693733470307576,0.01852799155954619,-0.01405494983134393,0.04711644241006265,0.18598061562043464,-0.951330118796061,-1.3990748315116417,-0.4190702015012379
-0.34330416571252764,-0.7403428806034422,-1.5164526191993744,-1.261096501827998,1.1872422780873955,0.6590527851336562,1.1902954417696945,-0.1693733470307576,0.695895424919282,0.6686140419767981,0.6728816931687095,-0.42515535659833387,-0.951330118796061,-0.907438521862397,-0.1347847495650429
-0.3390485755524293,-0.6376382352036439,-0.016420136536350386,-0.7120727321433625,0.47477911128369166,1.185502242293329,1.1902954417696945,0.7182181756335093,0.01852799155954619,-0.01405494983134393,0.04711644241006265,0.06014195194826885,0.3508125558845378,-0.14267092907468287,1.286642510115932
-0.060732979081995125,2.376799954870138,1.4495425104679807,0.9489055666712778,-0.9886587448536505,0.13260332797398333,-0.4597920172602984,0.7182181756335093,0.695895424919282,0.3272795460727271,0.9857643185480329,-0.025232052709835702,1.6529552305651367,-1.5629536013947234,-1.4140692832779205
-0.057668954166724296,1.1424492904157368,0.0809908020370962,-0.5318865169825463,-0.4880089519645589,0.5537628937017216,0.36525171225469805,0.5406998711006559,0.18786984989948016,0.3272795460727271,0.04711644241006265,-0.16075850691255444,-0.951330118796061,-1.3444485748839479,0.43378615430734707
-0.34279349489331584,0.055144391330788155,1.0742944613820926,-0.5875144760254828,1.3027768456771867,0.6590527851336562,0.36525171225469805,0.7182181756335093,-2.352258025199529,-2.403396421159841,-2.143061935245201,-0.86759260538846,0.3508125558845378,0.5128441504576435,1.002357058179737
-0.35351758209676376,-0.7119190857510995,-1.475184930936732,-1.1982127220403307,0.6865924851983057,0.6590527851336562,0.36525171225469805,0.7182181756335093,1.0345791415991499,0.6686140419767981,1.2986469439273562,-0.4588176573406363,-0.951330118796061,1.7146217962669086,0.718071606243542
-0.31674928311351375,1.6078415581314276,-0.05768782479899273,-0.6757936284197084,-0.29545133931490947,-0.8150056949134279,-0.6248007631632977,-0.7019282606293177,-0.6588394418001896,-0.6967239416394859,-0.5786488083485842,0.18598061562043464,1.6529552305651367,0.8406016902238067,0.5759288802754445
-0.34381483653173944,0.3098215932077785,0.608833326326708,1.0916033746509848,0.9754289041727815,0.13260332797398333,0.36525171225469805,-0.1693733470307576,0.01852799155954619,-0.01405494983134393,0.04711644241006265,-0.137333459688987,-0.951330118796061,0.3489653805745619,-0.2769274755331404
-0.3421126004677001,-0.7058553428492664,-1.5154929055188477,-1.239933691322533,1.3797998907370468,0.6590527851336562,0.36525171225469805,0.7182181756335093,1.0345791415991499,0.6686140419767981,1.2986469439273562,-0.4588176573406363,-0.951330118796061,-0.9620647784900909,0.718071606243542
-0.2947904378874061,-0.7130560375451932,0.12369806082052846,-0.640723828153509,0.8406385753180259,1.185502242293329,1.1902954417696945,0.7182181756335093,0.01852799155954619,-0.01405494983134393,0.04711644241006265,-0.86759260538846,0.3508125558845378,0.5128441504576435,1.286642510115932
-0.350283333575089,-0.7426167841916297,-1.5126137644772681,-1.2115150600723372,1.5145902195918006,0.6590527851336562,1.1902954417696945,-0.1693733470307576,0.695895424919282,0.6686140419767981,0.6728816931687095,1.4620975080076348,-0.951330118796061,-0.8528122652347031,-0.1347847495650429
1.021889157647033,-0.6895590338005899,-1.399367550175133,0.13262573288905552,-1.25823940256316,0.13260332797398333,0.36525171225469805,-0.1693733470307576,0.01852799155954619,-0.01405494983134393,0.04711644241006265,0.6368254966275787,-0.951330118796061,-1.6175798580224172,-0.4190702015012379
0.10183056503376305,0.2279610640330317,0.6030750442435487,1.1369522543055526,0.7828712915231304,0.13260332797398333,0.36525171225469805,-0.1693733470307576,0.01852799155954619,-0.01405494983134393,0.04711644241006265,-0.137333459688987,-0.951330118796061,-0.7435597519793155,-0.2769274755331404
0.8851996017046732,1.3679447295776557,-0.07640224156926081,0.5262540082907048,0.16668693104425122,-1.394100097789068,-0.37728764430879874,-1.9445563923592915,-0.9975231584800576,-1.379392933447628,-0.5786488083485842,0.06014195194826885,1.6529552305651367,-0.7981860086070093,1.570927962052127
-0.3591349611080936,-0.6914539534574128,-0.07736195524978719,-0.6685378076749775,0.16668693104425122,-0.39384612918568956,-0.4597920172602984,-0.1693733470307576,0.865237283259216,0.6686140419767981,0.9857643185480329,-0.137333459688987,0.3508125558845378,-0.7435597519793155,1.1444997841478346
-0.33972946997804504,-0.00625100555027193,0.9711252407254871,-0.6092819382596754,1.861193922361172,0.6590527851336562,0.36525171225469805,0.7182181756335093,-2.352258025199529,-2.403396421159841,-2.143061935245201,0.18598061562043464,0.3508125558845378,0.8406016902238067,1.002357058179737
-0.33836768112681354,-0.7320052341134217,-1.4627086530898865,0.12899782251668995,-1.0271702673835796,0.13260332797398333,0.36525171225469805,-0.1693733470307576,0.01852799155954619,-0.01405494983134393,0.04711644241006265,-0.9653268619914951,-0.951330118796061,0.23971286731917418,-0.4190702015012379
-0.2861090339608054,0.42010591723486823,0.45959784900482686,1.2838826243863526,0.49403487254865625,0.13260332797398333,0.36525171225469805,-0.1693733470307576,0.01852799155954619,-0.01405494983134393,0.04711644241006265,-0.025232052709835702,-0.951330118796061,-0.4704284688408461,-0.2769274755331404
0.175537386606667,-0.7350371055643382,-0.9377452698418546,-0.13463033120853143,-1.2389836412981954,1.5013719165891328,1.520312933575693,0.8957364801663626,0.01852799155954619,0.6686140419767981,-0.5786488083485842,-0.6911623949411695,-0.951330118796061,-1.4537010881393357,0.8602143322116396
-0.35590071258641887,-0.711540101819735,-0.2462715630224631,-0.5415609446421874,0.45552335001872535,1.185502242293329,1.1902954417696945,0.7182181756335093,0.01852799155954619,-0.01405494983134393,0.04711644241006265,-1.0578300383626131,0.3508125558845378,-1.289822318256254,1.286642510115932
-0.2913859657593274,-0.7926426631317527,-1.5399656043722754,-1.2604918500992706,0.8213828140530613,0.6590527851336562,1.1902954417696945,-0.1693733470307576,0.695895424919282,0.6686140419767981,0.6728816931687095,-0.025232052709835702,-0.951330118796061,-1.5629536013947234,-0.1347847495650429
-0.34670863784060635,-0.7873368880926488,-1.4406352384377756,-1.271375581216367,1.745659354771381,0.6590527851336562,1.1902954417696945,-0.1693733470307576,0.695895424919282,0.6686140419767981,0.6728816931687095,-0.137333459688987,-0.951330118796061,0.6220966637130313,-0.1347847495650429
-0.20729550419578338,-0.7384479609466194,-1.0514713409842527,0.03527680456391646,-1.8166564792471454,1.5013719165891328,1.520312933575693,0.8957364801663626,0.01852799155954619,0.6686140419767981,-0.5786488083485842,0.06014195194826885,-0.951330118796061,0.021207840808398718,0.8602143322116396
4.053912034913928,1.504757928800265,-0.12822678031769535,0.5963936088231034,-0.08363796540029372,0.34318311083785247,-0.9548182549692963,1.605809698297776,0.18786984989948016,0.3272795460727271,0.04711644241006265,-0.6911623949411695,-0.951330118796061,1.496116769756133,-1.5562120092460179
-0.3484108739046457,-0.8271302008859285,-1.5596397348230697,-1.1607243148592212,1.456822935796907,0.6590527851336562,1.1902954417696945,-0.1693733470307576,0.695895424919282,0.6686140419767981,0.6728816931687095,-0.137333459688987,-0.951330118796061,-1.0166910351177847,-0.1347847495650429
-0.3169195067199177,0.044153857321215684,1.0397447688831363,2.7120700076408775,1.7841708773013119,0.6590527851336562,0.36525171225469805,0.7182181756335093,-2.352258025199529,-2.403396421159841,-2.143061935245201,-0.025232052709835702,0.3508125558845378,-0.4704284688408461,-0.5612129274693354
4.435042689652339,1.35089045266625,0.0843497999189392,0.787463555101016,-0.2761955780499449,0.34318311083785247,-0.9548182549692963,1.605809698297776,0.18786984989948016,0.3272795460727271,0.04711644241006265,0.18598061562043464,-0.951330118796061,-1.3990748315116417,-1.5562120092460179
-0.345006401776567,-0.07939490430363375,0.9485719692331129,3.0682098758614176,1.9574727286859968,0.6590527851336562,0.36525171225469805,0.7182181756335093,-2.352258025199529,-2.403396421159841,-2.143061935245201,0.09054386267235598,0.3508125558845378,-0.5796809820962338,-0.5612129274693354
-0.3145363762302626,2.443880110721667,1.6314082529277647,1.400580408030774,-0.9694029835886842,0.13260332797398333,-0.4597920172602984,0.7182181756335093,0.695895424919282,0.3272795460727271,0.9857643185480329,3.211241919993147,1.6529552305651367,0.29433912394686806,-1.4140692832779205
-0.14907903080563753,-0.7445117038484524,-0.17621246434402368,-0.5077004478334433,0.47477911128369166,-0.39384612918568956,-0.4597920172602984,-0.1693733470307576,0.865237283259216,0.6686140419767981,0.9857643185480329,-1.0578300383626131,0.3508125558845378,1.1683592299899699,1.1444997841478346
-0.34279349489331584,-0.772177530838066,-1.5289288970462198,-1.2090964531574269,0.43626758875376076,-1.4467450435050353,-1.2848357467752949,-1.0569648696950245,0.526553566579348,1.0099485378808692,0.04711644241006265,0.18598061562043464,1.6529552305651367,0.8406016902238067,0.14950070237115207
-0.3271329231041538,-0.7013075356728916,1.204335665093443,-0.7072355183135421,-1.373773970152951,0.13260332797398333,0.36525171225469805,-0.1693733470307576,0.18786984989948016,0.3272795460727271,0.04711644241006265,-0.42515535659833387,0.3508125558845378,-0.6889334953516215,-1.2719265573098228
2.139747580901676,1.4513211944778603,0.1668851764442239,-0.7048169113986319,-1.007914506118615,-0.8150056949134279,-0.6248007631632977,-0.7019282606293177,-0.6588394418001896,-0.6967239416394859,-0.5786488083485842,-1.0578300383626131,1.6529552305651367,-1.289822318256254,0.5759288802754445
-0.04405106565440947,-0.6471128334877582,-1.5361267496501692,-0.01974650275029261,-0.8153568934689657,0.13260332797398333,0.36525171225469805,-0.1693733470307576,0.01852799155954619,-0.01405494983134393,0.04711644241006265,0.5612481508128057,-0.951330118796061,1.2229854866176637,-0.4190702015012379
-0.3596456319273054,-0.7820311130535448,-1.468466935173046,0.6526262195947676,-0.12214948793022463,-0.6044259120495588,-2.109879476290291,1.2507730892320694,0.865237283259216,1.0099485378808692,0.6728816931687095,-1.0578300383626131,-0.951330118796061,0.8952279468515005,-0.7033556534374329
-0.32798404113617347,0.406083511774379,0.49366768466352,1.0117893464589454,0.2629657373690759,1.185502242293329,1.1902954417696945,0.7182181756335093,0.695895424919282,0.6686140419767981,0.6728816931687095,0.18598061562043464,-0.951330118796061,-1.0713172917454785,1.4287852360840296
-0.13580158950613058,-0.6880430980751316,-0.1574980475737556,-0.5542586309454663,0.0511523634544602,-0.39384612918568956,-0.4597920172602984,-0.1693733470307576,0.865237283259216,0.6686140419767981,0.9857643185480329,-0.42515535659833387,0.3508125558845378,-0.907438521862397,1.1444997841478346
2.0832333435755697,1.536213595103524,0.025327408566555493,0.427091124779383,-0.5842877582893853,0.34318311083785247,-0.9548182549692963,1.605809698297776,0.18786984989948016,0.3272795460727271,0.04711644241006265,-0.6479357671858119,-0.951330118796061,-1.726832371277805,-1.5562120092460179
-0.027198928620419883,-0.6747786604773717,-1.0164417916450328,0.0376954114788267,-1.1041933124434398,1.5013719165891328,1.520312933575693,0.8957364801663626,0.01852799155954619,0.6686140419767981,-0.5786488083485842,-0.025232052709835702,-0.951330118796061,-0.4704284688408461,0.8602143322116396
-0.3232177801568633,0.13359406512325395,0.7873400709046497,-0.7036076079411767,1.4375671745319423,0.6590527851336562,0.36525171225469805,0.7182181756335093,-2.352258025199529,-2.403396421159841,-2.143061935245201,0.06014195194826885,0.3508125558845378,0.021207840808398718,1.002357058179737
-0.3560709361928228,-0.7577761414462124,-1.5759548673920216,-1.3185384160571174,0.5132906338136208,0.6590527851336562,1.1902954417696945,-0.1693733470307576,0.695895424919282,0.6686140419767981,0.6728816931687095,-0.137333459688987,-0.951330118796061,0.3489653805745619,-0.1347847495650429
-0.2667035428307568,1.6840173283357058,-0.19444702427402857,0.36843990709280855,0.6865924851983057,-1.394100097789068,-0.37728764430879874,-1.9445563923592915,-0.9975231584800576,-1.379392933447628,-0.5786488083485842,3.211241919993147,1.6529552305651367,-0.6343072387239277,1.570927962052127
-0.3596456319273054,-0.7596710611030353,-1.4723057898951522,-1.2151429704447028,0.6288252014034101,0.6590527851336562,0.36525171225469805,0.7182181756335093,1.0345791415991499,0.6686140419767981,1.2986469439273562,0.09054386267235598,-0.951330118796061,-0.19729718570237675,0.718071606243542
-0.0466044197504685,1.5972300080532198,0.2873292433503083,0.5685796293016351,-0.6998223258791746,-1.394100097789068,-0.37728764430879874,-1.9445563923592915,-0.9975231584800576,-1.379392933447628,-0.5786488083485842,-0.7422883049259317,1.6529552305651367,1.3322379998730516,1.570927962052127
0.09161714864952693,1.7908907969805146,0.12033906293868546,0.6459750505787644,0.012640840924530994,0.34318311083785247,-0.9548182549692963,1.605809698297776,0.18786984989948016,0.3272795460727271,0.04711644241006265,0.6368254966275787,1.6529552305651367,1.0044804601068884,-0.9876411053736279
-0.28678992838642114,-0.7384479609466194,0.6025951874032852,-0.635281962594961,0.9754289041727815,-1.9731945006647083,-1.2848357467752949,-1.9445563923592915,1.3732628582790178,1.0099485378808692,1.6115295693066798,-1.0578300383626131,0.3508125558845378,0.45821789382994965,0.29164342833924956
-0.33292052572188763,0.1548171652796699,0.8180509086814999,2.812442194609654,1.572357503386696,0.6590527851336562,0.36525171225469805,0.7182181756335093,-2.352258025199529,-2.403396421159841,-2.143061935245201,-1.0578300383626131,0.3508125558845378,0.8952279468515005,-0.5612129274693354
-0.27793830085341653,1.7817951826277645,-0.2265974325716683,0.6381145781053057,-0.10289372666526003,1.185502242293329,0.36525171225469805,1.605809698297776,0.3572117082394141,-0.01405494983134393,0.6728816931687095,0.18598061562043464,-0.951330118796061,-0.033418415819295146,0.007357976403054584
-0.3526664640647441,0.02141482143934149,0.9965576532594412,2.4865349128254928,1.9189612061560675,0.6590527851336562,0.36525171225469805,0.7182181756335093,-2.352258025199529,-2.403396421159841,-2.143061935245201,0.09054386267235598,0.3508125558845378,0.40359163720225577,-0.5612129274693354
-0.3599860791401133,-0.7983274221022213,-1.5442843159346447,-1.2230034429181609,1.2064980393523619,0.6590527851336562,0.36525171225469805,0.7182181756335093,1.0345791415991499,0.6686140419767981,1.2986469439273562,-0.6911623949411695,-0.951330118796061,1.496116769756133,0.718071606243542
0.40176455951749696,-0.7930216470631173,0.9797626638502259,-0.7610495221702961,1.610869025916627,-1.9731945006647083,-1.2848357467752949,-1.9445563923592915,1.3732628582790178,1.0099485378808692,1.6115295693066798,-0.9653268619914951,0.3508125558845378,-1.1805698050008664,0.29164342833924956
0.3558041857884344,-0.7755883862203471,-0.8883200152947363,0.043137277037374834,-0.6420550420842791,1.5013719165891328,1.520312933575693,0.8957364801663626,0.01852799155954619,0.6686140419767981,-0.5786488083485842,0.5612481508128057,-0.951330118796061,-0.30654969895776446,0.8602143322116396
-0.3400699171908529,-0.7145719732706515,-1.4699065056938359,-1.2097011048861543,0.8598943365829905,-1.4467450435050353,-1.2848357467752949,-1.0569648696950245,0.526553566579348,1.0099485378808692,0.04711644241006265,0.09054386267235598,1.6529552305651367,-0.19729718570237675,0.14950070237115207
-0.35351758209676376,-0.8225823937095538,1.2081745198155491,-0.8638403160539833,1.0717077104976063,-1.9731945006647083,-1.2848357467752949,-1.9445563923592915,1.3732628582790178,1.0099485378808692,1.6115295693066798,-0.137333459688987,0.3508125558845378,0.3489653805745619,0.29164342833924956
-0.15180260850810048,-0.747543575299369,-1.4699065056938359,-1.217561577359613,1.3797998907370468,-1.4467450435050353,-1.2848357467752949,-1.0569648696950245,0.526553566579348,1.0099485378808692,0.04711644241006265,-0.4588176573406363,1.6529552305651367,1.7146217962669086,0.14950070237115207
-0.2900241769080959,-0.7361740573584319,-1.470386362534099,-1.2084918014286994,1.610869025916627,-1.4467450435050353,-1.2848357467752949,-1.0569648696950245,0.526553566579348,1.0099485378808692,0.04711644241006265,-0.86759260538846,1.6529552305651367,0.5128441504576435,0.14950070237115207
-0.32509023982730656,0.14458459913282642,0.6160311789306572,1.3062547383492726,0.3977560662238316,0.13260332797398333,0.36525171225469805,-0.1693733470307576,0.01852799155954619,-0.01405494983134393,0.04711644241006265,0.17523849530111527,-0.951330118796061,-1.5083273447670296,-0.2769274755331404
-0.3599860791401133,-0.656966415703237,-0.21220172736376994,-0.5772353966371142,0.32073302116397145,1.185502242293329,1.1902954417696945,0.7182181756335093,0.01852799155954619,-0.01405494983134393,0.04711644241006265,-0.47533616364388437,0.3508125558845378,1.6599955396392148,1.286642510115932
-0.35198556963912836,1.3740084724794885,-0.1373440602826976,0.6375099263765783,-0.5265204744944898,-0.7097158034814933,-0.12977452545429982,-1.0569648696950245,-0.4894975834602557,0.3272795460727271,-1.204414059107231,-0.16075850691255444,1.6529552305651367,-1.3444485748839479,-0.8454983794055304
0.3193763340179923,1.2902530236479184,0.05843753054472194,0.44402137318375506,-0.17991677172512013,-1.394100097789068,-0.37728764430879874,-1.9445563923592915,-0.9975231584800576,-1.379392933447628,-0.5786488083485842,-0.137333459688987,1.6529552305651367,0.18508661069148033,1.570927962052127
4.38057113560308,1.341036870450771,0.19951544158212717,0.4180213488484695,-0.21842829425504934,0.34318311083785247,-0.9548182549692963,1.605809698297776,0.18786984989948016,0.3272795460727271,0.04711644241006265,0.06014195194826885,-0.951330118796061,0.021207840808398718,-1.5562120092460179
-0.34092103522287254,0.6709932797982129,0.6544197261517201,1.2439756102903332,1.0717077104976063,1.185502242293329,1.1902954417696945,0.7182181756335093,0.695895424919282,0.6686140419767981,0.6728816931687095,-0.42515535659833387,-0.951330118796061,-0.6889334953516215,1.4287852360840296
-0.3312182896578483,-0.7433747520543588,0.19231758897817797,-0.7417006668510138,0.7443597689932012,1.185502242293329,1.1902954417696945,0.7182181756335093,0.01852799155954619,-0.01405494983134393,0.04711644241006265,-0.4588176573406363,0.3508125558845378,1.7146217962669086,1.286642510115932
-0.3281542647425774,-0.8415315902777821,-1.4646280804509397,-1.2490034672534467,1.6493805484465562,0.6590527851336562,1.1902954417696945,-0.1693733470307576,0.695895424919282,0.6686140419767981,0.6728816931687095,0.09054386267235598,-0.951330118796061,-0.5796809820962338,-0.1347847495650429
-0.26500130676671746,-0.7509544306816501,-1.485261924582261,-1.155282449300673,0.9369173816428507,-1.4467450435050353,-1.2848357467752949,-1.0569648696950245,0.526553566579348,1.0099485378808692,0.04711644241006265,0.18598061562043464,1.6529552305651367,-0.033418415819295146,0.14950070237115207
-0.23759530613568386,1.4907355233397757,0.15728803963895843,-0.672165718047343,-0.19917253299008475,-0.8150056949134279,-0.6248007631632977,-0.7019282606293177,-0.6588394418001896,-0.6967239416394859,-0.5786488083485842,-0.137333459688987,1.6529552305651367,0.3489653805745619,0.5759288802754445
-0.3390485755524293,-0.7221516518979428,0.8271681886465021,-0.5790493518232968,-1.2389836412981954,0.13260332797398333,0.36525171225469805,-0.1693733470307576,0.18786984989948016,0.3272795460727271,0.04711644241006265,-0.6911623949411695,0.3508125558845378,1.496116769756133,-1.2719265573098228
-0.3085785500061249,0.35984747214790164,0.639064307263295,1.1387662094917355,0.2629657373690759,0.13260332797398333,0.36525171225469805,-0.1693733470307576,0.01852799155954619,-0.01405494983134393,0.04711644241006265,0.09054386267235598,-0.951330118796061,-0.5796809820962338,-0.2769274755331404
-0.3237284509760751,-0.7138140054079224,0.823329333924396,-0.5421655963709149,-1.3930297314179156,0.13260332797398333,0.36525171225469805,-0.1693733470307576,0.18786984989948016,0.3272795460727271,0.04711644241006265,3.211241919993147,0.3508125558845378,-0.6343072387239277,-1.2719265573098228
0.09263849028795054,-0.7043394071238082,1.0579793288131416,-0.5264446514239981,-1.4122854926828803,-1.7626147178008391,-1.2848357467752949,-1.5895197832935846,-0.15081386678038777,-0.355389445735415,0.04711644241006265,-0.137333459688987,-0.951330118796061,0.6220966637130313,-1.1297838313417254
-0.3050038542716422,-0.730868282319328,0.8055746308346543,-0.4309096782850417,-1.585587344067565,-1.7626147178008391,-1.2848357467752949,-1.5895197832935846,-0.15081386678038777,-0.355389445735415,0.04711644241006265,-0.33209355124864004,-0.951330118796061,0.07583409743609258,-1.1297838313417254
-0.35487937094799527,1.4399516765369234,-0.02505755966108947,-0.6274214901215026,-0.14140524919518924,-0.8150056949134279,-0.6248007631632977,-0.7019282606293177,-0.6588394418001896,-0.6967239416394859,-0.5786488083485842,-0.42515535659833387,1.6529552305651367,1.3868642565007454,0.5759288802754445
1.7775117464741017,-0.6527975924582268,-0.20308444739876766,-0.6068633313447651,0.0704081247194248,1.185502242293329,1.1902954417696945,0.7182181756335093,0.01852799155954619,-0.01405494983134393,0.04711644241006265,0.6368254966275787,0.3508125558845378,1.0044804601068884,1.286642510115932
-0.3458575198085867,0.17187144219107536,0.644342732506191,1.2687663311681634,1.1487307555574664,0.13260332797398333,0.36525171225469805,-0.1693733470307576,0.01852799155954619,-0.01405494983134393,0.04711644241006265,-0.9653268619914951,-0.951330118796061,0.23971286731917418,-0.2769274755331404
-0.3182812955711492,-0.7956745345826693,0.8468423190972966,-0.7217471598030037,0.6865924851983057,-1.9731945006647083,-1.2848357467752949,-1.9445563923592915,1.3732628582790178,1.0099485378808692,1.6115295693066798,-0.137333459688987,0.3508125558845378,0.5674704070853374,0.29164342833924956
-0.3599860791401133,-0.705476358917902,-1.5452440296151713,-1.2139336669872474,1.687892070976487,0.6590527851336562,0.36525171225469805,0.7182181756335093,1.0345791415991499,0.6686140419767981,1.2986469439273562,0.06014195194826885,-0.951330118796061,-0.14267092907468287,0.718071606243542
-0.35539004176720707,0.16883957074015887,0.319479651647948,1.2645337690670704,0.7251040077282366,1.185502242293329,1.1902954417696945,0.7182181756335093,0.695895424919282,0.6686140419767981,0.6728816931687095,-0.86759260538846,-0.951330118796061,0.5128441504576435,1.4287852360840296
-0.3596456319273054,1.3910627493908942,0.02820654960813496,0.6387192298340332,-0.0066149203404336065,-0.7097158034814933,-0.12977452545429982,-1.0569648696950245,-0.4894975834602557,0.3272795460727271,-1.204414059107231,-0.4588176573406363,1.6529552305651367,-0.9620647784900909,-0.8454983794055304
-0.15656886948741067,-0.02368426639304214,1.2153723724194987,-0.7072355183135421,0.7636155302581658,0.6590527851336562,0.36525171225469805,0.7182181756335093,-2.352258025199529,-2.403396421159841,-2.143061935245201,0.06014195194826885,0.3508125558845378,1.2776117432453575,1.002357058179737
-0.31079145688937604,-0.7987064060335858,-1.5289288970462198,-1.2133290152585199,0.7828712915231304,-1.4467450435050353,-1.2848357467752949,-1.0569648696950245,0.526553566579348,1.0099485378808692,0.04711644241006265,-0.6479357671858119,1.6529552305651367,-0.25192344233007063,0.14950070237115207
0.2615003078406543,-0.7229096197606719,-0.8302573376228789,-0.05360699955903678,-1.1041933124434398,1.5013719165891328,1.520312933575693,0.8957364801663626,0.01852799155954619,0.6686140419767981,-0.5786488083485842,-0.86759260538846,-0.951330118796061,-0.5250547254685399,0.8602143322116396
-0.3591349611080936,-0.6687149175755386,-0.0883986625758429,-0.47625855793960953,1.0139404267027108,-0.39384612918568956,-0.4597920172602984,-0.1693733470307576,0.865237283259216,0.6686140419767981,0.9857643185480329,0.06014195194826885,0.3508125558845378,-0.7981860086070093,1.1444997841478346
-0.3090892208253367,1.4952833305161508,-0.051449685875569924,-0.6582587282866088,-0.29545133931490947,-0.8150056949134279,-0.6248007631632977,-0.7019282606293177,-0.6588394418001896,-0.6967239416394859,-0.5786488083485842,-0.86759260538846,1.6529552305651367,0.5128441504576435,0.5759288802754445
5.825088659546874,-0.8278881687486577,0.9706453838852236,-0.7834216361332162,0.5132906338136208,-1.9731945006647083,-1.2848357467752949,-1.9445563923592915,1.3732628582790178,1.0099485378808692,1.6115295693066798,-1.0578300383626131,0.3508125558845378,1.1683592299899699,0.29164342833924956
-0.3261115814657302,-0.7566391896521186,-1.414722969063558,-1.2115150600723372,0.6288252014034101,-1.4467450435050353,-1.2848357467752949,-1.0569648696950245,0.526553566579348,1.0099485378808692,0.04711644241006265,-1.0578300383626131,1.6529552305651367,1.1683592299899699,0.14950070237115207
-0.3341120909667152,-0.6850112266242151,1.0416641962441897,-0.6268168383927751,-1.662610389127425,0.13260332797398333,0.36525171225469805,-0.1693733470307576,0.18786984989948016,0.3272795460727271,0.04711644241006265,-0.137333459688987,0.3508125558845378,0.5674704070853374,-1.2719265573098228
-0.09324568790514676,-0.7532283342698375,-0.8816020195310503,0.008067476771175544,-1.2004721187682645,1.5013719165891328,1.520312933575693,0.8957364801663626,0.01852799155954619,0.6686140419767981,-0.5786488083485842,1.4620975080076348,-0.951330118796061,-0.8528122652347031,0.8602143322116396
-0.3591349611080936,-0.6895590338005899,-1.5404454612125384,-1.1885382943806895,0.6865924851983057,0.6590527851336562,0.36525171225469805,0.7182181756335093,1.0345791415991499,0.6686140419767981,1.2986469439273562,-0.42515535659833387,-0.951330118796061,1.3868642565007454,0.718071606243542
-0.3518153460327244,-0.7263204751429531,-0.10375408146426798,-0.6848634043506219,0.20519845357418043,1.185502242293329,1.1902954417696945,0.7182181756335093,0.01852799155954619,-0.01405494983134393,0.04711644241006265,1.3756486598758153,0.3508125558845378,-1.672206114650111,1.286642510115932
4.801363890633608,1.4266872389391636,0.22686728147713434,0.7058355717227937,-0.16066101046015382,0.34318311083785247,-0.9548182549692963,1.605809698297776,0.18786984989948016,0.3272795460727271,0.04711644241006265,1.3756486598758153,-0.951330118796061,-1.672206114650111,-1.5562120092460179
-0.25529856120169314,-0.8259932490918348,0.9620079607604849,-0.7205378563455486,0.5325463950785855,-1.9731945006647083,-1.2848357467752949,-1.9445563923592915,1.3732628582790178,1.0099485378808692,1.6115295693066798,-0.137333459688987,0.3508125558845378,-1.0166910351177847,0.29164342833924956
-0.27947031331105193,-0.7297313305252343,0.10786278509184019,-0.5748167897222037,0.43626758875376076,1.185502242293329,1.1902954417696945,0.7182181756335093,0.01852799155954619,-0.01405494983134393,0.04711644241006265,-0.6479357671858119,0.3508125558845378,-1.726832371277805,1.286642510115932
-0.3601563027465173,-0.7907477434749299,-1.4180819669454012,0.520207491003429,0.1281754085143203,-0.6044259120495588,-2.109879476290291,1.2507730892320694,0.865237283259216,1.0099485378808692,0.6728816931687095,-0.137333459688987,-0.951330118796061,0.3489653805745619,-0.7033556534374329
-0.35011310996868505,-0.8430475260032404,-1.52604975600464,-1.306445381482566,1.7071478322414517,0.6590527851336562,0.36525171225469805,0.7182181756335093,1.0345791415991499,0.6686140419767981,1.2986469439273562,-0.86759260538846,-0.951330118796061,-0.4158022122131522,0.718071606243542
-0.3092594444317406,0.49741863923324026,0.6764931408038312,1.2107197652103163,0.43626758875376076,0.13260332797398333,0.36525171225469805,-0.1693733470307576,0.01852799155954619,-0.01405494983134393,0.04711644241006265,-0.9653268619914951,-0.951330118796061,-0.088044672446989,-0.2769274755331404
4.88970994235725,1.6476348709247073,-0.2246780052106152,0.5032772425990574,0.5132906338136208,0.34318311083785247,-0.9548182549692963,1.605809698297776,0.18786984989948016,0.3272795460727271,0.04711644241006265,-0.42515535659833387,-0.951330118796061,1.3868642565007454,-1.5562120092460179
-0.3145363762302626,-0.5891282919889792,-1.5519620253788573,0.05099774951083321,-0.9694029835886842,0.13260332797398333,0.36525171225469805,-0.1693733470307576,0.01852799155954619,-0.01405494983134393,0.04711644241006265,3.211241919993147,-0.951330118796061,0.29433912394686806,-0.4190702015012379
-0.29359887264257856,-0.7486805270934628,-1.6018671367662387,-1.2816546606047357,0.8021270527880967,0.6590527851336562,1.1902954417696945,-0.1693733470307576,0.695895424919282,0.6686140419767981,0.6728816931687095,-0.86759260538846,-0.951330118796061,-0.5250547254685399,-0.1347847495650429
-0.3193026372095728,1.370976601028572,0.045481395857613134,0.12536991214432483,-0.08363796540029372,-1.394100097789068,-0.37728764430879874,-1.9445563923592915,-0.9975231584800576,-1.379392933447628,-0.5786488083485842,-0.137333459688987,1.6529552305651367,0.6220966637130313,1.570927962052127
-0.26500130676671746,-0.6906959855946837,1.0407044825636633,-0.5439795515570977,-1.1427048349733706,-1.7626147178008391,-1.2848357467752949,-1.5895197832935846,-0.15081386678038777,-0.355389445735415,0.04711644241006265,-1.0578300383626131,-0.951330118796061,0.6767229203407251,-1.1297838313417254
0.6695262923908871,-0.8400156545523237,-1.0903397450455787,0.10783501201122506,-1.4893085377427404,1.5013719165891328,1.520312933575693,0.8957364801663626,0.01852799155954619,0.6686140419767981,-0.5786488083485842,-0.9653268619914951,-0.951330118796061,0.23971286731917418,0.8602143322116396
-0.3295160535938089,0.49590270350778204,0.4130517354992884,1.0595568330284233,0.8598943365829905,0.13260332797398333,0.36525171225469805,-0.1693733470307576,0.01852799155954619,-0.01405494983134393,0.04711644241006265,-0.137333459688987,-0.951330118796061,0.18508661069148033,-0.2769274755331404
-0.18635800060809934,-0.8263722330231993,-1.5212511876020072,-1.281050008876008,1.3605441294720821,0.6590527851336562,0.36525171225469805,0.7182181756335093,1.0345791415991499,0.6686140419767981,1.2986469439273562,1.3756486598758153,-0.951330118796061,-1.672206114650111,0.718071606243542
-0.3305373952322325,0.5042403499978025,0.651060728269877,0.6242075883445718,-0.06438220413532912,1.185502242293329,1.1902954417696945,0.7182181756335093,0.695895424919282,0.6686140419767981,0.6728816931687095,-1.0578300383626131,-0.951330118796061,1.1683592299899699,1.4287852360840296
-0.35692205422484247,0.31664330397234075,0.5095029603922083,1.3727664285093057,0.6865924851983057,1.185502242293329,1.1902954417696945,0.7182181756335093,0.695895424919282,0.6686140419767981,0.6728816931687095,3.211241919993147,-0.951330118796061,-0.6343072387239277,1.4287852360840296
-0.3586242902888818,1.494904346584786,-0.02505755966108947,0.4228585626782899,-0.33396286184484036,-0.7097158034814933,-0.12977452545429982,-1.0569648696950245,-0.4894975834602557,0.3272795460727271,-1.204414059107231,0.06014195194826885,1.6529552305651367,0.021207840808398718,-0.8454983794055304
-0.35539004176720707,1.2876001361283667,-0.01210142497398067,-0.6697471111324326,-0.9886587448536505,-0.8150056949134279,-0.6248007631632977,-0.7019282606293177,-0.6588394418001896,-0.6967239416394859,-0.5786488083485842,3.211241919993147,1.6529552305651367,1.605369283011521,0.5759288802754445
-0.3598158555337094,-0.10781869915597642,0.8650768790273011,2.7259769974016117,1.8034266385662765,0.6590527851336562,0.36525171225469805,0.7182181756335093,-2.352258025199529,-2.403396421159841,-2.143061935245201,-0.47533616364388437,0.3508125558845378,1.6599955396392148,-0.5612129274693354
-0.3584540666824779,-0.7585341093089415,-1.399367550175133,0.5014632874128746,-0.4880089519645589,-0.6044259120495588,-2.109879476290291,1.2507730892320694,0.865237283259216,1.0099485378808692,0.6728816931687095,0.09054386267235598,-0.951330118796061,-0.19729718570237675,-0.7033556534374329
-0.011368133224853904,-0.010040844863917674,1.181302536760805,-0.7253750701753693,1.1102192330275356,0.6590527851336562,0.36525171225469805,0.7182181756335093,-2.352258025199529,-2.403396421159841,-2.143061935245201,0.09054386267235598,0.3508125558845378,0.40359163720225577,1.002357058179737
-0.2760658411829732,0.27002828041449883,0.6414635914646112,1.5964875681385076,0.43626758875376076,0.13260332797398333,0.36525171225469805,-0.1693733470307576,0.01852799155954619,-0.01405494983134393,0.04711644241006265,-1.0578300383626131,-0.951330118796061,0.8952279468515005,-0.2769274755331404
-0.3598158555337094,-0.7710405790439724,-1.3662574281969666,0.853975245261049,-0.5457762357594544,-0.6044259120495588,-2.109879476290291,1.2507730892320694,0.865237283259216,1.0099485378808692,0.6728816931687095,1.3756486598758153,-0.951330118796061,-1.2351960616285602,-0.7033556534374329
-0.3022802765691793,0.31550635217824696,0.3501904894247982,1.0668126537731546,0.08966388598439111,0.13260332797398333,0.36525171225469805,-0.1693733470307576,0.01852799155954619,-0.01405494983134393,0.04711644241006265,-0.7422883049259317,-0.951330118796061,1.3322379998730516,-0.2769274755331404
-0.1836344229056364,1.5600895827794918,-0.2760226871187866,0.5957889570943755,0.2629657373690759,0.34318311083785247,-0.9548182549692963,1.605809698297776,0.18786984989948016,0.3272795460727271,0.04711644241006265,-0.6911623949411695,-0.951330118796061,-0.36117595558545834,-1.5562120092460179
-0.32304755655045936,-0.7638398843480455,-1.4953389182277899,-1.2393290395938055,1.1872422780873955,0.6590527851336562,1.1902954417696945,-0.1693733470307576,0.695895424919282,0.6686140419767981,0.6728816931687095,0.6368254966275787,-0.951330118796061,1.0044804601068884,-0.1347847495650429
-0.3353036562115427,-0.07484709712725901,1.0752541750626197,-0.6358866143236886,1.687892070976487,0.6590527851336562,0.36525171225469805,0.7182181756335093,-2.352258025199529,-2.403396421159841,-2.143061935245201,-0.6911623949411695,0.3508125558845378,-0.36117595558545834,1.002357058179737
-0.34772997947902995,0.04036401800756994,0.9077841378107334,2.9630004750628203,1.3990556520020112,0.6590527851336562,0.36525171225469805,0.7182181756335093,-2.352258025199529,-2.403396421159841,-2.143061935245201,0.17523849530111527,0.3508125558845378,-1.5083273447670296,-0.5612129274693354
-0.05000889187854721,-0.7198777483097555,0.8420437506946641,-0.6207703211054993,-1.2774951638281247,-1.7626147178008391,-1.2848357467752949,-1.5895197832935846,-0.15081386678038777,-0.355389445735415,0.04711644241006265,0.18598061562043464,-0.951330118796061,-1.0713172917454785,-1.1297838313417254
-0.3347929853923309,0.5910276702802888,0.8070142013554441,1.2203941928699578,0.45552335001872535,1.185502242293329,1.1902954417696945,0.7182181756335093,0.695895424919282,0.6686140419767981,0.6728816931687095,0.18598061562043464,-0.951330118796061,0.8406016902238067,1.4287852360840296
-0.35777317225686217,1.6203480278664584,0.12897648606342454,0.4639748802317648,0.10891964724935571,-0.7097158034814933,-0.12977452545429982,-1.0569648696950245,-0.4894975834602557,0.3272795460727271,-1.204414059107231,0.06014195194826885,1.6529552305651367,1.2776117432453575,-0.8454983794055304
-0.31096168049577994,1.303896445177043,0.20335429630423368,-0.5645377103338352,-0.3917301456397342,-0.8150056949134279,-0.6248007631632977,-0.7019282606293177,-0.6588394418001896,-0.6967239416394859,-0.5786488083485842,0.09054386267235598,1.6529552305651367,0.40359163720225577,0.5759288802754445
-0.3237284509760751,-0.6861481784183088,0.004213707594970789,-0.6358866143236886,0.5132906338136208,1.185502242293329,1.1902954417696945,0.7182181756335093,0.01852799155954619,-0.01405494983134393,0.04711644241006265,-0.42515535659833387,0.3508125558845378,1.3868642565007454,1.286642510115932
-0.33649522145637023,1.3846200225576966,0.10834264193210337,0.4264864730506555,0.22445421483914502,-1.394100097789068,-0.37728764430879874,-1.9445563923592915,-0.9975231584800576,-1.379392933447628,-0.5786488083485842,-0.137333459688987,1.6529552305651367,0.5674704070853374,1.570927962052127
-0.3387081283396214,-0.7240465715547657,-1.5677973011075457,-1.1988173737690582,0.8598943365829905,0.6590527851336562,0.36525171225469805,0.7182181756335093,1.0345791415991499,0.6686140419767981,1.2986469439273562,0.18598061562043464,-0.951330118796061,-1.3990748315116417,0.718071606243542
-0.19078381437460168,-0.7517123985443793,-0.9886100949097625,0.055230311611926236,-1.1812163575033,1.5013719165891328,1.520312933575693,0.8957364801663626,0.01852799155954619,0.6686140419767981,-0.5786488083485842,-0.137333459688987,-0.951330118796061,0.6220966637130313,0.8602143322116396
-0.22363697041056116,0.11540283641775476,0.8924287189223087,-0.7042122596699042,1.5338459808567668,0.6590527851336562,0.36525171225469805,0.7182181756335093,-2.352258025199529,-2.403396421159841,-2.143061935245201,-0.4588176573406363,0.3508125558845378,1.7146217962669086,1.002357058179737
-0.3375165630947939,-0.6713678050950906,-1.4377560973961958,-0.057234909931402136,-0.9694029835886842,0.13260332797398333,0.36525171225469805,-0.1693733470307576,0.01852799155954619,-0.01405494983134393,0.04711644241006265,-0.6911623949411695,-0.951330118796061,-0.36117595558545834,-0.4190702015012379
-0.279300089704648,-0.7664927718675975,-1.510694337116215,-1.2072824979712442,1.2257538006173265,0.6590527851336562,1.1902954417696945,-0.1693733470307576,0.695895424919282,0.6686140419767981,0.6728816931687095,0.18598061562043464,-0.951330118796061,-0.033418415819295146,-0.1347847495650429
-0.22670099532583202,-0.7285943787311406,1.0339864867999775,-0.7725379050161197,-1.4507970152128093,-1.7626147178008391,-1.2848357467752949,-1.5895197832935846,-0.15081386678038777,-0.355389445735415,0.04711644241006265,-0.137333459688987,-0.951330118796061,0.5674704070853374,-1.1297838313417254
-0.3589647375016897,-0.6581033674973308,1.085811025548412,-0.7132820356008179,-1.1427048349733706,0.7643426765655907,1.3553041876726937,-0.1693733470307576,-2.352258025199529,-2.06206192525577,-2.4559445606245247,0.09054386267235598,0.3508125558845378,1.4414905131284392,-1.6983547352141153
-0.10720402363026946,-0.7312472662506926,-1.0562699093868855,0.06550939100029506,-1.662610389127425,1.5013719165891328,1.520312933575693,0.8957364801663626,0.01852799155954619,0.6686140419767981,-0.5786488083485842,3.211241919993147,-0.951330118796061,1.605369283011521,0.8602143322116396
0.09314916110716234,-0.7744514344262535,-0.8768034511284175,-0.04635117881430585,-1.9321910468369348,1.5013719165891328,1.520312933575693,0.8957364801663626,0.01852799155954619,0.6686140419767981,-0.5786488083485842,0.09054386267235598,-0.951330118796061,-0.5796809820962338,0.8602143322116396
-0.28576858674799754,0.6793309262882333,0.5699649222653819,1.0885801160073472,-0.06438220413532912,0.13260332797398333,0.36525171225469805,-0.1693733470307576,0.01852799155954619,-0.01405494983134393,0.04711644241006265,-0.025232052709835702,-0.951330118796061,1.0591067167345822,-0.2769274755331404
9.851898292638365,1.2614502448642115,0.13233548394526753,0.6895099750471494,-0.19917253299008475,0.34318311083785247,-0.9548182549692963,1.605809698297776,0.18786984989948016,0.3272795460727271,0.04711644241006265,-0.42515535659833387,0.3508125558845378,-0.6889334953516215,-1.840497461182213
-0.35828384307607397,-0.8123498275627103,-1.4415949521183022,0.31825381360842014,0.22445421483914502,-0.6044259120495588,-2.109879476290291,1.2507730892320694,0.865237283259216,1.0099485378808692,0.6728816931687095,-0.137333459688987,-0.951330118796061,0.6220966637130313,-0.7033556534374329
-0.005580530607120104,0.050217600223048664,1.1736248273165928,-0.6673285042175223,0.9369173816428507,0.6590527851336562,0.36525171225469805,0.7182181756335093,-2.352258025199529,-2.403396421159841,-2.143061935245201,0.06014195194826885,0.3508125558845378,-0.14267092907468287,1.002357058179737
0.032038886408149586,-0.7517123985443793,0.664496719797249,-0.516770223764357,-1.5663315828026005,-1.7626147178008391,-1.2848357467752949,-1.5895197832935846,-0.15081386678038777,-0.355389445735415,0.04711644241006265,3.211241919993147,-0.951330118796061,1.605369283011521,-1.1297838313417254
-0.20474215009972435,-0.7471645913680044,-0.906554575224741,0.021369814803182275,-1.007914506118615,1.5013719165891328,1.520312933575693,0.8957364801663626,0.01852799155954619,0.6686140419767981,-0.5786488083485842,-0.9653268619914951,-0.951330118796061,-1.1805698050008664,0.8602143322116396
-0.30142915853715957,-0.7926426631317527,-1.5116540507967413,-1.2205848360032507,1.0717077104976063,-1.4467450435050353,-1.2848357467752949,-1.0569648696950245,0.526553566579348,1.0099485378808692,0.04711644241006265,-0.137333459688987,1.6529552305651367,0.6220966637130313,0.14950070237115207
-0.17801704389430653,2.0152492843483394,1.6649982317461947,1.3268128971260102,-0.6805665646142101,0.13260332797398333,-0.4597920172602984,0.7182181756335093,0.695895424919282,0.3272795460727271,0.9857643185480329,-0.42515535659833387,1.6529552305651367,1.113732973362276,-1.4140692832779205
-0.23163747991154612,2.1081003475326585,1.5968585604288084,1.2270453618859611,-0.7961011322039994,0.13260332797398333,-0.4597920172602984,0.7182181756335093,0.695895424919282,0.3272795460727271,0.9857643185480329,-1.0578300383626131,1.6529552305651367,0.8952279468515005,-1.4140692832779205
-0.3594754083209015,0.047185728772132174,0.7580688036485891,2.7477444596358045,1.283521084412222,0.6590527851336562,0.36525171225469805,0.7182181756335093,-2.352258025199529,-2.403396421159841,-2.143061935245201,0.09054386267235598,0.3508125558845378,-0.19729718570237675,-0.5612129274693354
1.826536145118435,1.6040517188177816,-0.06728496160425819,0.4669981388754029,-0.17991677172512013,0.34318311083785247,-0.9548182549692963,1.605809698297776,0.18786984989948016,0.3272795460727271,0.04711644241006265,0.09054386267235598,-0.951330118796061,1.4414905131284392,-1.5562120092460179
-0.3601563027465173,-0.783547048779003,-1.3700962829190728,0.43071903515174853,0.0704081247194248,-0.6044259120495588,-2.109879476290291,1.2507730892320694,0.865237283259216,1.0099485378808692,0.6728816931687095,1.4620975080076348,-0.951330118796061,-0.8528122652347031,-0.7033556534374329
-0.31317458737903114,-0.6975176963592459,0.7004859828169953,-0.5772353966371142,-1.7781449567172163,0.13260332797398333,0.36525171225469805,-0.1693733470307576,0.18786984989948016,0.3272795460727271,0.04711644241006265,-0.42515535659833387,0.3508125558845378,1.113732973362276,-1.2719265573098228
0.48125898370813475,-0.7539863021325667,-1.0697059009142575,0.07578847038866368,-1.6433546278624607,1.5013719165891328,1.520312933575693,0.8957364801663626,0.01852799155954619,0.6686140419767981,-0.5786488083485842,0.6368254966275787,-0.951330118796061,1.0044804601068884,0.8602143322116396
-0.19691186420514334,-0.7623239486225872,0.9130625630536295,-0.6860727078080769,1.1487307555574664,-1.9731945006647083,-1.2848357467752949,-1.9445563923592915,1.3732628582790178,1.0099485378808692,1.6115295693066798,0.18598061562043464,0.3508125558845378,-1.0713172917454785,0.29164342833924956
0.37367766446084766,1.5684272292695123,-0.12678720979690544,0.34123057930006806,-0.6420550420842791,0.34318311083785247,-0.9548182549692963,1.605809698297776,0.18786984989948016,0.3272795460727271,0.04711644241006265,0.06014195194826885,-0.951330118796061,0.7859754335961129,-1.5562120092460179
-0.34466595456375915,0.2510790838462704,0.3276372179324239,1.0891847677360746,0.41701182748879617,1.185502242293329,1.1902954417696945,0.7182181756335093,0.695895424919282,0.6686140419767981,0.6728816931687095,-0.137333459688987,-0.951330118796061,0.3489653805745619,1.4287852360840296
-0.35385802930957166,0.05324947167396542,1.3396552940476885,3.080907562164697,1.687892070976487,0.6590527851336562,0.36525171225469805,0.7182181756335093,-2.352258025199529,-2.403396421159841,-2.143061935245201,1.4620975080076348,0.3508125558845378,-0.8528122652347031,-0.5612129274693354
-0.2580221389041561,2.0432940952693173,1.9601101885081142,1.4519758049726177,-1.1234490737084044,0.13260332797398333,-0.4597920172602984,0.7182181756335093,0.695895424919282,0.3272795460727271,0.9857643185480329,-0.137333459688987,1.6529552305651367,0.18508661069148033,-1.4140692832779205
-0.25734124447854034,-0.7657348040048684,1.0291879183973442,-0.4786771648545198,-1.1234490737084044,-1.7626147178008391,-1.2848357467752949,-1.5895197832935846,-0.15081386678038777,-0.355389445735415,0.04711644241006265,2.5912862398265606,-0.951330118796061,-1.1259435483731726,-1.1297838313417254
-0.3473895322662221,1.5525099041522004,-0.03561441014688165,-0.6171424107331339,0.6095694401384456,0.5537628937017216,0.36525171225469805,0.5406998711006559,0.18786984989948016,0.3272795460727271,0.04711644241006265,-0.86759260538846,-0.951330118796061,-0.5250547254685399,0.43378615430734707
-0.3194728608159767,-0.8244773133663766,-1.5476433138164876,-1.1982127220403307,1.167986516822431,-1.4467450435050353,-1.2848357467752949,-1.0569648696950245,0.526553566579348,1.0099485378808692,0.04711644241006265,-1.0578300383626131,1.6529552305651367,0.6767229203407251,0.14950070237115207
-0.34909176833026145,1.084085764985593,-0.16661532753875788,-0.6201656693767716,-0.06438220413532912,-0.8150056949134279,-0.6248007631632977,-0.7019282606293177,-0.6588394418001896,-0.6967239416394859,-0.5786488083485842,1.3756486598758153,1.6529552305651367,-1.2351960616285602,0.5759288802754445
-0.3320694076898679,1.735180159069923,0.2686148265800402,-0.7616541738990235,-0.31470710057987406,0.5537628937017216,0.36525171225469805,0.5406998711006559,0.18786984989948016,0.3272795460727271,0.04711644241006265,1.4620975080076348,-0.951330118796061,-0.8528122652347031,0.43378615430734707
-0.3347929853923309,0.2916303645022793,0.4005754576524431,1.3491850110889303,0.33998878242893604,1.185502242293329,1.1902954417696945,0.7182181756335093,0.695895424919282,0.6686140419767981,0.6728816931687095,0.6368254966275787,-0.951330118796061,-1.6175798580224172,1.4287852360840296
-0.09784172527805302,-0.678947483722382,-0.06776481844452173,-0.8287705157877842,0.590313678873481,1.185502242293329,1.1902954417696945,0.7182181756335093,0.01852799155954619,-0.01405494983134393,0.04711644241006265,0.18598061562043464,0.3508125558845378,-0.033418415819295146,1.286642510115932
-0.3576029486504582,-0.8119708436313458,-1.4631885099301498,0.6078819916689271,-0.6613108033492454,-0.6044259120495588,-2.109879476290291,1.2507730892320694,0.865237283259216,1.0099485378808692,0.6728816931687095,-1.0578300383626131,-0.951330118796061,1.1683592299899699,-0.7033556534374329
-0.30840832639972093,-0.6709888211637262,-0.12342821191506244,-0.5337004721687288,0.24370997610411133,-0.39384612918568956,-0.4597920172602984,-0.1693733470307576,0.865237283259216,0.6686140419767981,0.9857643185480329,-0.42515535659833387,0.3508125558845378,1.3868642565007454,1.1444997841478346
-0.33632499784996633,-0.7505754467502855,-1.4977382024291062,-1.1063056592737395,1.7071478322414517,0.6590527851336562,1.1902954417696945,-0.1693733470307576,0.695895424919282,0.6686140419767981,0.6728816931687095,-0.4588176573406363,-0.951330118796061,-0.9620647784900909,-0.1347847495650429
-0.2770871828213968,0.3192961914918927,0.6433830188256643,0.9857893221236597,0.41701182748879617,0.13260332797398333,0.36525171225469805,-0.1693733470307576,0.01852799155954619,-0.01405494983134393,0.04711644241006265,-0.86759260538846,-0.951330118796061,-0.4158022122131522,-0.2769274755331404
-0.28866238805686445,1.3914417333222584,0.12177863345947537,-0.52100278586545,-1.25823940256316,-0.8150056949134279,-0.6248007631632977,-0.7019282606293177,-0.6588394418001896,-0.6967239416394859,-0.5786488083485842,-0.6479357671858119,1.6529552305651367,-1.726832371277805,0.5759288802754445
-0.3330907493282915,1.4687544553206309,0.01764969912234278,0.6895099750471494,-0.6613108033492454,-1.394100097789068,-0.37728764430879874,-1.9445563923592915,-0.9975231584800576,-1.379392933447628,-0.5786488083485842,-0.025232052709835702,1.6529552305651367,-0.4704284688408461,1.570927962052127
-0.31674928311351375,-0.8593438350519169,0.9260186977407386,-0.7023983044837216,0.20519845357418043,-1.9731945006647083,-1.2848357467752949,-1.9445563923592915,1.3732628582790178,1.0099485378808692,1.6115295693066798,1.3756486598758153,0.3508125558845378,-1.2351960616285602,0.29164342833924956
-0.2517238654672105,2.140313981698647,1.6947493558425184,1.182905785688848,-0.7768453709390347,0.13260332797398333,-0.4597920172602984,0.7182181756335093,0.695895424919282,0.3272795460727271,0.9857643185480329,-0.86759260538846,1.6529552305651367,0.5128441504576435,-1.4140692832779205
-0.3198133080287846,-0.02065239494212565,0.8847510094780963,-0.6836541008931668,1.0139404267027108,0.6590527851336562,0.36525171225469805,0.7182181756335093,-2.352258025199529,-2.403396421159841,-2.143061935245201,-0.42515535659833387,0.3508125558845378,1.3868642565007454,1.002357058179737
-0.318791966390361,0.3189172075605282,0.5646864970224859,1.3830455078976744,0.7443597689932012,0.13260332797398333,0.36525171225469805,-0.1693733470307576,0.01852799155954619,-0.01405494983134393,0.04711644241006265,-1.0578300383626131,-0.951330118796061,-1.289822318256254,-0.2769274755331404
-0.32934582998740497,-0.711540101819735,-1.475184930936732,-1.2381197361363503,1.3990556520020112,0.6590527851336562,1.1902954417696945,-0.1693733470307576,0.695895424919282,0.6686140419767981,0.6728816931687095,-1.0578300383626131,-0.951330118796061,0.45821789382994965,-0.1347847495650429
-0.35794339586326607,-0.7930216470631173,1.319981163596894,-0.6782122353346186,-1.3352624476230202,0.7643426765655907,1.3553041876726937,-0.1693733470307576,-2.352258025199529,-2.06206192525577,-2.4559445606245247,0.18598061562043464,0.3508125558845378,-0.033418415819295146,-1.6983547352141153
-0.35777317225686217,1.7192628339526108,0.06995409471104083,-0.6969564389251732,-1.0464260286485443,-0.8150056949134279,-0.6248007631632977,-0.7019282606293177,-0.6588394418001896,-0.6967239416394859,-0.5786488083485842,3.211241919993147,1.6529552305651367,1.5507430263838269,0.5759288802754445
-0.32781381752976957,0.22113935326846948,0.45863813532430014,0.9676497702618326,1.0139404267027108,0.13260332797398333,0.36525171225469805,-0.1693733470307576,0.01852799155954619,-0.01405494983134393,0.04711644241006265,0.09054386267235598,-0.951330118796061,0.731349176968419,-0.2769274755331404
-0.3460277434149906,-0.6520396245954977,-1.5438044590943814,-0.07476981006450167,-0.9501472223237195,0.13260332797398333,0.36525171225469805,-0.1693733470307576,0.01852799155954619,-0.01405494983134393,0.04711644241006265,-0.137333459688987,-0.951330118796061,0.6220966637130313,-0.4190702015012379
-0.04217860598396619,1.3364890632743958,-0.12198864139427254,0.6048587330252895,-0.25693981678498024,-1.394100097789068,-0.37728764430879874,-1.9445563923592915,-0.9975231584800576,-1.379392933447628,-0.5786488083485842,-0.9653268619914951,1.6529552305651367,-1.1805698050008664,1.570927962052127
0.8857102725238849,1.4300980943214443,0.08530951359946592,0.6749983335576876,1.4375671745319423,1.185502242293329,0.36525171225469805,1.605809698297776,0.3572117082394141,-0.01405494983134393,0.6728816931687095,-0.137333459688987,-0.951330118796061,0.3489653805745619,0.007357976403054584
-0.22823300778346742,-0.7240465715547657,0.6937679870533093,-0.5046771891898054,-1.25823940256316,-1.7626147178008391,-1.2848357467752949,-1.5895197832935846,-0.15081386678038777,-0.355389445735415,0.04711644241006265,-0.9653268619914951,-0.951330118796061,-1.1805698050008664,-1.1297838313417254
4.005228083482402,1.4930094269279632,0.16304632172211772,0.6465797023074917,-0.12214948793022463,0.34318311083785247,-0.9548182549692963,1.605809698297776,0.18786984989948016,0.3272795460727271,0.04711644241006265,1.3756486598758153,0.3508125558845378,-1.672206114650111,-1.840497461182213
0.11391644108844244,2.4863263110344986,1.6491629560175065,1.4888595604249997,-1.25823940256316,0.13260332797398333,-0.4597920172602984,0.7182181756335093,0.695895424919282,0.3272795460727271,0.9857643185480329,-0.025232052709835702,1.6529552305651367,1.0591067167345822,-1.4140692832779205
-0.3312182896578483,0.26964929648313435,0.5133418151143144,1.4773711775791758,0.20519845357418043,0.13260332797398333,0.36525171225469805,-0.1693733470307576,0.01852799155954619,-0.01405494983134393,0.04711644241006265,-0.6479357671858119,-0.951330118796061,-0.25192344233007063,-0.2769274755331404
3.9733962690848665,-0.6925909052515066,-0.21460101156508624,-0.5203981341367223,0.2629657373690759,1.185502242293329,1.1902954417696945,0.7182181756335093,0.01852799155954619,-0.01405494983134393,0.04711644241006265,0.17523849530111527,0.3508125558845378,-1.5083273447670296,1.286642510115932
-0.05392403482583772,0.9961614929090132,-0.061526679521098915,0.6864867164035113,-0.12214948793022463,-1.394100097789068,-0.37728764430879874,-1.9445563923592915,-0.9975231584800576,-1.379392933447628,-0.5786488083485842,-0.025232052709835702,1.6529552305651367,-1.5629536013947234,1.570927962052127
1.0283576546903828,1.3690816813717488,-0.24435213566141,0.3889980658695462,0.012640840924530994,0.34318311083785247,-0.9548182549692963,1.605809698297776,0.18786984989948016,0.3272795460727271,0.04711644241006265,-0.137333459688987,-0.951330118796061,0.18508661069148033,-1.5562120092460179
-0.30994033885735633,-0.7259414912115886,1.0906095939510445,-0.4756539062108821,-1.0656817899135105,0.13260332797398333,0.36525171225469805,-0.1693733470307576,0.18786984989948016,0.3272795460727271,0.04711644241006265,-0.6911623949411695,0.3508125558845378,-1.4537010881393357,-1.2719265573098228
0.012633395278100968,-0.6243737976058841,-1.5442843159346447,0.009276780228630878,-0.7768453709390347,0.13260332797398333,0.36525171225469805,-0.1693733470307576,0.01852799155954619,-0.01405494983134393,0.04711644241006265,3.211241919993147,-0.951330118796061,1.605369283011521,-0.4190702015012379
1.4467672792312556,-0.7028234713983499,-0.0788015257705771,-0.6213749728342267,1.4760786970618713,1.185502242293329,1.1902954417696945,0.7182181756335093,0.01852799155954619,-0.01405494983134393,0.04711644241006265,-1.0578300383626131,0.3508125558845378,0.6767229203407251,1.286642510115932
-0.3448361781701631,-0.7426167841916297,0.966326672322854,-0.6878866629942598,-1.6818661503923897,0.7643426765655907,1.3553041876726937,-0.1693733470307576,-2.352258025199529,-2.06206192525577,-2.4559445606245247,-0.9653268619914951,0.3508125558845378,-0.088044672446989,-1.6983547352141153
-0.31913241360316885,0.1805880726124606,1.0368656278415564,3.155279724798188,1.6493805484465562,0.6590527851336562,0.36525171225469805,0.7182181756335093,-2.352258025199529,-2.403396421159841,-2.143061935245201,0.06014195194826885,0.3508125558845378,-0.14267092907468287,-0.5612129274693354
-0.24865984055193965,-0.6895590338005899,-1.5826728631557074,0.059462873713019254,-0.8731241772638595,0.13260332797398333,0.36525171225469805,-0.1693733470307576,0.01852799155954619,-0.01405494983134393,0.04711644241006265,0.5612481508128057,-0.951330118796061,-0.30654969895776446,-0.4190702015012379
-0.25785191529775214,-0.6819793551732986,-0.0931972309784758,-0.6824447974357116,0.32073302116397145,1.185502242293329,1.1902954417696945,0.7182181756335093,0.01852799155954619,-0.01405494983134393,0.04711644241006265,-0.025232052709835702,0.3508125558845378,1.0591067167345822,1.286642510115932
-0.33445253817952303,-0.6387751869977377,0.04164254113550695,-0.571793531078566,0.5518021563435501,-0.39384612918568956,-0.4597920172602984,-0.1693733470307576,0.865237283259216,0.6686140419767981,0.9857643185480329,0.5612481508128057,0.3508125558845378,1.2229854866176637,1.1444997841478346
-0.3336014201475033,-0.7399638966720777,-1.5015770571512126,-1.258677894913088,1.0331961879676754,0.6590527851336562,1.1902954417696945,-0.1693733470307576,0.695895424919282,0.6686140419767981,0.6728816931687095,2.5912862398265606,-0.951330118796061,-1.1259435483731726,-0.1347847495650429
0.7309770143027078,1.6317175458073954,-0.21748015260666603,0.8981148214581616,-0.5457762357594544,0.34318311083785247,-0.9548182549692963,1.605809698297776,0.18786984989948016,0.3272795460727271,0.04711644241006265,-0.42515535659833387,-0.951330118796061,1.113732973362276,-1.5562120092460179
1.944671327962766,1.4770921018106513,-0.12774692347743216,-0.5246306962378153,-0.8923799385288258,0.5537628937017216,0.36525171225469805,0.5406998711006559,0.18786984989948016,0.3272795460727271,0.04711644241006265,-0.4588176573406363,-0.951330118796061,-0.9620647784900909,0.43378615430734707
-0.3262818050721341,1.4986941858984315,0.20143486894318025,-0.6860727078080769,-0.06438220413532912,-0.8150056949134279,-0.6248007631632977,-0.7019282606293177,-0.6588394418001896,-0.6967239416394859,-0.5786488083485842,2.5912862398265606,1.6529552305651367,-1.1259435483731726,0.5759288802754445
-0.2517238654672105,-0.6463548656250291,1.1333168527344768,-0.643747086797147,-1.3930297314179156,0.13260332797398333,0.36525171225469805,-0.1693733470307576,0.18786984989948016,0.3272795460727271,0.04711644241006265,-0.9653268619914951,0.3508125558845378,-1.1805698050008664,-1.2719265573098228
-0.35726250143765037,-0.7418588163289004,-0.1733333233024439,-0.5639330586051075,-0.5072647132295252,1.185502242293329,1.1902954417696945,0.7182181756335093,0.01852799155954619,-0.01405494983134393,0.04711644241006265,-0.6911623949411695,0.3508125558845378,-0.36117595558545834,1.286642510115932
1.4413201238263296,1.6404341762287806,0.09970521880736428,-0.5748167897222037,-0.565031997024419,0.5537628937017216,0.36525171225469805,0.5406998711006559,0.18786984989948016,0.3272795460727271,0.04711644241006265,-0.137333459688987,-0.951330118796061,0.3489653805745619,0.43378615430734707
-0.35590071258641887,-0.7437537359857233,1.03734548468182,-0.66793315594625,-1.6818661503923897,0.7643426765655907,1.3553041876726937,-0.1693733470307576,-2.352258025199529,-2.06206192525577,-2.4559445606245247,3.211241919993147,0.3508125558845378,0.29433912394686806,-1.6983547352141153
-0.22108361631450213,1.4911145072711405,-0.12726706663716864,0.7276030339569862,0.7636155302581658,1.185502242293329,0.36525171225469805,1.605809698297776,0.3572117082394141,-0.01405494983134393,0.6728816931687095,0.18598061562043464,-0.951330118796061,-1.0713172917454785,0.007357976403054584
-0.33887835194602534,-0.7301103144565988,0.07859151783577993,-0.5881191277542105,0.24370997610411133,-0.39384612918568956,-0.4597920172602984,-0.1693733470307576,0.865237283259216,0.6686140419767981,0.9857643185480329,0.18598061562043464,0.3508125558845378,0.8406016902238067,1.1444997841478346
-0.3492619919366654,1.494146378722057,0.1879988774158086,-0.5802586552807519,-0.7961011322039994,-0.8150056949134279,-0.6248007631632977,-0.7019282606293177,-0.6588394418001896,-0.6967239416394859,-0.5786488083485842,-0.137333459688987,1.6529552305651367,0.5674704070853374,0.5759288802754445
-0.20712528058937946,1.6476348709247073,-0.1632563296569149,0.3146259032360546,0.49403487254865625,1.185502242293329,0.36525171225469805,1.605809698297776,0.3572117082394141,-0.01405494983134393,0.6728816931687095,-0.025232052709835702,-0.951330118796061,1.0591067167345822,0.007357976403054584
-0.05937119023076365,-0.7664927718675975,-0.98093238546555,-0.16425826591618237,-1.0464260286485443,1.5013719165891328,1.520312933575693,0.8957364801663626,0.01852799155954619,0.6686140419767981,-0.5786488083485842,-0.86759260538846,-0.951330118796061,-0.4158022122131522,0.8602143322116396
-0.12660951476031806,0.5796581523393518,0.4941475415037832,0.9446730045701848,-0.4880089519645589,0.13260332797398333,0.36525171225469805,-0.1693733470307576,0.01852799155954619,-0.01405494983134393,0.04711644241006265,-0.025232052709835702,-0.951330118796061,-1.5629536013947234,-0.2769274755331404
-0.3453468489893749,1.2716828110110547,0.0814706588773594,0.5879284846209174,0.3785003049588652,-1.394100097789068,-0.37728764430879874,-1.9445563923592915,-0.9975231584800576,-1.379392933447628,-0.5786488083485842,3.211241919993147,1.6529552305651367,0.29433912394686806,1.570927962052127
-0.33547387981794663,-0.7926426631317527,-1.493899347707,-1.252631377625812,0.1281754085143203,-1.4467450435050353,-1.2848357467752949,-1.0569648696950245,0.526553566579348,1.0099485378808692,0.04711644241006265,-0.9653268619914951,1.6529552305651367,-0.088044672446989,0.14950070237115207
3.239221854664694,-0.7896107916808361,1.2158522292597616,-0.6243982314778647,0.20519845357418043,-1.9731945006647083,-1.2848357467752949,-1.9445563923592915,1.3732628582790178,1.0099485378808692,1.6115295693066798,-0.9653268619914951,0.3508125558845378,-0.088044672446989,0.29164342833924956
1.2108373607554013,2.1804862784232917,1.9260403528494208,1.1804871787739377,-1.6818661503923897,0.13260332797398333,-0.4597920172602984,0.7182181756335093,0.695895424919282,0.3272795460727271,0.9857643185480329,0.5612481508128057,1.6529552305651367,1.2229854866176637,-1.4140692832779205
0.767064418860342,-0.7517123985443793,-1.5721160126699154,-0.12858381392125562,-1.1619605962383353,0.13260332797398333,0.36525171225469805,-0.1693733470307576,0.01852799155954619,-0.01405494983134393,0.04711644241006265,-0.025232052709835702,-0.951330118796061,-1.5629536013947234,-0.4190702015012379
-0.3353036562115427,0.52394751442876,0.5498109349743243,1.1121615334277224,0.3785003049588652,1.185502242293329,1.1902954417696945,0.7182181756335093,0.695895424919282,0.6686140419767981,0.6728816931687095,0.06014195194826885,-0.951330118796061,-0.7981860086070093,1.4287852360840296
-0.3598158555337094,0.03013145186072673,0.8967474304846784,2.663093217613944,1.1487307555574664,0.6590527851336562,0.36525171225469805,0.7182181756335093,-2.352258025199529,-2.403396421159841,-2.143061935245201,-0.137333459688987,0.3508125558845378,0.6220966637130313,-0.5612129274693354
-0.3589647375016897,-0.747543575299369,1.1736248273165928,-0.48835159251416094,-1.4893085377427404,0.7643426765655907,1.3553041876726937,-0.1693733470307576,-2.352258025199529,-2.06206192525577,-2.4559445606245247,0.09054386267235598,0.3508125558845378,-0.5796809820962338,-1.6983547352141153
-0.3242391217952869,-0.7289733626625051,-1.5740354400309682,-1.1613289665879487,0.6288252014034101,-1.4467450435050353,-1.2848357467752949,-1.0569648696950245,0.526553566579348,1.0099485378808692,0.04711644241006265,0.09054386267235598,1.6529552305651367,0.731349176968419,0.14950070237115207
-0.33785701030760174,-0.6160361511158636,-0.013540995494770575,-0.6727703697760705,-0.10289372666526003,1.185502242293329,1.1902954417696945,0.7182181756335093,0.01852799155954619,-0.01405494983134393,0.04711644241006265,-0.137333459688987,0.3508125558845378,-0.7435597519793155,1.286642510115932
-0.17733614946869078,0.05779727885034015,1.0766937455834096,-0.7277936770902795,0.8791500978479568,0.6590527851336562,0.36525171225469805,0.7182181756335093,-2.352258025199529,-2.403396421159841,-2.143061935245201,-0.33209355124864004,0.3508125558845378,0.07583409743609258,1.002357058179737
-0.3596456319273054,-0.8657865618851146,-1.407525116459609,0.4845330390085025,-0.19917253299008475,-0.6044259120495588,-2.109879476290291,1.2507730892320694,0.865237283259216,1.0099485378808692,0.6728816931687095,-0.42515535659833387,-0.951330118796061,-0.6889334953516215,-0.7033556534374329
-0.22942457302829497,-0.6535555603209559,1.1779435388789625,-0.7277936770902795,-1.7011219116573562,-1.7626147178008391,-1.2848357467752949,-1.5895197832935846,-0.15081386678038777,-0.355389445735415,0.04711644241006265,0.18598061562043464,-0.951330118796061,-0.033418415819295146,-1.1297838313417254
-0.35675183061843857,1.5293918843389616,-0.070164102645838,0.4434167214550276,-0.14140524919518924,-1.394100097789068,-0.37728764430879874,-1.9445563923592915,-0.9975231584800576,-1.379392933447628,-0.5786488083485842,0.18598061562043464,1.6529552305651367,0.8406016902238067,1.570927962052127
-0.08303227152091065,-0.7301103144565988,-1.0222000737281922,-0.16123500727254447,-1.0271702673835796,1.5013719165891328,1.520312933575693,0.8957364801663626,0.01852799155954619,0.6686140419767981,-0.5786488083485842,-0.86759260538846,-0.951330118796061,0.5128441504576435,0.8602143322116396
-0.16065423604110513,-0.8047701489354189,-1.0898598882053152,-0.09956053094233214,-1.5085642990077048,1.5013719165891328,1.520312933575693,0.8957364801663626,0.01852799155954619,0.6686140419767981,-0.5786488083485842,0.06014195194826885,-0.951330118796061,-0.14267092907468287,0.8602143322116396
0.7059541441613293,1.8401587080579083,-0.3163306617009025,0.6568587816958606,-0.14140524919518924,-1.394100097789068,-0.37728764430879874,-1.9445563923592915,-0.9975231584800576,-1.379392933447628,-0.5786488083485842,-0.6911623949411695,1.6529552305651367,-1.4537010881393357,1.570927962052127
-0.2956415559194258,-0.6653040621932576,-1.5250900423241134,-1.287701177892011,0.6480809626683764,0.6590527851336562,1.1902954417696945,-0.1693733470307576,0.695895424919282,0.6686140419767981,0.6728816931687095,0.5612481508128057,-0.951330118796061,1.2229854866176637,-0.1347847495650429
-0.345006401776567,-0.6220998940176966,-1.4996576297901594,0.13443968807523832,-0.930891461058755,0.13260332797398333,0.36525171225469805,-0.1693733470307576,0.01852799155954619,-0.01405494983134393,0.04711644241006265,0.06014195194826885,-0.951330118796061,-0.14267092907468287,-0.4190702015012379
-0.3586242902888818,-0.7664927718675975,0.06275624210709131,-0.6280261418502302,0.5132906338136208,-0.39384612918568956,-0.4597920172602984,-0.1693733470307576,0.865237283259216,0.6686140419767981,0.9857643185480329,-0.47533616364388437,0.3508125558845378,1.6599955396392148,1.1444997841478346
-0.35879451389528577,-0.7483015431620982,-0.26834497767457416,-0.6183517141905891,0.45552335001872535,-0.39384612918568956,-0.4597920172602984,-0.1693733470307576,0.865237283259216,0.6686140419767981,0.9857643185480329,-0.7422883049259317,0.3508125558845378,1.3322379998730516,1.1444997841478346
-0.35351758209676376,-0.7649768361421393,1.045503050966296,-0.6328633556800507,0.35924454369390063,-1.9731945006647083,-1.2848357467752949,-1.9445563923592915,1.3732628582790178,1.0099485378808692,1.6115295693066798,3.211241919993147,0.3508125558845378,-0.6343072387239277,0.29164342833924956
-0.3594754083209015,-0.8718503047869477,-1.3787337060438118,0.6907192785046044,-0.10289372666526003,-0.6044259120495588,-2.109879476290291,1.2507730892320694,0.865237283259216,1.0099485378808692,0.6728816931687095,-0.137333459688987,-0.951330118796061,-1.0166910351177847,-0.7033556534374329
-0.031114071567710393,-0.813486779356804,-1.0279583558113519,-0.1424908036819898,-1.4700527764777758,1.5013719165891328,1.520312933575693,0.8957364801663626,0.01852799155954619,0.6686140419767981,-0.5786488083485842,-0.4588176573406363,-0.951330118796061,0.9498542034791945,0.8602143322116396
-0.3516451224263205,-0.7710405790439724,-1.5337274654488524,-1.2000266772265133,0.49403487254865625,0.6590527851336562,1.1902954417696945,-0.1693733470307576,0.695895424919282,0.6686140419767981,0.6728816931687095,-0.9653268619914951,-0.951330118796061,-1.1805698050008664,-0.1347847495650429
-0.34279349489331584,-0.036948703990802106,0.8156516244801829,2.912209729849704,1.9959842512159258,0.6590527851336562,0.36525171225469805,0.7182181756335093,-2.352258025199529,-2.403396421159841,-2.143061935245201,-0.42515535659833387,0.3508125558845378,-0.6889334953516215,-0.5612129274693354
-0.32066442606080425,1.5669112935440543,0.06275624210709131,-0.5427702480996426,-0.29545133931490947,-0.8150056949134279,-0.6248007631632977,-0.7019282606293177,-0.6588394418001896,-0.6967239416394859,-0.5786488083485842,0.18598061562043464,1.6529552305651367,-1.3990748315116417,0.5759288802754445
-0.3552198181608031,-0.7418588163289004,-0.24579170618219992,-0.5723981828072935,0.22445421483914502,1.185502242293329,1.1902954417696945,0.7182181756335093,0.01852799155954619,-0.01405494983134393,0.04711644241006265,-0.7422883049259317,0.3508125558845378,1.3322379998730516,1.286642510115932
-0.33343119654109943,-0.04831822193173907,0.9485719692331129,-0.6383052212385989,1.4760786970618713,0.6590527851336562,0.36525171225469805,0.7182181756335093,-2.352258025199529,-2.403396421159841,-2.143061935245201,-0.137333459688987,0.3508125558845378,0.3489653805745619,1.002357058179737
-0.3336014201475033,-0.832056991993668,-1.4876612087835772,-1.181887125364686,1.456822935796907,-1.4467450435050353,-1.2848357467752949,-1.0569648696950245,0.526553566579348,1.0099485378808692,0.04711644241006265,-0.9653268619914951,1.6529552305651367,0.23971286731917418,0.14950070237115207
1.8733476368795172,0.04680674484076768,1.0536606172507719,-0.7894681534204918,1.2450095618822912,0.6590527851336562,0.36525171225469805,0.7182181756335093,-2.352258025199529,-2.403396421159841,-2.143061935245201,-0.47533616364388437,0.3508125558845378,1.6599955396392148,1.002357058179737
-0.3296862772002128,0.18020908868109609,0.5191000971974741,1.1907662581623066,-0.025870681605399917,1.185502242293329,1.1902954417696945,0.7182181756335093,0.695895424919282,0.6686140419767981,0.6728816931687095,-0.6911623949411695,-0.951330118796061,1.496116769756133,1.4287852360840296
0.0648920424441091,1.2102874141299944,-0.05912739531978264,-0.7066308665848144,-0.7768453709390347,0.5537628937017216,0.36525171225469805,0.5406998711006559,0.18786984989948016,0.3272795460727271,0.04711644241006265,-0.4588176573406363,-0.951330118796061,0.9498542034791945,0.43378615430734707
0.16753687710568205,0.10933909351592151,1.1414744190189527,3.146209948867275,0.8984058591129215,0.6590527851336562,0.36525171225469805,0.7182181756335093,-2.352258025199529,-2.403396421159841,-2.143061935245201,-1.0578300383626131,0.3508125558845378,1.1683592299899699,-0.5612129274693354
-0.3347929853923309,-0.7206357161724846,0.003733850754707601,-0.5173748754930845,1.0139404267027108,1.185502242293329,1.1902954417696945,0.7182181756335093,0.01852799155954619,-0.01405494983134393,0.04711644241006265,-0.42515535659833387,0.3508125558845378,1.113732973362276,1.286642510115932
-0.3463681906277985,-0.10857666701870568,1.0786131729444624,2.9164422919507973,1.6301247871815916,0.6590527851336562,0.36525171225469805,0.7182181756335093,-2.352258025199529,-2.403396421159841,-2.143061935245201,-0.4588176573406363,0.3508125558845378,1.7146217962669086,-0.5612129274693354
-0.32798404113617347,-0.7225306358293074,-1.5356468928099056,-1.1945848116679652,1.3797998907370468,0.6590527851336562,0.36525171225469805,0.7182181756335093,1.0345791415991499,0.6686140419767981,1.2986469439273562,-0.025232052709835702,-0.951330118796061,-1.5629536013947234,0.718071606243542
-0.28151299658789913,-0.7596710611030353,1.1529909831852712,-0.5476074619294631,-1.7781449567172163,-1.7626147178008391,-1.2848357467752949,-1.5895197832935846,-0.15081386678038777,-0.355389445735415,0.04711644241006265,-0.4588176573406363,-0.951330118796061,0.9498542034791945,-1.1297838313417254
-0.3022802765691793,-0.17262495141931775,0.978323093329436,-0.5826772621956623,0.917661620377886,0.6590527851336562,0.36525171225469805,0.7182181756335093,-2.352258025199529,-2.403396421159841,-2.143061935245201,0.09054386267235598,0.3508125558845378,0.731349176968419,1.002357058179737
-0.2377655297420878,1.4554900177228705,-0.018819420737666664,0.5274633117481602,-0.04512644287036452,1.185502242293329,0.36525171225469805,1.605809698297776,0.3572117082394141,-0.01405494983134393,0.6728816931687095,-0.137333459688987,-0.951330118796061,0.5674704070853374,0.007357976403054584
-0.34092103522287254,-0.7714195629753369,-1.5553210232607004,-1.1849103840083242,0.956173142907817,-1.4467450435050353,-1.2848357467752949,-1.0569648696950245,0.526553566579348,1.0099485378808692,0.04711644241006265,0.09054386267235598,1.6529552305651367,1.4414905131284392,0.14950070237115207
-0.3453468489893749,1.2512176787173679,0.01956912648339587,-0.5766307449083865,-1.4893085377427404,-0.8150056949134279,-0.6248007631632977,-0.7019282606293177,-0.6588394418001896,-0.6967239416394859,-0.5786488083485842,-0.42515535659833387,1.6529552305651367,-0.6889334953516215,0.5759288802754445
-0.15401551539135164,2.483294439583582,1.5781441436585404,1.253650037949974,-0.8346126547339302,0.13260332797398333,-0.4597920172602984,0.7182181756335093,0.695895424919282,0.3272795460727271,0.9857643185480329,0.18598061562043464,1.6529552305651367,0.8406016902238067,-1.4140692832779205
-0.22210495795292576,1.5744909721713454,0.14001319338948026,0.5631377637430867,-0.565031997024419,-0.7097158034814933,-0.12977452545429982,-1.0569648696950245,-0.4894975834602557,0.3272795460727271,-1.204414059107231,0.06014195194826885,1.6529552305651367,-0.14267092907468287,-0.8454983794055304
0.186091250203711,1.4289611425273512,-0.08120080997189372,-0.6389098729673265,-0.6805665646142101,0.5537628937017216,0.36525171225469805,0.5406998711006559,0.18786984989948016,0.3272795460727271,0.04711644241006265,0.06014195194826885,-0.951330118796061,0.7859754335961129,0.43378615430734707
-0.3330907493282915,0.4864281052236678,0.5781224885498578,1.3207663798387346,0.2629657373690759,1.185502242293329,1.1902954417696945,0.7182181756335093,0.695895424919282,0.6686140419767981,0.6728816931687095,-0.137333459688987,-0.951330118796061,-1.0166910351177847,1.4287852360840296
-0.23691441171006813,-0.6410490905859251,-1.5250900423241134,0.03950936666500948,-1.2197278800332307,0.13260332797398333,0.36525171225469805,-0.1693733470307576,0.01852799155954619,-0.01405494983134393,0.04711644241006265,-1.0578300383626131,-0.951330118796061,0.8952279468515005,-0.4190702015012379
-0.3589647375016897,-0.8153816990136269,-1.4286388174311935,0.6205796779722061,-0.6998223258791746,-0.6044259120495588,-2.109879476290291,1.2507730892320694,0.865237283259216,1.0099485378808692,0.6728816931687095,-1.0578300383626131,-0.951330118796061,0.6767229203407251,-0.7033556534374329
1.9576083220494653,-0.6509026728014039,-0.05240939955609664,-0.6195610176480442,0.8406385753180259,1.185502242293329,1.1902954417696945,0.7182181756335093,0.01852799155954619,-0.01405494983134393,0.04711644241006265,0.6368254966275787,0.3508125558845378,-1.6175798580224172,1.286642510115932
-0.260915940213023,-0.6778105319282883,-1.5164526191993744,0.08969546014939786,-1.0656817899135105,0.13260332797398333,0.36525171225469805,-0.1693733470307576,0.01852799155954619,-0.01405494983134393,0.04711644241006265,0.06014195194826885,-0.951330118796061,-0.7981860086070093,-0.4190702015012379
-0.3324098549026758,-0.060824691666770056,1.2345666460300295,3.0168144789195743,0.9946846654377461,0.6590527851336562,0.36525171225469805,0.7182181756335093,-2.352258025199529,-2.403396421159841,-2.143061935245201,-0.9653268619914951,0.3508125558845378,-0.088044672446989,-0.5612129274693354
-0.3591349611080936,-0.7100241660942767,0.7465522394822702,-0.4756539062108821,-1.8936795243070055,0.7643426765655907,1.3553041876726937,-0.1693733470307576,-2.352258025199529,-2.06206192525577,-2.4559445606245247,0.06014195194826885,0.3508125558845378,0.021207840808398718,-1.6983547352141153
-0.3347929853923309,0.496660671370511,0.5032648214687858,1.2228127997848681,0.35924454369390063,1.185502242293329,1.1902954417696945,0.7182181756335093,0.695895424919282,0.6686140419767981,0.6728816931687095,0.5612481508128057,-0.951330118796061,-0.30654969895776446,1.4287852360840296
-0.30704653754848943,-0.8093179561117938,-1.5202914739214806,0.03950936666500948,-1.0849375511784751,0.13260332797398333,0.36525171225469805,-0.1693733470307576,0.01852799155954619,-0.01405494983134393,0.04711644241006265,0.09054386267235598,-0.951330118796061,-0.19729718570237675,-0.4190702015012379
-0.18261308126721276,-0.6743996765460072,-1.0274784989710883,0.0588582219842918,-1.3545182088879848,1.5013719165891328,1.520312933575693,0.8957364801663626,0.01852799155954619,0.6686140419767981,-0.5786488083485842,-0.42515535659833387,-0.951330118796061,-0.6889334953516215,0.8602143322116396
0.5644983272396591,-0.818792554395908,0.9884000869749654,-0.6860727078080769,0.9369173816428507,-1.9731945006647083,-1.2848357467752949,-1.9445563923592915,1.3732628582790178,1.0099485378808692,1.6115295693066798,-0.42515535659833387,0.3508125558845378,1.3868642565007454,0.29164342833924956
0.15545100105100265,1.6518036941697176,-0.18341031694797286,0.44099811454011734,0.41701182748879617,-1.394100097789068,-0.37728764430879874,-1.9445563923592915,-0.9975231584800576,-1.379392933447628,-0.5786488083485842,0.09054386267235598,1.6529552305651367,-0.19729718570237675,1.570927962052127
-0.34755975587262605,0.36136340787335985,0.4015351713329695,1.3044407831630904,-0.25693981678498024,1.185502242293329,1.1902954417696945,0.7182181756335093,0.695895424919282,0.6686140419767981,0.6728816931687095,0.06014195194826885,-0.951330118796061,0.021207840808398718,1.4287852360840296
0.024208600513568566,1.5077898002511814,0.04356196849656004,-0.6733750215047981,-0.8538684159988948,0.5537628937017216,0.36525171225469805,0.5406998711006559,0.18786984989948016,0.3272795460727271,0.04711644241006265,-1.0578300383626131,-0.951330118796061,-1.289822318256254,0.43378615430734707
-0.2890028352696723,2.3703572280369403,2.0757556870115654,1.2899291416736285,-1.1234490737084044,0.13260332797398333,-0.4597920172602984,0.7182181756335093,0.695895424919282,0.3272795460727271,0.9857643185480329,-1.0578300383626131,1.6529552305651367,-1.289822318256254,-1.4140692832779205
-0.22125383992090608,-0.6986546481533397,0.9221798430186318,-0.5965842519563965,-1.3160066863580555,-1.7626147178008391,-1.2848357467752949,-1.5895197832935846,-0.15081386678038777,-0.355389445735415,0.04711644241006265,-1.0578300383626131,-0.951330118796061,0.45821789382994965,-1.1297838313417254
-0.2750444995445496,0.05135455201714241,0.9169014177757356,-0.5173748754930845,1.3220326069421513,0.6590527851336562,0.36525171225469805,0.7182181756335093,-2.352258025199529,-2.403396421159841,-2.143061935245201,-0.137333459688987,0.3508125558845378,0.6220966637130313,1.002357058179737
-0.05749873056032036,-0.6948648088396939,-1.410884114341452,0.10057919126649414,-1.1041933124434398,0.13260332797398333,0.36525171225469805,-0.1693733470307576,0.01852799155954619,-0.01405494983134393,0.04711644241006265,0.6368254966275787,-0.951330118796061,1.0044804601068884,-0.4190702015012379
-0.3237284509760751,-0.7899897756122009,1.103565728638153,-0.6129098486320409,1.1294749942925018,-1.9731945006647083,-1.2848357467752949,-1.9445563923592915,1.3732628582790178,1.0099485378808692,1.6115295693066798,0.06014195194826885,0.3508125558845378,1.2776117432453575,0.29164342833924956
1.4089776386095818,0.9252914977438387,0.16832474696501382,-0.7271890253615518,-1.3545182088879848,-0.8150056949134279,-0.6248007631632977,-0.7019282606293177,-0.6588394418001896,-0.6967239416394859,-0.5786488083485842,-0.137333459688987,1.6529552305651367,-1.0166910351177847,0.5759288802754445
0.9662260383529463,-0.7983274221022213,-0.1560584770529657,-0.4690027371948786,-0.3917301456397342,1.185502242293329,1.1902954417696945,0.7182181756335093,0.01852799155954619,-0.01405494983134393,0.04711644241006265,0.18598061562043464,0.3508125558845378,0.8406016902238067,1.286642510115932
-0.3550495945543992,0.03998503407620545,0.6788924250051473,2.9370004507275342,1.7071478322414517,0.6590527851336562,0.36525171225469805,0.7182181756335093,-2.352258025199529,-2.403396421159841,-2.143061935245201,0.06014195194826885,0.3508125558845378,-0.7981860086070093,-0.5612129274693354
1.9308832158440474,1.3345941436175732,-0.28274068288247256,0.4023004039015527,0.20519845357418043,-1.394100097789068,-0.37728764430879874,-1.9445563923592915,-0.9975231584800576,-1.379392933447628,-0.5786488083485842,-0.6911623949411695,1.6529552305651367,1.496116769756133,1.570927962052127
-0.30704653754848943,-0.7392059288093485,-1.4276791037506669,0.10239314645267693,-1.2004721187682645,0.13260332797398333,0.36525171225469805,-0.1693733470307576,0.01852799155954619,-0.01405494983134393,0.04711644241006265,-0.42515535659833387,-0.951330118796061,1.3868642565007454,-0.4190702015012379
-0.31181279852779964,-0.6406701066545606,-1.5797937221141276,0.05704426679810902,-0.29545133931490947,0.13260332797398333,0.36525171225469805,-0.1693733470307576,0.01852799155954619,-0.01405494983134393,0.04711644241006265,-1.0578300383626131,-0.951330118796061,0.45821789382994965,-0.4190702015012379
0.6644195841987691,1.7821741665591293,-0.030335984903985563,0.4452306766412104,-0.06438220413532912,0.34318311083785247,-0.9548182549692963,1.605809698297776,0.18786984989948016,0.3272795460727271,0.04711644241006265,-0.4588176573406363,-0.951330118796061,0.9498542034791945,-1.5562120092460179
-0.3262818050721341,0.31815923969779897,0.21631043099134215,1.1847197408750307,0.3977560662238316,1.185502242293329,1.1902954417696945,0.7182181756335093,0.695895424919282,0.6686140419767981,0.6728816931687095,-0.137333459688987,-0.951330118796061,-0.7435597519793155,1.4287852360840296
4.13442780074299,1.4922514590652338,-0.13686420344243444,0.7415100237177206,-0.29545133931490947,0.34318311083785247,-0.9548182549692963,1.605809698297776,0.18786984989948016,0.3272795460727271,0.04711644241006265,-0.025232052709835702,1.6529552305651367,-0.4704284688408461,-0.9876411053736279
-0.32798404113617347,0.22720309617030246,0.6304268841385559,1.0486731019113271,0.6480809626683764,0.13260332797398333,0.36525171225469805,-0.1693733470307576,0.01852799155954619,-0.01405494983134393,0.04711644241006265,0.18598061562043464,-0.951330118796061,0.8406016902238067,-0.2769274755331404
-0.3601563027465173,-0.8085599882490646,-1.347063154586435,0.7257890787708039,-0.44949742943462967,-0.6044259120495588,-2.109879476290291,1.2507730892320694,0.865237283259216,1.0099485378808692,0.6728816931687095,-0.025232052709835702,-0.951330118796061,1.0591067167345822,-0.7033556534374329
0.6313962045564057,-0.6418070584486543,-1.4507122320833044,-0.13523498293725889,-1.4507970152128093,0.13260332797398333,0.36525171225469805,-0.1693733470307576,0.01852799155954619,-0.01405494983134393,0.04711644241006265,1.3756486598758153,-0.951330118796061,-1.2351960616285602,-0.4190702015012379
-0.14635545310317458,-0.7888528238181071,-1.4747050740964687,-1.2435616016948985,0.8791500978479568,0.6590527851336562,1.1902954417696945,-0.1693733470307576,0.695895424919282,0.6686140419767981,0.6728816931687095,0.09054386267235598,-0.951330118796061,0.40359163720225577,-0.1347847495650429
-0.35777317225686217,-0.8131077954254395,-1.4257596763896137,0.9035566870167099,-0.4302416681696651,-0.6044259120495588,-2.109879476290291,1.2507730892320694,0.865237283259216,1.0099485378808692,0.6728816931687095,0.09054386267235598,-0.951330118796061,0.731349176968419,-0.7033556534374329
-0.027709599439631687,1.5657743417499606,0.010931703358656784,-0.7356541495637379,-0.9501472223237195,-0.8150056949134279,-0.6248007631632977,-0.7019282606293177,-0.6588394418001896,-0.6967239416394859,-0.5786488083485842,0.17523849530111527,1.6529552305651367,-1.5083273447670296,0.5759288802754445
-0.3301969480194246,-0.7899897756122009,0.7897393551059659,-0.6709564145898876,0.47477911128369166,-1.9731945006647083,-1.2848357467752949,-1.9445563923592915,1.3732628582790178,1.0099485378808692,1.6115295693066798,0.6368254966275787,0.3508125558845378,-1.6175798580224172,0.29164342833924956
-0.03860391024948354,1.789374861255056,0.1568081827986949,0.4887656011095955,-0.8346126547339302,-1.394100097789068,-0.37728764430879874,-1.9445563923592915,-0.9975231584800576,-1.379392933447628,-0.5786488083485842,-0.86759260538846,1.6529552305651367,-0.5250547254685399,1.570927962052127
-0.35011310996868505,0.4174530297153162,0.23118599303950405,1.0099753912727625,0.32073302116397145,1.185502242293329,1.1902954417696945,0.7182181756335093,0.695895424919282,0.6686140419767981,0.6728816931687095,3.211241919993147,-0.951330118796061,1.5507430263838269,1.4287852360840296
-0.2752147231509536,1.70258754097257,0.029646120128924865,-0.6340726591375059,-0.7383338484091055,0.5537628937017216,0.36525171225469805,0.5406998711006559,0.18786984989948016,0.3272795460727271,0.04711644241006265,0.5612481508128057,-0.951330118796061,1.2229854866176637,0.43378615430734707
0.5859465016465549,1.6370233208464993,-0.11862964351242954,0.5891377880783722,0.33998878242893604,1.185502242293329,0.36525171225469805,1.605809698297776,0.3572117082394141,-0.01405494983134393,0.6728816931687095,0.18598061562043464,-0.951330118796061,-1.3990748315116417,0.007357976403054584
-0.31283414016622324,2.506412459396821,2.007616015694179,1.562022419601036,-0.9694029835886842,0.13260332797398333,-0.4597920172602984,0.7182181756335093,0.695895424919282,0.3272795460727271,0.9857643185480329,3.211241919993147,1.6529552305651367,-0.6343072387239277,-1.4140692832779205
-0.3342823145731191,-0.6808424033792049,0.8823517252767793,-0.5542586309454663,-1.1234490737084044,0.13260332797398333,0.36525171225469805,-0.1693733470307576,0.18786984989948016,0.3272795460727271,0.04711644241006265,-1.0578300383626131,0.3508125558845378,0.45821789382994965,-1.2719265573098228
-0.11367252067361899,-0.7710405790439724,0.7724645088564878,-0.6516075592706053,0.8791500978479568,-1.9731945006647083,-1.2848357467752949,-1.9445563923592915,1.3732628582790178,1.0099485378808692,1.6115295693066798,-0.6479357671858119,0.3508125558845378,-1.726832371277805,0.29164342833924956
-0.3262818050721341,0.32535993439372596,0.5378145139677422,1.4888595604249997,1.0331961879676754,1.185502242293329,1.1902954417696945,0.7182181756335093,0.695895424919282,0.6686140419767981,0.6728816931687095,-0.7422883049259317,-0.951330118796061,1.3322379998730516,1.4287852360840296
0.26558567439434877,2.4332685606434588,1.7125040589322602,1.3618826973922094,-0.14140524919518924,0.13260332797398333,-0.4597920172602984,0.7182181756335093,0.695895424919282,0.3272795460727271,0.9857643185480329,-0.137333459688987,1.6529552305651367,0.6220966637130313,-1.4140692832779205
-0.2598945985745994,1.8917005227234898,-0.28322053972273575,0.30313752039023084,-0.5842877582893853,-1.394100097789068,-0.37728764430879874,-1.9445563923592915,-0.9975231584800576,-1.379392933447628,-0.5786488083485842,3.211241919993147,1.6529552305651367,1.605369283011521,1.570927962052127
-0.34330416571252764,0.3352135166092047,0.33531492737663665,1.0728591710604298,0.8984058591129215,1.185502242293329,1.1902954417696945,0.7182181756335093,0.695895424919282,0.6686140419767981,0.6728816931687095,2.5912862398265606,-0.951330118796061,-1.1259435483731726,1.4287852360840296
-0.20457192649332043,-0.6759156122714655,-1.4526316594443576,-0.13100242083616587,-1.1812163575033,0.13260332797398333,0.36525171225469805,-0.1693733470307576,0.01852799155954619,-0.01405494983134393,0.04711644241006265,1.4620975080076348,-0.951330118796061,-0.8528122652347031,-0.4190702015012379
-0.3594754083209015,-0.8176556026018142,0.8578790264233523,-0.5584911930465594,-1.007914506118615,0.7643426765655907,1.3553041876726937,-0.1693733470307576,-2.352258025199529,-2.06206192525577,-2.4559445606245247,-0.42515535659833387,0.3508125558845378,-0.907438521862397,-1.6983547352141153
-0.3601563027465173,-0.6671989818500804,-1.5500425980178039,-1.2320732188490746,1.283521084412222,0.6590527851336562,0.36525171225469805,0.7182181756335093,1.0345791415991499,0.6686140419767981,1.2986469439273562,-0.6911623949411695,-0.951330118796061,-1.4537010881393357,0.718071606243542
-0.1659311678396271,1.2565234537564718,-0.05048997219504355,-0.6286307935789577,0.0511523634544602,0.5537628937017216,0.36525171225469805,0.5406998711006559,0.18786984989948016,0.3272795460727271,0.04711644241006265,-0.6911623949411695,-0.951330118796061,-1.4537010881393357,0.43378615430734707
-0.337176115881986,-0.7634609004166809,-1.5399656043722754,-1.2199801842745233,0.9369173816428507,0.6590527851336562,1.1902954417696945,-0.1693733470307576,0.695895424919282,0.6686140419767981,0.6728816931687095,-0.86759260538846,-0.951330118796061,0.13046035406378645,-0.1347847495650429
-0.32934582998740497,-0.7028234713983499,-1.4444740931598818,-0.03788605461211981,-0.7190780871441392,0.13260332797398333,0.36525171225469805,-0.1693733470307576,0.01852799155954619,-0.01405494983134393,0.04711644241006265,3.211241919993147,-0.951330118796061,1.5507430263838269,-0.4190702015012379
-0.35096422800070476,0.18096705654382508,0.732636391114635,1.027510291405862,0.7636155302581658,1.185502242293329,1.1902954417696945,0.7182181756335093,0.695895424919282,0.6686140419767981,0.6728816931687095,-0.42515535659833387,-0.951330118796061,-0.907438521862397,1.4287852360840296
-0.3429637184997198,0.36970105436338063,0.8305271865283448,1.2397430481892402,0.7828712915231304,0.13260332797398333,0.36525171225469805,-0.1693733470307576,0.01852799155954619,-0.01405494983134393,0.04711644241006265,-0.16075850691255444,-0.951330118796061,-1.3444485748839479,-0.2769274755331404
-0.26363951791548595,1.6472558869933427,-0.054328826917149735,-0.6370959177811437,-0.3917301456397342,-0.8150056949134279,-0.6248007631632977,-0.7019282606293177,-0.6588394418001896,-0.6967239416394859,-0.5786488083485842,-0.33209355124864004,1.6529552305651367,0.07583409743609258,0.5759288802754445
3.727593381437584,1.5039999609375354,-0.11047207722795398,0.7947193758457471,-0.46875319069959426,0.34318311083785247,-0.9548182549692963,1.605809698297776,0.18786984989948016,0.3272795460727271,0.04711644241006265,-1.0578300383626131,-0.951330118796061,0.6767229203407251,-1.5562120092460179
-0.3536878057031677,0.2798818626299776,0.5651663538627494,1.3564408318336616,0.031896602189495596,1.185502242293329,1.1902954417696945,0.7182181756335093,0.695895424919282,0.6686140419767981,0.6728816931687095,0.18598061562043464,-0.951330118796061,-1.3990748315116417,1.4287852360840296
-0.35828384307607397,-0.8892835656297178,-1.2957184726782638,0.6743936818289601,0.16668693104425122,-0.6044259120495588,-2.109879476290291,1.2507730892320694,0.865237283259216,1.0099485378808692,0.6728816931687095,-0.4588176573406363,-0.951330118796061,1.7146217962669086,-0.7033556534374329
-0.32781381752976957,0.33104469336419445,0.4831108341777278,1.245184913747788,0.5132906338136208,1.185502242293329,1.1902954417696945,0.7182181756335093,0.695895424919282,0.6686140419767981,0.6728816931687095,-0.16075850691255444,-0.951330118796061,-1.3444485748839479,1.4287852360840296
-0.29019440051449985,1.5146115110157434,-0.10375408146426798,-0.5917470381265758,-1.0464260286485443,0.5537628937017216,0.36525171225469805,0.5406998711006559,0.18786984989948016,0.3272795460727271,0.04711644241006265,1.3756486598758153,-0.951330118796061,-1.672206114650111,0.43378615430734707
-0.334622761785927,-0.670230853300997,1.0800527434652523,-0.5161655720356293,-0.8923799385288258,0.7643426765655907,1.3553041876726937,-0.1693733470307576,-2.352258025199529,-2.06206192525577,-2.4559445606245247,0.5612481508128057,0.3508125558845378,1.2229854866176637,-1.6983547352141153
-0.23708463531647206,-0.6857691944869443,0.8770733000338833,-0.46295621990760305,-1.4122854926828803,-1.7626147178008391,-1.2848357467752949,-1.5895197832935846,-0.15081386678038777,-0.355389445735415,0.04711644241006265,-0.16075850691255444,-0.951330118796061,-1.3444485748839479,-1.1297838313417254
0.10200078864016698,-0.7994643738963151,0.9884000869749654,-0.6528168627280607,0.41701182748879617,-1.9731945006647083,-1.2848357467752949,-1.9445563923592915,1.3732628582790178,1.0099485378808692,1.6115295693066798,-0.47533616364388437,0.3508125558845378,1.6599955396392148,0.29164342833924956
-0.3380272339140057,0.007392415978852533,0.8386847528128207,-0.5264446514239981,1.2257538006173265,0.6590527851336562,0.36525171225469805,0.7182181756335093,-2.352258025199529,-2.403396421159841,-2.143061935245201,3.211241919993147,0.3508125558845378,1.605369283011521,1.002357058179737
-0.35828384307607397,-0.6808424033792049,0.8511610306596663,-0.6231889280204096,-1.585587344067565,0.7643426765655907,1.3553041876726937,-0.1693733470307576,-2.352258025199529,-2.06206192525577,-2.4559445606245247,-0.86759260538846,0.3508125558845378,-0.5250547254685399,-1.6983547352141153
-0.35147489881991656,-0.14116928511605858,1.0872505960692018,2.891046919344239,1.3990556520020112,0.6590527851336562,0.36525171225469805,0.7182181756335093,-2.352258025199529,-2.403396421159841,-2.143061935245201,-0.6911623949411695,0.3508125558845378,1.496116769756133,-0.5612129274693354
-0.23214815073075792,1.622621931454646,0.07187352207209392,-0.6346773108662335,-0.6613108033492454,0.5537628937017216,0.36525171225469805,0.5406998711006559,0.18786984989948016,0.3272795460727271,0.04711644241006265,-0.42515535659833387,-0.951330118796061,-0.907438521862397,0.43378615430734707
0.9098820246332437,2.178212374835104,1.577184429978014,0.9658358150756499,-0.9116356997937903,0.13260332797398333,-0.4597920172602984,0.7182181756335093,0.695895424919282,0.3272795460727271,0.9857643185480329,0.5612481508128057,1.6529552305651367,-0.30654969895776446,-1.4140692832779205
-0.34075081161646864,-0.6683359336441741,0.8727545884715142,-0.6098865899884031,-1.2004721187682645,0.13260332797398333,0.36525171225469805,-0.1693733470307576,0.18786984989948016,0.3272795460727271,0.04711644241006265,1.4620975080076348,0.3508125558845378,-0.8528122652347031,-1.2719265573098228
-0.33394186736031123,-0.8275091848172931,-1.4871813519433141,-1.1891429461094172,0.7251040077282366,0.6590527851336562,1.1902954417696945,-0.1693733470307576,0.695895424919282,0.6686140419767981,0.6728816931687095,-0.47533616364388437,-0.951330118796061,1.6599955396392148,-0.1347847495650429
-0.33036717162582857,0.40456757604892074,0.47063455633088225,0.942859049384002,0.5518021563435501,0.13260332797398333,0.36525171225469805,-0.1693733470307576,0.01852799155954619,-0.01405494983134393,0.04711644241006265,0.18598061562043464,-0.951330118796061,-1.3990748315116417,-0.2769274755331404
2.010207416428281,1.8621397760770533,0.10354407352947047,-0.71025877695718,-0.16066101046015382,-0.8150056949134279,-0.6248007631632977,-0.7019282606293177,-0.6588394418001896,-0.6967239416394859,-0.5786488083485842,0.09054386267235598,1.6529552305651367,-0.19729718570237675,0.5759288802754445
-0.35385802930957166,-0.7971904703081275,-1.5538814527399105,-1.234491825763985,0.3977560662238316,0.6590527851336562,0.36525171225469805,0.7182181756335093,1.0345791415991499,0.6686140419767981,1.2986469439273562,0.06014195194826885,-0.951330118796061,1.2776117432453575,0.718071606243542
-0.2730018162677024,0.4367812102149092,0.4624769900464067,1.182905785688848,0.5325463950785855,0.13260332797398333,0.36525171225469805,-0.1693733470307576,0.01852799155954619,-0.01405494983134393,0.04711644241006265,-0.42515535659833387,-0.951330118796061,1.113732973362276,-0.2769274755331404
-0.08269182430810278,2.2991082489404016,1.8521423994488755,1.2953710072321765,-0.7190780871441392,0.13260332797398333,-0.4597920172602984,0.7182181756335093,0.695895424919282,0.3272795460727271,0.9857643185480329,-1.0578300383626131,1.6529552305651367,0.45821789382994965,-1.4140692832779205
-0.08371316594652639,-0.7589130932403061,-1.5548411664204371,-1.2580732431843602,0.2629657373690759,-1.4467450435050353,-1.2848357467752949,-1.0569648696950245,0.526553566579348,1.0099485378808692,0.04711644241006265,-0.025232052709835702,1.6529552305651367,-0.4704284688408461,0.14950070237115207
0.19290019445986842,1.9212612693699263,1.4735353524811448,1.276626803641622,-1.5278200602726695,0.13260332797398333,-0.4597920172602984,0.7182181756335093,0.695895424919282,0.3272795460727271,0.9857643185480329,0.18598061562043464,1.6529552305651367,-0.033418415819295146,-1.4140692832779205
-0.3233880037632672,-0.7005495678101624,0.021488553844448966,-0.8342123813463324,0.8406385753180259,1.185502242293329,1.1902954417696945,0.7182181756335093,0.01852799155954619,-0.01405494983134393,0.04711644241006265,-0.6479357671858119,0.3508125558845378,-0.25192344233007063,1.286642510115932
-0.34807042669183785,-0.7240465715547657,1.090129737110781,-0.6491889523556952,-0.12214948793022463,-1.9731945006647083,-1.2848357467752949,-1.9445563923592915,1.3732628582790178,1.0099485378808692,1.6115295693066798,0.5612481508128057,0.3508125558845378,1.2229854866176637,0.29164342833924956
-0.10516134035342223,2.418867171251605,1.5128836133827337,1.0776963848902508,-0.4109859069047005,0.13260332797398333,-0.4597920172602984,0.7182181756335093,0.695895424919282,0.3272795460727271,0.9857643185480329,-0.137333459688987,1.6529552305651367,-0.7435597519793155,-1.4140692832779205
-0.33836768112681354,-0.705476358917902,-0.11910950035269306,-0.640723828153509,0.9754289041727815,1.185502242293329,1.1902954417696945,0.7182181756335093,0.01852799155954619,-0.01405494983134393,0.04711644241006265,-0.86759260538846,0.3508125558845378,0.13046035406378645,1.286642510115932
-0.35675183061843857,-0.6641671103991639,0.032045404330241486,-0.5875144760254828,1.0524519492326416,-0.39384612918568956,-0.4597920172602984,-0.1693733470307576,0.865237283259216,0.6686140419767981,0.9857643185480329,-0.9653268619914951,0.3508125558845378,0.23971286731917418,1.1444997841478346
-0.3463681906277985,-0.7717985469067015,0.5925181937577565,-0.539142337727277,-1.8551680017770764,0.13260332797398333,0.36525171225469805,-0.1693733470307576,0.18786984989948016,0.3272795460727271,0.04711644241006265,-0.16075850691255444,0.3508125558845378,-1.3444485748839479,-1.2719265573098228
6.758765140672459,1.276609602118794,0.2575781192539845,0.6115099020412927,0.3977560662238316,0.34318311083785247,-0.9548182549692963,1.605809698297776,0.18786984989948016,0.3272795460727271,0.04711644241006265,-0.137333459688987,0.3508125558845378,0.3489653805745619,-1.840497461182213
-0.21001908189824636,-0.7585341093089415,-1.1224901533432186,0.007462825042448093,-0.9694029835886842,1.5013719165891328,1.520312933575693,0.8957364801663626,0.01852799155954619,0.6686140419767981,-0.5786488083485842,-0.6911623949411695,-0.951330118796061,-0.36117595558545834,0.8602143322116396
-0.17291033570218847,-0.86540757795375,-1.5577203074620167,-1.1746313046199552,0.956173142907817,-1.4467450435050353,-1.2848357467752949,-1.0569648696950245,0.526553566579348,1.0099485378808692,0.04711644241006265,3.211241919993147,1.6529552305651367,0.29433912394686806,0.14950070237115207
-0.3584540666824779,-0.6346063637527275,0.19951544158212717,-0.6703517628611603,0.47477911128369166,1.185502242293329,1.1902954417696945,0.7182181756335093,0.01852799155954619,-0.01405494983134393,0.04711644241006265,0.09054386267235598,0.3508125558845378,1.4414905131284392,1.286642510115932
-0.35351758209676376,-0.036948703990802106,1.2024162377323895,3.3463496710761014,1.9189612061560675,0.6590527851336562,0.36525171225469805,0.7182181756335093,-2.352258025199529,-2.403396421159841,-2.143061935245201,-0.4588176573406363,0.3508125558845378,0.9498542034791945,-0.5612129274693354
-0.3591349611080936,-0.7213936840352138,0.5181403835169474,-0.4454213197745035,-1.0656817899135105,0.7643426765655907,1.3553041876726937,-0.1693733470307576,-2.352258025199529,-2.06206192525577,-2.4559445606245247,-1.0578300383626131,0.3508125558845378,0.8952279468515005,-1.6983547352141153
-0.30704653754848943,-0.7179828286529326,1.1203607180473683,-0.635281962594961,-1.7396334341872852,0.13260332797398333,0.36525171225469805,-0.1693733470307576,0.18786984989948016,0.3272795460727271,0.04711644241006265,-0.86759260538846,0.3508125558845378,-0.4158022122131522,-1.2719265573098228
-0.3589647375016897,-0.028232073569416868,0.8751538726728305,2.911605078120976,1.3797998907370468,0.6590527851336562,0.36525171225469805,0.7182181756335093,-2.352258025199529,-2.403396421159841,-2.143061935245201,-0.6911623949411695,0.3508125558845378,-1.4537010881393357,-0.5612129274693354
-0.32100487327361216,-0.7619449646912226,0.7239989679898959,-0.6836541008931668,-1.4893085377427404,-1.7626147178008391,-1.2848357467752949,-1.5895197832935846,-0.15081386678038777,-0.355389445735415,0.04711644241006265,0.6368254966275787,-0.951330118796061,-1.6175798580224172,-1.1297838313417254
-0.34994288636228116,-0.6630301586050701,-0.10231451094347807,-0.4998399753599849,0.43626758875376076,1.185502242293329,1.1902954417696945,0.7182181756335093,0.01852799155954619,-0.01405494983134393,0.04711644241006265,-0.137333459688987,0.3508125558845378,-1.0166910351177847,1.286642510115932
-0.31760040114553345,-0.7202567322411201,-1.5773944379128115,-1.2236080946468886,0.9754289041727815,0.6590527851336562,1.1902954417696945,-0.1693733470307576,0.695895424919282,0.6686140419767981,0.6728816931687095,-0.025232052709835702,-0.951330118796061,1.0591067167345822,-0.1347847495650429
-0.28134277298149524,0.4648260211358874,0.8098933423970239,0.9071845973890754,0.2629657373690759,0.13260332797398333,0.36525171225469805,-0.1693733470307576,0.01852799155954619,-0.01405494983134393,0.04711644241006265,-0.42515535659833387,-0.951330118796061,-0.6889334953516215,-0.2769274755331404
-0.34415528374454735,0.43412832269535717,0.6232290315346067,1.270580286354346,1.4760786970618713,0.13260332797398333,0.36525171225469805,-0.1693733470307576,0.01852799155954619,-0.01405494983134393,0.04711644241006265,0.18598061562043464,-0.951330118796061,-0.033418415819295146,-0.2769274755331404
-0.33138851326425217,2.1225017369245123,1.794079721777018,1.285091927843808,-1.3930297314179156,0.13260332797398333,-0.4597920172602984,0.7182181756335093,0.695895424919282,0.3272795460727271,0.9857643185480329,-0.137333459688987,1.6529552305651367,0.3489653805745619,-1.4140692832779205
-0.35300691127755196,0.07598850755583962,0.9317769798238976,2.9708609475362784,0.8021270527880967,0.6590527851336562,0.36525171225469805,0.7182181756335093,-2.352258025199529,-2.403396421159841,-2.143061935245201,-0.86759260538846,0.3508125558845378,0.5128441504576435,-0.5612129274693354
1.503111292950958,1.6624152442479256,-0.1546189065321758,0.5873238328921895,-0.19917253299008475,-1.394100097789068,-0.37728764430879874,-1.9445563923592915,-0.9975231584800576,-1.379392933447628,-0.5786488083485842,-0.86759260538846,1.6529552305651367,0.13046035406378645,1.570927962052127
-0.19606074617312366,0.14610053485828467,0.9447331145110067,3.241744922006231,2.1307745800706814,0.6590527851336562,0.36525171225469805,0.7182181756335093,-2.352258025199529,-2.403396421159841,-2.143061935245201,-0.33209355124864004,0.3508125558845378,0.07583409743609258,-0.5612129274693354
-0.23010546745391072,-0.7801361933967219,1.0488620488481386,-0.6878866629942598,0.590313678873481,-1.9731945006647083,-1.2848357467752949,-1.9445563923592915,1.3732628582790178,1.0099485378808692,1.6115295693066798,0.09054386267235598,0.3508125558845378,-0.5796809820962338,0.29164342833924956
-0.3601563027465173,-0.7278364108684114,-1.529408753886483,-1.3112825953123866,1.4760786970618713,0.6590527851336562,0.36525171225469805,0.7182181756335093,1.0345791415991499,0.6686140419767981,1.2986469439273562,3.211241919993147,-0.951330118796061,1.605369283011521,0.718071606243542
1.3822525324041641,1.4998311376925253,0.09010808200209848,0.7445332823613583,0.9369173816428507,-1.394100097789068,-0.37728764430879874,-1.9445563923592915,-0.9975231584800576,-1.379392933447628,-0.5786488083485842,-0.4588176573406363,1.6529552305651367,-0.9620647784900909,1.570927962052127
-0.29989714607952417,-0.6831163069673923,0.9116229925328396,-0.652212210999333,-0.8538684159988948,0.13260332797398333,0.36525171225469805,-0.1693733470307576,0.18786984989948016,0.3272795460727271,0.04711644241006265,3.211241919993147,0.3508125558845378,0.29433912394686806,-1.2719265573098228
-0.3119830221342036,-0.6944858249083293,1.004715219543917,-0.6098865899884031,-1.3930297314179156,0.13260332797398333,0.36525171225469805,-0.1693733470307576,0.18786984989948016,0.3272795460727271,0.04711644241006265,0.18598061562043464,0.3508125558845378,0.8406016902238067,-1.2719265573098228
-0.34024014079725684,0.3977458652843585,0.4202495881032376,1.2996035693332695,0.7443597689932012,0.13260332797398333,0.36525171225469805,-0.1693733470307576,0.01852799155954619,-0.01405494983134393,0.04711644241006265,-0.137333459688987,-0.951330118796061,-1.0166910351177847,-0.2769274755331404
-0.3221964385184397,-0.7244255554861303,0.9121028493731032,-0.6497936040844228,-1.2774951638281247,0.13260332797398333,0.36525171225469805,-0.1693733470307576,0.18786984989948016,0.3272795460727271,0.04711644241006265,-1.0578300383626131,0.3508125558845378,0.8952279468515005,-1.2719265573098228
0.6402478320894103,-0.7050973749865372,-0.9295877035573786,-0.005839512989558424,-2.028469853161761,1.5013719165891328,1.520312933575693,0.8957364801663626,0.01852799155954619,0.6686140419767981,-0.5786488083485842,0.18598061562043464,-0.951330118796061,-1.0713172917454785,0.8602143322116396
-0.29700334477065726,1.740864918040391,-0.1479009107684898,0.5988122157380137,-0.37247438437476954,-1.394100097789068,-0.37728764430879874,-1.9445563923592915,-0.9975231584800576,-1.379392933447628,-0.5786488083485842,-0.137333459688987,1.6529552305651367,-1.0166910351177847,1.570927962052127
0.8200039604519659,-0.8043911650040544,-1.0442734883803033,0.014718645787179017,-0.8731241772638595,1.5013719165891328,1.520312933575693,0.8957364801663626,0.01852799155954619,0.6686140419767981,-0.5786488083485842,0.09054386267235598,-0.951330118796061,0.40359163720225577,0.8602143322116396
-0.2968331211642533,-0.7384479609466194,1.0239094931544481,-0.6727703697760705,-1.1619605962383353,-1.7626147178008391,-1.2848357467752949,-1.5895197832935846,-0.15081386678038777,-0.355389445735415,0.04711644241006265,0.06014195194826885,-0.951330118796061,-0.7981860086070093,-1.1297838313417254
-0.3494322155430693,-0.6599982871541535,0.9375352619070572,-0.4563050508915998,-1.8936795243070055,0.7643426765655907,1.3553041876726937,-0.1693733470307576,-2.352258025199529,-2.06206192525577,-2.4559445606245247,1.3756486598758153,0.3508125558845378,-1.672206114650111,-1.6983547352141153
-0.2968331211642533,-0.7176038447215681,1.0195907815920784,-0.7132820356008179,-1.3545182088879848,0.13260332797398333,0.36525171225469805,-0.1693733470307576,0.18786984989948016,0.3272795460727271,0.04711644241006265,-0.4588176573406363,0.3508125558845378,0.9498542034791945,-1.2719265573098228
-0.32798404113617347,-0.7244255554861303,-1.4900604929848937,-1.217561577359613,0.8791500978479568,0.6590527851336562,1.1902954417696945,-0.1693733470307576,0.695895424919282,0.6686140419767981,0.6728816931687095,-0.6911623949411695,-0.951330118796061,-1.4537010881393357,-0.1347847495650429
-0.08081936463765949,-0.738826944877984,-1.578354151593338,-1.2278406567479816,0.7251040077282366,-1.4467450435050353,-1.2848357467752949,-1.0569648696950245,0.526553566579348,1.0099485378808692,0.04711644241006265,0.18598061562043464,1.6529552305651367,-1.0713172917454785,0.14950070237115207
-0.3547091473415913,-0.7903687595435653,-1.5466836001359612,0.5788587086900039,-0.17991677172512013,-0.6044259120495588,-2.109879476290291,1.2507730892320694,0.865237283259216,1.0099485378808692,0.6728816931687095,0.18598061562043464,-0.951330118796061,-1.3990748315116417,-0.7033556534374329
-0.3416019296484883,0.4890809927432198,0.6227491746943432,1.1121615334277224,0.8213828140530613,1.185502242293329,1.1902954417696945,0.7182181756335093,0.695895424919282,0.6686140419767981,0.6728816931687095,-0.137333459688987,-0.951330118796061,0.18508661069148033,1.4287852360840296
0.2723946186505062,1.729495400099454,-0.09367708781873899,0.7590449238508201,-0.08363796540029372,-1.394100097789068,-0.37728764430879874,-1.9445563923592915,-0.9975231584800576,-1.379392933447628,-0.5786488083485842,-0.86759260538846,1.6529552305651367,0.5128441504576435,1.570927962052127
-0.3444957309573552,-0.07863693644090476,0.906824424130207,-0.7592355669841132,1.7264035935064164,0.6590527851336562,0.36525171225469805,0.7182181756335093,-2.352258025199529,-2.403396421159841,-2.143061935245201,0.06014195194826885,0.3508125558845378,0.7859754335961129,1.002357058179737
-0.07196773710465486,-0.6952437927710585,-1.5082950529148984,0.005648869856265308,-0.8153568934689657,0.13260332797398333,0.36525171225469805,-0.1693733470307576,0.01852799155954619,-0.01405494983134393,0.04711644241006265,0.18598061562043464,-0.951330118796061,0.8406016902238067,-0.4190702015012379
-0.3521557932455323,-0.8259932490918348,0.7379148163575311,-0.7205378563455486,1.5916132646516608,-1.9731945006647083,-1.2848357467752949,-1.9445563923592915,1.3732628582790178,1.0099485378808692,1.6115295693066798,-0.137333459688987,0.3508125558845378,0.6220966637130313,0.29164342833924956
-0.3594754083209015,-0.7619449646912226,-1.5054159118733188,-1.2030499358701512,0.590313678873481,0.6590527851336562,0.36525171225469805,0.7182181756335093,1.0345791415991499,0.6686140419767981,1.2986469439273562,-1.0578300383626131,-0.951330118796061,0.8952279468515005,0.718071606243542
-0.22891390220908317,-0.7426167841916297,-1.0749843261571537,0.038904714936281816,-1.624098866597496,1.5013719165891328,1.520312933575693,0.8957364801663626,0.01852799155954619,0.6686140419767981,-0.5786488083485842,-0.6911623949411695,-0.951330118796061,1.496116769756133,0.8602143322116396
0.20175182199287303,1.2341634018059626,-0.03849355118846146,0.733649551244262,-0.4109859069047005,-1.394100097789068,-0.37728764430879874,-1.9445563923592915,-0.9975231584800576,-1.379392933447628,-0.5786488083485842,0.06014195194826885,1.6529552305651367,0.021207840808398718,1.570927962052127
1.8970087181696642,1.5142325270843793,-0.10807279302663736,0.4010911004440974,0.22445421483914502,-1.394100097789068,-0.37728764430879874,-1.9445563923592915,-0.9975231584800576,-1.379392933447628,-0.5786488083485842,-0.86759260538846,1.6529552305651367,-0.4158022122131522,1.570927962052127
-0.15265372654012016,-0.778241273739899,-1.5893908589193935,-1.2230034429181609,1.0139404267027108,-1.4467450435050353,-1.2848357467752949,-1.0569648696950245,0.526553566579348,1.0099485378808692,0.04711644241006265,0.5612481508128057,1.6529552305651367,1.2229854866176637,0.14950070237115207
-0.05171112794258656,2.535594222111892,1.4596195041135094,1.2361151378168744,-1.585587344067565,0.13260332797398333,-0.4597920172602984,0.7182181756335093,0.695895424919282,0.3272795460727271,0.9857643185480329,-0.9653268619914951,1.6529552305651367,-1.1805698050008664,-1.4140692832779205
-0.17393167734061207,1.4755761660851927,0.22974642251871413,-0.7543983531542928,-0.4880089519645589,-0.8150056949134279,-0.6248007631632977,-0.7019282606293177,-0.6588394418001896,-0.6967239416394859,-0.5786488083485842,-0.025232052709835702,1.6529552305651367,-0.4704284688408461,0.5759288802754445
-0.14039762687903684,-0.7899897756122009,-1.527969183365693,-1.234491825763985,0.917661620377886,-1.4467450435050353,-1.2848357467752949,-1.0569648696950245,0.526553566579348,1.0099485378808692,0.04711644241006265,0.09054386267235598,1.6529552305651367,0.40359163720225577,0.14950070237115207
0.5430501528327633,-0.8002223417590442,1.1409945621786892,-0.5826772621956623,0.9369173816428507,-1.9731945006647083,-1.2848357467752949,-1.9445563923592915,1.3732628582790178,1.0099485378808692,1.6115295693066798,-1.0578300383626131,0.3508125558845378,-1.289822318256254,0.29164342833924956
-0.20031633633322204,-0.6952437927710585,-1.4943792045472633,-0.14007219676707958,-1.1427048349733706,0.13260332797398333,0.36525171225469805,-0.1693733470307576,0.01852799155954619,-0.01405494983134393,0.04711644241006265,-0.33209355124864004,-0.951330118796061,0.07583409743609258,-0.4190702015012379
-0.33632499784996633,-0.6509026728014039,0.040202970614717046,-0.5754214414509314,0.8984058591129215,-0.39384612918568956,-0.4597920172602984,-0.1693733470307576,0.865237283259216,0.6686140419767981,0.9857643185480329,-0.6479357671858119,0.3508125558845378,-1.726832371277805,1.1444997841478346
-0.35062378078789685,1.4986941858984315,-0.090318089936896,0.5861145294347345,-0.25693981678498024,-0.7097158034814933,-0.12977452545429982,-1.0569648696950245,-0.4894975834602557,0.3272795460727271,-1.204414059107231,-1.0578300383626131,1.6529552305651367,-1.289822318256254,-0.8454983794055304
-0.35828384307607397,-0.7717985469067015,-1.39888769333487,0.6526262195947676,-0.7383338484091055,-0.6044259120495588,-2.109879476290291,1.2507730892320694,0.865237283259216,1.0099485378808692,0.6728816931687095,-0.9653268619914951,-0.951330118796061,-0.088044672446989,-0.7033556534374329
-0.34330416571252764,-0.8172766186704498,1.4879310576890432,-0.6643052455738845,0.9754289041727815,-1.9731945006647083,-1.2848357467752949,-1.9445563923592915,1.3732628582790178,1.0099485378808692,1.6115295693066798,-0.4588176573406363,0.3508125558845378,-0.9620647784900909,0.29164342833924956
-0.2430424615406098,-0.6819793551732986,1.1515514126644812,-0.6739796732335256,-1.83591224051211,-1.7626147178008391,-1.2848357467752949,-1.5895197832935846,-0.15081386678038777,-0.355389445735415,0.04711644241006265,-0.7422883049259317,-0.951330118796061,1.3322379998730516,-1.1297838313417254
-0.2522345362864223,-0.6774315479969237,1.4471432262666644,-0.4611422647214203,-1.9321910468369348,-1.7626147178008391,-1.2848357467752949,-1.5895197832935846,-0.15081386678038777,-0.355389445735415,0.04711644241006265,-0.4588176573406363,-0.951330118796061,-0.9620647784900909,-1.1297838313417254
-0.3242391217952869,-0.7407218645348068,-1.5097346234356883,-1.2296546119341645,1.2064980393523619,-1.4467450435050353,-1.2848357467752949,-1.0569648696950245,0.526553566579348,1.0099485378808692,0.04711644241006265,3.211241919993147,1.6529552305651367,-0.6343072387239277,0.14950070237115207
-0.23214815073075792,0.2730601518654153,0.7311968205938455,1.0946266332946224,0.47477911128369166,0.13260332797398333,0.36525171225469805,-0.1693733470307576,0.01852799155954619,-0.01405494983134393,0.04711644241006265,0.6368254966275787,-0.951330118796061,1.0044804601068884,-0.2769274755331404
-0.16644183865883894,-0.7225306358293074,0.9034654262483643,-0.5355144273549116,-1.4700527764777758,-1.7626147178008391,-1.2848357467752949,-1.5895197832935846,-0.15081386678038777,-0.355389445735415,0.04711644241006265,0.18598061562043464,-0.951330118796061,0.8406016902238067,-1.1297838313417254
0.31086515369779555,1.293284895098835,0.10834264193210337,0.5437889084238043,-0.37247438437476954,0.34318311083785247,-0.9548182549692963,1.605809698297776,0.18786984989948016,0.3272795460727271,0.04711644241006265,-0.137333459688987,-0.951330118796061,-0.7435597519793155,-1.5562120092460179
-0.35743272504405427,-0.8294041044741159,-1.4713460762146255,-1.210305756614882,1.0524519492326416,0.6590527851336562,0.36525171225469805,0.7182181756335093,1.0345791415991499,0.6686140419767981,1.2986469439273562,-0.9653268619914951,-0.951330118796061,-1.1805698050008664,0.718071606243542
-0.3589647375016897,-0.7274574269370468,0.7518306647251666,-0.5990028588713068,-1.6048431053325296,0.7643426765655907,1.3553041876726937,-0.1693733470307576,-2.352258025199529,-2.06206192525577,-2.4559445606245247,0.09054386267235598,0.3508125558845378,0.731349176968419,-1.6983547352141153
-0.35062378078789685,0.37121699008883885,0.5915584800772298,1.214347675582682,0.917661620377886,1.185502242293329,1.1902954417696945,0.7182181756335093,0.695895424919282,0.6686140419767981,0.6728816931687095,-0.137333459688987,-0.951330118796061,0.5674704070853374,1.4287852360840296
-0.32134532048642,1.3611230188130932,0.062276385266828126,0.7802077343562852,-0.4109859069047005,-0.7097158034814933,-0.12977452545429982,-1.0569648696950245,-0.4894975834602557,0.3272795460727271,-1.204414059107231,-0.6911623949411695,1.6529552305651367,1.496116769756133,-0.8454983794055304
-0.25478789038248134,0.004739528459300539,0.8252487612854487,-0.7453285772233791,1.6686363097115209,0.6590527851336562,0.36525171225469805,0.7182181756335093,-2.352258025199529,-2.403396421159841,-2.143061935245201,-0.9653268619914951,0.3508125558845378,-0.088044672446989,1.002357058179737
-0.2922370837913471,0.35871052035380785,0.4773525520945682,1.307464041806728,0.9754289041727815,1.185502242293329,1.1902954417696945,0.7182181756335093,0.695895424919282,0.6686140419767981,0.6728816931687095,0.09054386267235598,-0.951330118796061,0.40359163720225577,1.4287852360840296
-0.34075081161646864,-0.6971387124278813,-1.4867014951030506,-1.2490034672534467,1.167986516822431,0.6590527851336562,1.1902954417696945,-0.1693733470307576,0.695895424919282,0.6686140419767981,0.6728816931687095,0.09054386267235598,-0.951330118796061,1.4414905131284392,-0.1347847495650429
-0.34653841423420245,-0.8013592935531377,-1.537566320170959,-1.1843057322795965,1.2064980393523619,0.6590527851336562,0.36525171225469805,0.7182181756335093,1.0345791415991499,0.6686140419767981,1.2986469439273562,-0.86759260538846,-0.951330118796061,-0.5250547254685399,0.718071606243542
-0.29257753100415496,-0.7145719732706515,1.117001720165525,-0.6600726834727914,-2.028469853161761,-1.7626147178008391,-1.2848357467752949,-1.5895197832935846,-0.15081386678038777,-0.355389445735415,0.04711644241006265,-0.42515535659833387,-0.951330118796061,1.3868642565007454,-1.1297838313417254
-0.3376867867011978,-0.8119708436313458,1.0622980403755107,-0.6292354453076854,0.35924454369390063,-1.9731945006647083,-1.2848357467752949,-1.9445563923592915,1.3732628582790178,1.0099485378808692,1.6115295693066798,0.09054386267235598,0.3508125558845378,1.4414905131284392,0.29164342833924956
-0.3414317060420844,1.5089267520452752,-0.04713097431320055,0.39443993142809414,0.35924454369390063,-0.7097158034814933,-0.12977452545429982,-1.0569648696950245,-0.4894975834602557,0.3272795460727271,-1.204414059107231,-0.4588176573406363,1.6529552305651367,1.7146217962669086,-0.8454983794055304
-0.3290053827745971,-0.708887214300183,1.2436839259950319,-0.6171424107331339,-1.7781449567172163,0.13260332797398333,0.36525171225469805,-0.1693733470307576,0.18786984989948016,0.3272795460727271,0.04711644241006265,-0.86759260538846,0.3508125558845378,0.5128441504576435,-1.2719265573098228
-0.3570922778312464,-0.6952437927710585,-0.03705398066767156,-0.5040725374610779,0.8406385753180259,1.185502242293329,1.1902954417696945,0.7182181756335093,0.01852799155954619,-0.01405494983134393,0.04711644241006265,-0.6911623949411695,0.3508125558845378,1.496116769756133,1.286642510115932
-0.35385802930957166,-0.7316262501820571,-0.09559651517979208,-0.6884913147229874,0.41701182748879617,1.185502242293329,1.1902954417696945,0.7182181756335093,0.01852799155954619,-0.01405494983134393,0.04711644241006265,-0.4588176573406363,0.3508125558845378,-0.9620647784900909,1.286642510115932
-0.2757253939701654,1.6787115532966017,-0.12006921403321943,0.640533185020216,0.14743116977928492,-1.394100097789068,-0.37728764430879874,-1.9445563923592915,-0.9975231584800576,-1.379392933447628,-0.5786488083485842,-0.6479357671858119,1.6529552305651367,-0.25192344233007063,1.570927962052127
2.823195360613476,1.1704941013367147,-0.03561441014688165,0.8049984552341155,-0.4109859069047005,0.34318311083785247,-0.9548182549692963,1.605809698297776,0.18786984989948016,0.3272795460727271,0.04711644241006265,-0.137333459688987,0.3508125558845378,-1.0166910351177847,-1.840497461182213
-0.34858109751104965,0.576626280888435,0.19087801845738808,1.467092098190807,0.8598943365829905,1.185502242293329,1.1902954417696945,0.7182181756335093,0.695895424919282,0.6686140419767981,0.6728816931687095,-0.9653268619914951,-0.951330118796061,-1.1805698050008664,1.4287852360840296
-0.34721930865981815,-0.7899897756122009,0.7479918100030601,-0.69030526990917,1.4375671745319423,-1.9731945006647083,-1.2848357467752949,-1.9445563923592915,1.3732628582790178,1.0099485378808692,1.6115295693066798,-0.025232052709835702,0.3508125558845378,1.0591067167345822,0.29164342833924956
-0.3375165630947939,-0.5932971152339894,-1.4675072214925193,-0.054816303016491895,-1.1812163575033,0.13260332797398333,0.36525171225469805,-0.1693733470307576,0.01852799155954619,-0.01405494983134393,0.04711644241006265,1.3756486598758153,-0.951330118796061,-1.672206114650111,-0.4190702015012379
6.575604540181824,1.325877513196188,0.11602035137631608,0.8612310660057797,0.1281754085143203,0.34318311083785247,-0.9548182549692963,1.605809698297776,0.18786984989948016,0.3272795460727271,0.04711644241006265,-0.33209355124864004,0.3508125558845378,0.07583409743609258,-1.840497461182213
-0.3518153460327244,-0.725562507280224,0.8655567358675647,-0.5343051238974565,-1.7588891954522499,0.7643426765655907,1.3553041876726937,-0.1693733470307576,-2.352258025199529,-2.06206192525577,-2.4559445606245247,-1.0578300383626131,0.3508125558845378,-1.289822318256254,-1.6983547352141153
-0.350283333575089,-0.7471645913680044,-1.483822354061471,-0.08081632735177748,-1.4507970152128093,0.13260332797398333,0.36525171225469805,-0.1693733470307576,0.01852799155954619,-0.01405494983134393,0.04711644241006265,-0.4588176573406363,-0.951330118796061,1.7146217962669086,-0.4190702015012379
-0.3426232712869119,-0.8089389721804293,0.9634475312812748,-0.5615144516901972,0.9754289041727815,-1.9731945006647083,-1.2848357467752949,-1.9445563923592915,1.3732628582790178,1.0099485378808692,1.6115295693066798,0.06014195194826885,0.3508125558845378,0.021207840808398718,0.29164342833924956
0.13502416828253042,2.4616923554958015,1.4164323884898142,1.1738360097579346,-1.1427048349733706,0.13260332797398333,-0.4597920172602984,0.7182181756335093,0.695895424919282,0.3272795460727271,0.9857643185480329,-0.025232052709835702,1.6529552305651367,-0.4704284688408461,-1.4140692832779205
-0.3591349611080936,0.0797783468694851,0.980722377530753,2.6503955313106653,0.6865924851983057,0.6590527851336562,0.36525171225469805,0.7182181756335093,-2.352258025199529,-2.403396421159841,-2.143061935245201,1.3756486598758153,0.3508125558845378,-1.672206114650111,-0.5612129274693354
-0.2639799651282938,-0.7558812217893895,0.8607581674649322,-0.4726306475672442,-1.5278200602726695,0.13260332797398333,0.36525171225469805,-0.1693733470307576,0.18786984989948016,0.3272795460727271,0.04711644241006265,0.09054386267235598,0.3508125558845378,0.40359163720225577,-1.2719265573098228
6.689824580078865,-0.8790509994828745,0.7532702352459562,-0.6177470624618614,0.33998878242893604,-1.9731945006647083,-1.2848357467752949,-1.9445563923592915,1.3732628582790178,1.0099485378808692,1.6115295693066798,-0.42515535659833387,0.3508125558845378,-0.907438521862397,0.29164342833924956
-0.31623861229430195,1.6112524135137085,0.10546350089052356,0.4706260492477681,0.14743116977928492,-1.394100097789068,-0.37728764430879874,-1.9445563923592915,-0.9975231584800576,-1.379392933447628,-0.5786488083485842,-0.6479357671858119,1.6529552305651367,-1.726832371277805,1.570927962052127
-0.2440638031790334,-0.8002223417590442,1.2129730882181817,-0.6933285285528079,1.7071478322414517,-1.9731945006647083,-1.2848357467752949,-1.9445563923592915,1.3732628582790178,1.0099485378808692,1.6115295693066798,-0.025232052709835702,0.3508125558845378,-0.4704284688408461,0.29164342833924956
-0.28134277298149524,-0.7069922946433601,1.249922064918455,-0.5693749241636556,1.3412883682071157,-1.9731945006647083,-1.2848357467752949,-1.9445563923592915,1.3732628582790178,1.0099485378808692,1.6115295693066798,-0.4588176573406363,0.3508125558845378,1.7146217962669086,0.29164342833924956
1.3861676753514547,1.682122408678883,-0.10951236354742726,0.6229982848871164,-0.35321862310980495,-1.394100097789068,-0.37728764430879874,-1.9445563923592915,-0.9975231584800576,-1.379392933447628,-0.5786488083485842,-0.42515535659833387,1.6529552305651367,1.3868642565007454,1.570927962052127
-0.316068388687898,-0.8078020203863355,0.8146919107996565,-0.6818401457069839,0.16668693104425122,-1.9731945006647083,-1.2848357467752949,-1.9445563923592915,1.3732628582790178,1.0099485378808692,1.6115295693066798,0.09054386267235598,0.3508125558845378,-0.19729718570237675,0.29164342833924956
-0.35385802930957166,-0.6611352389482472,-0.2333154283353543,-0.6165377590044063,0.6480809626683764,-0.39384612918568956,-0.4597920172602984,-0.1693733470307576,0.865237283259216,0.6686140419767981,0.9857643185480329,-1.0578300383626131,0.3508125558845378,0.45821789382994965,1.1444997841478346
-0.3290053827745971,1.633233481532854,0.05075982110050923,-0.722956463260459,-0.7768453709390347,-0.8150056949134279,-0.6248007631632977,-0.7019282606293177,-0.6588394418001896,-0.6967239416394859,-0.5786488083485842,1.4620975080076348,1.6529552305651367,-0.8528122652347031,0.5759288802754445
-0.11282140264159932,1.7556452913636094,-0.04809068799372693,0.5498354257110801,-0.17991677172512013,0.34318311083785247,-0.9548182549692963,1.605809698297776,0.18786984989948016,0.3272795460727271,0.04711644241006265,-0.137333459688987,-0.951330118796061,-1.0166910351177847,-1.5562120092460179
-0.355560265373611,-0.7706615951126077,-1.5677973011075457,-1.1607243148592212,1.0139404267027108,-1.4467450435050353,-1.2848357467752949,-1.0569648696950245,0.526553566579348,1.0099485378808692,0.04711644241006265,-0.33209355124864004,1.6529552305651367,0.07583409743609258,0.14950070237115207
5.580817784357227,1.660141340659738,0.007572705476813787,0.8207194001810327,0.28222149863404056,0.34318311083785247,-0.9548182549692963,1.605809698297776,0.18786984989948016,0.3272795460727271,0.04711644241006265,0.06014195194826885,-0.951330118796061,-0.7981860086070093,-1.5562120092460179
-0.29070507133371165,-0.7380689770152549,0.8118127697580767,-0.5826772621956623,-1.6048431053325296,0.13260332797398333,0.36525171225469805,-0.1693733470307576,0.18786984989948016,0.3272795460727271,0.04711644241006265,3.211241919993147,0.3508125558845378,1.605369283011521,-1.2719265573098228
-0.13273756459085975,-0.7138140054079224,-1.4766245014575219,-1.2254220498330715,0.9946846654377461,-1.4467450435050353,-1.2848357467752949,-1.0569648696950245,0.526553566579348,1.0099485378808692,0.04711644241006265,0.6368254966275787,1.6529552305651367,-1.6175798580224172,0.14950070237115207
-0.3565816070120346,-0.8373627670327719,-1.4449539500001451,-1.2133290152585199,0.24370997610411133,0.6590527851336562,1.1902954417696945,-0.1693733470307576,0.695895424919282,0.6686140419767981,0.6728816931687095,-0.16075850691255444,-0.951330118796061,-1.3444485748839479,-0.1347847495650429
-0.35590071258641887,0.03240535544891396,1.2441637828352954,2.846907343147126,1.6686363097115209,0.6590527851336562,0.36525171225469805,0.7182181756335093,-2.352258025199529,-2.403396421159841,-2.143061935245201,1.3756486598758153,0.3508125558845378,-1.2351960616285602,-0.5612129274693354
-0.32509023982730656,-0.8763981119633225,1.0872505960692018,-0.6020261175149446,-1.5278200602726695,0.13260332797398333,0.36525171225469805,-0.1693733470307576,0.18786984989948016,0.3272795460727271,0.04711644241006265,0.18598061562043464,0.3508125558845378,-1.3990748315116417,-1.2719265573098228
-0.34568729620218275,-0.7710405790439724,0.5378145139677422,-0.852956584936887,0.7058482464632703,-1.9731945006647083,-1.2848357467752949,-1.9445563923592915,1.3732628582790178,1.0099485378808692,1.6115295693066798,0.18598061562043464,0.3508125558845378,0.8406016902238067,0.29164342833924956
-0.2934286490361746,-0.6668199979187158,-1.6229808377378232,-0.05663025820267447,-1.3352624476230202,0.13260332797398333,0.36525171225469805,-0.1693733470307576,0.01852799155954619,-0.01405494983134393,0.04711644241006265,-0.137333459688987,-0.951330118796061,-0.7435597519793155,-0.4190702015012379
1.4479588444760831,1.3721135528226658,-0.010181997612927577,0.7699286549679164,-0.6805665646142101,-1.394100097789068,-0.37728764430879874,-1.9445563923592915,-0.9975231584800576,-1.379392933447628,-0.5786488083485842,0.09054386267235598,1.6529552305651367,-0.5796809820962338,1.570927962052127
-0.3347929853923309,1.3584701312935414,-0.42333873707961456,0.5510447291685355,-0.6035435195543499,-1.394100097789068,-0.37728764430879874,-1.9445563923592915,-0.9975231584800576,-1.379392933447628,-0.5786488083485842,1.4620975080076348,1.6529552305651367,-0.8528122652347031,1.570927962052127
-0.3310480660514443,-0.8657865618851146,1.0272684910362915,-0.5246306962378153,0.8791500978479568,-1.9731945006647083,-1.2848357467752949,-1.9445563923592915,1.3732628582790178,1.0099485378808692,1.6115295693066798,-0.137333459688987,0.3508125558845378,-0.7435597519793155,0.29164342833924956
-0.3584540666824779,-0.6872851302124026,0.19663630054054768,-0.5736074862647487,0.30147725989900515,1.185502242293329,1.1902954417696945,0.7182181756335093,0.01852799155954619,-0.01405494983134393,0.04711644241006265,0.06014195194826885,0.3508125558845378,0.7859754335961129,1.286642510115932
-0.3576029486504582,-0.7210147001038493,0.1716837448468568,-0.6751889766909807,0.5518021563435501,-0.39384612918568956,-0.4597920172602984,-0.1693733470307576,0.865237283259216,0.6686140419767981,0.9857643185480329,3.211241919993147,0.3508125558845378,0.29433912394686806,1.1444997841478346
-0.2968331211642533,1.4024322673318312,0.10162464616841738,-0.5857005208393,-0.5842877582893853,-0.8150056949134279,-0.6248007631632977,-0.7019282606293177,-0.6588394418001896,-0.6967239416394859,-0.5786488083485842,1.3756486598758153,1.6529552305651367,-1.672206114650111,0.5759288802754445
-0.32202621491203576,-0.7608080128971288,0.9322568366641611,-0.7023983044837216,1.6301247871815916,-1.9731945006647083,-1.2848357467752949,-1.9445563923592915,1.3732628582790178,1.0099485378808692,1.6115295693066798,-0.6479357671858119,0.3508125558845378,-0.25192344233007063,0.29164342833924956
-0.32168576769922785,-0.8074230364549709,-1.568757014788072,-1.197608070311603,1.0524519492326416,0.6590527851336562,1.1902954417696945,-0.1693733470307576,0.695895424919282,0.6686140419767981,0.6728816931687095,-0.86759260538846,-0.951330118796061,0.5128441504576435,-0.1347847495650429
-0.28832194084405655,0.006634448116123277,1.0786131729444624,-0.7036076079411767,1.1872422780873955,0.6590527851336562,0.36525171225469805,0.7182181756335093,-2.352258025199529,-2.403396421159841,-2.143061935245201,0.18598061562043464,0.3508125558845378,-1.0713172917454785,1.002357058179737
-0.3594754083209015,-0.8112128757686167,-1.3249897399343242,0.582486619062369,-0.3917301456397342,-0.6044259120495588,-2.109879476290291,1.2507730892320694,0.865237283259216,1.0099485378808692,0.6728816931687095,-0.6911623949411695,-0.951330118796061,-0.36117595558545834,-0.7033556534374329
-0.2663630956179489,-0.6713678050950906,-1.576914581072548,-1.2121197118010647,1.8034266385662765,-1.4467450435050353,-1.2848357467752949,-1.0569648696950245,0.526553566579348,1.0099485378808692,0.04711644241006265,-0.137333459688987,1.6529552305651367,-1.0166910351177847,0.14950070237115207
1.6798033963982428,1.52181220571167,-0.07592238472899729,0.288625878900769,0.22445421483914502,-1.394100097789068,-0.37728764430879874,-1.9445563923592915,-0.9975231584800576,-1.379392933447628,-0.5786488083485842,-0.47533616364388437,1.6529552305651367,1.6599955396392148,1.570927962052127
0.5461141777480341,2.338143593870952,1.682273077995673,1.444719984227887,-0.5265204744944898,0.13260332797398333,-0.4597920172602984,0.7182181756335093,0.695895424919282,0.3272795460727271,0.9857643185480329,0.09054386267235598,1.6529552305651367,0.40359163720225577,-1.4140692832779205
-0.3429637184997198,-0.7509544306816501,0.847802032777823,-0.5772353966371142,-1.8744237630420408,0.13260332797398333,0.36525171225469805,-0.1693733470307576,0.18786984989948016,0.3272795460727271,0.04711644241006265,-0.9653268619914951,0.3508125558845378,0.23971286731917418,-1.2719265573098228
-0.34704908505341425,-0.6952437927710585,0.05795767370445875,-0.5784447000945693,0.22445421483914502,1.185502242293329,1.1902954417696945,0.7182181756335093,0.01852799155954619,-0.01405494983134393,0.04711644241006265,-0.9653268619914951,0.3508125558845378,0.23971286731917418,1.286642510115932
-0.345006401776567,0.36553223111837013,0.5598879286198533,1.2869058830299904,0.45552335001872535,1.185502242293329,1.1902954417696945,0.7182181756335093,0.695895424919282,0.6686140419767981,0.6728816931687095,-0.6479357671858119,-0.951330118796061,-1.726832371277805,1.4287852360840296
-0.3598158555337094,-0.8096969400431584,-1.3835322744464449,0.5250447048332499,0.49403487254865625,-0.6044259120495588,-2.109879476290291,1.2507730892320694,0.865237283259216,1.0099485378808692,0.6728816931687095,-0.42515535659833387,-0.951330118796061,1.3868642565007454,-0.7033556534374329
-0.35930518471449757,-0.7699036272498786,-1.422880535348034,0.3448584896724332,-0.025870681605399917,-0.6044259120495588,-2.109879476290291,1.2507730892320694,0.865237283259216,1.0099485378808692,0.6728816931687095,2.5912862398265606,-0.951330118796061,-1.1259435483731726,-0.7033556534374329
-0.32202621491203576,-0.7808941612594511,-1.4267193900701403,-1.2133290152585199,1.2257538006173265,0.6590527851336562,0.36525171225469805,0.7182181756335093,1.0345791415991499,0.6686140419767981,1.2986469439273562,-0.47533616364388437,-0.951330118796061,1.6599955396392148,0.718071606243542
-0.32985650080661677,-0.8210664579840954,1.223050081863711,-0.7314215874626449,0.7636155302581658,-1.9731945006647083,-1.2848357467752949,-1.9445563923592915,1.3732628582790178,1.0099485378808692,1.6115295693066798,-0.4588176573406363,0.3508125558845378,0.9498542034791945,0.29164342833924956
1.5972449472923342,1.7226736893348922,0.09490665040473138,-0.5748167897222037,-0.4109859069047005,-0.8150056949134279,-0.6248007631632977,-0.7019282606293177,-0.6588394418001896,-0.6967239416394859,-0.5786488083485842,-1.0578300383626131,1.6529552305651367,0.6767229203407251,0.5759288802754445
-0.31725995393272555,-0.769524643318514,1.1875406756842275,-0.6655145490313396,-1.3545182088879848,0.13260332797398333,0.36525171225469805,-0.1693733470307576,0.18786984989948016,0.3272795460727271,0.04711644241006265,-0.137333459688987,0.3508125558845378,-0.7435597519793155,-1.2719265573098228
-0.3044931834524304,-0.6903170016633191,-1.490540349825157,0.11569548448468343,-1.0464260286485443,0.13260332797398333,0.36525171225469805,-0.1693733470307576,0.01852799155954619,-0.01405494983134393,0.04711644241006265,-0.6911623949411695,-0.951330118796061,-1.4537010881393357,-0.4190702015012379
-0.3376867867011978,-0.8081810043177,-0.09223751729794909,-0.5337004721687288,0.32073302116397145,1.185502242293329,1.1902954417696945,0.7182181756335093,0.01852799155954619,-0.01405494983134393,0.04711644241006265,0.06014195194826885,0.3508125558845378,-0.7981860086070093,1.286642510115932
0.35103792480912427,-0.7630819164853164,-1.0188410758463493,0.09755593262285624,-0.930891461058755,1.5013719165891328,1.520312933575693,0.8957364801663626,0.01852799155954619,0.6686140419767981,-0.5786488083485842,-0.4588176573406363,-0.951330118796061,1.7146217962669086,0.8602143322116396
-0.32883515916819317,-0.7304892983879635,0.7753436498980676,-0.5022585822748952,-1.4122854926828803,0.13260332797398333,0.36525171225469805,-0.1693733470307576,0.18786984989948016,0.3272795460727271,0.04711644241006265,-0.9653268619914951,0.3508125558845378,-0.088044672446989,-1.2719265573098228
0.5862869488593628,-0.8115918596999812,-1.5169324760396377,-1.2097011048861543,1.1294749942925018,0.6590527851336562,0.36525171225469805,0.7182181756335093,1.0345791415991499,0.6686140419767981,1.2986469439273562,0.5612481508128057,-0.951330118796061,-0.30654969895776446,0.718071606243542
-0.1055017875662301,-0.7820311130535448,0.6093131831669711,-0.7108634286859075,-1.4893085377427404,0.13260332797398333,0.36525171225469805,-0.1693733470307576,0.18786984989948016,0.3272795460727271,0.04711644241006265,1.3756486598758153,0.3508125558845378,-1.2351960616285602,-1.2719265573098228
-0.352836687671148,-0.8271302008859285,-1.4070452596193457,0.5147656254448811,-0.025870681605399917,-0.6044259120495588,-2.109879476290291,1.2507730892320694,0.865237283259216,1.0099485378808692,0.6728816931687095,0.18598061562043464,-0.951330118796061,-1.0713172917454785,-0.7033556534374329
0.25298912752045755,1.2826733450206276,-0.06296625004188883,0.42527716959320017,0.5325463950785855,1.185502242293329,0.36525171225469805,1.605809698297776,0.3572117082394141,-0.01405494983134393,0.6728816931687095,-0.6479357671858119,-0.951330118796061,-1.726832371277805,0.007357976403054584
-0.345006401776567,0.33862437199148593,0.5018252509479959,1.1853243926037582,0.30147725989900515,1.185502242293329,1.1902954417696945,0.7182181756335093,0.695895424919282,0.6686140419767981,0.6728816931687095,-0.42515535659833387,-0.951330118796061,1.113732973362276,1.4287852360840296
-0.3458575198085867,-0.6630301586050701,0.6270678862567128,-0.589933082940393,-1.7588891954522499,0.13260332797398333,0.36525171225469805,-0.1693733470307576,0.18786984989948016,0.3272795460727271,0.04711644241006265,0.6368254966275787,0.3508125558845378,1.0044804601068884,-1.2719265573098228
-0.35198556963912836,-0.7479225592307336,-1.5337274654488524,-1.2248173981043438,0.8021270527880967,-1.4467450435050353,-1.2848357467752949,-1.0569648696950245,0.526553566579348,1.0099485378808692,0.04711644241006265,-0.137333459688987,1.6529552305651367,0.3489653805745619,0.14950070237115207
0.3493356887450849,0.0972116077122553,0.8468423190972966,-0.7568169600692031,1.3412883682071157,0.6590527851336562,0.36525171225469805,0.7182181756335093,-2.352258025199529,-2.403396421159841,-2.143061935245201,0.09054386267235598,0.3508125558845378,-0.5796809820962338,1.002357058179737
-0.3591349611080936,-0.8377417509641364,-1.4761446446172586,0.7953240275744745,-0.21842829425504934,-0.6044259120495588,-2.109879476290291,1.2507730892320694,0.865237283259216,1.0099485378808692,0.6728816931687095,0.06014195194826885,-0.951330118796061,1.2776117432453575,-0.7033556534374329
-0.3599860791401133,-0.6853902105555797,0.8789927273949367,-0.4992353236312572,-1.6818661503923897,0.7643426765655907,1.3553041876726937,-0.1693733470307576,-2.352258025199529,-2.06206192525577,-2.4559445606245247,2.5912862398265606,0.3508125558845378,-1.1259435483731726,-1.6983547352141153
-0.3594754083209015,-0.8229613776409183,-1.409444543820662,0.3666259519066258,0.30147725989900515,-0.6044259120495588,-2.109879476290291,1.2507730892320694,0.865237283259216,1.0099485378808692,0.6728816931687095,-0.9653268619914951,-0.951330118796061,-1.1805698050008664,-0.7033556534374329
-0.35062378078789685,1.4513211944778603,0.097305934606048,0.49057955629577826,-0.6227992808193145,-1.394100097789068,-0.37728764430879874,-1.9445563923592915,-0.9975231584800576,-1.379392933447628,-0.5786488083485842,-0.025232052709835702,1.6529552305651367,1.0591067167345822,1.570927962052127
-0.292407307397751,0.5190207233210207,0.4432827164358754,1.3824408561689472,0.9754289041727815,1.185502242293329,1.1902954417696945,0.7182181756335093,0.695895424919282,0.6686140419767981,0.6728816931687095,-1.0578300383626131,-0.951330118796061,0.8952279468515005,1.4287852360840296
-0.2918966365785392,-0.7623239486225872,1.0680563224586703,-0.5276539548814533,-1.0656817899135105,0.13260332797398333,0.36525171225469805,-0.1693733470307576,0.18786984989948016,0.3272795460727271,0.04711644241006265,-1.0578300383626131,0.3508125558845378,0.6767229203407251,-1.2719265573098228
-0.24883006415834358,-0.6986546481533397,0.04452168217708676,-0.5403516411847321,1.1102192330275356,-0.39384612918568956,-0.4597920172602984,-0.1693733470307576,0.865237283259216,0.6686140419767981,0.9857643185480329,-0.86759260538846,0.3508125558845378,-0.5250547254685399,1.1444997841478346
-0.2716400274164709,-0.6410490905859251,-1.4732655035756788,0.0830442911333946,-0.7190780871441392,0.13260332797398333,0.36525171225469805,-0.1693733470307576,0.01852799155954619,-0.01405494983134393,0.04711644241006265,0.09054386267235598,-0.951330118796061,0.731349176968419,-0.4190702015012379
0.2715435006184865,1.3505114687348851,-0.18341031694797286,0.48513769073722995,0.3977560662238316,1.185502242293329,0.36525171225469805,1.605809698297776,0.3572117082394141,-0.01405494983134393,0.6728816931687095,-0.137333459688987,-0.951330118796061,-0.7435597519793155,0.007357976403054584
-0.22057294549529033,1.6518036941697176,-0.12630735295664225,0.5758354500463657,0.6095694401384456,1.185502242293329,0.36525171225469805,1.605809698297776,0.3572117082394141,-0.01405494983134393,0.6728816931687095,3.211241919993147,-0.951330118796061,1.5507430263838269,0.007357976403054584
-0.352836687671148,-0.7107821339570058,-1.5433246022541183,-1.1885382943806895,0.7828712915231304,-1.4467450435050353,-1.2848357467752949,-1.0569648696950245,0.526553566579348,1.0099485378808692,0.04711644241006265,-0.16075850691255444,1.6529552305651367,-1.3444485748839479,0.14950070237115207
-0.21580668451598015,1.9746980036923303,1.201456524051863,1.2796500622852596,-0.7190780871441392,0.13260332797398333,-0.4597920172602984,0.7182181756335093,0.695895424919282,0.3272795460727271,0.9857643185480329,0.18598061562043464,1.6529552305651367,-1.0713172917454785,-1.4140692832779205
-0.32100487327361216,-0.6937278570456001,1.1467528442618486,-0.7465378806808342,-1.3545182088879848,-1.7626147178008391,-1.2848357467752949,-1.5895197832935846,-0.15081386678038777,-0.355389445735415,0.04711644241006265,-1.0578300383626131,-0.951330118796061,-1.289822318256254,-1.1297838313417254
-0.16456937898839563,-0.6463548656250291,-0.12150878455400935,-0.4690027371948786,0.1859426923092158,-0.39384612918568956,-0.4597920172602984,-0.1693733470307576,0.865237283259216,0.6686140419767981,0.9857643185480329,-0.33209355124864004,0.3508125558845378,0.07583409743609258,1.1444997841478346
-0.3320694076898679,-0.7293523465938697,0.841084037014137,-0.7749565119310302,-1.1427048349733706,0.13260332797398333,0.36525171225469805,-0.1693733470307576,0.18786984989948016,0.3272795460727271,0.04711644241006265,-0.4588176573406363,0.3508125558845378,1.7146217962669086,-1.2719265573098228
-0.3552198181608031,1.483534828643849,-0.17189375278165397,0.6332773642754853,0.1859426923092158,-0.7097158034814933,-0.12977452545429982,-1.0569648696950245,-0.4894975834602557,0.3272795460727271,-1.204414059107231,-0.4588176573406363,1.6529552305651367,0.9498542034791945,-0.8454983794055304
-0.24099977826376257,0.012698191017956521,0.947132398712323,-0.5802586552807519,1.8804496836261366,0.6590527851336562,0.36525171225469805,0.7182181756335093,-2.352258025199529,-2.403396421159841,-2.143061935245201,-1.0578300383626131,0.3508125558845378,0.6767229203407251,1.002357058179737
-0.35777317225686217,-0.7119190857510995,0.9159417040952093,-0.4696073889236063,-1.2389836412981954,0.7643426765655907,1.3553041876726937,-0.1693733470307576,-2.352258025199529,-2.06206192525577,-2.4559445606245247,-1.0578300383626131,0.3508125558845378,0.6767229203407251,-1.6983547352141153
-0.2755551703637614,0.2832927180122588,0.22350828359529132,1.4023943632169569,0.47477911128369166,0.13260332797398333,0.36525171225469805,-0.1693733470307576,0.01852799155954619,-0.01405494983134393,0.04711644241006265,0.5612481508128057,-0.951330118796061,1.2229854866176637,-0.2769274755331404
-0.32645202867853806,-0.6304375405077172,-1.4641482236106764,0.07155590828757065,-1.7203776729223206,0.13260332797398333,0.36525171225469805,-0.1693733470307576,0.01852799155954619,-0.01405494983134393,0.04711644241006265,0.09054386267235598,-0.951330118796061,1.4414905131284392,-0.4190702015012379
-0.3381974575204096,-0.6978966802906104,-1.416162539584348,-1.247189512067264,1.090963471762571,-1.4467450435050353,-1.2848357467752949,-1.0569648696950245,0.526553566579348,1.0099485378808692,0.04711644241006265,0.06014195194826885,1.6529552305651367,0.021207840808398718,0.14950070237115207
-0.3296862772002128,-0.7259414912115886,-1.5486030274970144,-1.2520267258970845,0.956173142907817,0.6590527851336562,1.1902954417696945,-0.1693733470307576,0.695895424919282,0.6686140419767981,0.6728816931687095,0.06014195194826885,-0.951330118796061,0.021207840808398718,-0.1347847495650429
-0.3598158555337094,-0.7729354987007951,-1.420961107986981,1.0783010366189782,-0.6613108033492454,-0.6044259120495588,-2.109879476290291,1.2507730892320694,0.865237283259216,1.0099485378808692,0.6728816931687095,0.17523849530111527,-0.951330118796061,-1.5083273447670296,-0.7033556534374329
-0.3262818050721341,0.4477717442244816,0.6237088883748698,1.1145801403426328,0.2629657373690759,1.185502242293329,1.1902954417696945,0.7182181756335093,0.695895424919282,0.6686140419767981,0.6728816931687095,-0.6479357671858119,-0.951330118796061,-0.25192344233007063,1.4287852360840296
-0.3526664640647441,0.0005707052142903018,0.8914690052417823,-0.6280261418502302,0.9369173816428507,0.6590527851336562,0.36525171225469805,0.7182181756335093,-2.352258025199529,-2.403396421159841,-2.143061935245201,-0.137333459688987,0.3508125558845378,0.5674704070853374,1.002357058179737
-0.2798107605238598,0.37424886153975534,0.3381940684182161,1.1889523029761238,-0.08363796540029372,0.13260332797398333,0.36525171225469805,-0.1693733470307576,0.01852799155954619,-0.01405494983134393,0.04711644241006265,-0.42515535659833387,-0.951330118796061,-0.907438521862397,-0.2769274755331404
-0.31385548180464684,-0.02936902536351062,1.1189211475265783,2.594162920539001,1.495334458326836,0.6590527851336562,0.36525171225469805,0.7182181756335093,-2.352258025199529,-2.403396421159841,-2.143061935245201,-0.42515535659833387,0.3508125558845378,1.3868642565007454,-0.5612129274693354
-0.34330416571252764,0.3822075240984113,0.8026954897930745,1.0081614360865796,0.0704081247194248,1.185502242293329,1.1902954417696945,0.7182181756335093,0.695895424919282,0.6686140419767981,0.6728816931687095,1.3756486598758153,-0.951330118796061,-1.672206114650111,1.4287852360840296
-0.3584540666824779,-0.7452696717111815,-0.3187299459022188,-0.5077004478334433,0.6480809626683764,1.185502242293329,1.1902954417696945,0.7182181756335093,0.01852799155954619,-0.01405494983134393,0.04711644241006265,3.211241919993147,0.3508125558845378,0.29433912394686806,1.286642510115932
-0.3547091473415913,-0.7339001537702445,0.3290767884532138,-0.6818401457069839,1.167986516822431,-0.39384612918568956,-0.4597920172602984,-0.1693733470307576,0.865237283259216,0.6686140419767981,0.9857643185480329,0.09054386267235598,0.3508125558845378,0.731349176968419,1.1444997841478346
-0.3315587368706561,-0.7668717557989619,0.021488553844448966,-0.6770029318771635,0.6095694401384456,1.185502242293329,1.1902954417696945,0.7182181756335093,0.01852799155954619,-0.01405494983134393,0.04711644241006265,-0.42515535659833387,0.3508125558845378,-0.6889334953516215,1.286642510115932
-0.33989969358444894,0.25373197136582243,0.45527913744245746,1.2034639444655857,0.5325463950785855,1.185502242293329,1.1902954417696945,0.7182181756335093,0.695895424919282,0.6686140419767981,0.6728816931687095,-0.42515535659833387,-0.951330118796061,1.3868642565007454,1.4287852360840296
-0.3598158555337094,0.13321508119188946,0.6923284165325194,3.0524889309145014,1.687892070976487,0.6590527851336562,0.36525171225469805,0.7182181756335093,-2.352258025199529,-2.403396421159841,-2.143061935245201,-0.6479357671858119,0.3508125558845378,-0.25192344233007063,-0.5612129274693354
-0.3421126004677001,1.435024885429184,-0.10759293618637417,0.644765747121309,-0.16066101046015382,-1.394100097789068,-0.37728764430879874,-1.9445563923592915,-0.9975231584800576,-1.379392933447628,-0.5786488083485842,-0.16075850691255444,1.6529552305651367,-1.3444485748839479,1.570927962052127
-0.3092594444317406,0.4030516403234625,0.4754331247335151,1.32197568329619,0.9946846654377461,0.13260332797398333,0.36525171225469805,-0.1693733470307576,0.01852799155954619,-0.01405494983134393,0.04711644241006265,0.5612481508128057,-0.951330118796061,-0.30654969895776446,-0.2769274755331404
-0.34466595456375915,-0.7816521291221802,0.9356158345460037,-0.6963517871964459,0.917661620377886,-1.9731945006647083,-1.2848357467752949,-1.9445563923592915,1.3732628582790178,1.0099485378808692,1.6115295693066798,0.09054386267235598,0.3508125558845378,0.731349176968419,0.29164342833924956
-0.26023504578740725,2.075128745503941,1.2532810628002975,0.7409053719889932,-1.4122854926828803,0.13260332797398333,-0.4597920172602984,0.7182181756335093,0.695895424919282,0.3272795460727271,0.9857643185480329,-0.137333459688987,1.6529552305651367,-1.0166910351177847,-1.4140692832779205
0.04055006672834635,-0.6937278570456001,-1.006364797999504,0.07518381865993623,-0.7961011322039994,1.5013719165891328,1.520312933575693,0.8957364801663626,0.01852799155954619,0.6686140419767981,-0.5786488083485842,0.09054386267235598,-0.951330118796061,1.4414905131284392,0.8602143322116396
-0.09920351412928449,-0.7744514344262535,-1.1373657153913805,-0.21021179729947795,-1.9129352855719701,1.5013719165891328,1.520312933575693,0.8957364801663626,0.01852799155954619,0.6686140419767981,-0.5786488083485842,-0.4588176573406363,-0.951330118796061,-0.9620647784900909,0.8602143322116396
-0.2806618785558795,-0.6546925121150496,1.060378613014458,-0.589933082940393,-1.547075821537636,-1.7626147178008391,-1.2848357467752949,-1.5895197832935846,-0.15081386678038777,-0.355389445735415,0.04711644241006265,-0.42515535659833387,-0.951330118796061,1.113732973362276,-1.1297838313417254
0.1437055722091311,2.4165932676634174,1.6126938361574967,1.3038361314343625,-1.1234490737084044,0.13260332797398333,-0.4597920172602984,0.7182181756335093,0.695895424919282,0.3272795460727271,0.9857643185480329,1.3756486598758153,1.6529552305651367,-1.2351960616285602,-1.4140692832779205
-0.2854281395351897,-0.744132719917088,0.7206399701080529,-0.6467703454407849,-1.4122854926828803,0.13260332797398333,0.36525171225469805,-0.1693733470307576,0.18786984989948016,0.3272795460727271,0.04711644241006265,0.18598061562043464,0.3508125558845378,-1.0713172917454785,-1.2719265573098228
-0.34858109751104965,0.2760920233163318,0.7057644080598914,1.293557052045994,0.10891964724935571,0.13260332797398333,0.36525171225469805,-0.1693733470307576,0.01852799155954619,-0.01405494983134393,0.04711644241006265,0.06014195194826885,-0.951330118796061,0.7859754335961129,-0.2769274755331404
-0.2479789461263239,1.430856062184174,-0.017859707057140288,-0.6600726834727914,-0.19917253299008475,-0.8150056949134279,-0.6248007631632977,-0.7019282606293177,-0.6588394418001896,-0.6967239416394859,-0.5786488083485842,-0.025232052709835702,1.6529552305651367,-1.5629536013947234,0.5759288802754445
-0.31045100967656813,0.2950412198845603,0.3785020430003321,1.277836107099077,0.6673367239333411,0.13260332797398333,0.36525171225469805,-0.1693733470307576,0.01852799155954619,-0.01405494983134393,0.04711644241006265,-0.137333459688987,-0.951330118796061,0.6220966637130313,-0.2769274755331404
-0.355560265373611,-0.6330904280272692,-0.13590448976190772,-0.5790493518232968,0.32073302116397145,1.185502242293329,1.1902954417696945,0.7182181756335093,0.01852799155954619,-0.01405494983134393,0.04711644241006265,-0.137333459688987,0.3508125558845378,0.6220966637130313,1.286642510115932
0.05365728442144937,2.1259125923067934,1.6035765561924944,1.280859365742715,-0.5265204744944898,0.13260332797398333,-0.4597920172602984,0.7182181756335093,0.695895424919282,0.3272795460727271,0.9857643185480329,-0.9653268619914951,1.6529552305651367,0.23971286731917418,-1.4140692832779205
-0.3484108739046457,-0.7710405790439724,1.0138324995089194,-0.7622588256277512,0.7636155302581658,-1.9731945006647083,-1.2848357467752949,-1.9445563923592915,1.3732628582790178,1.0099485378808692,1.6115295693066798,3.211241919993147,0.3508125558845378,0.29433912394686806,0.29164342833924956
-0.2527452071056341,0.03126840365482021,0.8737143021520406,-0.8136542225695949,1.3412883682071157,0.6590527851336562,0.36525171225469805,0.7182181756335093,-2.352258025199529,-2.403396421159841,-2.143061935245201,-0.137333459688987,0.3508125558845378,-0.7435597519793155,1.002357058179737
-0.3489215447238575,-0.734279137701609,0.7124824038235774,-0.4865376373279784,0.8213828140530613,-1.9731945006647083,-1.2848357467752949,-1.9445563923592915,1.3732628582790178,1.0099485378808692,1.6115295693066798,0.5612481508128057,0.3508125558845378,-0.30654969895776446,0.29164342833924956
-0.35453892373518736,-0.7945375827885756,-1.5337274654488524,-1.2090964531574269,0.6288252014034101,0.6590527851336562,0.36525171225469805,0.7182181756335093,1.0345791415991499,0.6686140419767981,1.2986469439273562,-1.0578300383626131,-0.951330118796061,0.45821789382994965,0.718071606243542
-0.3562411597992267,-0.8475953331796153,1.2566400606821408,-0.6667238524887946,-1.547075821537636,0.7643426765655907,1.3553041876726937,-0.1693733470307576,-2.352258025199529,-2.06206192525577,-2.4559445606245247,-0.9653268619914951,0.3508125558845378,-1.1805698050008664,-1.6983547352141153
0.10046877618253157,-0.7111611178883703,-0.9387049835223811,-0.07053724796340866,-1.0271702673835796,1.5013719165891328,1.520312933575693,0.8957364801663626,0.01852799155954619,0.6686140419767981,-0.5786488083485842,-0.137333459688987,-0.951330118796061,0.18508661069148033,0.8602143322116396
-0.35930518471449757,-0.8464583813855215,-1.3763344218424955,0.626626195259482,0.33998878242893604,-0.6044259120495588,-2.109879476290291,1.2507730892320694,0.865237283259216,1.0099485378808692,0.6728816931687095,0.09054386267235598,-0.951330118796061,-0.5796809820962338,-0.7033556534374329
-0.0639672276036699,-0.6603772710855181,-1.475184930936732,0.17857926427235088,-1.007914506118615,0.13260332797398333,0.36525171225469805,-0.1693733470307576,0.01852799155954619,-0.01405494983134393,0.04711644241006265,-0.7422883049259317,-0.951330118796061,1.3322379998730516,-0.4190702015012379
-0.3576029486504582,-0.6137622475276762,-0.014020852335033763,-0.6243982314778647,0.7251040077282366,-0.39384612918568956,-0.4597920172602984,-0.1693733470307576,0.865237283259216,0.6686140419767981,0.9857643185480329,-0.6479357671858119,0.3508125558845378,-0.25192344233007063,1.1444997841478346
-0.31674928311351375,-0.7047183910551728,-1.458389941527517,-1.272584884673822,0.32073302116397145,0.6590527851336562,1.1902954417696945,-0.1693733470307576,0.695895424919282,0.6686140419767981,0.6728816931687095,-1.0578300383626131,-0.951330118796061,1.1683592299899699,-0.1347847495650429
-0.2035505848548968,-0.6255107493999779,0.12177863345947537,-0.6576540765578812,0.8021270527880967,-0.39384612918568956,-0.4597920172602984,-0.1693733470307576,0.865237283259216,0.6686140419767981,0.9857643185480329,-0.9653268619914951,0.3508125558845378,-0.088044672446989,1.1444997841478346
-0.32134532048642,-0.7032024553297144,-1.5673174442672824,-1.2562592879981775,1.456822935796907,0.6590527851336562,1.1902954417696945,-0.1693733470307576,0.695895424919282,0.6686140419767981,0.6728816931687095,-1.0578300383626131,-0.951330118796061,0.6767229203407251,-0.1347847495650429
-0.2963224503450415,-0.7479225592307336,1.1002067307563104,-0.7023983044837216,-1.2967509250930909,-1.7626147178008391,-1.2848357467752949,-1.5895197832935846,-0.15081386678038777,-0.355389445735415,0.04711644241006265,-0.4588176573406363,-0.951330118796061,1.7146217962669086,-1.1297838313417254
-0.26108616381942695,2.4980748129068004,2.046484419755505,0.9724869840916531,-0.8538684159988948,0.13260332797398333,-0.4597920172602984,0.7182181756335093,0.695895424919282,0.3272795460727271,0.9857643185480329,-0.6911623949411695,1.6529552305651367,1.496116769756133,-1.4140692832779205
-0.1175876636209095,-0.7619449646912226,0.992718798537335,-0.5893284312116656,-1.6048431053325296,-1.7626147178008391,-1.2848357467752949,-1.5895197832935846,-0.15081386678038777,-0.355389445735415,0.04711644241006265,3.211241919993147,-0.951330118796061,-0.6343072387239277,-1.1297838313417254
-0.18925180191696625,-0.8040121810726898,-1.4977382024291062,-1.2181662290883404,1.283521084412222,-1.4467450435050353,-1.2848357467752949,-1.0569648696950245,0.526553566579348,1.0099485378808692,0.04711644241006265,-0.025232052709835702,1.6529552305651367,-1.5629536013947234,0.14950070237115207
-0.32406889818888296,-0.7717985469067015,-1.5198116170812173,-1.1613289665879487,1.1872422780873955,-1.4467450435050353,-1.2848357467752949,-1.0569648696950245,0.526553566579348,1.0099485378808692,0.04711644241006265,-0.137333459688987,1.6529552305651367,-0.7435597519793155,0.14950070237115207
-0.12899264524997317,-0.028232073569416868,0.610752753687761,-0.6776075836058911,1.2642653231472556,0.6590527851336562,0.36525171225469805,0.7182181756335093,-2.352258025199529,-2.403396421159841,-2.143061935245201,0.09054386267235598,0.3508125558845378,1.4414905131284392,1.002357058179737
-0.07469131480711783,-0.7013075356728916,-0.42477830760040447,-0.8287705157877842,-0.0066149203404336065,1.185502242293329,1.1902954417696945,0.7182181756335093,0.01852799155954619,-0.01405494983134393,0.04711644241006265,1.3756486598758153,0.3508125558845378,-1.2351960616285602,1.286642510115932
-0.3010887113243517,-0.7812731451908157,-1.4910202066654201,-1.1788638667210483,1.0717077104976063,-1.4467450435050353,-1.2848357467752949,-1.0569648696950245,0.526553566579348,1.0099485378808692,0.04711644241006265,-0.4588176573406363,1.6529552305651367,-0.9620647784900909,0.14950070237115207
-0.26261817627706235,-0.7445117038484524,-0.15030019496980643,-0.5863051725680277,0.0704081247194248,-0.39384612918568956,-0.4597920172602984,-0.1693733470307576,0.865237283259216,0.6686140419767981,0.9857643185480329,-0.42515535659833387,0.3508125558845378,-0.6889334953516215,1.1444997841478346
-0.22346674680415723,2.3313218831063898,1.6525219538993499,0.9688590737192876,-1.2004721187682645,0.13260332797398333,-0.4597920172602984,0.7182181756335093,0.695895424919282,0.3272795460727271,0.9857643185480329,0.09054386267235598,1.6529552305651367,0.731349176968419,-1.4140692832779205
-0.3448361781701631,0.5815530719961746,0.23502484776161023,0.8569985039046867,0.7636155302581658,0.13260332797398333,0.36525171225469805,-0.1693733470307576,0.01852799155954619,-0.01405494983134393,0.04711644241006265,-0.4588176573406363,-0.951330118796061,1.7146217962669086,-0.2769274755331404
-0.30755720836770123,0.0615871181639859,1.1208405748876311,-0.7011890010262662,0.6480809626683764,0.6590527851336562,0.36525171225469805,0.7182181756335093,-2.352258025199529,-2.403396421159841,-2.143061935245201,-0.4588176573406363,0.3508125558845378,0.9498542034791945,1.002357058179737
-0.2861090339608054,0.5732154255061541,0.6760132839635676,1.0662080020444267,0.43626758875376076,0.13260332797398333,0.36525171225469805,-0.1693733470307576,0.01852799155954619,-0.01405494983134393,0.04711644241006265,-0.6911623949411695,-0.951330118796061,-1.4537010881393357,-0.2769274755331404
1.584818624024847,-0.8275091848172931,0.9836015185723321,-0.8233286502292361,0.917661620377886,-1.9731945006647083,-1.2848357467752949,-1.9445563923592915,1.3732628582790178,1.0099485378808692,1.6115295693066798,-0.33209355124864004,0.3508125558845378,0.07583409743609258,0.29164342833924956
-0.03911458106869535,-0.8233403615722829,0.8108530560775503,-0.47383995102469934,-1.4700527764777758,-1.7626147178008391,-1.2848357467752949,-1.5895197832935846,-0.15081386678038777,-0.355389445735415,0.04711644241006265,-0.47533616364388437,-0.951330118796061,1.6599955396392148,-1.1297838313417254
-0.35300691127755196,-0.7028234713983499,-1.4377560973961958,-0.1805838625918268,-0.9501472223237195,0.13260332797398333,0.36525171225469805,-0.1693733470307576,0.01852799155954619,-0.01405494983134393,0.04711644241006265,-0.137333459688987,-0.951330118796061,0.5674704070853374,-0.4190702015012379
0.29367256945099807,-0.7903687595435653,-1.0735447556363638,0.0286256355479132,-1.007914506118615,1.5013719165891328,1.520312933575693,0.8957364801663626,0.01852799155954619,0.6686140419767981,-0.5786488083485842,-0.025232052709835702,-0.951330118796061,1.0591067167345822,0.8602143322116396
-0.35811361946967,-0.8225823937095538,-1.4276791037506669,0.720951864940983,-0.3917301456397342,-0.6044259120495588,-2.109879476290291,1.2507730892320694,0.865237283259216,1.0099485378808692,0.6728816931687095,-0.86759260538846,-0.951330118796061,-0.5250547254685399,-0.7033556534374329
-0.35743272504405427,-0.7403428806034422,0.033005118010767866,-0.601421465786217,0.8406385753180259,-0.39384612918568956,-0.4597920172602984,-0.1693733470307576,0.865237283259216,0.6686140419767981,0.9857643185480329,-0.6911623949411695,0.3508125558845378,-0.36117595558545834,1.1444997841478346
-0.33887835194602534,0.28784052518863357,0.8055746308346543,1.3207663798387346,0.8598943365829905,1.185502242293329,1.1902954417696945,0.7182181756335093,0.695895424919282,0.6686140419767981,0.6728816931687095,-0.9653268619914951,-0.951330118796061,-0.088044672446989,1.4287852360840296
-0.2667035428307568,-0.835467847375949,-1.5797937221141276,-1.2066778462425167,0.8791500978479568,-1.4467450435050353,-1.2848357467752949,-1.0569648696950245,0.526553566579348,1.0099485378808692,0.04711644241006265,0.6368254966275787,1.6529552305651367,1.0044804601068884,0.14950070237115207
-0.35249624045834016,-0.7547442699952958,-0.11143179090848035,-0.6582587282866088,0.5710579176085164,1.185502242293329,1.1902954417696945,0.7182181756335093,0.01852799155954619,-0.01405494983134393,0.04711644241006265,0.06014195194826885,0.3508125558845378,1.2776117432453575,1.286642510115932
-0.17512324258543963,1.3398999186566771,-0.0754425278887341,-0.6123051969033133,-0.9501472223237195,0.5537628937017216,0.36525171225469805,0.5406998711006559,0.18786984989948016,0.3272795460727271,0.04711644241006265,-0.9653268619914951,-0.951330118796061,-0.088044672446989,0.43378615430734707
-0.34024014079725684,1.3254985292648236,-0.00394385868950477,0.5226260979183397,0.0511523634544602,-0.7097158034814933,-0.12977452545429982,-1.0569648696950245,-0.4894975834602557,0.3272795460727271,-1.204414059107231,1.3756486598758153,1.6529552305651367,-1.672206114650111,-0.8454983794055304
-0.3594754083209015,-0.7225306358293074,-1.412803541702505,0.5329051773067081,-0.5265204744944898,-0.6044259120495588,-2.109879476290291,1.2507730892320694,0.865237283259216,1.0099485378808692,0.6728816931687095,-0.6911623949411695,-0.951330118796061,1.496116769756133,-0.7033556534374329
-0.32781381752976957,-0.7304892983879635,-1.5250900423241134,-1.2006313289552408,0.7636155302581658,0.6590527851336562,1.1902954417696945,-0.1693733470307576,0.695895424919282,0.6686140419767981,0.6728816931687095,-0.137333459688987,-0.951330118796061,-0.7435597519793155,-0.1347847495650429
-0.3155577178686862,0.23554074266032293,0.5968369053201259,1.422952521993694,1.1487307555574664,0.13260332797398333,0.36525171225469805,-0.1693733470307576,0.01852799155954619,-0.01405494983134393,0.04711644241006265,3.211241919993147,-0.951330118796061,0.29433912394686806,-0.2769274755331404
-0.3584540666824779,-0.734279137701609,1.0205504952726054,-0.6624912903877018,-1.007914506118615,0.7643426765655907,1.3553041876726937,-0.1693733470307576,-2.352258025199529,-2.06206192525577,-2.4559445606245247,1.4620975080076348,0.3508125558845378,-0.8528122652347031,-1.6983547352141153
0.2739266311081416,-0.7611869968284936,-1.52748932652543,-1.2417476465087158,0.7251040077282366,-1.4467450435050353,-1.2848357467752949,-1.0569648696950245,0.526553566579348,1.0099485378808692,0.04711644241006265,1.3756486598758153,1.6529552305651367,-1.672206114650111,0.14950070237115207
-0.02447535091795692,2.21686873583429,1.563748438450642,1.1006731505818983,-0.9501472223237195,0.13260332797398333,-0.4597920172602984,0.7182181756335093,0.695895424919282,0.3272795460727271,0.9857643185480329,-0.86759260538846,1.6529552305651367,-0.5250547254685399,-1.4140692832779205
0.19290019445986842,-0.6186890386354155,-1.448312947881988,0.08848615669194274,-0.6227992808193145,0.13260332797398333,0.36525171225469805,-0.1693733470307576,0.01852799155954619,-0.01405494983134393,0.04711644241006265,-0.025232052709835702,-0.951330118796061,1.0591067167345822,-0.4190702015012379
-0.2695973441396237,1.5612265345735856,0.13521462498684736,-0.652212210999333,0.35924454369390063,-0.8150056949134279,-0.6248007631632977,-0.7019282606293177,-0.6588394418001896,-0.6967239416394859,-0.5786488083485842,-0.025232052709835702,1.6529552305651367,1.0591067167345822,0.5759288802754445
-0.35675183061843857,-0.7600500450343998,0.8530804580207191,-0.6171424107331339,-0.06438220413532912,-1.9731945006647083,-1.2848357467752949,-1.9445563923592915,1.3732628582790178,1.0099485378808692,1.6115295693066798,0.06014195194826885,0.3508125558845378,0.7859754335961129,0.29164342833924956
-0.23810597695489566,-0.7187407965156617,0.894828003123625,-0.597188903685124,-1.662610389127425,-1.7626147178008391,-1.2848357467752949,-1.5895197832935846,-0.15081386678038777,-0.355389445735415,0.04711644241006265,-1.0578300383626131,-0.951330118796061,0.8952279468515005,-1.1297838313417254
-0.3061954195164698,-0.7566391896521186,0.8842711526378327,-0.640723828153509,-1.4122854926828803,0.13260332797398333,0.36525171225469805,-0.1693733470307576,0.18786984989948016,0.3272795460727271,0.04711644241006265,1.3756486598758153,0.3508125558845378,-1.672206114650111,-1.2719265573098228
-0.27691695921499293,-0.7615659807598582,1.011913072147866,-0.6909099216378977,-1.4122854926828803,-1.7626147178008391,-1.2848357467752949,-1.5895197832935846,-0.15081386678038777,-0.355389445735415,0.04711644241006265,-0.6911623949411695,-0.951330118796061,1.496116769756133,-1.1297838313417254
-0.26449063594750566,2.0872562313076073,1.5517520174440598,1.2923477485885386,-0.7190780871441392,0.13260332797398333,-0.4597920172602984,0.7182181756335093,0.695895424919282,0.3272795460727271,0.9857643185480329,0.17523849530111527,1.6529552305651367,-1.5083273447670296,-1.4140692832779205
0.46696020077020417,-0.1028919080482372,1.2360062165508194,-0.6661192007600673,0.917661620377886,0.6590527851336562,0.36525171225469805,0.7182181756335093,-2.352258025199529,-2.403396421159841,-2.143061935245201,-1.0578300383626131,0.3508125558845378,0.8952279468515005,1.002357058179737
-0.3494322155430693,-0.7194987643783909,-1.5500425980178039,-1.2961663020941971,0.7443597689932012,0.6590527851336562,1.1902954417696945,-0.1693733470307576,0.695895424919282,0.6686140419767981,0.6728816931687095,0.06014195194826885,-0.951330118796061,-0.7981860086070093,-0.1347847495650429
-0.3586242902888818,-0.7638398843480455,-0.19348731059350185,-0.5433748998283701,0.5132906338136208,-0.39384612918568956,-0.4597920172602984,-0.1693733470307576,0.865237283259216,0.6686140419767981,0.9857643185480329,0.09054386267235598,0.3508125558845378,-0.19729718570237675,1.1444997841478346
-0.35879451389528577,-0.6929698891828711,0.05507853266287894,-0.6219796245629544,0.6480809626683764,1.185502242293329,1.1902954417696945,0.7182181756335093,0.01852799155954619,-0.01405494983134393,0.04711644241006265,3.211241919993147,0.3508125558845378,1.605369283011521,1.286642510115932
-0.3557304889800149,1.3270144649902818,-0.03273526910530184,-0.6431424350684195,0.14743116977928492,-0.8150056949134279,-0.6248007631632977,-0.7019282606293177,-0.6588394418001896,-0.6967239416394859,-0.5786488083485842,3.211241919993147,1.6529552305651367,-0.6343072387239277,0.5759288802754445
-0.34041036440366074,-0.7266994590743178,0.03540440221208448,-0.5451888550145528,1.4375671745319423,-0.39384612918568956,-0.4597920172602984,-0.1693733470307576,0.865237283259216,0.6686140419767981,0.9857643185480329,0.09054386267235598,0.3508125558845378,0.40359163720225577,1.1444997841478346
-0.2639799651282938,-0.6952437927710585,1.0781333161041988,-0.79491001897904,-1.5663315828026005,-1.7626147178008391,-1.2848357467752949,-1.5895197832935846,-0.15081386678038777,-0.355389445735415,0.04711644241006265,1.3756486598758153,-0.951330118796061,-1.672206114650111,-1.1297838313417254
-0.24678738088149638,-0.7376899930838902,-1.5183720465604273,0.016532600973361587,-1.7974007179821807,0.13260332797398333,0.36525171225469805,-0.1693733470307576,0.01852799155954619,-0.01405494983134393,0.04711644241006265,-1.0578300383626131,-0.951330118796061,0.6767229203407251,-0.4190702015012379
-0.060222308262783325,-0.7266994590743178,0.07091380839156722,-0.6443517385258747,1.3027768456771867,-0.39384612918568956,-0.4597920172602984,-0.1693733470307576,0.865237283259216,0.6686140419767981,0.9857643185480329,-0.86759260538846,0.3508125558845378,0.13046035406378645,1.1444997841478346
-0.2146151192711526,1.827273254391513,1.3569301402971667,1.3044407831630904,-0.21842829425504934,0.13260332797398333,-0.4597920172602984,0.7182181756335093,0.695895424919282,0.3272795460727271,0.9857643185480329,-1.0578300383626131,1.6529552305651367,0.6767229203407251,-1.4140692832779205
-0.35726250143765037,-0.8218244258468246,0.007572705476813787,-0.6098865899884031,0.6865924851983057,-0.39384612918568956,-0.4597920172602984,-0.1693733470307576,0.865237283259216,0.6686140419767981,0.9857643185480329,0.6368254966275787,0.3508125558845378,-1.6175798580224172,1.1444997841478346
-0.3310480660514443,-0.6857691944869443,-1.5692368716283356,0.0661140427290225,-0.4109859069047005,0.13260332797398333,0.36525171225469805,-0.1693733470307576,0.01852799155954619,-0.01405494983134393,0.04711644241006265,-0.6911623949411695,-0.951330118796061,1.496116769756133,-0.4190702015012379
4.211198647231164,1.6472558869933427,-0.2453118493419364,0.5897424398071002,-0.06438220413532912,0.34318311083785247,-0.9548182549692963,1.605809698297776,0.18786984989948016,0.3272795460727271,0.04711644241006265,0.5612481508128057,1.6529552305651367,-0.30654969895776446,-0.9876411053736279
-0.31862174278395705,-0.7327632019761509,0.960568390239695,-0.652212210999333,-1.3930297314179156,0.13260332797398333,0.36525171225469805,-0.1693733470307576,0.18786984989948016,0.3272795460727271,0.04711644241006265,-1.0578300383626131,0.3508125558845378,1.1683592299899699,-1.2719265573098228
1.9778649312115335,1.371734568891301,0.09346707988394148,-0.6927238768240804,-0.6805665646142101,0.5537628937017216,0.36525171225469805,0.5406998711006559,0.18786984989948016,0.3272795460727271,0.04711644241006265,-0.137333459688987,-0.951330118796061,0.18508661069148033,0.43378615430734707
-0.350283333575089,-0.7331421859075155,1.0387850552026099,-0.6370959177811437,-2.0092140918967947,0.13260332797398333,0.36525171225469805,-0.1693733470307576,0.18786984989948016,0.3272795460727271,0.04711644241006265,-0.86759260538846,0.3508125558845378,0.13046035406378645,-1.2719265573098228
0.275458643565777,1.3698396492344782,0.20719315102633987,0.4119748315611937,-0.14140524919518924,0.34318311083785247,-0.9548182549692963,1.605809698297776,0.18786984989948016,0.3272795460727271,0.04711644241006265,-0.137333459688987,-0.951330118796061,0.6220966637130313,-1.5562120092460179
0.02012323395987412,-0.8104549079058875,0.5296569476832663,-0.6872820112655323,0.8213828140530613,-1.9731945006647083,-1.2848357467752949,-1.9445563923592915,1.3732628582790178,1.0099485378808692,1.6115295693066798,-0.137333459688987,0.3508125558845378,0.18508661069148033,0.29164342833924956
-0.20167812518445352,-0.6687149175755386,0.4408834322345588,-0.6280261418502302,-1.5085642990077048,-1.7626147178008391,-1.2848357467752949,-1.5895197832935846,-0.15081386678038777,-0.355389445735415,0.04711644241006265,0.18598061562043464,-0.951330118796061,-1.3990748315116417,-1.1297838313417254
2.5770520257533858,-0.6725047568891843,-0.8547300364763065,0.11085827065486296,-1.0849375511784751,1.5013719165891328,1.520312933575693,0.8957364801663626,0.01852799155954619,0.6686140419767981,-0.5786488083485842,3.211241919993147,-0.951330118796061,-0.6343072387239277,0.8602143322116396
-0.3598158555337094,-0.6747786604773717,0.2052737236652868,-0.6473749971695125,1.090963471762571,-0.39384612918568956,-0.4597920172602984,-0.1693733470307576,0.865237283259216,0.6686140419767981,0.9857643185480329,0.06014195194826885,0.3508125558845378,0.7859754335961129,1.1444997841478346
-0.3584540666824779,-0.6391541709291023,-0.061526679521098915,-0.4829097269556128,1.572357503386696,-0.39384612918568956,-0.4597920172602984,-0.1693733470307576,0.865237283259216,0.6686140419767981,0.9857643185480329,0.09054386267235598,0.3508125558845378,1.4414905131284392,1.1444997841478346
-0.305684748697258,0.4257906762053367,0.6097930400072347,1.046254494996417,0.590313678873481,0.13260332797398333,0.36525171225469805,-0.1693733470307576,0.01852799155954619,-0.01405494983134393,0.04711644241006265,1.3756486598758153,-0.951330118796061,-1.2351960616285602,-0.2769274755331404
-0.3242391217952869,1.6984187177275598,0.018609412802869495,-0.5935609933127586,-0.7768453709390347,0.5537628937017216,0.36525171225469805,0.5406998711006559,0.18786984989948016,0.3272795460727271,0.04711644241006265,-0.86759260538846,-0.951330118796061,-0.4158022122131522,0.43378615430734707
-0.2825343382263228,0.3935770420393483,0.667855717679092,1.1841150891463035,0.6865924851983057,0.13260332797398333,0.36525171225469805,-0.1693733470307576,0.01852799155954619,-0.01405494983134393,0.04711644241006265,0.18598061562043464,-0.951330118796061,-1.0713172917454785,-0.2769274755331404
-0.3536878057031677,1.5119586234961917,0.25133998033056204,-0.7120727321433625,-0.7383338484091055,-0.8150056949134279,-0.6248007631632977,-0.7019282606293177,-0.6588394418001896,-0.6967239416394859,-0.5786488083485842,-0.137333459688987,1.6529552305651367,0.6220966637130313,0.5759288802754445
-0.3111319041021839,-0.6937278570456001,0.8751538726728305,-0.639514524696054,-1.3930297314179156,0.13260332797398333,0.36525171225469805,-0.1693733470307576,0.18786984989948016,0.3272795460727271,0.04711644241006265,-0.137333459688987,0.3508125558845378,0.6220966637130313,-1.2719265573098228
-0.3286649355617892,-0.7240465715547657,0.8170911950009728,-0.7471425324095619,-1.7011219116573562,-1.7626147178008391,-1.2848357467752949,-1.5895197832935846,-0.15081386678038777,-0.355389445735415,0.04711644241006265,-0.86759260538846,-0.951330118796061,0.13046035406378645,-1.1297838313417254
-0.34517662538297095,0.07864139507539133,1.2969480352642562,2.6038373481986428,1.1487307555574664,0.6590527851336562,0.36525171225469805,0.7182181756335093,-2.352258025199529,-2.403396421159841,-2.143061935245201,-0.86759260538846,0.3508125558845378,-0.4158022122131522,-0.5612129274693354
-0.30840832639972093,1.804534218509639,0.11841963557763237,-0.559095844775287,-0.9886587448536505,0.5537628937017216,0.36525171225469805,0.5406998711006559,0.18786984989948016,0.3272795460727271,0.04711644241006265,-0.6911623949411695,-0.951330118796061,1.496116769756133,0.43378615430734707
-0.3531771348839559,-0.7907477434749299,-1.5169324760396377,-1.230259263662892,1.4183114132669759,0.6590527851336562,1.1902954417696945,-0.1693733470307576,0.695895424919282,0.6686140419767981,0.6728816931687095,-0.6911623949411695,-0.951330118796061,1.496116769756133,-0.1347847495650429
-0.29513088510021396,-0.7797572094653573,-0.9660568234173883,0.011695387143541115,-0.6420550420842791,1.5013719165891328,1.520312933575693,0.8957364801663626,0.01852799155954619,0.6686140419767981,-0.5786488083485842,-0.6479357671858119,-0.951330118796061,-1.726832371277805,0.8602143322116396
1.1597702788342208,-0.11236650633235142,1.2883106121395176,-0.7259797219040968,0.8213828140530613,0.6590527851336562,0.36525171225469805,0.7182181756335093,-2.352258025199529,-2.403396421159841,-2.143061935245201,-0.137333459688987,0.3508125558845378,0.18508661069148033,1.002357058179737
-0.3589647375016897,0.40001976887254603,0.5243785224403702,1.152068547523742,0.16668693104425122,0.13260332797398333,0.36525171225469805,-0.1693733470307576,0.01852799155954619,-0.01405494983134393,0.04711644241006265,3.211241919993147,-0.951330118796061,-0.6343072387239277,-0.2769274755331404
-0.29904602804750446,-0.6509026728014039,0.9884000869749654,-0.6685378076749775,-2.1054928982216214,-1.7626147178008391,-1.2848357467752949,-1.5895197832935846,-0.15081386678038777,-0.355389445735415,0.04711644241006265,-0.86759260538846,-0.951330118796061,0.5128441504576435,-1.1297838313417254
-0.05426448203864559,0.026341612547080985,0.5128619582740513,3.141372735037454,2.0152400124808922,0.6590527851336562,0.36525171225469805,0.7182181756335093,-2.352258025199529,-2.403396421159841,-2.143061935245201,-1.0578300383626131,0.3508125558845378,-1.289822318256254,-0.5612129274693354
-0.33581432703075453,-0.032021912883062616,0.6668960039985653,3.098442462297796,2.2270533863955064,0.6590527851336562,0.36525171225469805,0.7182181756335093,-2.352258025199529,-2.403396421159841,-2.143061935245201,-0.9653268619914951,0.3508125558845378,-1.1805698050008664,-0.5612129274693354
-0.3353036562115427,0.3670481668438286,0.5680454949043288,1.1931848650772168,0.7636155302581658,1.185502242293329,1.1902954417696945,0.7182181756335093,0.695895424919282,0.6686140419767981,0.6728816931687095,-0.137333459688987,-0.951330118796061,0.6220966637130313,1.4287852360840296
-0.32798404113617347,-0.8153816990136269,-1.4934194908667366,-1.3161198091422073,1.1872422780873955,-1.4467450435050353,-1.2848357467752949,-1.0569648696950245,0.526553566579348,1.0099485378808692,0.04711644241006265,-0.4588176573406363,1.6529552305651367,0.9498542034791945,0.14950070237115207
-0.3547091473415913,-0.725562507280224,1.0066346469049698,-0.6032354209723998,-0.9886587448536505,0.7643426765655907,1.3553041876726937,-0.1693733470307576,-2.352258025199529,-2.06206192525577,-2.4559445606245247,-0.42515535659833387,0.3508125558845378,1.113732973362276,-1.6983547352141153
-0.34024014079725684,-0.6827373230360277,0.04356196849656004,-0.5657470137912902,0.3785003049588652,1.185502242293329,1.1902954417696945,0.7182181756335093,0.01852799155954619,-0.01405494983134393,0.04711644241006265,0.06014195194826885,0.3508125558845378,0.021207840808398718,1.286642510115932
-0.1494194780184454,-0.7119190857510995,0.8564394559025624,-0.5077004478334433,-1.2389836412981954,-1.7626147178008391,-1.2848357467752949,-1.5895197832935846,-0.15081386678038777,-0.355389445735415,0.04711644241006265,0.09054386267235598,-0.951330118796061,-0.5796809820962338,-1.1297838313417254
-0.3562411597992267,-0.7589130932403061,-1.4535913731248842,0.34727709658734346,0.0511523634544602,-0.6044259120495588,-2.109879476290291,1.2507730892320694,0.865237283259216,1.0099485378808692,0.6728816931687095,-0.47533616364388437,-0.951330118796061,1.6599955396392148,-0.7033556534374329
-0.3077274319741052,-0.7566391896521186,-1.5735555831907049,-1.1879336426519618,0.7828712915231304,-1.4467450435050353,-1.2848357467752949,-1.0569648696950245,0.526553566579348,1.0099485378808692,0.04711644241006265,-0.137333459688987,1.6529552305651367,0.5674704070853374,0.14950070237115207
-0.33394186736031123,1.5502360005640128,-0.13158577819953834,-0.5415609446421874,-0.21842829425504934,-0.8150056949134279,-0.6248007631632977,-0.7019282606293177,-0.6588394418001896,-0.6967239416394859,-0.5786488083485842,-0.86759260538846,1.6529552305651367,0.13046035406378645,0.5759288802754445
-0.3227071093376515,-0.7206357161724846,-1.5831527199959707,-1.2193755325457958,0.32073302116397145,0.6590527851336562,1.1902954417696945,-0.1693733470307576,0.695895424919282,0.6686140419767981,0.6728816931687095,-0.6479357671858119,-0.951330118796061,-0.25192344233007063,-0.1347847495650429
-0.3523260168519362,0.517883771526927,0.6246686020553962,1.4308129944671526,0.0511523634544602,1.185502242293329,1.1902954417696945,0.7182181756335093,0.695895424919282,0.6686140419767981,0.6728816931687095,-0.6911623949411695,-0.951330118796061,-0.36117595558545834,1.4287852360840296
-0.3347929853923309,-0.769524643318514,-1.5582001643022798,-1.2961663020941971,1.2064980393523619,0.6590527851336562,1.1902954417696945,-0.1693733470307576,0.695895424919282,0.6686140419767981,0.6728816931687095,0.09054386267235598,-0.951330118796061,-0.19729718570237675,-0.1347847495650429
0.46593885913178057,1.660899308522467,0.07667209047472683,0.3406259275713402,-0.4880089519645589,0.34318311083785247,-0.9548182549692963,1.605809698297776,0.18786984989948016,0.3272795460727271,0.04711644241006265,-0.33209355124864004,-0.951330118796061,0.07583409743609258,-1.5562120092460179
4.303630065508501,1.5301498522016905,-0.0783216689303139,0.41378878674737646,-0.19917253299008475,-1.394100097789068,-0.37728764430879874,-1.9445563923592915,-0.9975231584800576,-1.379392933447628,-0.5786488083485842,-0.9653268619914951,1.6529552305651367,-0.088044672446989,1.570927962052127
-0.3301969480194246,0.18665181551429358,0.6577787240335631,1.2403476999179675,0.24370997610411133,0.13260332797398333,0.36525171225469805,-0.1693733470307576,0.01852799155954619,-0.01405494983134393,0.04711644241006265,0.06014195194826885,-0.951330118796061,-0.7981860086070093,-0.2769274755331404
-0.12303481902583543,1.403569219125925,-0.09799579938110836,-0.6262121866640474,-0.2761955780499449,-0.8150056949134279,-0.6248007631632977,-0.7019282606293177,-0.6588394418001896,-0.6967239416394859,-0.5786488083485842,-0.86759260538846,1.6529552305651367,-0.5250547254685399,0.5759288802754445
1.3490589291553967,-0.7634609004166809,-1.0495519136231994,0.04253262530864717,-1.2197278800332307,1.5013719165891328,1.520312933575693,0.8957364801663626,0.01852799155954619,0.6686140419767981,-0.5786488083485842,-0.42515535659833387,-0.951330118796061,1.3868642565007454,0.8602143322116396
-0.35385802930957166,0.10441230240818229,0.9816820912112794,3.0089540064461153,1.0524519492326416,0.6590527851336562,0.36525171225469805,0.7182181756335093,-2.352258025199529,-2.403396421159841,-2.143061935245201,-0.137333459688987,0.3508125558845378,-0.7435597519793155,-0.5612129274693354
-0.33785701030760174,-0.6599982871541535,0.20575358050554995,-0.6733750215047981,0.32073302116397145,-0.39384612918568956,-0.4597920172602984,-0.1693733470307576,0.865237283259216,0.6686140419767981,0.9857643185480329,1.3756486598758153,0.3508125558845378,-1.2351960616285602,1.1444997841478346
-0.35249624045834016,-0.7699036272498786,-1.4948590613875266,0.28802122717204154,-0.19917253299008475,-0.6044259120495588,-2.109879476290291,1.2507730892320694,0.865237283259216,1.0099485378808692,0.6728816931687095,-0.86759260538846,-0.951330118796061,0.13046035406378645,-0.7033556534374329
-0.3381974575204096,0.6080819471916945,0.742713384760164,1.1635569303695656,0.7636155302581658,1.185502242293329,1.1902954417696945,0.7182181756335093,0.695895424919282,0.6686140419767981,0.6728816931687095,-0.025232052709835702,-0.951330118796061,-0.4704284688408461,1.4287852360840296
-0.3390485755524293,-0.7498174788875565,0.867956020068881,-0.6588633800153363,-1.2389836412981954,0.13260332797398333,0.36525171225469805,-0.1693733470307576,0.18786984989948016,0.3272795460727271,0.04711644241006265,0.09054386267235598,0.3508125558845378,0.731349176968419,-1.2719265573098228
-0.35930518471449757,-0.77748330587717,-1.3393854451422227,0.6459750505787644,-0.7768453709390347,-0.6044259120495588,-2.109879476290291,1.2507730892320694,0.865237283259216,1.0099485378808692,0.6728816931687095,0.06014195194826885,-0.951330118796061,0.7859754335961129,-0.7033556534374329
-0.3453468489893749,-0.7217726679665784,-1.4655877941314663,-1.2236080946468886,0.8213828140530613,0.6590527851336562,1.1902954417696945,-0.1693733470307576,0.695895424919282,0.6686140419767981,0.6728816931687095,0.06014195194826885,-0.951330118796061,0.7859754335961129,-0.1347847495650429
-0.33189918408346397,-0.6698518693696324,0.10210450300868057,-0.6467703454407849,-0.17991677172512013,1.185502242293329,1.1902954417696945,0.7182181756335093,0.01852799155954619,-0.01405494983134393,0.04711644241006265,-0.16075850691255444,0.3508125558845378,-1.3444485748839479,1.286642510115932
-0.355560265373611,-0.7426167841916297,-0.08312023733294681,-0.6927238768240804,0.6095694401384456,-0.39384612918568956,-0.4597920172602984,-0.1693733470307576,0.865237283259216,0.6686140419767981,0.9857643185480329,-0.025232052709835702,0.3508125558845378,-0.4704284688408461,1.1444997841478346
-0.011708580437661773,-0.695622776702423,-0.1608570454555986,-0.636491266052416,0.6673367239333411,-0.39384612918568956,-0.4597920172602984,-0.1693733470307576,0.865237283259216,0.6686140419767981,0.9857643185480329,-1.0578300383626131,0.3508125558845378,0.6767229203407251,1.1444997841478346
-0.35811361946967,-0.7926426631317527,-1.4396755247572488,0.5879284846209174,-0.29545133931490947,-0.6044259120495588,-2.109879476290291,1.2507730892320694,0.865237283259216,1.0099485378808692,0.6728816931687095,-0.025232052709835702,-0.951330118796061,-0.4704284688408461,-0.7033556534374329
-0.20780617501499518,-0.6823583391046633,-0.1373440602826976,-0.5149562685781742,0.3785003049588652,-0.39384612918568956,-0.4597920172602984,-0.1693733470307576,0.865237283259216,0.6686140419767981,0.9857643185480329,-0.86759260538846,0.3508125558845378,0.5128441504576435,1.1444997841478346
-0.2064443861637637,0.04225893766439295,0.9567295355175888,-0.6346773108662335,1.5531017421217315,0.6590527851336562,0.36525171225469805,0.7182181756335093,-2.352258025199529,-2.403396421159841,-2.143061935245201,-0.9653268619914951,0.3508125558845378,-1.1805698050008664,1.002357058179737
-0.32066442606080425,-0.7259414912115886,-0.08599937837452627,-0.5869098242967553,0.20519845357418043,1.185502242293329,1.1902954417696945,0.7182181756335093,0.01852799155954619,-0.01405494983134393,0.04711644241006265,0.09054386267235598,0.3508125558845378,-0.19729718570237675,1.286642510115932
-0.34517662538297095,-0.7024444874669853,0.9888799438152281,-0.6123051969033133,-1.4507970152128093,0.13260332797398333,0.36525171225469805,-0.1693733470307576,0.18786984989948016,0.3272795460727271,0.04711644241006265,0.6368254966275787,0.3508125558845378,-1.6175798580224172,-1.2719265573098228
-0.2968331211642533,-0.7907477434749299,-1.4641482236106764,-1.1419801112686665,0.8984058591129215,0.6590527851336562,1.1902954417696945,-0.1693733470307576,0.695895424919282,0.6686140419767981,0.6728816931687095,-0.42515535659833387,-0.951330118796061,1.113732973362276,-0.1347847495650429
-0.3494322155430693,-0.7471645913680044,-1.5582001643022798,-1.2405383430512607,-0.08363796540029372,0.6590527851336562,1.1902954417696945,-0.1693733470307576,0.695895424919282,0.6686140419767981,0.6728816931687095,-0.42515535659833387,-0.951330118796061,-0.6889334953516215,-0.1347847495650429
-0.3547091473415913,1.3918207172536232,0.05747781686419522,-0.7423053185797411,-0.5265204744944898,0.5537628937017216,0.36525171225469805,0.5406998711006559,0.18786984989948016,0.3272795460727271,0.04711644241006265,0.18598061562043464,-0.951330118796061,-1.3990748315116417,0.43378615430734707
-0.3576029486504582,-0.7907477434749299,1.0099936447868132,-0.5742121379934763,-1.4700527764777758,0.7643426765655907,1.3553041876726937,-0.1693733470307576,-2.352258025199529,-2.06206192525577,-2.4559445606245247,-0.9653268619914951,0.3508125558845378,0.23971286731917418,-1.6983547352141153
-0.3584540666824779,-0.7236675876234012,1.0421440530844526,-0.6836541008931668,-1.1041933124434398,0.7643426765655907,1.3553041876726937,-0.1693733470307576,-2.352258025199529,-2.06206192525577,-2.4559445606245247,-0.86759260538846,0.3508125558845378,0.13046035406378645,-1.6983547352141153
-0.3361547742435624,0.37652276512794286,0.6385844504230315,0.9277427561658127,0.956173142907817,0.13260332797398333,0.36525171225469805,-0.1693733470307576,0.01852799155954619,-0.01405494983134393,0.04711644241006265,-0.9653268619914951,-0.951330118796061,-1.1805698050008664,-0.2769274755331404
-0.33343119654109943,-0.6550714960464141,0.018609412802869495,-0.7410960151222861,-0.19917253299008475,1.185502242293329,1.1902954417696945,0.7182181756335093,0.01852799155954619,-0.01405494983134393,0.04711644241006265,-1.0578300383626131,0.3508125558845378,0.45821789382994965,1.286642510115932
-0.3356441034243506,-0.6975176963592459,-1.52604975600464,-1.2762127950461875,1.1872422780873955,-1.4467450435050353,-1.2848357467752949,-1.0569648696950245,0.526553566579348,1.0099485378808692,0.04711644241006265,0.06014195194826885,1.6529552305651367,-0.7981860086070093,0.14950070237115207
-0.2903646241209038,1.3266354810589174,-0.11047207722795398,-0.5518400240305561,-0.35321862310980495,0.5537628937017216,0.36525171225469805,0.5406998711006559,0.18786984989948016,0.3272795460727271,0.04711644241006265,0.5612481508128057,-0.951330118796061,-0.30654969895776446,0.43378615430734707
0.29162988617415087,2.0050167182014955,1.785442298652279,1.1865336960612136,-0.7768453709390347,0.13260332797398333,-0.4597920172602984,0.7182181756335093,0.695895424919282,0.3272795460727271,0.9857643185480329,1.3756486598758153,1.6529552305651367,-1.672206114650111,-1.4140692832779205
0.7692773257435932,1.7814161986964003,0.03780368641340077,0.6084866433976546,0.47477911128369166,1.185502242293329,0.36525171225469805,1.605809698297776,0.3572117082394141,-0.01405494983134393,0.6728816931687095,-0.137333459688987,-0.951330118796061,0.6220966637130313,0.007357976403054584
-0.0765637744775611,-0.613004279664947,-1.4732655035756788,0.002020959483899953,-0.5842877582893853,0.13260332797398333,0.36525171225469805,-0.1693733470307576,0.01852799155954619,-0.01405494983134393,0.04711644241006265,0.09054386267235598,-0.951330118796061,0.40359163720225577,-0.4190702015012379
-0.2604052693938112,-0.7172248607902035,0.8530804580207191,-0.6292354453076854,-1.3160066863580555,0.13260332797398333,0.36525171225469805,-0.1693733470307576,0.18786984989948016,0.3272795460727271,0.04711644241006265,-0.137333459688987,0.3508125558845378,-1.0166910351177847,-1.2719265573098228
-0.35351758209676376,-0.7505754467502855,1.099247017075784,-0.6425377833396919,-1.25823940256316,0.7643426765655907,1.3553041876726937,-0.1693733470307576,-2.352258025199529,-2.06206192525577,-2.4559445606245247,-0.4588176573406363,0.3508125558845378,1.7146217962669086,-1.6983547352141153
-0.2781085244598204,-0.8131077954254395,-1.4675072214925193,-1.2223987911894334,1.2642653231472556,-1.4467450435050353,-1.2848357467752949,-1.0569648696950245,0.526553566579348,1.0099485378808692,0.04711644241006265,-1.0578300383626131,1.6529552305651367,0.45821789382994965,0.14950070237115207
0.6793992615623153,1.178452763895371,0.14769090283369263,-0.6540261661855158,0.0704081247194248,0.5537628937017216,0.36525171225469805,0.5406998711006559,0.18786984989948016,0.3272795460727271,0.04711644241006265,-0.137333459688987,-0.951330118796061,-1.0166910351177847,0.43378615430734707
-0.355560265373611,-0.651660640664133,-0.4180603118367185,-0.6068633313447651,0.5132906338136208,-0.39384612918568956,-0.4597920172602984,-0.1693733470307576,0.865237283259216,0.6686140419767981,0.9857643185480329,-0.025232052709835702,0.3508125558845378,-1.5629536013947234,1.1444997841478346
-0.3594754083209015,-0.7445117038484524,-1.407525116459609,0.7880682068297434,-0.04512644287036452,-0.6044259120495588,-2.109879476290291,1.2507730892320694,0.865237283259216,1.0099485378808692,0.6728816931687095,-1.0578300383626131,-0.951330118796061,0.45821789382994965,-0.7033556534374329
-0.35096422800070476,-0.7479225592307336,-1.5543613095801736,-1.2701662777589116,1.1102192330275356,0.6590527851336562,0.36525171225469805,0.7182181756335093,1.0345791415991499,0.6686140419767981,1.2986469439273562,-0.137333459688987,-0.951330118796061,0.6220966637130313,0.718071606243542
-0.34772997947902995,0.5110620607623647,0.4183301607421845,1.0891847677360746,0.5132906338136208,0.13260332797398333,0.36525171225469805,-0.1693733470307576,0.01852799155954619,-0.01405494983134393,0.04711644241006265,3.211241919993147,-0.951330118796061,1.5507430263838269,-0.2769274755331404
-0.35539004176720707,-0.7194987643783909,1.0560599014520882,-0.4943981098014368,-1.6048431053325296,0.7643426765655907,1.3553041876726937,-0.1693733470307576,-2.352258025199529,-2.06206192525577,-2.4559445606245247,0.5612481508128057,0.3508125558845378,-0.30654969895776446,-1.6983547352141153
-0.35692205422484247,-0.6997915999474332,0.8914690052417823,-0.6201656693767716,-1.1234490737084044,0.7643426765655907,1.3553041876726937,-0.1693733470307576,-2.352258025199529,-2.06206192525577,-2.4559445606245247,-0.6911623949411695,0.3508125558845378,-0.36117595558545834,-1.6983547352141153
-0.3523260168519362,-0.7759673701517117,0.2700543971008298,-0.6455610419833298,0.14743116977928492,-0.39384612918568956,-0.4597920172602984,-0.1693733470307576,0.865237283259216,0.6686140419767981,0.9857643185480329,0.06014195194826885,0.3508125558845378,-0.14267092907468287,1.1444997841478346
-0.34994288636228116,0.01459311067477926,0.5805217727511744,3.3493729297197388,1.3220326069421513,0.6590527851336562,0.36525171225469805,0.7182181756335093,-2.352258025199529,-2.403396421159841,-2.143061935245201,-0.42515535659833387,0.3508125558845378,1.113732973362276,-0.5612129274693354
-0.35147489881991656,0.2719232000713216,0.46439641740745974,1.1448127267790114,0.9946846654377461,1.185502242293329,1.1902954417696945,0.7182181756335093,0.695895424919282,0.6686140419767981,0.6728816931687095,-0.025232052709835702,-0.951330118796061,1.0591067167345822,1.4287852360840296
-0.3036420654204107,-0.8475953331796153,0.84876174645835,-0.6268168383927751,1.090963471762571,-1.9731945006647083,-1.2848357467752949,-1.9445563923592915,1.3732628582790178,1.0099485378808692,1.6115295693066798,-0.6911623949411695,0.3508125558845378,-0.36117595558545834,0.29164342833924956
-0.2280627841770635,-0.7320052341134217,-0.9866906675487094,0.01532329751590647,-1.0849375511784751,1.5013719165891328,1.520312933575693,0.8957364801663626,0.01852799155954619,0.6686140419767981,-0.5786488083485842,3.211241919993147,-0.951330118796061,0.29433912394686806,0.8602143322116396
-0.3458575198085867,-0.7350371055643382,1.1865809620037011,-0.6008168140574893,-1.1619605962383353,0.13260332797398333,0.36525171225469805,-0.1693733470307576,0.18786984989948016,0.3272795460727271,0.04711644241006265,-1.0578300383626131,0.3508125558845378,-1.289822318256254,-1.2719265573098228
-0.26653331922435286,-0.7213936840352138,1.1002067307563104,-0.6697471111324326,0.8213828140530613,-1.9731945006647083,-1.2848357467752949,-1.9445563923592915,1.3732628582790178,1.0099485378808692,1.6115295693066798,-0.16075850691255444,0.3508125558845378,-1.3444485748839479,0.29164342833924956
-0.12422638427066297,-0.6414280745172897,-0.10087494042268817,-0.6256075349353197,0.35924454369390063,1.185502242293329,1.1902954417696945,0.7182181756335093,0.01852799155954619,-0.01405494983134393,0.04711644241006265,-0.9653268619914951,0.3508125558845378,-1.1805698050008664,1.286642510115932
-0.34670863784060635,-0.7812731451908157,-0.911833000467637,-0.18542107642164748,-0.4880089519645589,1.5013719165891328,1.520312933575693,0.8957364801663626,0.01852799155954619,0.6686140419767981,-0.5786488083485842,-0.137333459688987,-0.951330118796061,0.5674704070853374,0.8602143322116396
-0.30704653754848943,0.31133752893323674,0.6433830188256643,1.1490452888801044,0.30147725989900515,0.13260332797398333,0.36525171225469805,-0.1693733470307576,0.01852799155954619,-0.01405494983134393,0.04711644241006265,-1.0578300383626131,-0.951330118796061,0.6767229203407251,-0.2769274755331404
-0.350283333575089,-0.7691456593871495,0.15248947123632553,-0.6419331316109644,0.7058482464632703,-0.39384612918568956,-0.4597920172602984,-0.1693733470307576,0.865237283259216,0.6686140419767981,0.9857643185480329,-0.4588176573406363,0.3508125558845378,-0.9620647784900909,1.1444997841478346
0.1923895236406566,1.5115796395648269,-0.12822678031769535,0.6979750992493355,0.30147725989900515,-1.394100097789068,-0.37728764430879874,-1.9445563923592915,-0.9975231584800576,-1.379392933447628,-0.5786488083485842,0.09054386267235598,1.6529552305651367,0.40359163720225577,1.570927962052127
-0.3494322155430693,-0.8854937263160721,0.8818718684365164,-0.6334680074087784,-0.14140524919518924,-1.9731945006647083,-1.2848357467752949,-1.9445563923592915,1.3732628582790178,1.0099485378808692,1.6115295693066798,0.18598061562043464,0.3508125558845378,-0.033418415819295146,0.29164342833924956
-0.35879451389528577,0.0161090464002375,0.6328261683398722,3.176442535303653,1.3605441294720821,0.6590527851336562,0.36525171225469805,0.7182181756335093,-2.352258025199529,-2.403396421159841,-2.143061935245201,-0.4588176573406363,0.3508125558845378,-0.9620647784900909,-0.5612129274693354
-0.35777317225686217,-0.7198777483097555,1.1366758506163201,-0.592956341584031,-1.5663315828026005,0.7643426765655907,1.3553041876726937,-0.1693733470307576,-2.352258025199529,-2.06206192525577,-2.4559445606245247,-0.4588176573406363,0.3508125558845378,-0.9620647784900909,-1.6983547352141153
0.039358501483518805,-0.7873368880926488,-0.9732546760213374,-0.054816303016491895,-1.431541253947845,1.5013719165891328,1.520312933575693,0.8957364801663626,0.01852799155954619,0.6686140419767981,-0.5786488083485842,0.6368254966275787,-0.951330118796061,-1.6175798580224172,0.8602143322116396
-0.32304755655045936,-0.7122980696824641,0.8607581674649322,-0.5905377346691207,-1.373773970152951,-1.7626147178008391,-1.2848357467752949,-1.5895197832935846,-0.15081386678038777,-0.355389445735415,0.04711644241006265,-0.6911623949411695,-0.951330118796061,-0.36117595558545834,-1.1297838313417254
-0.3550495945543992,1.5502360005640128,-0.18916859903113248,0.6907192785046044,-0.10289372666526003,-1.394100097789068,-0.37728764430879874,-1.9445563923592915,-0.9975231584800576,-1.379392933447628,-0.5786488083485842,0.6368254966275787,1.6529552305651367,1.0044804601068884,1.570927962052127
-0.3007482641115438,-0.6713678050950906,1.3665272771024324,-0.6770029318771635,-0.565031997024419,0.13260332797398333,0.36525171225469805,-0.1693733470307576,0.18786984989948016,0.3272795460727271,0.04711644241006265,0.06014195194826885,0.3508125558845378,1.2776117432453575,-1.2719265573098228
-0.35453892373518736,1.1621564548466943,0.06515552630840793,-0.672165718047343,-1.0271702673835796,0.5537628937017216,0.36525171225469805,0.5406998711006559,0.18786984989948016,0.3272795460727271,0.04711644241006265,-0.42515535659833387,-0.951330118796061,1.113732973362276,0.43378615430734707
-0.2386166477741075,-0.8032542132099606,-1.0255590716100353,0.13202108116032807,-1.2967509250930909,1.5013719165891328,1.520312933575693,0.8957364801663626,0.01852799155954619,0.6686140419767981,-0.5786488083485842,0.17523849530111527,-0.951330118796061,-1.5083273447670296,0.8602143322116396
-0.34909176833026145,-0.7558812217893895,-1.4876612087835772,-1.2381197361363503,0.956173142907817,0.6590527851336562,1.1902954417696945,-0.1693733470307576,0.695895424919282,0.6686140419767981,0.6728816931687095,-1.0578300383626131,-0.951330118796061,0.8952279468515005,-0.1347847495650429
-0.3596456319273054,0.09417973626133881,1.0181512110712885,-0.6237935797491372,1.3027768456771867,0.6590527851336562,0.36525171225469805,0.7182181756335093,-2.352258025199529,-2.403396421159841,-2.143061935245201,-0.025232052709835702,0.3508125558845378,-1.5629536013947234,1.002357058179737
-0.3189621899967649,-0.7668717557989619,0.906824424130207,-0.49016554770034376,-1.5085642990077048,0.13260332797398333,0.36525171225469805,-0.1693733470307576,0.18786984989948016,0.3272795460727271,0.04711644241006265,0.17523849530111527,0.3508125558845378,-1.5083273447670296,-1.2719265573098228
-0.27249114544849057,-0.7801361933967219,-1.5298886107267462,-1.1915615530243273,1.1872422780873955,0.6590527851336562,1.1902954417696945,-0.1693733470307576,0.695895424919282,0.6686140419767981,0.6728816931687095,3.211241919993147,-0.951330118796061,1.605369283011521,-0.1347847495650429
1.0361879405849637,0.1426896794760037,1.1150822928044721,-0.7235611149891865,1.2642653231472556,0.6590527851336562,0.36525171225469805,0.7182181756335093,-2.352258025199529,-2.403396421159841,-2.143061935245201,-1.0578300383626131,0.3508125558845378,1.1683592299899699,1.002357058179737
-0.3591349611080936,-0.8191715383272726,-1.4876612087835772,0.40895157291755596,0.1859426923092158,-0.6044259120495588,-2.109879476290291,1.2507730892320694,0.865237283259216,1.0099485378808692,0.6728816931687095,-0.6479357671858119,-0.951330118796061,-0.25192344233007063,-0.7033556534374329
-0.35198556963912836,-0.7073712785747246,0.9370554050667936,-0.5965842519563965,-0.8731241772638595,0.7643426765655907,1.3553041876726937,-0.1693733470307576,-2.352258025199529,-2.06206192525577,-2.4559445606245247,0.06014195194826885,0.3508125558845378,-0.7981860086070093,-1.6983547352141153
-0.14141896851746044,-0.6145202153904052,-1.4790237856588382,-0.13039776910743842,-0.44949742943462967,0.13260332797398333,0.36525171225469805,-0.1693733470307576,0.01852799155954619,-0.01405494983134393,0.04711644241006265,-0.9653268619914951,-0.951330118796061,-0.088044672446989,-0.4190702015012379
-0.33887835194602534,-0.654313528183685,-1.4267193900701403,0.11811409139959368,-1.1041933124434398,0.13260332797398333,0.36525171225469805,-0.1693733470307576,0.01852799155954619,-0.01405494983134393,0.04711644241006265,-0.4588176573406363,-0.951330118796061,0.9498542034791945,-0.4190702015012379
-0.3140257054110508,-0.7119190857510995,-1.5145331918383211,0.20881185070872949,-0.9116356997937903,0.13260332797398333,0.36525171225469805,-0.1693733470307576,0.01852799155954619,-0.01405494983134393,0.04711644241006265,-0.47533616364388437,-0.951330118796061,1.6599955396392148,-0.4190702015012379
-0.3421126004677001,-0.7861999362985551,-1.46030936888857,-1.1625382700454037,0.7058482464632703,0.6590527851336562,1.1902954417696945,-0.1693733470307576,0.695895424919282,0.6686140419767981,0.6728816931687095,3.211241919993147,-0.951330118796061,1.5507430263838269,-0.1347847495650429
-0.09205412266031922,-0.7456486556425461,1.0536606172507719,-0.5131423133919915,-1.1041933124434398,-1.7626147178008391,-1.2848357467752949,-1.5895197832935846,-0.15081386678038777,-0.355389445735415,0.04711644241006265,-0.86759260538846,-0.951330118796061,-0.4158022122131522,-1.1297838313417254
-0.3596456319273054,-0.7513334146130146,-1.475184930936732,0.5516493808972629,-0.23768405552001395,-0.6044259120495588,-2.109879476290291,1.2507730892320694,0.865237283259216,1.0099485378808692,0.6728816931687095,0.5612481508128057,-0.951330118796061,-0.30654969895776446,-0.7033556534374329
-0.3353036562115427,-0.7524703664071084,-1.6397758271470382,-1.2012359806839683,1.2642653231472556,-1.4467450435050353,-1.2848357467752949,-1.0569648696950245,0.526553566579348,1.0099485378808692,0.04711644241006265,3.211241919993147,1.6529552305651367,1.5507430263838269,0.14950070237115207
-0.3586242902888818,1.3755244082049465,0.11074192613341965,-0.4786771648545198,-1.3160066863580555,0.5537628937017216,0.36525171225469805,0.5406998711006559,0.18786984989948016,0.3272795460727271,0.04711644241006265,-0.7422883049259317,-0.951330118796061,1.3322379998730516,0.43378615430734707
4.892773967272521,-0.7683876915244203,0.8492416032986129,-0.6443517385258747,1.3220326069421513,-1.9731945006647083,-1.2848357467752949,-1.9445563923592915,1.3732628582790178,1.0099485378808692,1.6115295693066798,-1.0578300383626131,0.3508125558845378,0.6767229203407251,0.29164342833924956
-0.3325800785090797,-0.7100241660942767,0.8406041801738742,-0.6806308422495289,-1.3930297314179156,0.13260332797398333,0.36525171225469805,-0.1693733470307576,0.18786984989948016,0.3272795460727271,0.04711644241006265,0.06014195194826885,0.3508125558845378,0.021207840808398718,-1.2719265573098228
-0.3290053827745971,0.18740978337702283,0.46487627424772293,1.3376966282431066,0.5710579176085164,0.13260332797398333,0.36525171225469805,-0.1693733470307576,0.01852799155954619,-0.01405494983134393,0.04711644241006265,0.06014195194826885,-0.951330118796061,-0.14267092907468287,-0.2769274755331404
-0.2677248844691804,-0.6736417086832781,-1.4780640719783116,0.006858173313720426,-0.4880089519645589,0.13260332797398333,0.36525171225469805,-0.1693733470307576,0.01852799155954619,-0.01405494983134393,0.04711644241006265,-0.42515535659833387,-0.951330118796061,-0.907438521862397,-0.4190702015012379
-0.3521557932455323,0.4019146885293688,0.4437625732761386,1.2971849624183591,1.283521084412222,0.13260332797398333,0.36525171225469805,-0.1693733470307576,0.01852799155954619,-0.01405494983134393,0.04711644241006265,-0.137333459688987,-0.951330118796061,0.5674704070853374,-0.2769274755331404
-0.35590071258641887,-0.8642706261596562,-1.4723057898951522,0.6780215922013253,-0.29545133931490947,-0.6044259120495588,-2.109879476290291,1.2507730892320694,0.865237283259216,1.0099485378808692,0.6728816931687095,-0.4588176573406363,-0.951330118796061,-0.9620647784900909,-0.7033556534374329
-0.3557304889800149,-0.7414798323975359,0.9888799438152281,-0.6183517141905891,1.0717077104976063,-1.9731945006647083,-1.2848357467752949,-1.9445563923592915,1.3732628582790178,1.0099485378808692,1.6115295693066798,1.3756486598758153,0.3508125558845378,-1.672206114650111,0.29164342833924956
-0.13120555213322432,-0.6888010659378608,-1.4171222532648746,0.20216068169272622,-0.6998223258791746,0.13260332797398333,0.36525171225469805,-0.1693733470307576,0.01852799155954619,-0.01405494983134393,0.04711644241006265,0.17523849530111527,-0.951330118796061,-1.5083273447670296,-0.4190702015012379
-0.3589647375016897,-0.9006530835706549,-1.4204812511467175,0.4603469698593997,-0.21842829425504934,-0.6044259120495588,-2.109879476290291,1.2507730892320694,0.865237283259216,1.0099485378808692,0.6728816931687095,0.06014195194826885,-0.951330118796061,0.021207840808398718,-0.7033556534374329
-0.31317458737903114,0.42844356372488873,0.6193901768125002,1.400580408030774,0.41701182748879617,1.185502242293329,1.1902954417696945,0.7182181756335093,0.695895424919282,0.6686140419767981,0.6728816931687095,-0.6911623949411695,-0.951330118796061,-1.4537010881393357,1.4287852360840296
-0.31317458737903114,2.1812442462860204,1.666917659107248,0.8781613144101518,-0.17991677172512013,0.13260332797398333,-0.4597920172602984,0.7182181756335093,0.695895424919282,0.3272795460727271,0.9857643185480329,0.06014195194826885,1.6529552305651367,0.021207840808398718,-1.4140692832779205
1.7184441550519363,-0.687664114143767,0.14097290707000665,-0.7701192981012095,0.5132906338136208,1.185502242293329,1.1902954417696945,0.7182181756335093,0.01852799155954619,-0.01405494983134393,0.04711644241006265,-0.025232052709835702,0.3508125558845378,-1.5629536013947234,1.286642510115932
-0.32457956900809476,0.07144070037946461,0.8113329129178138,-0.7217471598030037,1.745659354771381,0.6590527851336562,0.36525171225469805,0.7182181756335093,-2.352258025199529,-2.403396421159841,-2.143061935245201,0.6368254966275787,0.3508125558845378,-1.6175798580224172,1.002357058179737
-0.3262818050721341,1.4778500696733803,-0.10471379514479436,0.4029050556302802,-0.4109859069047005,-0.7097158034814933,-0.12977452545429982,-1.0569648696950245,-0.4894975834602557,0.3272795460727271,-1.204414059107231,0.06014195194826885,1.6529552305651367,-0.7981860086070093,-0.8454983794055304
-0.1489088071992336,-0.08053185609772749,1.221610511342921,2.6655118245288545,2.0537515350108215,0.6590527851336562,0.36525171225469805,0.7182181756335093,-2.352258025199529,-2.403396421159841,-2.143061935245201,0.6368254966275787,0.3508125558845378,1.0044804601068884,-0.5612129274693354
-0.28781127002484475,-0.6202049743608739,-1.4219208216675074,0.07881172903230158,-0.930891461058755,0.13260332797398333,0.36525171225469805,-0.1693733470307576,0.01852799155954619,-0.01405494983134393,0.04711644241006265,2.5912862398265606,-0.951330118796061,-1.1259435483731726,-0.4190702015012379
-0.3048336306652383,-0.6997915999474332,0.3607473399105904,-0.5179795272218121,-1.83591224051211,-1.7626147178008391,-1.2848357467752949,-1.5895197832935846,-0.15081386678038777,-0.355389445735415,0.04711644241006265,-0.025232052709835702,-0.951330118796061,1.0591067167345822,-1.1297838313417254
