District,Season,Crop Name,Area,N,P,K,ph,Avg Temp,Min Temp,Max Temp,Avg Humidity,Min Relative Humidity,Max Relative Humidity,Rainfall,AP Ratio,Transplant,Growth,Harvest,Production,Crop_Label_22
Bagerhat,Kharif 2,Aman,177321,79.89,47.58,39.87,6.43,26.0,12.0,40,72.5,85,60,144.96843434343435,0.8510272331,June,July to  Oct,Nov to Dec,150905,rice
Bandarban,Kharif 2,Aman,25646,79.89,47.58,39.87,6.43,26.0,12.0,40,72.5,85,60,243.94444444444449,1.175777899,June,July to  Oct,Nov to Dec,30154,rice
Barguna,Kharif 2,Aman,231401,79.89,47.58,39.87,6.43,26.0,12.0,40,72.5,85,60,207.8076923076923,0.7705887183,June,July to  Oct,Nov to Dec,178315,rice
Barishal,Kharif 2,Aman,302665,79.89,47.58,39.87,6.43,26.0,12.0,40,72.5,85,60,175.42564102564103,0.7571043893,June,July to  Oct,Nov to Dec,229149,rice
Bhola,Kharif 2,Aman,388575,79.89,47.58,39.87,6.43,26.0,12.0,40,72.5,85,60,185.23090277777777,1.100652384,June,July to  Oct,Nov to Dec,427686,rice
Bogura,Kharif 2,Aman,443007,79.89,47.58,39.87,6.43,26.0,12.0,40,72.5,85,60,142.85416666666666,1.192475514,June,July to  Oct,Nov to Dec,528275,rice
Brahmanbaria,Kharif 2,Aman,174588,79.89,47.58,39.87,6.43,26.0,12.0,40,72.5,85,60,185.75631313131316,1.014634454,June,July to  Oct,Nov to Dec,177143,rice
Chandpur,Kharif 2,Aman,90004,79.89,47.58,39.87,6.43,26.0,12.0,40,72.5,85,60,168.796875,0.7804430914,June,July to  Oct,Nov to Dec,70243,rice
Chapai Nawabganj,Kharif 2,Aman,140665,79.89,47.58,39.87,6.43,26.0,12.0,40,72.5,85,60,124.92,1.127252693,June,July to  Oct,Nov to Dec,158565,rice
Chattogram,Kharif 2,Aman,444857,79.89,47.58,39.87,6.43,26.0,12.0,40,72.5,85,60,243.94444444444449,0.9779996718,June,July to  Oct,Nov to Dec,435070,rice
Chuadanga,Kharif 2,Aman,85718,79.89,47.58,39.87,6.43,26.0,12.0,40,72.5,85,60,129.44444444444446,1.096677477,June,July to  Oct,Nov to Dec,94005,rice
CoxsBazar,Kharif 2,Aman,181306,79.89,47.58,39.87,6.43,26.0,12.0,40,72.5,85,60,303.40277777777777,1.110415541,June,July to  Oct,Nov to Dec,201325,rice
Cumilla,Kharif 2,Aman,327517,79.89,47.58,39.87,6.43,26.0,12.0,40,72.5,85,60,185.75631313131316,0.9096474381,June,July to  Oct,Nov to Dec,297925,rice
Dhaka,Kharif 2,Aman,18702,79.89,47.58,39.87,6.43,26.0,12.0,40,72.5,85,60,169.94262295081967,0.9652443589,June,July to  Oct,Nov to Dec,18052,rice
Dinajpur,Kharif 2,Aman,645472,79.89,47.58,39.87,6.43,26.0,12.0,40,72.5,85,60,154.21843434343435,1.078918993,June,July to  Oct,Nov to Dec,696412,rice
Faridpur,Kharif 2,Aman,191856,79.89,47.58,39.87,6.43,26.0,12.0,40,72.5,85,60,155.864898989899,1.040175965,June,July to  Oct,Nov to Dec,199564,rice
Feni,Kharif 2,Aman,163129,79.89,47.58,39.87,6.43,26.0,12.0,40,72.5,85,60,248.1727642276423,1.202152897,June,July to  Oct,Nov to Dec,196106,rice
Gaibandha,Kharif 2,Aman,293991,79.89,47.58,39.87,6.43,26.0,12.0,40,72.5,85,60,179.6013888888889,1.126656938,June,July to  Oct,Nov to Dec,331227,rice
Gazipur,Kharif 2,Aman,112432,79.89,47.58,39.87,6.43,26.0,12.0,40,72.5,85,60,169.94262295081967,1.185907927,June,July to  Oct,Nov to Dec,133334,rice
Gopalganj,Kharif 2,Aman,59993,79.89,47.58,39.87,6.43,26.0,12.0,40,72.5,85,60,155.864898989899,0.7519377261,June,July to  Oct,Nov to Dec,45111,rice
Habiganj,Kharif 2,Aman,245464,79.89,47.58,39.87,6.43,26.0,12.0,40,72.5,85,60,333.72557471264366,1.064665287,June,July to  Oct,Nov to Dec,261337,rice
Jamalpur,Kharif 2,Aman,265787,79.89,47.58,39.87,6.43,26.0,12.0,40,72.5,85,60,181.08838383838383,0.9535003593,June,July to  Oct,Nov to Dec,253428,rice
Jashore,Kharif 2,Aman,338887,79.89,47.58,39.87,6.43,26.0,12.0,40,72.5,85,60,134.2247474747475,1.14695459,June,July to  Oct,Nov to Dec,388688,rice
Jhallokati,Kharif 2,Aman,116665,79.89,47.58,39.87,6.43,26.0,12.0,40,72.5,85,60,175.42564102564103,0.7944799211,June,July to  Oct,Nov to Dec,92688,rice
Jhenaidah,Kharif 2,Aman,252930,79.89,47.58,39.87,6.43,26.0,12.0,40,72.5,85,60,134.2247474747475,1.369529119,June,July to  Oct,Nov to Dec,346395,rice
Joypurhat,Kharif 2,Aman,170726,79.89,47.58,39.87,6.43,26.0,12.0,40,72.5,85,60,142.85416666666666,1.137928611,June,July to  Oct,Nov to Dec,194274,rice
Khagrachari,Kharif 2,Aman,66694,79.89,47.58,39.87,6.43,26.0,12.0,40,72.5,85,60,204.11111111111111,1.304375206,June,July to  Oct,Nov to Dec,86994,rice
Khulna,Kharif 2,Aman,237461,79.89,47.58,39.87,6.43,26.0,12.0,40,72.5,85,60,144.96843434343435,1.120950388,June,July to  Oct,Nov to Dec,266182,rice
Kishoreganj,Kharif 2,Aman,186328,79.89,47.58,39.87,6.43,26.0,12.0,40,72.5,85,60,181.08838383838383,1.158322957,June,July to  Oct,Nov to Dec,215828,rice
Kurigram,Kharif 2,Aman,283509,79.89,47.58,39.87,6.43,26.0,12.0,40,72.5,85,60,179.6013888888889,1.102067307,June,July to  Oct,Nov to Dec,312446,rice
Kushtia,Kharif 2,Aman,225972,79.89,47.58,39.87,6.43,26.0,12.0,40,72.5,85,60,129.44444444444446,1.200374383,June,July to  Oct,Nov to Dec,271251,rice
Lakshmipur,Kharif 2,Aman,185213,79.89,47.58,39.87,6.43,26.0,12.0,40,72.5,85,60,185.75631313131316,1.053263,June,July to  Oct,Nov to Dec,195078,rice
Lalmonirhat,Kharif 2,Aman,189950,79.89,47.58,39.87,6.43,26.0,12.0,40,72.5,85,60,179.6013888888889,1.141163464,June,July to  Oct,Nov to Dec,216764,rice
Madaripur,Kharif 2,Aman,40746,79.89,47.58,39.87,6.43,26.0,12.0,40,72.5,85,60,160.41666666666666,0.8303146321,June,July to  Oct,Nov to Dec,33832,rice
Magura,Kharif 2,Aman,143430,79.89,47.58,39.87,6.43,26.0,12.0,40,72.5,85,60,134.2247474747475,1.062643798,June,July to  Oct,Nov to Dec,152415,rice
Manikganj,Kharif 2,Aman,19457,79.89,47.58,39.87,6.43,26.0,12.0,40,72.5,85,60,169.94262295081967,0.9198231999,June,July to  Oct,Nov to Dec,17897,rice
Meherpur,Kharif 2,Aman,82524,79.89,47.58,39.87,6.43,26.0,12.0,40,72.5,85,60,129.44444444444446,1.279203626,June,July to  Oct,Nov to Dec,105565,rice
Moulvibazar,Kharif 2,Aman,251081,79.89,47.58,39.87,6.43,26.0,12.0,40,72.5,85,60,333.72557471264366,1.180622986,June,July to  Oct,Nov to Dec,296432,rice
Munshiganj,Kharif 2,Aman,41822,79.89,47.58,39.87,6.43,26.0,12.0,40,72.5,85,60,169.94262295081967,0.3934053847,June,July to  Oct,Nov to Dec,16453,rice
Mymensingh,Kharif 2,Aman,663734,79.89,47.58,39.87,6.43,26.0,12.0,40,72.5,85,60,181.08838383838383,0.9711571202,June,July to  Oct,Nov to Dec,644590,rice
Naogaon,Kharif 2,Aman,468054,79.89,47.58,39.87,6.43,26.0,12.0,40,72.5,85,60,124.92,1.082366565,June,July to  Oct,Nov to Dec,506606,rice
Narail,Kharif 2,Aman,85229,79.89,47.58,39.87,6.43,26.0,12.0,40,72.5,85,60,134.2247474747475,1.068098887,June,July to  Oct,Nov to Dec,91033,rice
Narayanganj,Kharif 2,Aman,19756,79.89,47.58,39.87,6.43,26.0,12.0,40,72.5,85,60,169.94262295081967,0.5482385098,June,July to  Oct,Nov to Dec,10831,rice
Narsingdi,Kharif 2,Aman,97752,79.89,47.58,39.87,6.43,26.0,12.0,40,72.5,85,60,169.94262295081967,1.039313774,June,July to  Oct,Nov to Dec,101595,rice
Natore,Kharif 2,Aman,182696,79.89,47.58,39.87,6.43,26.0,12.0,40,72.5,85,60,124.92,1.119438849,June,July to  Oct,Nov to Dec,204517,rice
Netrokona,Kharif 2,Aman,301949,79.89,47.58,39.87,6.43,26.0,12.0,40,72.5,85,60,181.08838383838383,1.091058424,June,July to  Oct,Nov to Dec,329444,rice
Nilphamari,Kharif 2,Aman,279580,79.89,47.58,39.87,6.43,26.0,12.0,40,72.5,85,60,179.6013888888889,1.103355033,June,July to  Oct,Nov to Dec,308476,rice
Noakhali,Kharif 2,Aman,382971,79.89,47.58,39.87,6.43,26.0,12.0,40,72.5,85,60,185.75631313131316,1.033623956,June,July to  Oct,Nov to Dec,395848,rice
Pabna,Kharif 2,Aman,221929,79.89,47.58,39.87,6.43,26.0,12.0,40,72.5,85,60,124.92,0.8668718374,June,July to  Oct,Nov to Dec,192384,rice
Panchagar,Kharif 2,Aman,246162,79.89,47.58,39.87,6.43,26.0,12.0,40,72.5,85,60,154.21843434343435,1.246549021,June,July to  Oct,Nov to Dec,306853,rice
Patuakhali,Kharif 2,Aman,431833,79.89,47.58,39.87,6.43,26.0,12.0,40,72.5,85,60,207.8076923076923,0.749345233,June,July to  Oct,Nov to Dec,323592,rice
Pirojpur,Kharif 2,Aman,155038,79.89,47.58,39.87,6.43,26.0,12.0,40,72.5,85,60,175.42564102564103,0.6449257601,June,July to  Oct,Nov to Dec,99988,rice
Rajbari,Kharif 2,Aman,117377,79.89,47.58,39.87,6.43,26.0,12.0,40,72.5,85,60,155.864898989899,0.9136968912,June,July to  Oct,Nov to Dec,107247,rice
Rajshahi,Kharif 2,Aman,182555,79.89,47.58,39.87,6.43,26.0,12.0,40,72.5,85,60,124.92,1.273851716,June,July to  Oct,Nov to Dec,232548,rice
Rangamati,Kharif 2,Aman,23990,79.89,47.58,39.87,6.43,26.0,12.0,40,72.5,85,60,204.11111111111111,1.199041267,June,July to  Oct,Nov to Dec,28765,rice
Rangpur,Kharif 2,Aman,405055,79.89,47.58,39.87,6.43,26.0,12.0,40,72.5,85,60,179.6013888888889,1.092310921,June,July to  Oct,Nov to Dec,442446,rice
Satkhira,Kharif 2,Aman,207744,79.89,47.58,39.87,6.43,26.0,12.0,40,72.5,85,60,140.35353535353536,1.108450786,June,July to  Oct,Nov to Dec,230274,rice
Shariatpur,Kharif 2,Aman,32898,79.89,47.58,39.87,6.43,26.0,12.0,40,72.5,85,60,155.864898989899,0.701501611,June,July to  Oct,Nov to Dec,23078,rice
Sherpur,Kharif 2,Aman,202388,79.89,47.58,39.87,6.43,26.0,12.0,40,72.5,85,60,181.08838383838383,0.9527689389,June,July to  Oct,Nov to Dec,192829,rice
Sirajganj,Kharif 2,Aman,200166,79.89,47.58,39.87,6.43,26.0,12.0,40,72.5,85,60,142.85416666666666,1.104498266,June,July to  Oct,Nov to Dec,221083,rice
Sunamganj,Kharif 2,Aman,198587,79.89,47.58,39.87,6.43,26.0,12.0,40,72.5,85,60,333.72557471264366,1.044851879,June,July to  Oct,Nov to Dec,207494,rice
Sylhet,Kharif 2,Aman,336140,79.89,47.58,39.87,6.43,26.0,12.0,40,72.5,85,60,333.72557471264366,1.05969834,June,July to  Oct,Nov to Dec,356207,rice
Tangail,Kharif 2,Aman,249183,79.89,47.58,39.87,6.43,26.0,12.0,40,72.5,85,60,153.4104938271605,0.8334115891,June,July to  Oct,Nov to Dec,207672,rice
Thakurgaon,Kharif 2,Aman,322836,79.89,47.58,39.87,6.43,26.0,12.0,40,72.5,85,60,154.21843434343435,1.083695746,June,July to  Oct,Nov to Dec,349856,rice
Bagerhat,Kharif 2,Arhar,0,20.73,67.73,20.29,5.79,28.0,26.0,30,35.0,50,20,144.96843434343435,2.518413598,Aug,Sep to Oct,Nov,0,pigeonpeas
Bandarban,Kharif 2,Arhar,64,20.73,67.73,20.29,5.79,28.0,26.0,30,35.0,50,20,243.94444444444449,0.265625,Aug,Sep to Oct,Nov,17,pigeonpeas
Barguna,Kharif 2,Arhar,0,20.73,67.73,20.29,5.79,28.0,26.0,30,35.0,50,20,207.8076923076923,2.518413598,Aug,Sep to Oct,Nov,0,pigeonpeas
Barishal,Kharif 2,Arhar,0,20.73,67.73,20.29,5.79,28.0,26.0,30,35.0,50,20,175.42564102564103,2.518413598,Aug,Sep to Oct,Nov,0,pigeonpeas
Bhola,Kharif 2,Arhar,0,20.73,67.73,20.29,5.79,28.0,26.0,30,35.0,50,20,185.23090277777777,2.518413598,Aug,Sep to Oct,Nov,0,pigeonpeas
Bogura,Kharif 2,Arhar,6,20.73,67.73,20.29,5.79,28.0,26.0,30,35.0,50,20,142.85416666666666,0.3333333333,Aug,Sep to Oct,Nov,2,pigeonpeas
Brahmanbaria,Kharif 2,Arhar,0,20.73,67.73,20.29,5.79,28.0,26.0,30,35.0,50,20,185.75631313131316,2.518413598,Aug,Sep to Oct,Nov,0,pigeonpeas
Chandpur,Kharif 2,Arhar,0,20.73,67.73,20.29,5.79,28.0,26.0,30,35.0,50,20,168.796875,2.518413598,Aug,Sep to Oct,Nov,0,pigeonpeas
Chapai Nawabganj,Kharif 2,Arhar,50,20.73,67.73,20.29,5.79,28.0,26.0,30,35.0,50,20,124.92,0.38,Aug,Sep to Oct,Nov,19,pigeonpeas
Chattogram,Kharif 2,Arhar,35,20.73,67.73,20.29,5.79,28.0,26.0,30,35.0,50,20,243.94444444444449,0.6571428571,Aug,Sep to Oct,Nov,23,pigeonpeas
Chuadanga,Kharif 2,Arhar,24,20.73,67.73,20.29,5.79,28.0,26.0,30,35.0,50,20,129.44444444444446,0.25,Aug,Sep to Oct,Nov,6,pigeonpeas
CoxsBazar,Kharif 2,Arhar,2,20.73,67.73,20.29,5.79,28.0,26.0,30,35.0,50,20,303.40277777777777,2.0,Aug,Sep to Oct,Nov,4,pigeonpeas
Cumilla,Kharif 2,Arhar,2,20.73,67.73,20.29,5.79,28.0,26.0,30,35.0,50,20,185.75631313131316,0.0,Aug,Sep to Oct,Nov,0,pigeonpeas
Dhaka,Kharif 2,Arhar,0,20.73,67.73,20.29,5.79,28.0,26.0,30,35.0,50,20,169.94262295081967,2.518413598,Aug,Sep to Oct,Nov,0,pigeonpeas
Dinajpur,Kharif 2,Arhar,15,20.73,67.73,20.29,5.79,28.0,26.0,30,35.0,50,20,154.21843434343435,0.2666666667,Aug,Sep to Oct,Nov,4,pigeonpeas
Faridpur,Kharif 2,Arhar,5,20.73,67.73,20.29,5.79,28.0,26.0,30,35.0,50,20,155.864898989899,0.4,Aug,Sep to Oct,Nov,2,pigeonpeas
Feni,Kharif 2,Arhar,11,20.73,67.73,20.29,5.79,28.0,26.0,30,35.0,50,20,248.1727642276423,0.1818181818,Aug,Sep to Oct,Nov,2,pigeonpeas
Gaibandha,Kharif 2,Arhar,49,20.73,67.73,20.29,5.79,28.0,26.0,30,35.0,50,20,179.6013888888889,0.5918367347,Aug,Sep to Oct,Nov,29,pigeonpeas
Gazipur,Kharif 2,Arhar,2,20.73,67.73,20.29,5.79,28.0,26.0,30,35.0,50,20,169.94262295081967,0.0,Aug,Sep to Oct,Nov,0,pigeonpeas
Gopalganj,Kharif 2,Arhar,0,20.73,67.73,20.29,5.79,28.0,26.0,30,35.0,50,20,155.864898989899,2.518413598,Aug,Sep to Oct,Nov,0,pigeonpeas
Habiganj,Kharif 2,Arhar,0,20.73,67.73,20.29,5.79,28.0,26.0,30,35.0,50,20,333.72557471264366,2.518413598,Aug,Sep to Oct,Nov,0,pigeonpeas
Jamalpur,Kharif 2,Arhar,8,20.73,67.73,20.29,5.79,28.0,26.0,30,35.0,50,20,181.08838383838383,0.25,Aug,Sep to Oct,Nov,2,pigeonpeas
Jashore,Kharif 2,Arhar,12,20.73,67.73,20.29,5.79,28.0,26.0,30,35.0,50,20,134.2247474747475,0.3333333333,Aug,Sep to Oct,Nov,4,pigeonpeas
Jhallokati,Kharif 2,Arhar,0,20.73,67.73,20.29,5.79,28.0,26.0,30,35.0,50,20,175.42564102564103,2.518413598,Aug,Sep to Oct,Nov,0,pigeonpeas
Jhenaidah,Kharif 2,Arhar,0,20.73,67.73,20.29,5.79,28.0,26.0,30,35.0,50,20,134.2247474747475,2.518413598,Aug,Sep to Oct,Nov,0,pigeonpeas
Joypurhat,Kharif 2,Arhar,20,20.73,67.73,20.29,5.79,28.0,26.0,30,35.0,50,20,142.85416666666666,0.4,Aug,Sep to Oct,Nov,8,pigeonpeas
Khagrachari,Kharif 2,Arhar,29,20.73,67.73,20.29,5.79,28.0,26.0,30,35.0,50,20,204.11111111111111,0.3103448276,Aug,Sep to Oct,Nov,9,pigeonpeas
Khulna,Kharif 2,Arhar,0,20.73,67.73,20.29,5.79,28.0,26.0,30,35.0,50,20,144.96843434343435,2.518413598,Aug,Sep to Oct,Nov,0,pigeonpeas
Kishoreganj,Kharif 2,Arhar,0,20.73,67.73,20.29,5.79,28.0,26.0,30,35.0,50,20,181.08838383838383,2.518413598,Aug,Sep to Oct,Nov,0,pigeonpeas
Kurigram,Kharif 2,Arhar,61,20.73,67.73,20.29,5.79,28.0,26.0,30,35.0,50,20,179.6013888888889,0.2950819672,Aug,Sep to Oct,Nov,18,pigeonpeas
Kushtia,Kharif 2,Arhar,91,20.73,67.73,20.29,5.79,28.0,26.0,30,35.0,50,20,129.44444444444446,0.4725274725,Aug,Sep to Oct,Nov,43,pigeonpeas
Lakshmipur,Kharif 2,Arhar,14,20.73,67.73,20.29,5.79,28.0,26.0,30,35.0,50,20,185.75631313131316,0.1428571429,Aug,Sep to Oct,Nov,2,pigeonpeas
Lalmonirhat,Kharif 2,Arhar,7,20.73,67.73,20.29,5.79,28.0,26.0,30,35.0,50,20,179.6013888888889,0.1428571429,Aug,Sep to Oct,Nov,1,pigeonpeas
Madaripur,Kharif 2,Arhar,0,20.73,67.73,20.29,5.79,28.0,26.0,30,35.0,50,20,160.41666666666666,2.518413598,Aug,Sep to Oct,Nov,0,pigeonpeas
Magura,Kharif 2,Arhar,11,20.73,67.73,20.29,5.79,28.0,26.0,30,35.0,50,20,134.2247474747475,0.2727272727,Aug,Sep to Oct,Nov,3,pigeonpeas
Manikganj,Kharif 2,Arhar,0,20.73,67.73,20.29,5.79,28.0,26.0,30,35.0,50,20,169.94262295081967,2.518413598,Aug,Sep to Oct,Nov,0,pigeonpeas
Meherpur,Kharif 2,Arhar,16,20.73,67.73,20.29,5.79,28.0,26.0,30,35.0,50,20,129.44444444444446,0.375,Aug,Sep to Oct,Nov,6,pigeonpeas
Moulvibazar,Kharif 2,Arhar,26,20.73,67.73,20.29,5.79,28.0,26.0,30,35.0,50,20,333.72557471264366,0.2692307692,Aug,Sep to Oct,Nov,7,pigeonpeas
Munshiganj,Kharif 2,Arhar,12,20.73,67.73,20.29,5.79,28.0,26.0,30,35.0,50,20,169.94262295081967,0.25,Aug,Sep to Oct,Nov,3,pigeonpeas
Mymensingh,Kharif 2,Arhar,0,20.73,67.73,20.29,5.79,28.0,26.0,30,35.0,50,20,181.08838383838383,2.518413598,Aug,Sep to Oct,Nov,0,pigeonpeas
Naogaon,Kharif 2,Arhar,132,20.73,67.73,20.29,5.79,28.0,26.0,30,35.0,50,20,124.92,0.4166666667,Aug,Sep to Oct,Nov,55,pigeonpeas
Narail,Kharif 2,Arhar,0,20.73,67.73,20.29,5.79,28.0,26.0,30,35.0,50,20,134.2247474747475,2.518413598,Aug,Sep to Oct,Nov,0,pigeonpeas
Narayanganj,Kharif 2,Arhar,0,20.73,67.73,20.29,5.79,28.0,26.0,30,35.0,50,20,169.94262295081967,2.518413598,Aug,Sep to Oct,Nov,0,pigeonpeas
Narsingdi,Kharif 2,Arhar,0,20.73,67.73,20.29,5.79,28.0,26.0,30,35.0,50,20,169.94262295081967,2.518413598,Aug,Sep to Oct,Nov,0,pigeonpeas
Natore,Kharif 2,Arhar,15,20.73,67.73,20.29,5.79,28.0,26.0,30,35.0,50,20,124.92,0.2,Aug,Sep to Oct,Nov,3,pigeonpeas
Netrokona,Kharif 2,Arhar,8,20.73,67.73,20.29,5.79,28.0,26.0,30,35.0,50,20,181.08838383838383,0.375,Aug,Sep to Oct,Nov,3,pigeonpeas
Nilphamari,Kharif 2,Arhar,0,20.73,67.73,20.29,5.79,28.0,26.0,30,35.0,50,20,179.6013888888889,2.518413598,Aug,Sep to Oct,Nov,0,pigeonpeas
Noakhali,Kharif 2,Arhar,40,20.73,67.73,20.29,5.79,28.0,26.0,30,35.0,50,20,185.75631313131316,0.25,Aug,Sep to Oct,Nov,10,pigeonpeas
Pabna,Kharif 2,Arhar,7,20.73,67.73,20.29,5.79,28.0,26.0,30,35.0,50,20,124.92,0.7142857143,Aug,Sep to Oct,Nov,5,pigeonpeas
Panchagar,Kharif 2,Arhar,0,20.73,67.73,20.29,5.79,28.0,26.0,30,35.0,50,20,154.21843434343435,2.518413598,Aug,Sep to Oct,Nov,0,pigeonpeas
Patuakhali,Kharif 2,Arhar,0,20.73,67.73,20.29,5.79,28.0,26.0,30,35.0,50,20,207.8076923076923,2.518413598,Aug,Sep to Oct,Nov,0,pigeonpeas
Pirojpur,Kharif 2,Arhar,0,20.73,67.73,20.29,5.79,28.0,26.0,30,35.0,50,20,175.42564102564103,2.518413598,Aug,Sep to Oct,Nov,0,pigeonpeas
Rajbari,Kharif 2,Arhar,33,20.73,67.73,20.29,5.79,28.0,26.0,30,35.0,50,20,155.864898989899,0.2727272727,Aug,Sep to Oct,Nov,9,pigeonpeas
Rajshahi,Kharif 2,Arhar,6,20.73,67.73,20.29,5.79,28.0,26.0,30,35.0,50,20,124.92,0.1666666667,Aug,Sep to Oct,Nov,1,pigeonpeas
Rangamati,Kharif 2,Arhar,151,20.73,67.73,20.29,5.79,28.0,26.0,30,35.0,50,20,204.11111111111111,0.5298013245,Aug,Sep to Oct,Nov,80,pigeonpeas
Rangpur,Kharif 2,Arhar,83,20.73,67.73,20.29,5.79,28.0,26.0,30,35.0,50,20,179.6013888888889,0.734939759,Aug,Sep to Oct,Nov,61,pigeonpeas
Satkhira,Kharif 2,Arhar,0,20.73,67.73,20.29,5.79,28.0,26.0,30,35.0,50,20,140.35353535353536,2.518413598,Aug,Sep to Oct,Nov,0,pigeonpeas
Shariatpur,Kharif 2,Arhar,0,20.73,67.73,20.29,5.79,28.0,26.0,30,35.0,50,20,155.864898989899,2.518413598,Aug,Sep to Oct,Nov,0,pigeonpeas
Sherpur,Kharif 2,Arhar,8,20.73,67.73,20.29,5.79,28.0,26.0,30,35.0,50,20,181.08838383838383,0.375,Aug,Sep to Oct,Nov,3,pigeonpeas
Sirajganj,Kharif 2,Arhar,0,20.73,67.73,20.29,5.79,28.0,26.0,30,35.0,50,20,142.85416666666666,2.518413598,Aug,Sep to Oct,Nov,0,pigeonpeas
Sunamganj,Kharif 2,Arhar,0,20.73,67.73,20.29,5.79,28.0,26.0,30,35.0,50,20,333.72557471264366,2.518413598,Aug,Sep to Oct,Nov,0,pigeonpeas
Sylhet,Kharif 2,Arhar,0,20.73,67.73,20.29,5.79,28.0,26.0,30,35.0,50,20,333.72557471264366,2.518413598,Aug,Sep to Oct,Nov,0,pigeonpeas
Tangail,Kharif 2,Arhar,3,20.73,67.73,20.29,5.79,28.0,26.0,30,35.0,50,20,153.4104938271605,0.0,Aug,Sep to Oct,Nov,0,pigeonpeas
Thakurgaon,Kharif 2,Arhar,40,20.73,67.73,20.29,5.79,28.0,26.0,30,35.0,50,20,154.21843434343435,0.35,Aug,Sep to Oct,Nov,14,pigeonpeas
Bagerhat,Kharif 1,Aus,14355,79.89,47.58,39.87,6.43,26.0,12.0,40,72.5,85,60,144.96843434343435,1.118843608,March,April to july,Aug,16061,rice
Bandarban,Kharif 1,Aus,30323,79.89,47.58,39.87,6.43,26.0,12.0,40,72.5,85,60,243.94444444444449,0.80681331,March,April to july,Aug,24465,rice
Barguna,Kharif 1,Aus,136821,79.89,47.58,39.87,6.43,26.0,12.0,40,72.5,85,60,207.8076923076923,1.023665958,March,April to july,Aug,140059,rice
Barishal,Kharif 1,Aus,44719,79.89,47.58,39.87,6.43,26.0,12.0,40,72.5,85,60,175.42564102564103,0.7564793488,March,April to july,Aug,33829,rice
Bhola,Kharif 1,Aus,225181,79.89,47.58,39.87,6.43,26.0,12.0,40,72.5,85,60,185.23090277777777,0.7846976432,March,April to july,Aug,176699,rice
Bogura,Kharif 1,Aus,79878,79.89,47.58,39.87,6.43,26.0,12.0,40,72.5,85,60,142.85416666666666,0.9793184607,March,April to july,Aug,78226,rice
Brahmanbaria,Kharif 1,Aus,28171,79.89,47.58,39.87,6.43,26.0,12.0,40,72.5,85,60,185.75631313131316,1.044016897,March,April to july,Aug,29411,rice
Chandpur,Kharif 1,Aus,26157,79.89,47.58,39.87,6.43,26.0,12.0,40,72.5,85,60,168.796875,1.04304775,March,April to july,Aug,27283,rice
Chapai Nawabganj,Kharif 1,Aus,112725,79.89,47.58,39.87,6.43,26.0,12.0,40,72.5,85,60,124.92,1.093138168,March,April to july,Aug,123224,rice
Chattogram,Kharif 1,Aus,87232,79.89,47.58,39.87,6.43,26.0,12.0,40,72.5,85,60,243.94444444444449,1.168241012,March,April to july,Aug,101908,rice
Chuadanga,Kharif 1,Aus,105578,79.89,47.58,39.87,6.43,26.0,12.0,40,72.5,85,60,129.44444444444446,1.08818125,March,April to july,Aug,114888,rice
CoxsBazar,Kharif 1,Aus,7479,79.89,47.58,39.87,6.43,26.0,12.0,40,72.5,85,60,303.40277777777777,1.064447119,March,April to july,Aug,7961,rice
Cumilla,Kharif 1,Aus,194395,79.89,47.58,39.87,6.43,26.0,12.0,40,72.5,85,60,185.75631313131316,0.9509400962,March,April to july,Aug,184858,rice
Dhaka,Kharif 1,Aus,1454,79.89,47.58,39.87,6.43,26.0,12.0,40,72.5,85,60,169.94262295081967,0.7902338377,March,April to july,Aug,1149,rice
Dinajpur,Kharif 1,Aus,28663,79.89,47.58,39.87,6.43,26.0,12.0,40,72.5,85,60,154.21843434343435,0.8469804277,March,April to july,Aug,24277,rice
Faridpur,Kharif 1,Aus,21437,79.89,47.58,39.87,6.43,26.0,12.0,40,72.5,85,60,155.864898989899,0.6256938937,March,April to july,Aug,13413,rice
Feni,Kharif 1,Aus,27313,79.89,47.58,39.87,6.43,26.0,12.0,40,72.5,85,60,248.1727642276423,0.8943726431,March,April to july,Aug,24428,rice
Gaibandha,Kharif 1,Aus,34902,79.89,47.58,39.87,6.43,26.0,12.0,40,72.5,85,60,179.6013888888889,0.8496074724,March,April to july,Aug,29653,rice
Gazipur,Kharif 1,Aus,3943,79.89,47.58,39.87,6.43,26.0,12.0,40,72.5,85,60,169.94262295081967,1.305351255,March,April to july,Aug,5147,rice
Gopalganj,Kharif 1,Aus,9664,79.89,47.58,39.87,6.43,26.0,12.0,40,72.5,85,60,155.864898989899,1.432326159,March,April to july,Aug,13842,rice
Habiganj,Kharif 1,Aus,191786,79.89,47.58,39.87,6.43,26.0,12.0,40,72.5,85,60,333.72557471264366,1.085219985,March,April to july,Aug,208130,rice
Jamalpur,Kharif 1,Aus,9975,79.89,47.58,39.87,6.43,26.0,12.0,40,72.5,85,60,181.08838383838383,0.9179949875,March,April to july,Aug,9157,rice
Jashore,Kharif 1,Aus,41981,79.89,47.58,39.87,6.43,26.0,12.0,40,72.5,85,60,134.2247474747475,1.262070937,March,April to july,Aug,52983,rice
Jhallokati,Kharif 1,Aus,39679,79.89,47.58,39.87,6.43,26.0,12.0,40,72.5,85,60,175.42564102564103,1.070692306,March,April to july,Aug,42484,rice
Jhenaidah,Kharif 1,Aus,87423,79.89,47.58,39.87,6.43,26.0,12.0,40,72.5,85,60,134.2247474747475,1.223591046,March,April to july,Aug,106970,rice
Joypurhat,Kharif 1,Aus,1038,79.89,47.58,39.87,6.43,26.0,12.0,40,72.5,85,60,142.85416666666666,0.9441233141,March,April to july,Aug,980,rice
Khagrachari,Kharif 1,Aus,11154,79.89,47.58,39.87,6.43,26.0,12.0,40,72.5,85,60,204.11111111111111,1.009144701,March,April to july,Aug,11256,rice
Khulna,Kharif 1,Aus,9017,79.89,47.58,39.87,6.43,26.0,12.0,40,72.5,85,60,144.96843434343435,0.5480758567,March,April to july,Aug,4942,rice
Kishoreganj,Kharif 1,Aus,66014,79.89,47.58,39.87,6.43,26.0,12.0,40,72.5,85,60,181.08838383838383,1.050216621,March,April to july,Aug,69329,rice
Kurigram,Kharif 1,Aus,16357,79.89,47.58,39.87,6.43,26.0,12.0,40,72.5,85,60,179.6013888888889,0.8437977624,March,April to july,Aug,13802,rice
Kushtia,Kharif 1,Aus,67774,79.89,47.58,39.87,6.43,26.0,12.0,40,72.5,85,60,129.44444444444446,1.167424086,March,April to july,Aug,79121,rice
Lakshmipur,Kharif 1,Aus,80238,79.89,47.58,39.87,6.43,26.0,12.0,40,72.5,85,60,185.75631313131316,0.8856152945,March,April to july,Aug,71060,rice
Lalmonirhat,Kharif 1,Aus,27851,79.89,47.58,39.87,6.43,26.0,12.0,40,72.5,85,60,179.6013888888889,1.01267459,March,April to july,Aug,28204,rice
Madaripur,Kharif 1,Aus,4854,79.89,47.58,39.87,6.43,26.0,12.0,40,72.5,85,60,160.41666666666666,0.6847960445,March,April to july,Aug,3324,rice
Magura,Kharif 1,Aus,14520,79.89,47.58,39.87,6.43,26.0,12.0,40,72.5,85,60,134.2247474747475,0.8349173554,March,April to july,Aug,12123,rice
Manikganj,Kharif 1,Aus,8158,79.89,47.58,39.87,6.43,26.0,12.0,40,72.5,85,60,169.94262295081967,0.8540083354,March,April to july,Aug,6967,rice
Meherpur,Kharif 1,Aus,51464,79.89,47.58,39.87,6.43,26.0,12.0,40,72.5,85,60,129.44444444444446,1.24450101,March,April to july,Aug,64047,rice
Moulvibazar,Kharif 1,Aus,129959,79.89,47.58,39.87,6.43,26.0,12.0,40,72.5,85,60,333.72557471264366,1.211181988,March,April to july,Aug,157404,rice
Munshiganj,Kharif 1,Aus,447,79.89,47.58,39.87,6.43,26.0,12.0,40,72.5,85,60,169.94262295081967,0.8970917226,March,April to july,Aug,401,rice
Mymensingh,Kharif 1,Aus,58364,79.89,47.58,39.87,6.43,26.0,12.0,40,72.5,85,60,181.08838383838383,0.9350627099,March,April to july,Aug,54574,rice
Naogaon,Kharif 1,Aus,158927,79.89,47.58,39.87,6.43,26.0,12.0,40,72.5,85,60,124.92,1.077677173,March,April to july,Aug,171272,rice
Narail,Kharif 1,Aus,22828,79.89,47.58,39.87,6.43,26.0,12.0,40,72.5,85,60,134.2247474747475,0.8399334151,March,April to july,Aug,19174,rice
Narayanganj,Kharif 1,Aus,6054,79.89,47.58,39.87,6.43,26.0,12.0,40,72.5,85,60,169.94262295081967,0.9326065411,March,April to july,Aug,5646,rice
Narsingdi,Kharif 1,Aus,3735,79.89,47.58,39.87,6.43,26.0,12.0,40,72.5,85,60,169.94262295081967,1.089959839,March,April to july,Aug,4071,rice
Natore,Kharif 1,Aus,24015,79.89,47.58,39.87,6.43,26.0,12.0,40,72.5,85,60,124.92,1.151405372,March,April to july,Aug,27651,rice
Netrokona,Kharif 1,Aus,3609,79.89,47.58,39.87,6.43,26.0,12.0,40,72.5,85,60,181.08838383838383,0.9614851759,March,April to july,Aug,3470,rice
Nilphamari,Kharif 1,Aus,4312,79.89,47.58,39.87,6.43,26.0,12.0,40,72.5,85,60,179.6013888888889,0.8267625232,March,April to july,Aug,3565,rice
Noakhali,Kharif 1,Aus,99075,79.89,47.58,39.87,6.43,26.0,12.0,40,72.5,85,60,185.75631313131316,0.8683017916,March,April to july,Aug,86027,rice
Pabna,Kharif 1,Aus,59351,79.89,47.58,39.87,6.43,26.0,12.0,40,72.5,85,60,124.92,0.8480733265,March,April to july,Aug,50334,rice
Panchagar,Kharif 1,Aus,6020,79.89,47.58,39.87,6.43,26.0,12.0,40,72.5,85,60,154.21843434343435,1.027408638,March,April to july,Aug,6185,rice
Patuakhali,Kharif 1,Aus,83287,79.89,47.58,39.87,6.43,26.0,12.0,40,72.5,85,60,207.8076923076923,1.017097506,March,April to july,Aug,84711,rice
Pirojpur,Kharif 1,Aus,33909,79.89,47.58,39.87,6.43,26.0,12.0,40,72.5,85,60,175.42564102564103,0.948538736,March,April to july,Aug,32164,rice
Rajbari,Kharif 1,Aus,6411,79.89,47.58,39.87,6.43,26.0,12.0,40,72.5,85,60,155.864898989899,0.6995788489,March,April to july,Aug,4485,rice
Rajshahi,Kharif 1,Aus,108931,79.89,47.58,39.87,6.43,26.0,12.0,40,72.5,85,60,124.92,1.151600554,March,April to july,Aug,125445,rice
Rangamati,Kharif 1,Aus,14523,79.89,47.58,39.87,6.43,26.0,12.0,40,72.5,85,60,204.11111111111111,0.6259725952,March,April to july,Aug,9091,rice
Rangpur,Kharif 1,Aus,63967,79.89,47.58,39.87,6.43,26.0,12.0,40,72.5,85,60,179.6013888888889,1.11011928,March,April to july,Aug,71011,rice
Satkhira,Kharif 1,Aus,19706,79.89,47.58,39.87,6.43,26.0,12.0,40,72.5,85,60,140.35353535353536,1.143306607,March,April to july,Aug,22530,rice
Shariatpur,Kharif 1,Aus,30842,79.89,47.58,39.87,6.43,26.0,12.0,40,72.5,85,60,155.864898989899,0.9831074509,March,April to july,Aug,30321,rice
Sherpur,Kharif 1,Aus,12847,79.89,47.58,39.87,6.43,26.0,12.0,40,72.5,85,60,181.08838383838383,0.948859656,March,April to july,Aug,12190,rice
Sirajganj,Kharif 1,Aus,25932,79.89,47.58,39.87,6.43,26.0,12.0,40,72.5,85,60,142.85416666666666,1.043884004,March,April to july,Aug,27070,rice
Sunamganj,Kharif 1,Aus,50522,79.89,47.58,39.87,6.43,26.0,12.0,40,72.5,85,60,333.72557471264366,1.088654448,March,April to july,Aug,55001,rice
Sylhet,Kharif 1,Aus,183424,79.89,47.58,39.87,6.43,26.0,12.0,40,72.5,85,60,333.72557471264366,1.07249324,March,April to july,Aug,196721,rice
Tangail,Kharif 1,Aus,2964,79.89,47.58,39.87,6.43,26.0,12.0,40,72.5,85,60,153.4104938271605,0.866734143,March,April to july,Aug,2569,rice
Thakurgaon,Kharif 1,Aus,61148,79.89,47.58,39.87,6.43,26.0,12.0,40,72.5,85,60,154.21843434343435,1.07875973,March,April to july,Aug,65964,rice
Bagerhat,Rabi,Banana,2077,100.23,82.01,50.05,5.98,25.0,15.0,35,80.0,85,75,144.96843434343435,4.158401541,Jan,Jan to Jan,Jan,8637,banana
Bandarban,Rabi,Banana,3830,100.23,82.01,50.05,5.98,25.0,15.0,35,80.0,85,75,243.94444444444449,4.812010444,Jan,Jan to Jan,Jan,18430,banana
Barguna,Rabi,Banana,305,100.23,82.01,50.05,5.98,25.0,15.0,35,80.0,85,75,207.8076923076923,4.580327869,Jan,Jan to Jan,Jan,1397,banana
Barishal,Rabi,Banana,1760,100.23,82.01,50.05,5.98,25.0,15.0,35,80.0,85,75,175.42564102564103,3.284659091,Jan,Jan to Jan,Jan,5781,banana
Bhola,Rabi,Banana,563,100.23,82.01,50.05,5.98,25.0,15.0,35,80.0,85,75,185.23090277777777,3.621669627,Jan,Jan to Jan,Jan,2039,banana
Bogura,Rabi,Banana,2572,100.23,82.01,50.05,5.98,25.0,15.0,35,80.0,85,75,142.85416666666666,7.9062986,Jan,Jan to Jan,Jan,20335,banana
Brahmanbaria,Rabi,Banana,269,100.23,82.01,50.05,5.98,25.0,15.0,35,80.0,85,75,185.75631313131316,3.828996283,Jan,Jan to Jan,Jan,1030,banana
Chandpur,Rabi,Banana,990,100.23,82.01,50.05,5.98,25.0,15.0,35,80.0,85,75,168.796875,5.182828283,Jan,Jan to Jan,Jan,5131,banana
Chapai Nawabganj,Rabi,Banana,419,100.23,82.01,50.05,5.98,25.0,15.0,35,80.0,85,75,124.92,8.102625298,Jan,Jan to Jan,Jan,3395,banana
Chattogram,Rabi,Banana,2961,100.23,82.01,50.05,5.98,25.0,15.0,35,80.0,85,75,243.94444444444449,4.901384667,Jan,Jan to Jan,Jan,14513,banana
Chuadanga,Rabi,Banana,1813,100.23,82.01,50.05,5.98,25.0,15.0,35,80.0,85,75,129.44444444444446,9.927744071,Jan,Jan to Jan,Jan,17999,banana
CoxsBazar,Rabi,Banana,854,100.23,82.01,50.05,5.98,25.0,15.0,35,80.0,85,75,303.40277777777777,2.710772834,Jan,Jan to Jan,Jan,2315,banana
Cumilla,Rabi,Banana,849,100.23,82.01,50.05,5.98,25.0,15.0,35,80.0,85,75,185.75631313131316,4.628975265,Jan,Jan to Jan,Jan,3930,banana
Dhaka,Rabi,Banana,588,100.23,82.01,50.05,5.98,25.0,15.0,35,80.0,85,75,169.94262295081967,6.930272109,Jan,Jan to Jan,Jan,4075,banana
Dinajpur,Rabi,Banana,2772,100.23,82.01,50.05,5.98,25.0,15.0,35,80.0,85,75,154.21843434343435,10.43001443,Jan,Jan to Jan,Jan,28912,banana
Faridpur,Rabi,Banana,202,100.23,82.01,50.05,5.98,25.0,15.0,35,80.0,85,75,155.864898989899,3.089108911,Jan,Jan to Jan,Jan,624,banana
Feni,Rabi,Banana,483,100.23,82.01,50.05,5.98,25.0,15.0,35,80.0,85,75,248.1727642276423,4.461697723,Jan,Jan to Jan,Jan,2155,banana
Gaibandha,Rabi,Banana,3459,100.23,82.01,50.05,5.98,25.0,15.0,35,80.0,85,75,179.6013888888889,18.04191963,Jan,Jan to Jan,Jan,62407,banana
Gazipur,Rabi,Banana,1499,100.23,82.01,50.05,5.98,25.0,15.0,35,80.0,85,75,169.94262295081967,6.112741828,Jan,Jan to Jan,Jan,9163,banana
Gopalganj,Rabi,Banana,909,100.23,82.01,50.05,5.98,25.0,15.0,35,80.0,85,75,155.864898989899,5.922992299,Jan,Jan to Jan,Jan,5384,banana
Habiganj,Rabi,Banana,279,100.23,82.01,50.05,5.98,25.0,15.0,35,80.0,85,75,333.72557471264366,2.777777778,Jan,Jan to Jan,Jan,775,banana
Jamalpur,Rabi,Banana,1324,100.23,82.01,50.05,5.98,25.0,15.0,35,80.0,85,75,181.08838383838383,5.530966767,Jan,Jan to Jan,Jan,7323,banana
Jashore,Rabi,Banana,1973,100.23,82.01,50.05,5.98,25.0,15.0,35,80.0,85,75,134.2247474747475,5.144450076,Jan,Jan to Jan,Jan,10150,banana
Jhallokati,Rabi,Banana,2910,100.23,82.01,50.05,5.98,25.0,15.0,35,80.0,85,75,175.42564102564103,3.264604811,Jan,Jan to Jan,Jan,9500,banana
Jhenaidah,Rabi,Banana,8152,100.23,82.01,50.05,5.98,25.0,15.0,35,80.0,85,75,134.2247474747475,6.176521099,Jan,Jan to Jan,Jan,50351,banana
Joypurhat,Rabi,Banana,416,100.23,82.01,50.05,5.98,25.0,15.0,35,80.0,85,75,142.85416666666666,7.34375,Jan,Jan to Jan,Jan,3055,banana
Khagrachari,Rabi,Banana,7462,100.23,82.01,50.05,5.98,25.0,15.0,35,80.0,85,75,204.11111111111111,3.610024122,Jan,Jan to Jan,Jan,26938,banana
Khulna,Rabi,Banana,305,100.23,82.01,50.05,5.98,25.0,15.0,35,80.0,85,75,144.96843434343435,16.79672131,Jan,Jan to Jan,Jan,5123,banana
Kishoreganj,Rabi,Banana,1536,100.23,82.01,50.05,5.98,25.0,15.0,35,80.0,85,75,181.08838383838383,7.524088542,Jan,Jan to Jan,Jan,11557,banana
Kurigram,Rabi,Banana,520,100.23,82.01,50.05,5.98,25.0,15.0,35,80.0,85,75,179.6013888888889,10.18461538,Jan,Jan to Jan,Jan,5296,banana
Kushtia,Rabi,Banana,1760,100.23,82.01,50.05,5.98,25.0,15.0,35,80.0,85,75,129.44444444444446,21.00113636,Jan,Jan to Jan,Jan,36962,banana
Lakshmipur,Rabi,Banana,3250,100.23,82.01,50.05,5.98,25.0,15.0,35,80.0,85,75,185.75631313131316,3.825230769,Jan,Jan to Jan,Jan,12432,banana
Lalmonirhat,Rabi,Banana,277,100.23,82.01,50.05,5.98,25.0,15.0,35,80.0,85,75,179.6013888888889,10.83393502,Jan,Jan to Jan,Jan,3001,banana
Madaripur,Rabi,Banana,1584,100.23,82.01,50.05,5.98,25.0,15.0,35,80.0,85,75,160.41666666666666,7.698863636,Jan,Jan to Jan,Jan,12195,banana
Magura,Rabi,Banana,563,100.23,82.01,50.05,5.98,25.0,15.0,35,80.0,85,75,134.2247474747475,26.32149201,Jan,Jan to Jan,Jan,14819,banana
Manikganj,Rabi,Banana,601,100.23,82.01,50.05,5.98,25.0,15.0,35,80.0,85,75,169.94262295081967,3.271214642,Jan,Jan to Jan,Jan,1966,banana
Meherpur,Rabi,Banana,2432,100.23,82.01,50.05,5.98,25.0,15.0,35,80.0,85,75,129.44444444444446,15.37787829,Jan,Jan to Jan,Jan,37399,banana
Moulvibazar,Rabi,Banana,269,100.23,82.01,50.05,5.98,25.0,15.0,35,80.0,85,75,333.72557471264366,5.289962825,Jan,Jan to Jan,Jan,1423,banana
Munshiganj,Rabi,Banana,170,100.23,82.01,50.05,5.98,25.0,15.0,35,80.0,85,75,169.94262295081967,3.805882353,Jan,Jan to Jan,Jan,647,banana
Mymensingh,Rabi,Banana,5325,100.23,82.01,50.05,5.98,25.0,15.0,35,80.0,85,75,181.08838383838383,6.798122066,Jan,Jan to Jan,Jan,36200,banana
Naogaon,Rabi,Banana,1631,100.23,82.01,50.05,5.98,25.0,15.0,35,80.0,85,75,124.92,8.50030656,Jan,Jan to Jan,Jan,13864,banana
Narail,Rabi,Banana,638,100.23,82.01,50.05,5.98,25.0,15.0,35,80.0,85,75,134.2247474747475,6.887147335,Jan,Jan to Jan,Jan,4394,banana
Narayanganj,Rabi,Banana,195,100.23,82.01,50.05,5.98,25.0,15.0,35,80.0,85,75,169.94262295081967,5.128205128,Jan,Jan to Jan,Jan,1000,banana
Narsingdi,Rabi,Banana,3677,100.23,82.01,50.05,5.98,25.0,15.0,35,80.0,85,75,169.94262295081967,6.819146043,Jan,Jan to Jan,Jan,25074,banana
Natore,Rabi,Banana,856,100.23,82.01,50.05,5.98,25.0,15.0,35,80.0,85,75,124.92,16.77570093,Jan,Jan to Jan,Jan,14360,banana
Netrokona,Rabi,Banana,804,100.23,82.01,50.05,5.98,25.0,15.0,35,80.0,85,75,181.08838383838383,5.706467662,Jan,Jan to Jan,Jan,4588,banana
Nilphamari,Rabi,Banana,439,100.23,82.01,50.05,5.98,25.0,15.0,35,80.0,85,75,179.6013888888889,8.364464692,Jan,Jan to Jan,Jan,3672,banana
Noakhali,Rabi,Banana,1212,100.23,82.01,50.05,5.98,25.0,15.0,35,80.0,85,75,185.75631313131316,2.882013201,Jan,Jan to Jan,Jan,3493,banana
Pabna,Rabi,Banana,756,100.23,82.01,50.05,5.98,25.0,15.0,35,80.0,85,75,124.92,7.35978836,Jan,Jan to Jan,Jan,5564,banana
Panchagar,Rabi,Banana,402,100.23,82.01,50.05,5.98,25.0,15.0,35,80.0,85,75,154.21843434343435,12.6119403,Jan,Jan to Jan,Jan,5070,banana
Patuakhali,Rabi,Banana,561,100.23,82.01,50.05,5.98,25.0,15.0,35,80.0,85,75,207.8076923076923,3.360071301,Jan,Jan to Jan,Jan,1885,banana
Pirojpur,Rabi,Banana,2786,100.23,82.01,50.05,5.98,25.0,15.0,35,80.0,85,75,175.42564102564103,4.829145729,Jan,Jan to Jan,Jan,13454,banana
Rajbari,Rabi,Banana,1071,100.23,82.01,50.05,5.98,25.0,15.0,35,80.0,85,75,155.864898989899,5.843137255,Jan,Jan to Jan,Jan,6258,banana
Rajshahi,Rabi,Banana,4672,100.23,82.01,50.05,5.98,25.0,15.0,35,80.0,85,75,124.92,10.23587329,Jan,Jan to Jan,Jan,47822,banana
Rangamati,Rabi,Banana,9230,100.23,82.01,50.05,5.98,25.0,15.0,35,80.0,85,75,204.11111111111111,4.629902492,Jan,Jan to Jan,Jan,42734,banana
Rangpur,Rabi,Banana,2321,100.23,82.01,50.05,5.98,25.0,15.0,35,80.0,85,75,179.6013888888889,5.618698837,Jan,Jan to Jan,Jan,13041,banana
Satkhira,Rabi,Banana,995,100.23,82.01,50.05,5.98,25.0,15.0,35,80.0,85,75,140.35353535353536,6.271356784,Jan,Jan to Jan,Jan,6240,banana
Shariatpur,Rabi,Banana,413,100.23,82.01,50.05,5.98,25.0,15.0,35,80.0,85,75,155.864898989899,3.784503632,Jan,Jan to Jan,Jan,1563,banana
Sherpur,Rabi,Banana,623,100.23,82.01,50.05,5.98,25.0,15.0,35,80.0,85,75,181.08838383838383,5.585874799,Jan,Jan to Jan,Jan,3480,banana
Sirajganj,Rabi,Banana,583,100.23,82.01,50.05,5.98,25.0,15.0,35,80.0,85,75,142.85416666666666,7.468267581,Jan,Jan to Jan,Jan,4354,banana
Sunamganj,Rabi,Banana,325,100.23,82.01,50.05,5.98,25.0,15.0,35,80.0,85,75,333.72557471264366,5.996923077,Jan,Jan to Jan,Jan,1949,banana
Sylhet,Rabi,Banana,855,100.23,82.01,50.05,5.98,25.0,15.0,35,80.0,85,75,333.72557471264366,3.907602339,Jan,Jan to Jan,Jan,3341,banana
Tangail,Rabi,Banana,11391,100.23,82.01,50.05,5.98,25.0,15.0,35,80.0,85,75,153.4104938271605,7.752962865,Jan,Jan to Jan,Jan,88314,banana
Thakurgaon,Rabi,Banana,1161,100.23,82.01,50.05,5.98,25.0,15.0,35,80.0,85,75,154.21843434343435,5.043066322,Jan,Jan to Jan,Jan,5855,banana
Bagerhat,Kharif 2,Barbati,457,20.75,67.54,20.05,5.75,25.0,20.0,30,72.5,85,60,144.96843434343435,1.192560175,Sep,Oct to Dec,December to April,545,kidneybeans
Bandarban,Kharif 2,Barbati,318,20.75,67.54,20.05,5.75,25.0,20.0,30,72.5,85,60,243.94444444444449,1.301886792,Sep,Oct to Dec,December to April,414,kidneybeans
Barguna,Kharif 2,Barbati,89,20.75,67.54,20.05,5.75,25.0,20.0,30,72.5,85,60,207.8076923076923,1.449438202,Sep,Oct to Dec,December to April,129,kidneybeans
Barishal,Kharif 2,Barbati,325,20.75,67.54,20.05,5.75,25.0,20.0,30,72.5,85,60,175.42564102564103,1.347692308,Sep,Oct to Dec,December to April,438,kidneybeans
Bhola,Kharif 2,Barbati,243,20.75,67.54,20.05,5.75,25.0,20.0,30,72.5,85,60,185.23090277777777,1.962962963,Sep,Oct to Dec,December to April,477,kidneybeans
Bogura,Kharif 2,Barbati,296,20.75,67.54,20.05,5.75,25.0,20.0,30,72.5,85,60,142.85416666666666,2.043918919,Sep,Oct to Dec,December to April,605,kidneybeans
Brahmanbaria,Kharif 2,Barbati,207,20.75,67.54,20.05,5.75,25.0,20.0,30,72.5,85,60,185.75631313131316,1.555555556,Sep,Oct to Dec,December to April,322,kidneybeans
Chandpur,Kharif 2,Barbati,82,20.75,67.54,20.05,5.75,25.0,20.0,30,72.5,85,60,168.796875,0.6463414634,Sep,Oct to Dec,December to April,53,kidneybeans
Chapai Nawabganj,Kharif 2,Barbati,85,20.75,67.54,20.05,5.75,25.0,20.0,30,72.5,85,60,124.92,1.117647059,Sep,Oct to Dec,December to April,95,kidneybeans
Chattogram,Kharif 2,Barbati,1497,20.75,67.54,20.05,5.75,25.0,20.0,30,72.5,85,60,243.94444444444449,1.936539746,Sep,Oct to Dec,December to April,2899,kidneybeans
Chuadanga,Kharif 2,Barbati,638,20.75,67.54,20.05,5.75,25.0,20.0,30,72.5,85,60,129.44444444444446,2.484326019,Sep,Oct to Dec,December to April,1585,kidneybeans
CoxsBazar,Kharif 2,Barbati,304,20.75,67.54,20.05,5.75,25.0,20.0,30,72.5,85,60,303.40277777777777,2.029605263,Sep,Oct to Dec,December to April,617,kidneybeans
Cumilla,Kharif 2,Barbati,440,20.75,67.54,20.05,5.75,25.0,20.0,30,72.5,85,60,185.75631313131316,1.995454545,Sep,Oct to Dec,December to April,878,kidneybeans
Dhaka,Kharif 2,Barbati,587,20.75,67.54,20.05,5.75,25.0,20.0,30,72.5,85,60,169.94262295081967,1.574105622,Sep,Oct to Dec,December to April,924,kidneybeans
Dinajpur,Kharif 2,Barbati,267,20.75,67.54,20.05,5.75,25.0,20.0,30,72.5,85,60,154.21843434343435,1.168539326,Sep,Oct to Dec,December to April,312,kidneybeans
Faridpur,Kharif 2,Barbati,241,20.75,67.54,20.05,5.75,25.0,20.0,30,72.5,85,60,155.864898989899,1.564315353,Sep,Oct to Dec,December to April,377,kidneybeans
Feni,Kharif 2,Barbati,115,20.75,67.54,20.05,5.75,25.0,20.0,30,72.5,85,60,248.1727642276423,1.07826087,Sep,Oct to Dec,December to April,124,kidneybeans
Gaibandha,Kharif 2,Barbati,153,20.75,67.54,20.05,5.75,25.0,20.0,30,72.5,85,60,179.6013888888889,1.209150327,Sep,Oct to Dec,December to April,185,kidneybeans
Gazipur,Kharif 2,Barbati,253,20.75,67.54,20.05,5.75,25.0,20.0,30,72.5,85,60,169.94262295081967,1.150197628,Sep,Oct to Dec,December to April,291,kidneybeans
Gopalganj,Kharif 2,Barbati,195,20.75,67.54,20.05,5.75,25.0,20.0,30,72.5,85,60,155.864898989899,1.794871795,Sep,Oct to Dec,December to April,350,kidneybeans
Habiganj,Kharif 2,Barbati,215,20.75,67.54,20.05,5.75,25.0,20.0,30,72.5,85,60,333.72557471264366,3.56744186,Sep,Oct to Dec,December to April,767,kidneybeans
Jamalpur,Kharif 2,Barbati,253,20.75,67.54,20.05,5.75,25.0,20.0,30,72.5,85,60,181.08838383838383,1.529644269,Sep,Oct to Dec,December to April,387,kidneybeans
Jashore,Kharif 2,Barbati,590,20.75,67.54,20.05,5.75,25.0,20.0,30,72.5,85,60,134.2247474747475,2.462711864,Sep,Oct to Dec,December to April,1453,kidneybeans
Jhallokati,Kharif 2,Barbati,180,20.75,67.54,20.05,5.75,25.0,20.0,30,72.5,85,60,175.42564102564103,1.033333333,Sep,Oct to Dec,December to April,186,kidneybeans
Jhenaidah,Kharif 2,Barbati,313,20.75,67.54,20.05,5.75,25.0,20.0,30,72.5,85,60,134.2247474747475,2.418530351,Sep,Oct to Dec,December to April,757,kidneybeans
Joypurhat,Kharif 2,Barbati,97,20.75,67.54,20.05,5.75,25.0,20.0,30,72.5,85,60,142.85416666666666,1.515463918,Sep,Oct to Dec,December to April,147,kidneybeans
Khagrachari,Kharif 2,Barbati,971,20.75,67.54,20.05,5.75,25.0,20.0,30,72.5,85,60,204.11111111111111,2.276004119,Sep,Oct to Dec,December to April,2210,kidneybeans
Khulna,Kharif 2,Barbati,292,20.75,67.54,20.05,5.75,25.0,20.0,30,72.5,85,60,144.96843434343435,1.410958904,Sep,Oct to Dec,December to April,412,kidneybeans
Kishoreganj,Kharif 2,Barbati,160,20.75,67.54,20.05,5.75,25.0,20.0,30,72.5,85,60,181.08838383838383,1.65625,Sep,Oct to Dec,December to April,265,kidneybeans
Kurigram,Kharif 2,Barbati,218,20.75,67.54,20.05,5.75,25.0,20.0,30,72.5,85,60,179.6013888888889,1.458715596,Sep,Oct to Dec,December to April,318,kidneybeans
Kushtia,Kharif 2,Barbati,185,20.75,67.54,20.05,5.75,25.0,20.0,30,72.5,85,60,129.44444444444446,3.794594595,Sep,Oct to Dec,December to April,702,kidneybeans
Lakshmipur,Kharif 2,Barbati,161,20.75,67.54,20.05,5.75,25.0,20.0,30,72.5,85,60,185.75631313131316,2.254658385,Sep,Oct to Dec,December to April,363,kidneybeans
Lalmonirhat,Kharif 2,Barbati,163,20.75,67.54,20.05,5.75,25.0,20.0,30,72.5,85,60,179.6013888888889,1.190184049,Sep,Oct to Dec,December to April,194,kidneybeans
Madaripur,Kharif 2,Barbati,67,20.75,67.54,20.05,5.75,25.0,20.0,30,72.5,85,60,160.41666666666666,2.955223881,Sep,Oct to Dec,December to April,198,kidneybeans
Magura,Kharif 2,Barbati,59,20.75,67.54,20.05,5.75,25.0,20.0,30,72.5,85,60,134.2247474747475,2.237288136,Sep,Oct to Dec,December to April,132,kidneybeans
Manikganj,Kharif 2,Barbati,194,20.75,67.54,20.05,5.75,25.0,20.0,30,72.5,85,60,169.94262295081967,1.458762887,Sep,Oct to Dec,December to April,283,kidneybeans
Meherpur,Kharif 2,Barbati,102,20.75,67.54,20.05,5.75,25.0,20.0,30,72.5,85,60,129.44444444444446,5.284313725,Sep,Oct to Dec,December to April,539,kidneybeans
Moulvibazar,Kharif 2,Barbati,355,20.75,67.54,20.05,5.75,25.0,20.0,30,72.5,85,60,333.72557471264366,2.490140845,Sep,Oct to Dec,December to April,884,kidneybeans
Munshiganj,Kharif 2,Barbati,100,20.75,67.54,20.05,5.75,25.0,20.0,30,72.5,85,60,169.94262295081967,1.68,Sep,Oct to Dec,December to April,168,kidneybeans
Mymensingh,Kharif 2,Barbati,566,20.75,67.54,20.05,5.75,25.0,20.0,30,72.5,85,60,181.08838383838383,2.153710247,Sep,Oct to Dec,December to April,1219,kidneybeans
Naogaon,Kharif 2,Barbati,153,20.75,67.54,20.05,5.75,25.0,20.0,30,72.5,85,60,124.92,1.176470588,Sep,Oct to Dec,December to April,180,kidneybeans
Narail,Kharif 2,Barbati,184,20.75,67.54,20.05,5.75,25.0,20.0,30,72.5,85,60,134.2247474747475,2.380434783,Sep,Oct to Dec,December to April,438,kidneybeans
Narayanganj,Kharif 2,Barbati,154,20.75,67.54,20.05,5.75,25.0,20.0,30,72.5,85,60,169.94262295081967,1.077922078,Sep,Oct to Dec,December to April,166,kidneybeans
Narsingdi,Kharif 2,Barbati,289,20.75,67.54,20.05,5.75,25.0,20.0,30,72.5,85,60,169.94262295081967,1.588235294,Sep,Oct to Dec,December to April,459,kidneybeans
Natore,Kharif 2,Barbati,402,20.75,67.54,20.05,5.75,25.0,20.0,30,72.5,85,60,124.92,1.099502488,Sep,Oct to Dec,December to April,442,kidneybeans
Netrokona,Kharif 2,Barbati,125,20.75,67.54,20.05,5.75,25.0,20.0,30,72.5,85,60,181.08838383838383,1.536,Sep,Oct to Dec,December to April,192,kidneybeans
Nilphamari,Kharif 2,Barbati,156,20.75,67.54,20.05,5.75,25.0,20.0,30,72.5,85,60,179.6013888888889,2.121794872,Sep,Oct to Dec,December to April,331,kidneybeans
Noakhali,Kharif 2,Barbati,284,20.75,67.54,20.05,5.75,25.0,20.0,30,72.5,85,60,185.75631313131316,2.408450704,Sep,Oct to Dec,December to April,684,kidneybeans
Pabna,Kharif 2,Barbati,224,20.75,67.54,20.05,5.75,25.0,20.0,30,72.5,85,60,124.92,1.205357143,Sep,Oct to Dec,December to April,270,kidneybeans
Panchagar,Kharif 2,Barbati,373,20.75,67.54,20.05,5.75,25.0,20.0,30,72.5,85,60,154.21843434343435,3.222520107,Sep,Oct to Dec,December to April,1202,kidneybeans
Patuakhali,Kharif 2,Barbati,85,20.75,67.54,20.05,5.75,25.0,20.0,30,72.5,85,60,207.8076923076923,1.141176471,Sep,Oct to Dec,December to April,97,kidneybeans
Pirojpur,Kharif 2,Barbati,143,20.75,67.54,20.05,5.75,25.0,20.0,30,72.5,85,60,175.42564102564103,1.132867133,Sep,Oct to Dec,December to April,162,kidneybeans
Rajbari,Kharif 2,Barbati,277,20.75,67.54,20.05,5.75,25.0,20.0,30,72.5,85,60,155.864898989899,2.415162455,Sep,Oct to Dec,December to April,669,kidneybeans
Rajshahi,Kharif 2,Barbati,245,20.75,67.54,20.05,5.75,25.0,20.0,30,72.5,85,60,124.92,3.281632653,Sep,Oct to Dec,December to April,804,kidneybeans
Rangamati,Kharif 2,Barbati,663,20.75,67.54,20.05,5.75,25.0,20.0,30,72.5,85,60,204.11111111111111,1.39668175,Sep,Oct to Dec,December to April,926,kidneybeans
Rangpur,Kharif 2,Barbati,350,20.75,67.54,20.05,5.75,25.0,20.0,30,72.5,85,60,179.6013888888889,1.425714286,Sep,Oct to Dec,December to April,499,kidneybeans
Satkhira,Kharif 2,Barbati,307,20.75,67.54,20.05,5.75,25.0,20.0,30,72.5,85,60,140.35353535353536,1.631921824,Sep,Oct to Dec,December to April,501,kidneybeans
Shariatpur,Kharif 2,Barbati,89,20.75,67.54,20.05,5.75,25.0,20.0,30,72.5,85,60,155.864898989899,1.730337079,Sep,Oct to Dec,December to April,154,kidneybeans
Sherpur,Kharif 2,Barbati,140,20.75,67.54,20.05,5.75,25.0,20.0,30,72.5,85,60,181.08838383838383,1.514285714,Sep,Oct to Dec,December to April,212,kidneybeans
Sirajganj,Kharif 2,Barbati,125,20.75,67.54,20.05,5.75,25.0,20.0,30,72.5,85,60,142.85416666666666,1.52,Sep,Oct to Dec,December to April,190,kidneybeans
Sunamganj,Kharif 2,Barbati,82,20.75,67.54,20.05,5.75,25.0,20.0,30,72.5,85,60,333.72557471264366,2.134146341,Sep,Oct to Dec,December to April,175,kidneybeans
Sylhet,Kharif 2,Barbati,409,20.75,67.54,20.05,5.75,25.0,20.0,30,72.5,85,60,333.72557471264366,1.860635697,Sep,Oct to Dec,December to April,761,kidneybeans
Tangail,Kharif 2,Barbati,213,20.75,67.54,20.05,5.75,25.0,20.0,30,72.5,85,60,153.4104938271605,1.469483568,Sep,Oct to Dec,December to April,313,kidneybeans
Thakurgaon,Kharif 2,Barbati,166,20.75,67.54,20.05,5.75,25.0,20.0,30,72.5,85,60,154.21843434343435,1.415662651,Sep,Oct to Dec,December to April,235,kidneybeans
Bagerhat,Kharif 1,Beans,527,20.75,67.54,20.05,5.75,16.0,10.0,22,67.5,75,60,144.96843434343435,2.055028463,June,July to Nov,Nov to April,1083,kidneybeans
Bandarban,Kharif 1,Beans,566,20.75,67.54,20.05,5.75,16.0,10.0,22,67.5,75,60,243.94444444444449,1.768551237,June,July to Nov,Nov to April,1001,kidneybeans
Barguna,Kharif 1,Beans,231,20.75,67.54,20.05,5.75,16.0,10.0,22,67.5,75,60,207.8076923076923,1.45021645,June,July to Nov,Nov to April,335,kidneybeans
Barishal,Kharif 1,Beans,576,20.75,67.54,20.05,5.75,16.0,10.0,22,67.5,75,60,175.42564102564103,2.057291667,June,July to Nov,Nov to April,1185,kidneybeans
Bhola,Kharif 1,Beans,660,20.75,67.54,20.05,5.75,16.0,10.0,22,67.5,75,60,185.23090277777777,3.53030303,June,July to Nov,Nov to April,2330,kidneybeans
Bogura,Kharif 1,Beans,1276,20.75,67.54,20.05,5.75,16.0,10.0,22,67.5,75,60,142.85416666666666,3.340909091,June,July to Nov,Nov to April,4263,kidneybeans
Brahmanbaria,Kharif 1,Beans,932,20.75,67.54,20.05,5.75,16.0,10.0,22,67.5,75,60,185.75631313131316,2.579399142,June,July to Nov,Nov to April,2404,kidneybeans
Chandpur,Kharif 1,Beans,724,20.75,67.54,20.05,5.75,16.0,10.0,22,67.5,75,60,168.796875,3.128453039,June,July to Nov,Nov to April,2265,kidneybeans
Chapai Nawabganj,Kharif 1,Beans,231,20.75,67.54,20.05,5.75,16.0,10.0,22,67.5,75,60,124.92,2.186147186,June,July to Nov,Nov to April,505,kidneybeans
Chattogram,Kharif 1,Beans,3745,20.75,67.54,20.05,5.75,16.0,10.0,22,67.5,75,60,243.94444444444449,3.615220294,June,July to Nov,Nov to April,13539,kidneybeans
Chuadanga,Kharif 1,Beans,776,20.75,67.54,20.05,5.75,16.0,10.0,22,67.5,75,60,129.44444444444446,1.981958763,June,July to Nov,Nov to April,1538,kidneybeans
CoxsBazar,Kharif 1,Beans,605,20.75,67.54,20.05,5.75,16.0,10.0,22,67.5,75,60,303.40277777777777,2.631404959,June,July to Nov,Nov to April,1592,kidneybeans
Cumilla,Kharif 1,Beans,1823,20.75,67.54,20.05,5.75,16.0,10.0,22,67.5,75,60,185.75631313131316,3.019199122,June,July to Nov,Nov to April,5504,kidneybeans
Dhaka,Kharif 1,Beans,1416,20.75,67.54,20.05,5.75,16.0,10.0,22,67.5,75,60,169.94262295081967,3.037429379,June,July to Nov,Nov to April,4301,kidneybeans
Dinajpur,Kharif 1,Beans,635,20.75,67.54,20.05,5.75,16.0,10.0,22,67.5,75,60,154.21843434343435,1.88503937,June,July to Nov,Nov to April,1197,kidneybeans
Faridpur,Kharif 1,Beans,496,20.75,67.54,20.05,5.75,16.0,10.0,22,67.5,75,60,155.864898989899,1.816532258,June,July to Nov,Nov to April,901,kidneybeans
Feni,Kharif 1,Beans,319,20.75,67.54,20.05,5.75,16.0,10.0,22,67.5,75,60,248.1727642276423,1.639498433,June,July to Nov,Nov to April,523,kidneybeans
Gaibandha,Kharif 1,Beans,373,20.75,67.54,20.05,5.75,16.0,10.0,22,67.5,75,60,179.6013888888889,2.131367292,June,July to Nov,Nov to April,795,kidneybeans
Gazipur,Kharif 1,Beans,1129,20.75,67.54,20.05,5.75,16.0,10.0,22,67.5,75,60,169.94262295081967,1.568644818,June,July to Nov,Nov to April,1771,kidneybeans
Gopalganj,Kharif 1,Beans,331,20.75,67.54,20.05,5.75,16.0,10.0,22,67.5,75,60,155.864898989899,2.607250755,June,July to Nov,Nov to April,863,kidneybeans
Habiganj,Kharif 1,Beans,1426,20.75,67.54,20.05,5.75,16.0,10.0,22,67.5,75,60,333.72557471264366,3.512622721,June,July to Nov,Nov to April,5009,kidneybeans
Jamalpur,Kharif 1,Beans,1239,20.75,67.54,20.05,5.75,16.0,10.0,22,67.5,75,60,181.08838383838383,2.015334948,June,July to Nov,Nov to April,2497,kidneybeans
Jashore,Kharif 1,Beans,2779,20.75,67.54,20.05,5.75,16.0,10.0,22,67.5,75,60,134.2247474747475,3.338611011,June,July to Nov,Nov to April,9278,kidneybeans
Jhallokati,Kharif 1,Beans,709,20.75,67.54,20.05,5.75,16.0,10.0,22,67.5,75,60,175.42564102564103,1.696755994,June,July to Nov,Nov to April,1203,kidneybeans
Jhenaidah,Kharif 1,Beans,1576,20.75,67.54,20.05,5.75,16.0,10.0,22,67.5,75,60,134.2247474747475,4.381979695,June,July to Nov,Nov to April,6906,kidneybeans
Joypurhat,Kharif 1,Beans,219,20.75,67.54,20.05,5.75,16.0,10.0,22,67.5,75,60,142.85416666666666,3.03196347,June,July to Nov,Nov to April,664,kidneybeans
Khagrachari,Kharif 1,Beans,728,20.75,67.54,20.05,5.75,16.0,10.0,22,67.5,75,60,204.11111111111111,2.129120879,June,July to Nov,Nov to April,1550,kidneybeans
Khulna,Kharif 1,Beans,586,20.75,67.54,20.05,5.75,16.0,10.0,22,67.5,75,60,144.96843434343435,3.737201365,June,July to Nov,Nov to April,2190,kidneybeans
Kishoreganj,Kharif 1,Beans,1192,20.75,67.54,20.05,5.75,16.0,10.0,22,67.5,75,60,181.08838383838383,3.339765101,June,July to Nov,Nov to April,3981,kidneybeans
Kurigram,Kharif 1,Beans,370,20.75,67.54,20.05,5.75,16.0,10.0,22,67.5,75,60,179.6013888888889,1.608108108,June,July to Nov,Nov to April,595,kidneybeans
Kushtia,Kharif 1,Beans,669,20.75,67.54,20.05,5.75,16.0,10.0,22,67.5,75,60,129.44444444444446,2.92077728,June,July to Nov,Nov to April,1954,kidneybeans
Lakshmipur,Kharif 1,Beans,769,20.75,67.54,20.05,5.75,16.0,10.0,22,67.5,75,60,185.75631313131316,1.357607282,June,July to Nov,Nov to April,1044,kidneybeans
Lalmonirhat,Kharif 1,Beans,251,20.75,67.54,20.05,5.75,16.0,10.0,22,67.5,75,60,179.6013888888889,2.6812749,June,July to Nov,Nov to April,673,kidneybeans
Madaripur,Kharif 1,Beans,325,20.75,67.54,20.05,5.75,16.0,10.0,22,67.5,75,60,160.41666666666666,3.135384615,June,July to Nov,Nov to April,1019,kidneybeans
Magura,Kharif 1,Beans,186,20.75,67.54,20.05,5.75,16.0,10.0,22,67.5,75,60,134.2247474747475,3.413978495,June,July to Nov,Nov to April,635,kidneybeans
Manikganj,Kharif 1,Beans,819,20.75,67.54,20.05,5.75,16.0,10.0,22,67.5,75,60,169.94262295081967,5.078144078,June,July to Nov,Nov to April,4159,kidneybeans
Meherpur,Kharif 1,Beans,669,20.75,67.54,20.05,5.75,16.0,10.0,22,67.5,75,60,129.44444444444446,8.476831091,June,July to Nov,Nov to April,5671,kidneybeans
Moulvibazar,Kharif 1,Beans,449,20.75,67.54,20.05,5.75,16.0,10.0,22,67.5,75,60,333.72557471264366,2.902004454,June,July to Nov,Nov to April,1303,kidneybeans
Munshiganj,Kharif 1,Beans,551,20.75,67.54,20.05,5.75,16.0,10.0,22,67.5,75,60,169.94262295081967,1.843920145,June,July to Nov,Nov to April,1016,kidneybeans
Mymensingh,Kharif 1,Beans,2127,20.75,67.54,20.05,5.75,16.0,10.0,22,67.5,75,60,181.08838383838383,2.968500235,June,July to Nov,Nov to April,6314,kidneybeans
Naogaon,Kharif 1,Beans,817,20.75,67.54,20.05,5.75,16.0,10.0,22,67.5,75,60,124.92,3.335373317,June,July to Nov,Nov to April,2725,kidneybeans
Narail,Kharif 1,Beans,360,20.75,67.54,20.05,5.75,16.0,10.0,22,67.5,75,60,134.2247474747475,3.352777778,June,July to Nov,Nov to April,1207,kidneybeans
Narayanganj,Kharif 1,Beans,785,20.75,67.54,20.05,5.75,16.0,10.0,22,67.5,75,60,169.94262295081967,2.597452229,June,July to Nov,Nov to April,2039,kidneybeans
Narsingdi,Kharif 1,Beans,2661,20.75,67.54,20.05,5.75,16.0,10.0,22,67.5,75,60,169.94262295081967,4.383690342,June,July to Nov,Nov to April,11665,kidneybeans
Natore,Kharif 1,Beans,560,20.75,67.54,20.05,5.75,16.0,10.0,22,67.5,75,60,124.92,2.371428571,June,July to Nov,Nov to April,1328,kidneybeans
Netrokona,Kharif 1,Beans,595,20.75,67.54,20.05,5.75,16.0,10.0,22,67.5,75,60,181.08838383838383,2.645378151,June,July to Nov,Nov to April,1574,kidneybeans
Nilphamari,Kharif 1,Beans,400,20.75,67.54,20.05,5.75,16.0,10.0,22,67.5,75,60,179.6013888888889,2.9675,June,July to Nov,Nov to April,1187,kidneybeans
Noakhali,Kharif 1,Beans,1139,20.75,67.54,20.05,5.75,16.0,10.0,22,67.5,75,60,185.75631313131316,1.762949956,June,July to Nov,Nov to April,2008,kidneybeans
Pabna,Kharif 1,Beans,718,20.75,67.54,20.05,5.75,16.0,10.0,22,67.5,75,60,124.92,2.777158774,June,July to Nov,Nov to April,1994,kidneybeans
Panchagar,Kharif 1,Beans,463,20.75,67.54,20.05,5.75,16.0,10.0,22,67.5,75,60,154.21843434343435,2.98488121,June,July to Nov,Nov to April,1382,kidneybeans
Patuakhali,Kharif 1,Beans,187,20.75,67.54,20.05,5.75,16.0,10.0,22,67.5,75,60,207.8076923076923,0.9090909091,June,July to Nov,Nov to April,170,kidneybeans
Pirojpur,Kharif 1,Beans,326,20.75,67.54,20.05,5.75,16.0,10.0,22,67.5,75,60,175.42564102564103,1.77607362,June,July to Nov,Nov to April,579,kidneybeans
Rajbari,Kharif 1,Beans,468,20.75,67.54,20.05,5.75,16.0,10.0,22,67.5,75,60,155.864898989899,2.446581197,June,July to Nov,Nov to April,1145,kidneybeans
Rajshahi,Kharif 1,Beans,1097,20.75,67.54,20.05,5.75,16.0,10.0,22,67.5,75,60,124.92,3.835004558,June,July to Nov,Nov to April,4207,kidneybeans
Rangamati,Kharif 1,Beans,634,20.75,67.54,20.05,5.75,16.0,10.0,22,67.5,75,60,204.11111111111111,1.430599369,June,July to Nov,Nov to April,907,kidneybeans
Rangpur,Kharif 1,Beans,544,20.75,67.54,20.05,5.75,16.0,10.0,22,67.5,75,60,179.6013888888889,1.709558824,June,July to Nov,Nov to April,930,kidneybeans
Satkhira,Kharif 1,Beans,689,20.75,67.54,20.05,5.75,16.0,10.0,22,67.5,75,60,140.35353535353536,2.534107402,June,July to Nov,Nov to April,1746,kidneybeans
Shariatpur,Kharif 1,Beans,398,20.75,67.54,20.05,5.75,16.0,10.0,22,67.5,75,60,155.864898989899,2.180904523,June,July to Nov,Nov to April,868,kidneybeans
Sherpur,Kharif 1,Beans,533,20.75,67.54,20.05,5.75,16.0,10.0,22,67.5,75,60,181.08838383838383,3.150093809,June,July to Nov,Nov to April,1679,kidneybeans
Sirajganj,Kharif 1,Beans,490,20.75,67.54,20.05,5.75,16.0,10.0,22,67.5,75,60,142.85416666666666,2.259183673,June,July to Nov,Nov to April,1107,kidneybeans
Sunamganj,Kharif 1,Beans,1620,20.75,67.54,20.05,5.75,16.0,10.0,22,67.5,75,60,333.72557471264366,8.634567901,June,July to Nov,Nov to April,13988,kidneybeans
Sylhet,Kharif 1,Beans,2305,20.75,67.54,20.05,5.75,16.0,10.0,22,67.5,75,60,333.72557471264366,2.321475054,June,July to Nov,Nov to April,5351,kidneybeans
Tangail,Kharif 1,Beans,1887,20.75,67.54,20.05,5.75,16.0,10.0,22,67.5,75,60,153.4104938271605,1.815050344,June,July to Nov,Nov to April,3425,kidneybeans
Thakurgaon,Kharif 1,Beans,376,20.75,67.54,20.05,5.75,16.0,10.0,22,67.5,75,60,154.21843434343435,2.321808511,June,July to Nov,Nov to April,873,kidneybeans
Bagerhat,Rabi,Boro,145439,79.89,47.58,39.87,6.43,26.0,12.0,40,72.5,85,60,144.96843434343435,1.847881242,Nov,Dec to March,April,268754,rice
Bandarban,Rabi,Boro,15427,79.89,47.58,39.87,6.43,26.0,12.0,40,72.5,85,60,243.94444444444449,1.563233292,Nov,Dec to March,April,24116,rice
Barguna,Rabi,Boro,17220,79.89,47.58,39.87,6.43,26.0,12.0,40,72.5,85,60,207.8076923076923,1.317073171,Nov,Dec to March,April,22680,rice
Barishal,Rabi,Boro,130120,79.89,47.58,39.87,6.43,26.0,12.0,40,72.5,85,60,175.42564102564103,1.61278051,Nov,Dec to March,April,209855,rice
Bhola,Rabi,Boro,93653,79.89,47.58,39.87,6.43,26.0,12.0,40,72.5,85,60,185.23090277777777,1.548791817,Nov,Dec to March,April,145049,rice
Bogura,Rabi,Boro,457983,79.89,47.58,39.87,6.43,26.0,12.0,40,72.5,85,60,142.85416666666666,1.571584535,Nov,Dec to March,April,719759,rice
Brahmanbaria,Rabi,Boro,276814,79.89,47.58,39.87,6.43,26.0,12.0,40,72.5,85,60,185.75631313131316,1.86520913,Nov,Dec to March,April,516316,rice
Chandpur,Rabi,Boro,150393,79.89,47.58,39.87,6.43,26.0,12.0,40,72.5,85,60,168.796875,1.659046631,Nov,Dec to March,April,249509,rice
Chapai Nawabganj,Rabi,Boro,118339,79.89,47.58,39.87,6.43,26.0,12.0,40,72.5,85,60,124.92,1.802803809,Nov,Dec to March,April,213342,rice
Chattogram,Rabi,Boro,155621,79.89,47.58,39.87,6.43,26.0,12.0,40,72.5,85,60,243.94444444444449,1.620880215,Nov,Dec to March,April,252243,rice
Chuadanga,Rabi,Boro,82100,79.89,47.58,39.87,6.43,26.0,12.0,40,72.5,85,60,129.44444444444446,1.524445798,Nov,Dec to March,April,125157,rice
CoxsBazar,Rabi,Boro,128735,79.89,47.58,39.87,6.43,26.0,12.0,40,72.5,85,60,303.40277777777777,1.600504913,Nov,Dec to March,April,206041,rice
Cumilla,Rabi,Boro,369206,79.89,47.58,39.87,6.43,26.0,12.0,40,72.5,85,60,185.75631313131316,1.784729934,Nov,Dec to March,April,658933,rice
Dhaka,Rabi,Boro,110401,79.89,47.58,39.87,6.43,26.0,12.0,40,72.5,85,60,169.94262295081967,1.864394344,Nov,Dec to March,April,205831,rice
Dinajpur,Rabi,Boro,429961,79.89,47.58,39.87,6.43,26.0,12.0,40,72.5,85,60,154.21843434343435,1.655352462,Nov,Dec to March,April,711737,rice
Faridpur,Rabi,Boro,56903,79.89,47.58,39.87,6.43,26.0,12.0,40,72.5,85,60,155.864898989899,1.868056166,Nov,Dec to March,April,106298,rice
Feni,Rabi,Boro,66737,79.89,47.58,39.87,6.43,26.0,12.0,40,72.5,85,60,248.1727642276423,1.47762111,Nov,Dec to March,April,98612,rice
Gaibandha,Rabi,Boro,321264,79.89,47.58,39.87,6.43,26.0,12.0,40,72.5,85,60,179.6013888888889,1.630549953,Nov,Dec to March,April,523837,rice
Gazipur,Rabi,Boro,146748,79.89,47.58,39.87,6.43,26.0,12.0,40,72.5,85,60,169.94262295081967,1.755812686,Nov,Dec to March,April,257662,rice
Gopalganj,Rabi,Boro,183726,79.89,47.58,39.87,6.43,26.0,12.0,40,72.5,85,60,155.864898989899,1.994410154,Nov,Dec to March,April,366425,rice
Habiganj,Rabi,Boro,295677,79.89,47.58,39.87,6.43,26.0,12.0,40,72.5,85,60,333.72557471264366,1.479824268,Nov,Dec to March,April,437550,rice
Jamalpur,Rabi,Boro,322186,79.89,47.58,39.87,6.43,26.0,12.0,40,72.5,85,60,181.08838383838383,1.711852781,Nov,Dec to March,April,551535,rice
Jashore,Rabi,Boro,388502,79.89,47.58,39.87,6.43,26.0,12.0,40,72.5,85,60,134.2247474747475,1.809630324,Nov,Dec to March,April,703045,rice
Jhallokati,Rabi,Boro,26405,79.89,47.58,39.87,6.43,26.0,12.0,40,72.5,85,60,175.42564102564103,1.516265859,Nov,Dec to March,April,40037,rice
Jhenaidah,Rabi,Boro,197602,79.89,47.58,39.87,6.43,26.0,12.0,40,72.5,85,60,134.2247474747475,1.720068623,Nov,Dec to March,April,339889,rice
Joypurhat,Rabi,Boro,169581,79.89,47.58,39.87,6.43,26.0,12.0,40,72.5,85,60,142.85416666666666,1.645367111,Nov,Dec to March,April,279023,rice
Khagrachari,Rabi,Boro,26856,79.89,47.58,39.87,6.43,26.0,12.0,40,72.5,85,60,204.11111111111111,1.548555258,Nov,Dec to March,April,41588,rice
Khulna,Rabi,Boro,142077,79.89,47.58,39.87,6.43,26.0,12.0,40,72.5,85,60,144.96843434343435,1.712261661,Nov,Dec to March,April,243273,rice
Kishoreganj,Rabi,Boro,403798,79.89,47.58,39.87,6.43,26.0,12.0,40,72.5,85,60,181.08838383838383,1.720010996,Nov,Dec to March,April,694537,rice
Kurigram,Rabi,Boro,276736,79.89,47.58,39.87,6.43,26.0,12.0,40,72.5,85,60,179.6013888888889,1.607156279,Nov,Dec to March,April,444758,rice
Kushtia,Rabi,Boro,86620,79.89,47.58,39.87,6.43,26.0,12.0,40,72.5,85,60,129.44444444444446,1.725202032,Nov,Dec to March,April,149437,rice
Lakshmipur,Rabi,Boro,76552,79.89,47.58,39.87,6.43,26.0,12.0,40,72.5,85,60,185.75631313131316,1.571219563,Nov,Dec to March,April,120280,rice
Lalmonirhat,Rabi,Boro,114112,79.89,47.58,39.87,6.43,26.0,12.0,40,72.5,85,60,179.6013888888889,1.681689919,Nov,Dec to March,April,191901,rice
Madaripur,Rabi,Boro,80650,79.89,47.58,39.87,6.43,26.0,12.0,40,72.5,85,60,160.41666666666666,1.722083075,Nov,Dec to March,April,138886,rice
Magura,Rabi,Boro,86301,79.89,47.58,39.87,6.43,26.0,12.0,40,72.5,85,60,134.2247474747475,1.535497851,Nov,Dec to March,April,132515,rice
Manikganj,Rabi,Boro,118316,79.89,47.58,39.87,6.43,26.0,12.0,40,72.5,85,60,169.94262295081967,1.956793671,Nov,Dec to March,April,231520,rice
Meherpur,Rabi,Boro,47938,79.89,47.58,39.87,6.43,26.0,12.0,40,72.5,85,60,129.44444444444446,1.607493012,Nov,Dec to March,April,77060,rice
Moulvibazar,Rabi,Boro,138015,79.89,47.58,39.87,6.43,26.0,12.0,40,72.5,85,60,333.72557471264366,1.312603702,Nov,Dec to March,April,181159,rice
Munshiganj,Rabi,Boro,56700,79.89,47.58,39.87,6.43,26.0,12.0,40,72.5,85,60,169.94262295081967,1.787407407,Nov,Dec to March,April,101346,rice
Mymensingh,Rabi,Boro,645176,79.89,47.58,39.87,6.43,26.0,12.0,40,72.5,85,60,181.08838383838383,1.669687031,Nov,Dec to March,April,1077242,rice
Naogaon,Rabi,Boro,458122,79.89,47.58,39.87,6.43,26.0,12.0,40,72.5,85,60,124.92,1.787063271,Nov,Dec to March,April,818693,rice
Narail,Rabi,Boro,116842,79.89,47.58,39.87,6.43,26.0,12.0,40,72.5,85,60,134.2247474747475,1.849668783,Nov,Dec to March,April,216119,rice
Narayanganj,Rabi,Boro,49627,79.89,47.58,39.87,6.43,26.0,12.0,40,72.5,85,60,169.94262295081967,1.741431076,Nov,Dec to March,April,86422,rice
Narsingdi,Rabi,Boro,132083,79.89,47.58,39.87,6.43,26.0,12.0,40,72.5,85,60,169.94262295081967,1.603143478,Nov,Dec to March,April,211748,rice
Natore,Rabi,Boro,148250,79.89,47.58,39.87,6.43,26.0,12.0,40,72.5,85,60,124.92,1.742569983,Nov,Dec to March,April,258336,rice
Netrokona,Rabi,Boro,449438,79.89,47.58,39.87,6.43,26.0,12.0,40,72.5,85,60,181.08838383838383,1.668539376,Nov,Dec to March,April,749905,rice
Nilphamari,Rabi,Boro,204505,79.89,47.58,39.87,6.43,26.0,12.0,40,72.5,85,60,179.6013888888889,1.762934892,Nov,Dec to March,April,360529,rice
Noakhali,Rabi,Boro,166632,79.89,47.58,39.87,6.43,26.0,12.0,40,72.5,85,60,185.75631313131316,1.874573911,Nov,Dec to March,April,312364,rice
Pabna,Rabi,Boro,134501,79.89,47.58,39.87,6.43,26.0,12.0,40,72.5,85,60,124.92,1.747830871,Nov,Dec to March,April,235085,rice
Panchagar,Rabi,Boro,77506,79.89,47.58,39.87,6.43,26.0,12.0,40,72.5,85,60,154.21843434343435,1.550641241,Nov,Dec to March,April,120184,rice
Patuakhali,Rabi,Boro,2655,79.89,47.58,39.87,6.43,26.0,12.0,40,72.5,85,60,207.8076923076923,1.324670433,Nov,Dec to March,April,3517,rice
Pirojpur,Rabi,Boro,56336,79.89,47.58,39.87,6.43,26.0,12.0,40,72.5,85,60,175.42564102564103,1.710469327,Nov,Dec to March,April,96361,rice
Rajbari,Rabi,Boro,32310,79.89,47.58,39.87,6.43,26.0,12.0,40,72.5,85,60,155.864898989899,1.71999381,Nov,Dec to March,April,55573,rice
Rajshahi,Rabi,Boro,161465,79.89,47.58,39.87,6.43,26.0,12.0,40,72.5,85,60,124.92,1.643080544,Nov,Dec to March,April,265300,rice
Rangamati,Rabi,Boro,17437,79.89,47.58,39.87,6.43,26.0,12.0,40,72.5,85,60,204.11111111111111,1.615816941,Nov,Dec to March,April,28175,rice
Rangpur,Rabi,Boro,326394,79.89,47.58,39.87,6.43,26.0,12.0,40,72.5,85,60,179.6013888888889,1.797211346,Nov,Dec to March,April,586599,rice
Satkhira,Rabi,Boro,185546,79.89,47.58,39.87,6.43,26.0,12.0,40,72.5,85,60,140.35353535353536,1.593098207,Nov,Dec to March,April,295593,rice
Shariatpur,Rabi,Boro,64104,79.89,47.58,39.87,6.43,26.0,12.0,40,72.5,85,60,155.864898989899,1.880912268,Nov,Dec to March,April,120574,rice
Sherpur,Rabi,Boro,225451,79.89,47.58,39.87,6.43,26.0,12.0,40,72.5,85,60,181.08838383838383,1.672864614,Nov,Dec to March,April,377149,rice
Sirajganj,Rabi,Boro,347176,79.89,47.58,39.87,6.43,26.0,12.0,40,72.5,85,60,142.85416666666666,1.710895914,Nov,Dec to March,April,593982,rice
Sunamganj,Rabi,Boro,546442,79.89,47.58,39.87,6.43,26.0,12.0,40,72.5,85,60,333.72557471264366,1.500594757,Nov,Dec to March,April,819988,rice
Sylhet,Rabi,Boro,204408,79.89,47.58,39.87,6.43,26.0,12.0,40,72.5,85,60,333.72557471264366,1.225470627,Nov,Dec to March,April,250496,rice
Tangail,Rabi,Boro,420470,79.89,47.58,39.87,6.43,26.0,12.0,40,72.5,85,60,153.4104938271605,1.74931862,Nov,Dec to March,April,735536,rice
Thakurgaon,Rabi,Boro,144862,79.89,47.58,39.87,6.43,26.0,12.0,40,72.5,85,60,154.21843434343435,1.576106916,Nov,Dec to March,April,228318,rice
Bagerhat,Rabi,Cheena,0,79.89,47.58,39.87,6.43,21.0,17.0,25,62.5,85,40,144.96843434343435,2.518413598,Nov,Dec to Feb,Feb to April,0,rice
Bandarban,Rabi,Cheena,118,79.89,47.58,39.87,6.43,21.0,17.0,25,62.5,85,40,243.94444444444449,0.2118644068,Nov,Dec to Feb,Feb to April,25,rice
Barguna,Rabi,Cheena,0,79.89,47.58,39.87,6.43,21.0,17.0,25,62.5,85,40,207.8076923076923,2.518413598,Nov,Dec to Feb,Feb to April,0,rice
Barishal,Rabi,Cheena,0,79.89,47.58,39.87,6.43,21.0,17.0,25,62.5,85,40,175.42564102564103,2.518413598,Nov,Dec to Feb,Feb to April,0,rice
Bhola,Rabi,Cheena,58,79.89,47.58,39.87,6.43,21.0,17.0,25,62.5,85,40,185.23090277777777,0.8448275862,Nov,Dec to Feb,Feb to April,49,rice
Bogura,Rabi,Cheena,107,79.89,47.58,39.87,6.43,21.0,17.0,25,62.5,85,40,142.85416666666666,0.308411215,Nov,Dec to Feb,Feb to April,33,rice
Brahmanbaria,Rabi,Cheena,0,79.89,47.58,39.87,6.43,21.0,17.0,25,62.5,85,40,185.75631313131316,2.518413598,Nov,Dec to Feb,Feb to April,0,rice
Chandpur,Rabi,Cheena,49,79.89,47.58,39.87,6.43,21.0,17.0,25,62.5,85,40,168.796875,0.3265306122,Nov,Dec to Feb,Feb to April,16,rice
Chapai Nawabganj,Rabi,Cheena,57,79.89,47.58,39.87,6.43,21.0,17.0,25,62.5,85,40,124.92,0.3157894737,Nov,Dec to Feb,Feb to April,18,rice
Chattogram,Rabi,Cheena,0,79.89,47.58,39.87,6.43,21.0,17.0,25,62.5,85,40,243.94444444444449,2.518413598,Nov,Dec to Feb,Feb to April,0,rice
Chuadanga,Rabi,Cheena,0,79.89,47.58,39.87,6.43,21.0,17.0,25,62.5,85,40,129.44444444444446,2.518413598,Nov,Dec to Feb,Feb to April,0,rice
CoxsBazar,Rabi,Cheena,0,79.89,47.58,39.87,6.43,21.0,17.0,25,62.5,85,40,303.40277777777777,2.518413598,Nov,Dec to Feb,Feb to April,0,rice
Cumilla,Rabi,Cheena,0,79.89,47.58,39.87,6.43,21.0,17.0,25,62.5,85,40,185.75631313131316,2.518413598,Nov,Dec to Feb,Feb to April,0,rice
Dhaka,Rabi,Cheena,0,79.89,47.58,39.87,6.43,21.0,17.0,25,62.5,85,40,169.94262295081967,2.518413598,Nov,Dec to Feb,Feb to April,0,rice
Dinajpur,Rabi,Cheena,4,79.89,47.58,39.87,6.43,21.0,17.0,25,62.5,85,40,154.21843434343435,0.25,Nov,Dec to Feb,Feb to April,1,rice
Faridpur,Rabi,Cheena,0,79.89,47.58,39.87,6.43,21.0,17.0,25,62.5,85,40,155.864898989899,2.518413598,Nov,Dec to Feb,Feb to April,0,rice
Feni,Rabi,Cheena,0,79.89,47.58,39.87,6.43,21.0,17.0,25,62.5,85,40,248.1727642276423,2.518413598,Nov,Dec to Feb,Feb to April,0,rice
Gaibandha,Rabi,Cheena,200,79.89,47.58,39.87,6.43,21.0,17.0,25,62.5,85,40,179.6013888888889,0.835,Nov,Dec to Feb,Feb to April,167,rice
Gazipur,Rabi,Cheena,0,79.89,47.58,39.87,6.43,21.0,17.0,25,62.5,85,40,169.94262295081967,2.518413598,Nov,Dec to Feb,Feb to April,0,rice
Gopalganj,Rabi,Cheena,0,79.89,47.58,39.87,6.43,21.0,17.0,25,62.5,85,40,155.864898989899,2.518413598,Nov,Dec to Feb,Feb to April,0,rice
Habiganj,Rabi,Cheena,0,79.89,47.58,39.87,6.43,21.0,17.0,25,62.5,85,40,333.72557471264366,2.518413598,Nov,Dec to Feb,Feb to April,0,rice
Jamalpur,Rabi,Cheena,20,79.89,47.58,39.87,6.43,21.0,17.0,25,62.5,85,40,181.08838383838383,0.5,Nov,Dec to Feb,Feb to April,10,rice
Jashore,Rabi,Cheena,0,79.89,47.58,39.87,6.43,21.0,17.0,25,62.5,85,40,134.2247474747475,2.518413598,Nov,Dec to Feb,Feb to April,0,rice
Jhallokati,Rabi,Cheena,0,79.89,47.58,39.87,6.43,21.0,17.0,25,62.5,85,40,175.42564102564103,2.518413598,Nov,Dec to Feb,Feb to April,0,rice
Jhenaidah,Rabi,Cheena,0,79.89,47.58,39.87,6.43,21.0,17.0,25,62.5,85,40,134.2247474747475,2.518413598,Nov,Dec to Feb,Feb to April,0,rice
Joypurhat,Rabi,Cheena,0,79.89,47.58,39.87,6.43,21.0,17.0,25,62.5,85,40,142.85416666666666,2.518413598,Nov,Dec to Feb,Feb to April,0,rice
Khagrachari,Rabi,Cheena,19,79.89,47.58,39.87,6.43,21.0,17.0,25,62.5,85,40,204.11111111111111,0.3684210526,Nov,Dec to Feb,Feb to April,7,rice
Khulna,Rabi,Cheena,0,79.89,47.58,39.87,6.43,21.0,17.0,25,62.5,85,40,144.96843434343435,2.518413598,Nov,Dec to Feb,Feb to April,0,rice
Kishoreganj,Rabi,Cheena,0,79.89,47.58,39.87,6.43,21.0,17.0,25,62.5,85,40,181.08838383838383,2.518413598,Nov,Dec to Feb,Feb to April,0,rice
Kurigram,Rabi,Cheena,812,79.89,47.58,39.87,6.43,21.0,17.0,25,62.5,85,40,179.6013888888889,0.4568965517,Nov,Dec to Feb,Feb to April,371,rice
Kushtia,Rabi,Cheena,0,79.89,47.58,39.87,6.43,21.0,17.0,25,62.5,85,40,129.44444444444446,2.518413598,Nov,Dec to Feb,Feb to April,0,rice
Lakshmipur,Rabi,Cheena,2,79.89,47.58,39.87,6.43,21.0,17.0,25,62.5,85,40,185.75631313131316,0.0,Nov,Dec to Feb,Feb to April,0,rice
Lalmonirhat,Rabi,Cheena,10,79.89,47.58,39.87,6.43,21.0,17.0,25,62.5,85,40,179.6013888888889,0.5,Nov,Dec to Feb,Feb to April,5,rice
Madaripur,Rabi,Cheena,0,79.89,47.58,39.87,6.43,21.0,17.0,25,62.5,85,40,160.41666666666666,2.518413598,Nov,Dec to Feb,Feb to April,0,rice
Magura,Rabi,Cheena,0,79.89,47.58,39.87,6.43,21.0,17.0,25,62.5,85,40,134.2247474747475,2.518413598,Nov,Dec to Feb,Feb to April,0,rice
Manikganj,Rabi,Cheena,0,79.89,47.58,39.87,6.43,21.0,17.0,25,62.5,85,40,169.94262295081967,2.518413598,Nov,Dec to Feb,Feb to April,0,rice
Meherpur,Rabi,Cheena,0,79.89,47.58,39.87,6.43,21.0,17.0,25,62.5,85,40,129.44444444444446,2.518413598,Nov,Dec to Feb,Feb to April,0,rice
Moulvibazar,Rabi,Cheena,0,79.89,47.58,39.87,6.43,21.0,17.0,25,62.5,85,40,333.72557471264366,2.518413598,Nov,Dec to Feb,Feb to April,0,rice
Munshiganj,Rabi,Cheena,51,79.89,47.58,39.87,6.43,21.0,17.0,25,62.5,85,40,169.94262295081967,0.4117647059,Nov,Dec to Feb,Feb to April,21,rice
Mymensingh,Rabi,Cheena,0,79.89,47.58,39.87,6.43,21.0,17.0,25,62.5,85,40,181.08838383838383,2.518413598,Nov,Dec to Feb,Feb to April,0,rice
Naogaon,Rabi,Cheena,0,79.89,47.58,39.87,6.43,21.0,17.0,25,62.5,85,40,124.92,2.518413598,Nov,Dec to Feb,Feb to April,0,rice
Narail,Rabi,Cheena,0,79.89,47.58,39.87,6.43,21.0,17.0,25,62.5,85,40,134.2247474747475,2.518413598,Nov,Dec to Feb,Feb to April,0,rice
Narayanganj,Rabi,Cheena,0,79.89,47.58,39.87,6.43,21.0,17.0,25,62.5,85,40,169.94262295081967,2.518413598,Nov,Dec to Feb,Feb to April,0,rice
Narsingdi,Rabi,Cheena,0,79.89,47.58,39.87,6.43,21.0,17.0,25,62.5,85,40,169.94262295081967,2.518413598,Nov,Dec to Feb,Feb to April,0,rice
Natore,Rabi,Cheena,0,79.89,47.58,39.87,6.43,21.0,17.0,25,62.5,85,40,124.92,2.518413598,Nov,Dec to Feb,Feb to April,0,rice
Netrokona,Rabi,Cheena,0,79.89,47.58,39.87,6.43,21.0,17.0,25,62.5,85,40,181.08838383838383,2.518413598,Nov,Dec to Feb,Feb to April,0,rice
Nilphamari,Rabi,Cheena,9,79.89,47.58,39.87,6.43,21.0,17.0,25,62.5,85,40,179.6013888888889,0.4444444444,Nov,Dec to Feb,Feb to April,4,rice
Noakhali,Rabi,Cheena,3,79.89,47.58,39.87,6.43,21.0,17.0,25,62.5,85,40,185.75631313131316,0.0,Nov,Dec to Feb,Feb to April,0,rice
Pabna,Rabi,Cheena,0,79.89,47.58,39.87,6.43,21.0,17.0,25,62.5,85,40,124.92,2.518413598,Nov,Dec to Feb,Feb to April,0,rice
Panchagar,Rabi,Cheena,30,79.89,47.58,39.87,6.43,21.0,17.0,25,62.5,85,40,154.21843434343435,0.4333333333,Nov,Dec to Feb,Feb to April,13,rice
Patuakhali,Rabi,Cheena,0,79.89,47.58,39.87,6.43,21.0,17.0,25,62.5,85,40,207.8076923076923,2.518413598,Nov,Dec to Feb,Feb to April,0,rice
Pirojpur,Rabi,Cheena,0,79.89,47.58,39.87,6.43,21.0,17.0,25,62.5,85,40,175.42564102564103,2.518413598,Nov,Dec to Feb,Feb to April,0,rice
Rajbari,Rabi,Cheena,0,79.89,47.58,39.87,6.43,21.0,17.0,25,62.5,85,40,155.864898989899,2.518413598,Nov,Dec to Feb,Feb to April,0,rice
Rajshahi,Rabi,Cheena,0,79.89,47.58,39.87,6.43,21.0,17.0,25,62.5,85,40,124.92,2.518413598,Nov,Dec to Feb,Feb to April,0,rice
Rangamati,Rabi,Cheena,82,79.89,47.58,39.87,6.43,21.0,17.0,25,62.5,85,40,204.11111111111111,0.4390243902,Nov,Dec to Feb,Feb to April,36,rice
Rangpur,Rabi,Cheena,15,79.89,47.58,39.87,6.43,21.0,17.0,25,62.5,85,40,179.6013888888889,0.6,Nov,Dec to Feb,Feb to April,9,rice
Satkhira,Rabi,Cheena,0,79.89,47.58,39.87,6.43,21.0,17.0,25,62.5,85,40,140.35353535353536,2.518413598,Nov,Dec to Feb,Feb to April,0,rice
Shariatpur,Rabi,Cheena,0,79.89,47.58,39.87,6.43,21.0,17.0,25,62.5,85,40,155.864898989899,2.518413598,Nov,Dec to Feb,Feb to April,0,rice
Sherpur,Rabi,Cheena,0,79.89,47.58,39.87,6.43,21.0,17.0,25,62.5,85,40,181.08838383838383,2.518413598,Nov,Dec to Feb,Feb to April,0,rice
Sirajganj,Rabi,Cheena,229,79.89,47.58,39.87,6.43,21.0,17.0,25,62.5,85,40,142.85416666666666,0.5414847162,Nov,Dec to Feb,Feb to April,124,rice
Sunamganj,Rabi,Cheena,0,79.89,47.58,39.87,6.43,21.0,17.0,25,62.5,85,40,333.72557471264366,2.518413598,Nov,Dec to Feb,Feb to April,0,rice
Sylhet,Rabi,Cheena,0,79.89,47.58,39.87,6.43,21.0,17.0,25,62.5,85,40,333.72557471264366,2.518413598,Nov,Dec to Feb,Feb to April,0,rice
Tangail,Rabi,Cheena,0,79.89,47.58,39.87,6.43,21.0,17.0,25,62.5,85,40,153.4104938271605,2.518413598,Nov,Dec to Feb,Feb to April,0,rice
Thakurgaon,Rabi,Cheena,111,79.89,47.58,39.87,6.43,21.0,17.0,25,62.5,85,40,154.21843434343435,0.2522522523,Nov,Dec to Feb,Feb to April,28,rice
Bagerhat,Kharif 1,Dalim,0,18.87,18.75,40.21,6.43,21.5,5.0,38,82.5,95,70,144.96843434343435,2.518413598,April,No need to do,Throuout The year,0,pomegranate
Bandarban,Kharif 1,Dalim,21,18.87,18.75,40.21,6.43,21.5,5.0,38,82.5,95,70,243.94444444444449,0.04761904762,April,No need to do,Throuout The year,1,pomegranate
Barguna,Kharif 1,Dalim,0,18.87,18.75,40.21,6.43,21.5,5.0,38,82.5,95,70,207.8076923076923,2.518413598,April,No need to do,Throuout The year,0,pomegranate
Barishal,Kharif 1,Dalim,24,18.87,18.75,40.21,6.43,21.5,5.0,38,82.5,95,70,175.42564102564103,2.583333333,April,No need to do,Throuout The year,62,pomegranate
Bhola,Kharif 1,Dalim,3,18.87,18.75,40.21,6.43,21.5,5.0,38,82.5,95,70,185.23090277777777,0.3333333333,April,No need to do,Throuout The year,1,pomegranate
Bogura,Kharif 1,Dalim,2,18.87,18.75,40.21,6.43,21.5,5.0,38,82.5,95,70,142.85416666666666,4.0,April,No need to do,Throuout The year,8,pomegranate
Brahmanbaria,Kharif 1,Dalim,33,18.87,18.75,40.21,6.43,21.5,5.0,38,82.5,95,70,185.75631313131316,0.8787878788,April,No need to do,Throuout The year,29,pomegranate
Chandpur,Kharif 1,Dalim,6,18.87,18.75,40.21,6.43,21.5,5.0,38,82.5,95,70,168.796875,1.666666667,April,No need to do,Throuout The year,10,pomegranate
Chapai Nawabganj,Kharif 1,Dalim,23,18.87,18.75,40.21,6.43,21.5,5.0,38,82.5,95,70,124.92,2.130434783,April,No need to do,Throuout The year,49,pomegranate
Chattogram,Kharif 1,Dalim,3,18.87,18.75,40.21,6.43,21.5,5.0,38,82.5,95,70,243.94444444444449,2.0,April,No need to do,Throuout The year,6,pomegranate
Chuadanga,Kharif 1,Dalim,5,18.87,18.75,40.21,6.43,21.5,5.0,38,82.5,95,70,129.44444444444446,1.0,April,No need to do,Throuout The year,5,pomegranate
CoxsBazar,Kharif 1,Dalim,6,18.87,18.75,40.21,6.43,21.5,5.0,38,82.5,95,70,303.40277777777777,1.333333333,April,No need to do,Throuout The year,8,pomegranate
Cumilla,Kharif 1,Dalim,44,18.87,18.75,40.21,6.43,21.5,5.0,38,82.5,95,70,185.75631313131316,0.75,April,No need to do,Throuout The year,33,pomegranate
Dhaka,Kharif 1,Dalim,5,18.87,18.75,40.21,6.43,21.5,5.0,38,82.5,95,70,169.94262295081967,3.8,April,No need to do,Throuout The year,19,pomegranate
Dinajpur,Kharif 1,Dalim,26,18.87,18.75,40.21,6.43,21.5,5.0,38,82.5,95,70,154.21843434343435,2.5,April,No need to do,Throuout The year,65,pomegranate
Faridpur,Kharif 1,Dalim,18,18.87,18.75,40.21,6.43,21.5,5.0,38,82.5,95,70,155.864898989899,3.0,April,No need to do,Throuout The year,54,pomegranate
Feni,Kharif 1,Dalim,1,18.87,18.75,40.21,6.43,21.5,5.0,38,82.5,95,70,248.1727642276423,1.0,April,No need to do,Throuout The year,1,pomegranate
Gaibandha,Kharif 1,Dalim,12,18.87,18.75,40.21,6.43,21.5,5.0,38,82.5,95,70,179.6013888888889,1.583333333,April,No need to do,Throuout The year,19,pomegranate
Gazipur,Kharif 1,Dalim,24,18.87,18.75,40.21,6.43,21.5,5.0,38,82.5,95,70,169.94262295081967,0.7083333333,April,No need to do,Throuout The year,17,pomegranate
Gopalganj,Kharif 1,Dalim,4,18.87,18.75,40.21,6.43,21.5,5.0,38,82.5,95,70,155.864898989899,7.25,April,No need to do,Throuout The year,29,pomegranate
Habiganj,Kharif 1,Dalim,0,18.87,18.75,40.21,6.43,21.5,5.0,38,82.5,95,70,333.72557471264366,2.518413598,April,No need to do,Throuout The year,0,pomegranate
Jamalpur,Kharif 1,Dalim,6,18.87,18.75,40.21,6.43,21.5,5.0,38,82.5,95,70,181.08838383838383,1.5,April,No need to do,Throuout The year,9,pomegranate
Jashore,Kharif 1,Dalim,13,18.87,18.75,40.21,6.43,21.5,5.0,38,82.5,95,70,134.2247474747475,8.461538462,April,No need to do,Throuout The year,110,pomegranate
Jhallokati,Kharif 1,Dalim,13,18.87,18.75,40.21,6.43,21.5,5.0,38,82.5,95,70,175.42564102564103,0.7692307692,April,No need to do,Throuout The year,10,pomegranate
Jhenaidah,Kharif 1,Dalim,12,18.87,18.75,40.21,6.43,21.5,5.0,38,82.5,95,70,134.2247474747475,3.833333333,April,No need to do,Throuout The year,46,pomegranate
Joypurhat,Kharif 1,Dalim,5,18.87,18.75,40.21,6.43,21.5,5.0,38,82.5,95,70,142.85416666666666,2.8,April,No need to do,Throuout The year,14,pomegranate
Khagrachari,Kharif 1,Dalim,4,18.87,18.75,40.21,6.43,21.5,5.0,38,82.5,95,70,204.11111111111111,0.5,April,No need to do,Throuout The year,2,pomegranate
Khulna,Kharif 1,Dalim,7,18.87,18.75,40.21,6.43,21.5,5.0,38,82.5,95,70,144.96843434343435,4.714285714,April,No need to do,Throuout The year,33,pomegranate
Kishoreganj,Kharif 1,Dalim,11,18.87,18.75,40.21,6.43,21.5,5.0,38,82.5,95,70,181.08838383838383,1.363636364,April,No need to do,Throuout The year,15,pomegranate
Kurigram,Kharif 1,Dalim,6,18.87,18.75,40.21,6.43,21.5,5.0,38,82.5,95,70,179.6013888888889,5.166666667,April,No need to do,Throuout The year,31,pomegranate
Kushtia,Kharif 1,Dalim,12,18.87,18.75,40.21,6.43,21.5,5.0,38,82.5,95,70,129.44444444444446,2.583333333,April,No need to do,Throuout The year,31,pomegranate
Lakshmipur,Kharif 1,Dalim,8,18.87,18.75,40.21,6.43,21.5,5.0,38,82.5,95,70,185.75631313131316,1.125,April,No need to do,Throuout The year,9,pomegranate
Lalmonirhat,Kharif 1,Dalim,8,18.87,18.75,40.21,6.43,21.5,5.0,38,82.5,95,70,179.6013888888889,2.25,April,No need to do,Throuout The year,18,pomegranate
Madaripur,Kharif 1,Dalim,7,18.87,18.75,40.21,6.43,21.5,5.0,38,82.5,95,70,160.41666666666666,7.0,April,No need to do,Throuout The year,49,pomegranate
Magura,Kharif 1,Dalim,46,18.87,18.75,40.21,6.43,21.5,5.0,38,82.5,95,70,134.2247474747475,1.413043478,April,No need to do,Throuout The year,65,pomegranate
Manikganj,Kharif 1,Dalim,2,18.87,18.75,40.21,6.43,21.5,5.0,38,82.5,95,70,169.94262295081967,2.0,April,No need to do,Throuout The year,4,pomegranate
Meherpur,Kharif 1,Dalim,14,18.87,18.75,40.21,6.43,21.5,5.0,38,82.5,95,70,129.44444444444446,0.6428571429,April,No need to do,Throuout The year,9,pomegranate
Moulvibazar,Kharif 1,Dalim,5,18.87,18.75,40.21,6.43,21.5,5.0,38,82.5,95,70,333.72557471264366,0.8,April,No need to do,Throuout The year,4,pomegranate
Munshiganj,Kharif 1,Dalim,1,18.87,18.75,40.21,6.43,21.5,5.0,38,82.5,95,70,169.94262295081967,4.0,April,No need to do,Throuout The year,4,pomegranate
Mymensingh,Kharif 1,Dalim,18,18.87,18.75,40.21,6.43,21.5,5.0,38,82.5,95,70,181.08838383838383,0.6111111111,April,No need to do,Throuout The year,11,pomegranate
Naogaon,Kharif 1,Dalim,5,18.87,18.75,40.21,6.43,21.5,5.0,38,82.5,95,70,124.92,4.2,April,No need to do,Throuout The year,21,pomegranate
Narail,Kharif 1,Dalim,21,18.87,18.75,40.21,6.43,21.5,5.0,38,82.5,95,70,134.2247474747475,0.380952381,April,No need to do,Throuout The year,8,pomegranate
Narayanganj,Kharif 1,Dalim,4,18.87,18.75,40.21,6.43,21.5,5.0,38,82.5,95,70,169.94262295081967,7.25,April,No need to do,Throuout The year,29,pomegranate
Narsingdi,Kharif 1,Dalim,12,18.87,18.75,40.21,6.43,21.5,5.0,38,82.5,95,70,169.94262295081967,2.416666667,April,No need to do,Throuout The year,29,pomegranate
Natore,Kharif 1,Dalim,8,18.87,18.75,40.21,6.43,21.5,5.0,38,82.5,95,70,124.92,6.375,April,No need to do,Throuout The year,51,pomegranate
Netrokona,Kharif 1,Dalim,15,18.87,18.75,40.21,6.43,21.5,5.0,38,82.5,95,70,181.08838383838383,1.733333333,April,No need to do,Throuout The year,26,pomegranate
Nilphamari,Kharif 1,Dalim,6,18.87,18.75,40.21,6.43,21.5,5.0,38,82.5,95,70,179.6013888888889,3.0,April,No need to do,Throuout The year,18,pomegranate
Noakhali,Kharif 1,Dalim,2,18.87,18.75,40.21,6.43,21.5,5.0,38,82.5,95,70,185.75631313131316,0.5,April,No need to do,Throuout The year,1,pomegranate
Pabna,Kharif 1,Dalim,4,18.87,18.75,40.21,6.43,21.5,5.0,38,82.5,95,70,124.92,2.0,April,No need to do,Throuout The year,8,pomegranate
Panchagar,Kharif 1,Dalim,21,18.87,18.75,40.21,6.43,21.5,5.0,38,82.5,95,70,154.21843434343435,0.7619047619,April,No need to do,Throuout The year,16,pomegranate
Patuakhali,Kharif 1,Dalim,11,18.87,18.75,40.21,6.43,21.5,5.0,38,82.5,95,70,207.8076923076923,0.6363636364,April,No need to do,Throuout The year,7,pomegranate
Pirojpur,Kharif 1,Dalim,1,18.87,18.75,40.21,6.43,21.5,5.0,38,82.5,95,70,175.42564102564103,2.0,April,No need to do,Throuout The year,2,pomegranate
Rajbari,Kharif 1,Dalim,2,18.87,18.75,40.21,6.43,21.5,5.0,38,82.5,95,70,155.864898989899,5.0,April,No need to do,Throuout The year,10,pomegranate
Rajshahi,Kharif 1,Dalim,16,18.87,18.75,40.21,6.43,21.5,5.0,38,82.5,95,70,124.92,5.625,April,No need to do,Throuout The year,90,pomegranate
Rangamati,Kharif 1,Dalim,2,18.87,18.75,40.21,6.43,21.5,5.0,38,82.5,95,70,204.11111111111111,0.5,April,No need to do,Throuout The year,1,pomegranate
Rangpur,Kharif 1,Dalim,7,18.87,18.75,40.21,6.43,21.5,5.0,38,82.5,95,70,179.6013888888889,3.142857143,April,No need to do,Throuout The year,22,pomegranate
Satkhira,Kharif 1,Dalim,0,18.87,18.75,40.21,6.43,21.5,5.0,38,82.5,95,70,140.35353535353536,2.518413598,April,No need to do,Throuout The year,0,pomegranate
Shariatpur,Kharif 1,Dalim,3,18.87,18.75,40.21,6.43,21.5,5.0,38,82.5,95,70,155.864898989899,8.333333333,April,No need to do,Throuout The year,25,pomegranate
Sherpur,Kharif 1,Dalim,3,18.87,18.75,40.21,6.43,21.5,5.0,38,82.5,95,70,181.08838383838383,1.333333333,April,No need to do,Throuout The year,4,pomegranate
Sirajganj,Kharif 1,Dalim,5,18.87,18.75,40.21,6.43,21.5,5.0,38,82.5,95,70,142.85416666666666,2.8,April,No need to do,Throuout The year,14,pomegranate
Sunamganj,Kharif 1,Dalim,4,18.87,18.75,40.21,6.43,21.5,5.0,38,82.5,95,70,333.72557471264366,0.5,April,No need to do,Throuout The year,2,pomegranate
Sylhet,Kharif 1,Dalim,0,18.87,18.75,40.21,6.43,21.5,5.0,38,82.5,95,70,333.72557471264366,2.518413598,April,No need to do,Throuout The year,0,pomegranate
Tangail,Kharif 1,Dalim,24,18.87,18.75,40.21,6.43,21.5,5.0,38,82.5,95,70,153.4104938271605,3.416666667,April,No need to do,Throuout The year,82,pomegranate
Thakurgaon,Kharif 1,Dalim,12,18.87,18.75,40.21,6.43,21.5,5.0,38,82.5,95,70,154.21843434343435,3.0,April,No need to do,Throuout The year,36,pomegranate
Bagerhat,Kharif 2,Gram,7,40.09,67.79,79.92,7.34,27.5,20.0,35,35.0,45,25,144.96843434343435,0.2857142857,Aug,Sep to Oct,Nov,2,chickpea
Bandarban,Kharif 2,Gram,7,40.09,67.79,79.92,7.34,27.5,20.0,35,35.0,45,25,243.94444444444449,0.4285714286,Aug,Sep to Oct,Nov,3,chickpea
Barguna,Kharif 2,Gram,42,40.09,67.79,79.92,7.34,27.5,20.0,35,35.0,45,25,207.8076923076923,0.3571428571,Aug,Sep to Oct,Nov,15,chickpea
Barishal,Kharif 2,Gram,959,40.09,67.79,79.92,7.34,27.5,20.0,35,35.0,45,25,175.42564102564103,0.3993743483,Aug,Sep to Oct,Nov,383,chickpea
Bhola,Kharif 2,Gram,74,40.09,67.79,79.92,7.34,27.5,20.0,35,35.0,45,25,185.23090277777777,0.6891891892,Aug,Sep to Oct,Nov,51,chickpea
Bogura,Kharif 2,Gram,8,40.09,67.79,79.92,7.34,27.5,20.0,35,35.0,45,25,142.85416666666666,0.375,Aug,Sep to Oct,Nov,3,chickpea
Brahmanbaria,Kharif 2,Gram,0,40.09,67.79,79.92,7.34,27.5,20.0,35,35.0,45,25,185.75631313131316,2.518413598,Aug,Sep to Oct,Nov,0,chickpea
Chandpur,Kharif 2,Gram,0,40.09,67.79,79.92,7.34,27.5,20.0,35,35.0,45,25,168.796875,2.518413598,Aug,Sep to Oct,Nov,0,chickpea
Chapai Nawabganj,Kharif 2,Gram,1798,40.09,67.79,79.92,7.34,27.5,20.0,35,35.0,45,25,124.92,0.3820912125,Aug,Sep to Oct,Nov,687,chickpea
Chattogram,Kharif 2,Gram,26,40.09,67.79,79.92,7.34,27.5,20.0,35,35.0,45,25,243.94444444444449,0.3076923077,Aug,Sep to Oct,Nov,8,chickpea
Chuadanga,Kharif 2,Gram,144,40.09,67.79,79.92,7.34,27.5,20.0,35,35.0,45,25,129.44444444444446,0.3680555556,Aug,Sep to Oct,Nov,53,chickpea
CoxsBazar,Kharif 2,Gram,0,40.09,67.79,79.92,7.34,27.5,20.0,35,35.0,45,25,303.40277777777777,2.518413598,Aug,Sep to Oct,Nov,0,chickpea
Cumilla,Kharif 2,Gram,0,40.09,67.79,79.92,7.34,27.5,20.0,35,35.0,45,25,185.75631313131316,2.518413598,Aug,Sep to Oct,Nov,0,chickpea
Dhaka,Kharif 2,Gram,7,40.09,67.79,79.92,7.34,27.5,20.0,35,35.0,45,25,169.94262295081967,0.2857142857,Aug,Sep to Oct,Nov,2,chickpea
Dinajpur,Kharif 2,Gram,9,40.09,67.79,79.92,7.34,27.5,20.0,35,35.0,45,25,154.21843434343435,0.3333333333,Aug,Sep to Oct,Nov,3,chickpea
Faridpur,Kharif 2,Gram,210,40.09,67.79,79.92,7.34,27.5,20.0,35,35.0,45,25,155.864898989899,0.4047619048,Aug,Sep to Oct,Nov,85,chickpea
Feni,Kharif 2,Gram,38,40.09,67.79,79.92,7.34,27.5,20.0,35,35.0,45,25,248.1727642276423,0.4473684211,Aug,Sep to Oct,Nov,17,chickpea
Gaibandha,Kharif 2,Gram,31,40.09,67.79,79.92,7.34,27.5,20.0,35,35.0,45,25,179.6013888888889,0.5806451613,Aug,Sep to Oct,Nov,18,chickpea
Gazipur,Kharif 2,Gram,38,40.09,67.79,79.92,7.34,27.5,20.0,35,35.0,45,25,169.94262295081967,0.5,Aug,Sep to Oct,Nov,19,chickpea
Gopalganj,Kharif 2,Gram,103,40.09,67.79,79.92,7.34,27.5,20.0,35,35.0,45,25,155.864898989899,0.1941747573,Aug,Sep to Oct,Nov,20,chickpea
Habiganj,Kharif 2,Gram,0,40.09,67.79,79.92,7.34,27.5,20.0,35,35.0,45,25,333.72557471264366,2.518413598,Aug,Sep to Oct,Nov,0,chickpea
Jamalpur,Kharif 2,Gram,90,40.09,67.79,79.92,7.34,27.5,20.0,35,35.0,45,25,181.08838383838383,0.3777777778,Aug,Sep to Oct,Nov,34,chickpea
Jashore,Kharif 2,Gram,234,40.09,67.79,79.92,7.34,27.5,20.0,35,35.0,45,25,134.2247474747475,0.4444444444,Aug,Sep to Oct,Nov,104,chickpea
Jhallokati,Kharif 2,Gram,255,40.09,67.79,79.92,7.34,27.5,20.0,35,35.0,45,25,175.42564102564103,0.3725490196,Aug,Sep to Oct,Nov,95,chickpea
Jhenaidah,Kharif 2,Gram,89,40.09,67.79,79.92,7.34,27.5,20.0,35,35.0,45,25,134.2247474747475,0.5056179775,Aug,Sep to Oct,Nov,45,chickpea
Joypurhat,Kharif 2,Gram,0,40.09,67.79,79.92,7.34,27.5,20.0,35,35.0,45,25,142.85416666666666,2.518413598,Aug,Sep to Oct,Nov,0,chickpea
Khagrachari,Kharif 2,Gram,0,40.09,67.79,79.92,7.34,27.5,20.0,35,35.0,45,25,204.11111111111111,2.518413598,Aug,Sep to Oct,Nov,0,chickpea
Khulna,Kharif 2,Gram,3,40.09,67.79,79.92,7.34,27.5,20.0,35,35.0,45,25,144.96843434343435,0.3333333333,Aug,Sep to Oct,Nov,1,chickpea
Kishoreganj,Kharif 2,Gram,5,40.09,67.79,79.92,7.34,27.5,20.0,35,35.0,45,25,181.08838383838383,0.2,Aug,Sep to Oct,Nov,1,chickpea
Kurigram,Kharif 2,Gram,242,40.09,67.79,79.92,7.34,27.5,20.0,35,35.0,45,25,179.6013888888889,0.4380165289,Aug,Sep to Oct,Nov,106,chickpea
Kushtia,Kharif 2,Gram,164,40.09,67.79,79.92,7.34,27.5,20.0,35,35.0,45,25,129.44444444444446,0.4817073171,Aug,Sep to Oct,Nov,79,chickpea
Lakshmipur,Kharif 2,Gram,11,40.09,67.79,79.92,7.34,27.5,20.0,35,35.0,45,25,185.75631313131316,0.5454545455,Aug,Sep to Oct,Nov,6,chickpea
Lalmonirhat,Kharif 2,Gram,11,40.09,67.79,79.92,7.34,27.5,20.0,35,35.0,45,25,179.6013888888889,0.8181818182,Aug,Sep to Oct,Nov,9,chickpea
Madaripur,Kharif 2,Gram,965,40.09,67.79,79.92,7.34,27.5,20.0,35,35.0,45,25,160.41666666666666,0.4165803109,Aug,Sep to Oct,Nov,402,chickpea
Magura,Kharif 2,Gram,257,40.09,67.79,79.92,7.34,27.5,20.0,35,35.0,45,25,134.2247474747475,0.2918287938,Aug,Sep to Oct,Nov,75,chickpea
Manikganj,Kharif 2,Gram,4,40.09,67.79,79.92,7.34,27.5,20.0,35,35.0,45,25,169.94262295081967,0.25,Aug,Sep to Oct,Nov,1,chickpea
Meherpur,Kharif 2,Gram,16,40.09,67.79,79.92,7.34,27.5,20.0,35,35.0,45,25,129.44444444444446,0.375,Aug,Sep to Oct,Nov,6,chickpea
Moulvibazar,Kharif 2,Gram,1,40.09,67.79,79.92,7.34,27.5,20.0,35,35.0,45,25,333.72557471264366,1.0,Aug,Sep to Oct,Nov,1,chickpea
Munshiganj,Kharif 2,Gram,0,40.09,67.79,79.92,7.34,27.5,20.0,35,35.0,45,25,169.94262295081967,2.518413598,Aug,Sep to Oct,Nov,0,chickpea
Mymensingh,Kharif 2,Gram,45,40.09,67.79,79.92,7.34,27.5,20.0,35,35.0,45,25,181.08838383838383,0.5111111111,Aug,Sep to Oct,Nov,23,chickpea
Naogaon,Kharif 2,Gram,190,40.09,67.79,79.92,7.34,27.5,20.0,35,35.0,45,25,124.92,0.3736842105,Aug,Sep to Oct,Nov,71,chickpea
Narail,Kharif 2,Gram,43,40.09,67.79,79.92,7.34,27.5,20.0,35,35.0,45,25,134.2247474747475,0.4418604651,Aug,Sep to Oct,Nov,19,chickpea
Narayanganj,Kharif 2,Gram,0,40.09,67.79,79.92,7.34,27.5,20.0,35,35.0,45,25,169.94262295081967,2.518413598,Aug,Sep to Oct,Nov,0,chickpea
Narsingdi,Kharif 2,Gram,3,40.09,67.79,79.92,7.34,27.5,20.0,35,35.0,45,25,169.94262295081967,1.666666667,Aug,Sep to Oct,Nov,5,chickpea
Natore,Kharif 2,Gram,66,40.09,67.79,79.92,7.34,27.5,20.0,35,35.0,45,25,124.92,0.4090909091,Aug,Sep to Oct,Nov,27,chickpea
Netrokona,Kharif 2,Gram,0,40.09,67.79,79.92,7.34,27.5,20.0,35,35.0,45,25,181.08838383838383,2.518413598,Aug,Sep to Oct,Nov,0,chickpea
Nilphamari,Kharif 2,Gram,0,40.09,67.79,79.92,7.34,27.5,20.0,35,35.0,45,25,179.6013888888889,2.518413598,Aug,Sep to Oct,Nov,0,chickpea
Noakhali,Kharif 2,Gram,7,40.09,67.79,79.92,7.34,27.5,20.0,35,35.0,45,25,185.75631313131316,0.1428571429,Aug,Sep to Oct,Nov,1,chickpea
Pabna,Kharif 2,Gram,161,40.09,67.79,79.92,7.34,27.5,20.0,35,35.0,45,25,124.92,0.6459627329,Aug,Sep to Oct,Nov,104,chickpea
Panchagar,Kharif 2,Gram,40,40.09,67.79,79.92,7.34,27.5,20.0,35,35.0,45,25,154.21843434343435,0.325,Aug,Sep to Oct,Nov,13,chickpea
Patuakhali,Kharif 2,Gram,1242,40.09,67.79,79.92,7.34,27.5,20.0,35,35.0,45,25,207.8076923076923,0.4347826087,Aug,Sep to Oct,Nov,540,chickpea
Pirojpur,Kharif 2,Gram,0,40.09,67.79,79.92,7.34,27.5,20.0,35,35.0,45,25,175.42564102564103,2.518413598,Aug,Sep to Oct,Nov,0,chickpea
Rajbari,Kharif 2,Gram,61,40.09,67.79,79.92,7.34,27.5,20.0,35,35.0,45,25,155.864898989899,0.5081967213,Aug,Sep to Oct,Nov,31,chickpea
Rajshahi,Kharif 2,Gram,3101,40.09,67.79,79.92,7.34,27.5,20.0,35,35.0,45,25,124.92,0.4898419865,Aug,Sep to Oct,Nov,1519,chickpea
Rangamati,Kharif 2,Gram,0,40.09,67.79,79.92,7.34,27.5,20.0,35,35.0,45,25,204.11111111111111,2.518413598,Aug,Sep to Oct,Nov,0,chickpea
Rangpur,Kharif 2,Gram,24,40.09,67.79,79.92,7.34,27.5,20.0,35,35.0,45,25,179.6013888888889,0.4583333333,Aug,Sep to Oct,Nov,11,chickpea
Satkhira,Kharif 2,Gram,0,40.09,67.79,79.92,7.34,27.5,20.0,35,35.0,45,25,140.35353535353536,2.518413598,Aug,Sep to Oct,Nov,0,chickpea
Shariatpur,Kharif 2,Gram,273,40.09,67.79,79.92,7.34,27.5,20.0,35,35.0,45,25,155.864898989899,0.7032967033,Aug,Sep to Oct,Nov,192,chickpea
Sherpur,Kharif 2,Gram,58,40.09,67.79,79.92,7.34,27.5,20.0,35,35.0,45,25,181.08838383838383,0.6896551724,Aug,Sep to Oct,Nov,40,chickpea
Sirajganj,Kharif 2,Gram,52,40.09,67.79,79.92,7.34,27.5,20.0,35,35.0,45,25,142.85416666666666,0.5192307692,Aug,Sep to Oct,Nov,27,chickpea
Sunamganj,Kharif 2,Gram,0,40.09,67.79,79.92,7.34,27.5,20.0,35,35.0,45,25,333.72557471264366,2.518413598,Aug,Sep to Oct,Nov,0,chickpea
Sylhet,Kharif 2,Gram,7,40.09,67.79,79.92,7.34,27.5,20.0,35,35.0,45,25,333.72557471264366,0.2857142857,Aug,Sep to Oct,Nov,2,chickpea
Tangail,Kharif 2,Gram,3,40.09,67.79,79.92,7.34,27.5,20.0,35,35.0,45,25,153.4104938271605,0.3333333333,Aug,Sep to Oct,Nov,1,chickpea
Thakurgaon,Kharif 2,Gram,82,40.09,67.79,79.92,7.34,27.5,20.0,35,35.0,45,25,154.21843434343435,0.4390243902,Aug,Sep to Oct,Nov,36,chickpea
Bagerhat,Kharif 1,Green Coconut,1007,21.98,16.93,30.59,5.98,25.0,20.0,30,70.0,80,60,144.96843434343435,28.86097319,May,June to August,August to September,29063,coconut
Bandarban,Kharif 1,Green Coconut,134,21.98,16.93,30.59,5.98,25.0,20.0,30,70.0,80,60,243.94444444444449,6.111940299,May,June to August,August to September,819,coconut
Barguna,Kharif 1,Green Coconut,8120,21.98,16.93,30.59,5.98,25.0,20.0,30,70.0,80,60,207.8076923076923,1.116871921,May,June to August,August to September,9069,coconut
Barishal,Kharif 1,Green Coconut,6623,21.98,16.93,30.59,5.98,25.0,20.0,30,70.0,80,60,175.42564102564103,2.039710101,May,June to August,August to September,13509,coconut
Bhola,Kharif 1,Green Coconut,1346,21.98,16.93,30.59,5.98,25.0,20.0,30,70.0,80,60,185.23090277777777,10.50742942,May,June to August,August to September,14143,coconut
Bogura,Kharif 1,Green Coconut,328,21.98,16.93,30.59,5.98,25.0,20.0,30,70.0,80,60,142.85416666666666,24.33231707,May,June to August,August to September,7981,coconut
Brahmanbaria,Kharif 1,Green Coconut,400,21.98,16.93,30.59,5.98,25.0,20.0,30,70.0,80,60,185.75631313131316,16.7225,May,June to August,August to September,6689,coconut
Chandpur,Kharif 1,Green Coconut,394,21.98,16.93,30.59,5.98,25.0,20.0,30,70.0,80,60,168.796875,9.984771574,May,June to August,August to September,3934,coconut
Chapai Nawabganj,Kharif 1,Green Coconut,106,21.98,16.93,30.59,5.98,25.0,20.0,30,70.0,80,60,124.92,7.594339623,May,June to August,August to September,805,coconut
Chattogram,Kharif 1,Green Coconut,5826,21.98,16.93,30.59,5.98,25.0,20.0,30,70.0,80,60,243.94444444444449,1.490902849,May,June to August,August to September,8686,coconut
Chuadanga,Kharif 1,Green Coconut,179,21.98,16.93,30.59,5.98,25.0,20.0,30,70.0,80,60,129.44444444444446,21.46368715,May,June to August,August to September,3842,coconut
CoxsBazar,Kharif 1,Green Coconut,426,21.98,16.93,30.59,5.98,25.0,20.0,30,70.0,80,60,303.40277777777777,15.43661972,May,June to August,August to September,6576,coconut
Cumilla,Kharif 1,Green Coconut,1228,21.98,16.93,30.59,5.98,25.0,20.0,30,70.0,80,60,185.75631313131316,4.802117264,May,June to August,August to September,5897,coconut
Dhaka,Kharif 1,Green Coconut,145,21.98,16.93,30.59,5.98,25.0,20.0,30,70.0,80,60,169.94262295081967,22.42068966,May,June to August,August to September,3251,coconut
Dinajpur,Kharif 1,Green Coconut,260,21.98,16.93,30.59,5.98,25.0,20.0,30,70.0,80,60,154.21843434343435,8.053846154,May,June to August,August to September,2094,coconut
Faridpur,Kharif 1,Green Coconut,544,21.98,16.93,30.59,5.98,25.0,20.0,30,70.0,80,60,155.864898989899,9.648897059,May,June to August,August to September,5249,coconut
Feni,Kharif 1,Green Coconut,915,21.98,16.93,30.59,5.98,25.0,20.0,30,70.0,80,60,248.1727642276423,2.170491803,May,June to August,August to September,1986,coconut
Gaibandha,Kharif 1,Green Coconut,584,21.98,16.93,30.59,5.98,25.0,20.0,30,70.0,80,60,179.6013888888889,3.782534247,May,June to August,August to September,2209,coconut
Gazipur,Kharif 1,Green Coconut,393,21.98,16.93,30.59,5.98,25.0,20.0,30,70.0,80,60,169.94262295081967,3.893129771,May,June to August,August to September,1530,coconut
Gopalganj,Kharif 1,Green Coconut,333,21.98,16.93,30.59,5.98,25.0,20.0,30,70.0,80,60,155.864898989899,10.44744745,May,June to August,August to September,3479,coconut
Habiganj,Kharif 1,Green Coconut,731,21.98,16.93,30.59,5.98,25.0,20.0,30,70.0,80,60,333.72557471264366,7.452804378,May,June to August,August to September,5448,coconut
Jamalpur,Kharif 1,Green Coconut,512,21.98,16.93,30.59,5.98,25.0,20.0,30,70.0,80,60,181.08838383838383,9.53515625,May,June to August,August to September,4882,coconut
Jashore,Kharif 1,Green Coconut,1164,21.98,16.93,30.59,5.98,25.0,20.0,30,70.0,80,60,134.2247474747475,11.21993127,May,June to August,August to September,13060,coconut
Jhallokati,Kharif 1,Green Coconut,2444,21.98,16.93,30.59,5.98,25.0,20.0,30,70.0,80,60,175.42564102564103,3.273322422,May,June to August,August to September,8000,coconut
Jhenaidah,Kharif 1,Green Coconut,378,21.98,16.93,30.59,5.98,25.0,20.0,30,70.0,80,60,134.2247474747475,32.25132275,May,June to August,August to September,12191,coconut
Joypurhat,Kharif 1,Green Coconut,134,21.98,16.93,30.59,5.98,25.0,20.0,30,70.0,80,60,142.85416666666666,1.380597015,May,June to August,August to September,185,coconut
Khagrachari,Kharif 1,Green Coconut,656,21.98,16.93,30.59,5.98,25.0,20.0,30,70.0,80,60,204.11111111111111,2.364329268,May,June to August,August to September,1551,coconut
Khulna,Kharif 1,Green Coconut,1518,21.98,16.93,30.59,5.98,25.0,20.0,30,70.0,80,60,144.96843434343435,7.009881423,May,June to August,August to September,10641,coconut
Kishoreganj,Kharif 1,Green Coconut,313,21.98,16.93,30.59,5.98,25.0,20.0,30,70.0,80,60,181.08838383838383,24.11182109,May,June to August,August to September,7547,coconut
Kurigram,Kharif 1,Green Coconut,90,21.98,16.93,30.59,5.98,25.0,20.0,30,70.0,80,60,179.6013888888889,5.944444444,May,June to August,August to September,535,coconut
Kushtia,Kharif 1,Green Coconut,1286,21.98,16.93,30.59,5.98,25.0,20.0,30,70.0,80,60,129.44444444444446,13.03810264,May,June to August,August to September,16767,coconut
Lakshmipur,Kharif 1,Green Coconut,107,21.98,16.93,30.59,5.98,25.0,20.0,30,70.0,80,60,185.75631313131316,98.99065421,May,June to August,August to September,10592,coconut
Lalmonirhat,Kharif 1,Green Coconut,82,21.98,16.93,30.59,5.98,25.0,20.0,30,70.0,80,60,179.6013888888889,7.951219512,May,June to August,August to September,652,coconut
Madaripur,Kharif 1,Green Coconut,940,21.98,16.93,30.59,5.98,25.0,20.0,30,70.0,80,60,160.41666666666666,12.53510638,May,June to August,August to September,11783,coconut
Magura,Kharif 1,Green Coconut,695,21.98,16.93,30.59,5.98,25.0,20.0,30,70.0,80,60,134.2247474747475,7.732374101,May,June to August,August to September,5374,coconut
Manikganj,Kharif 1,Green Coconut,1533,21.98,16.93,30.59,5.98,25.0,20.0,30,70.0,80,60,169.94262295081967,9.075016308,May,June to August,August to September,13912,coconut
Meherpur,Kharif 1,Green Coconut,129,21.98,16.93,30.59,5.98,25.0,20.0,30,70.0,80,60,129.44444444444446,10.60465116,May,June to August,August to September,1368,coconut
Moulvibazar,Kharif 1,Green Coconut,269,21.98,16.93,30.59,5.98,25.0,20.0,30,70.0,80,60,333.72557471264366,16.28624535,May,June to August,August to September,4381,coconut
Munshiganj,Kharif 1,Green Coconut,67,21.98,16.93,30.59,5.98,25.0,20.0,30,70.0,80,60,169.94262295081967,14.23880597,May,June to August,August to September,954,coconut
Mymensingh,Kharif 1,Green Coconut,1667,21.98,16.93,30.59,5.98,25.0,20.0,30,70.0,80,60,181.08838383838383,6.588482304,May,June to August,August to September,10983,coconut
Naogaon,Kharif 1,Green Coconut,285,21.98,16.93,30.59,5.98,25.0,20.0,30,70.0,80,60,124.92,8.614035088,May,June to August,August to September,2455,coconut
Narail,Kharif 1,Green Coconut,943,21.98,16.93,30.59,5.98,25.0,20.0,30,70.0,80,60,134.2247474747475,9.19088017,May,June to August,August to September,8667,coconut
Narayanganj,Kharif 1,Green Coconut,43,21.98,16.93,30.59,5.98,25.0,20.0,30,70.0,80,60,169.94262295081967,48.60465116,May,June to August,August to September,2090,coconut
Narsingdi,Kharif 1,Green Coconut,84,21.98,16.93,30.59,5.98,25.0,20.0,30,70.0,80,60,169.94262295081967,17.92857143,May,June to August,August to September,1506,coconut
Natore,Kharif 1,Green Coconut,667,21.98,16.93,30.59,5.98,25.0,20.0,30,70.0,80,60,124.92,14.54572714,May,June to August,August to September,9702,coconut
Netrokona,Kharif 1,Green Coconut,521,21.98,16.93,30.59,5.98,25.0,20.0,30,70.0,80,60,181.08838383838383,9.451055662,May,June to August,August to September,4924,coconut
Nilphamari,Kharif 1,Green Coconut,103,21.98,16.93,30.59,5.98,25.0,20.0,30,70.0,80,60,179.6013888888889,15.31067961,May,June to August,August to September,1577,coconut
Noakhali,Kharif 1,Green Coconut,1694,21.98,16.93,30.59,5.98,25.0,20.0,30,70.0,80,60,185.75631313131316,14.84946871,May,June to August,August to September,25155,coconut
Pabna,Kharif 1,Green Coconut,725,21.98,16.93,30.59,5.98,25.0,20.0,30,70.0,80,60,124.92,16.29517241,May,June to August,August to September,11814,coconut
Panchagar,Kharif 1,Green Coconut,126,21.98,16.93,30.59,5.98,25.0,20.0,30,70.0,80,60,154.21843434343435,16.53968254,May,June to August,August to September,2084,coconut
Patuakhali,Kharif 1,Green Coconut,1779,21.98,16.93,30.59,5.98,25.0,20.0,30,70.0,80,60,207.8076923076923,7.897133221,May,June to August,August to September,14049,coconut
Pirojpur,Kharif 1,Green Coconut,3250,21.98,16.93,30.59,5.98,25.0,20.0,30,70.0,80,60,175.42564102564103,4.780923077,May,June to August,August to September,15538,coconut
Rajbari,Kharif 1,Green Coconut,350,21.98,16.93,30.59,5.98,25.0,20.0,30,70.0,80,60,155.864898989899,27.58857143,May,June to August,August to September,9656,coconut
Rajshahi,Kharif 1,Green Coconut,860,21.98,16.93,30.59,5.98,25.0,20.0,30,70.0,80,60,124.92,13.59534884,May,June to August,August to September,11692,coconut
Rangamati,Kharif 1,Green Coconut,1858,21.98,16.93,30.59,5.98,25.0,20.0,30,70.0,80,60,204.11111111111111,1.701829925,May,June to August,August to September,3162,coconut
Rangpur,Kharif 1,Green Coconut,153,21.98,16.93,30.59,5.98,25.0,20.0,30,70.0,80,60,179.6013888888889,15.83660131,May,June to August,August to September,2423,coconut
Satkhira,Kharif 1,Green Coconut,1741,21.98,16.93,30.59,5.98,25.0,20.0,30,70.0,80,60,140.35353535353536,9.78518093,May,June to August,August to September,17036,coconut
Shariatpur,Kharif 1,Green Coconut,313,21.98,16.93,30.59,5.98,25.0,20.0,30,70.0,80,60,155.864898989899,38.1629393,May,June to August,August to September,11945,coconut
Sherpur,Kharif 1,Green Coconut,199,21.98,16.93,30.59,5.98,25.0,20.0,30,70.0,80,60,181.08838383838383,10.10552764,May,June to August,August to September,2011,coconut
Sirajganj,Kharif 1,Green Coconut,172,21.98,16.93,30.59,5.98,25.0,20.0,30,70.0,80,60,142.85416666666666,21.3255814,May,June to August,August to September,3668,coconut
Sunamganj,Kharif 1,Green Coconut,182,21.98,16.93,30.59,5.98,25.0,20.0,30,70.0,80,60,333.72557471264366,16.51648352,May,June to August,August to September,3006,coconut
Sylhet,Kharif 1,Green Coconut,2191,21.98,16.93,30.59,5.98,25.0,20.0,30,70.0,80,60,333.72557471264366,0.6458238247,May,June to August,August to September,1415,coconut
Tangail,Kharif 1,Green Coconut,272,21.98,16.93,30.59,5.98,25.0,20.0,30,70.0,80,60,153.4104938271605,17.72794118,May,June to August,August to September,4822,coconut
Thakurgaon,Kharif 1,Green Coconut,59,21.98,16.93,30.59,5.98,25.0,20.0,30,70.0,80,60,154.21843434343435,11.76271186,May,June to August,August to September,694,coconut
Bagerhat,Kharif 1,Green Papaya,83,49.88,59.05,50.04,6.74,25.0,20.0,30,70.0,80,60,144.96843434343435,17.27710843,June,June to August,August to September,1434,papaya
Bandarban,Kharif 1,Green Papaya,276,49.88,59.05,50.04,6.74,25.0,20.0,30,70.0,80,60,243.94444444444449,5.916666667,June,June to August,August to September,1633,papaya
Barguna,Kharif 1,Green Papaya,3169,49.88,59.05,50.04,6.74,25.0,20.0,30,70.0,80,60,207.8076923076923,0.8094035973,June,June to August,August to September,2565,papaya
Barishal,Kharif 1,Green Papaya,1373,49.88,59.05,50.04,6.74,25.0,20.0,30,70.0,80,60,175.42564102564103,3.510560816,June,June to August,August to September,4820,papaya
Bhola,Kharif 1,Green Papaya,207,49.88,59.05,50.04,6.74,25.0,20.0,30,70.0,80,60,185.23090277777777,6.202898551,June,June to August,August to September,1284,papaya
Bogura,Kharif 1,Green Papaya,436,49.88,59.05,50.04,6.74,25.0,20.0,30,70.0,80,60,142.85416666666666,16.28669725,June,June to August,August to September,7101,papaya
Brahmanbaria,Kharif 1,Green Papaya,176,49.88,59.05,50.04,6.74,25.0,20.0,30,70.0,80,60,185.75631313131316,7.079545455,June,June to August,August to September,1246,papaya
Chandpur,Kharif 1,Green Papaya,102,49.88,59.05,50.04,6.74,25.0,20.0,30,70.0,80,60,168.796875,25.56862745,June,June to August,August to September,2608,papaya
Chapai Nawabganj,Kharif 1,Green Papaya,244,49.88,59.05,50.04,6.74,25.0,20.0,30,70.0,80,60,124.92,12.95081967,June,June to August,August to September,3160,papaya
Chattogram,Kharif 1,Green Papaya,321,49.88,59.05,50.04,6.74,25.0,20.0,30,70.0,80,60,243.94444444444449,12.08099688,June,June to August,August to September,3878,papaya
Chuadanga,Kharif 1,Green Papaya,142,49.88,59.05,50.04,6.74,25.0,20.0,30,70.0,80,60,129.44444444444446,25.4084507,June,June to August,August to September,3608,papaya
CoxsBazar,Kharif 1,Green Papaya,300,49.88,59.05,50.04,6.74,25.0,20.0,30,70.0,80,60,303.40277777777777,7.816666667,June,June to August,August to September,2345,papaya
Cumilla,Kharif 1,Green Papaya,457,49.88,59.05,50.04,6.74,25.0,20.0,30,70.0,80,60,185.75631313131316,5.238512035,June,June to August,August to September,2394,papaya
Dhaka,Kharif 1,Green Papaya,118,49.88,59.05,50.04,6.74,25.0,20.0,30,70.0,80,60,169.94262295081967,21.1779661,June,June to August,August to September,2499,papaya
Dinajpur,Kharif 1,Green Papaya,437,49.88,59.05,50.04,6.74,25.0,20.0,30,70.0,80,60,154.21843434343435,8.782608696,June,June to August,August to September,3838,papaya
Faridpur,Kharif 1,Green Papaya,473,49.88,59.05,50.04,6.74,25.0,20.0,30,70.0,80,60,155.864898989899,26.82663848,June,June to August,August to September,12689,papaya
Feni,Kharif 1,Green Papaya,495,49.88,59.05,50.04,6.74,25.0,20.0,30,70.0,80,60,248.1727642276423,1.113131313,June,June to August,August to September,551,papaya
Gaibandha,Kharif 1,Green Papaya,177,49.88,59.05,50.04,6.74,25.0,20.0,30,70.0,80,60,179.6013888888889,10.33333333,June,June to August,August to September,1829,papaya
Gazipur,Kharif 1,Green Papaya,2715,49.88,59.05,50.04,6.74,25.0,20.0,30,70.0,80,60,169.94262295081967,1.303867403,June,June to August,August to September,3540,papaya
Gopalganj,Kharif 1,Green Papaya,464,49.88,59.05,50.04,6.74,25.0,20.0,30,70.0,80,60,155.864898989899,4.588362069,June,June to August,August to September,2129,papaya
Habiganj,Kharif 1,Green Papaya,8,49.88,59.05,50.04,6.74,25.0,20.0,30,70.0,80,60,333.72557471264366,90.0,June,June to August,August to September,720,papaya
Jamalpur,Kharif 1,Green Papaya,304,49.88,59.05,50.04,6.74,25.0,20.0,30,70.0,80,60,181.08838383838383,17.44736842,June,June to August,August to September,5304,papaya
Jashore,Kharif 1,Green Papaya,841,49.88,59.05,50.04,6.74,25.0,20.0,30,70.0,80,60,134.2247474747475,20.23662307,June,June to August,August to September,17019,papaya
Jhallokati,Kharif 1,Green Papaya,436,49.88,59.05,50.04,6.74,25.0,20.0,30,70.0,80,60,175.42564102564103,2.866972477,June,June to August,August to September,1250,papaya
Jhenaidah,Kharif 1,Green Papaya,489,49.88,59.05,50.04,6.74,25.0,20.0,30,70.0,80,60,134.2247474747475,12.98364008,June,June to August,August to September,6349,papaya
Joypurhat,Kharif 1,Green Papaya,62,49.88,59.05,50.04,6.74,25.0,20.0,30,70.0,80,60,142.85416666666666,28.43548387,June,June to August,August to September,1763,papaya
Khagrachari,Kharif 1,Green Papaya,300,49.88,59.05,50.04,6.74,25.0,20.0,30,70.0,80,60,204.11111111111111,8.11,June,June to August,August to September,2433,papaya
Khulna,Kharif 1,Green Papaya,171,49.88,59.05,50.04,6.74,25.0,20.0,30,70.0,80,60,144.96843434343435,15.05263158,June,June to August,August to September,2574,papaya
Kishoreganj,Kharif 1,Green Papaya,108,49.88,59.05,50.04,6.74,25.0,20.0,30,70.0,80,60,181.08838383838383,37.91666667,June,June to August,August to September,4095,papaya
Kurigram,Kharif 1,Green Papaya,184,49.88,59.05,50.04,6.74,25.0,20.0,30,70.0,80,60,179.6013888888889,11.88586957,June,June to August,August to September,2187,papaya
Kushtia,Kharif 1,Green Papaya,300,49.88,59.05,50.04,6.74,25.0,20.0,30,70.0,80,60,129.44444444444446,16.88666667,June,June to August,August to September,5066,papaya
Lakshmipur,Kharif 1,Green Papaya,95,49.88,59.05,50.04,6.74,25.0,20.0,30,70.0,80,60,185.75631313131316,41.62105263,June,June to August,August to September,3954,papaya
Lalmonirhat,Kharif 1,Green Papaya,168,49.88,59.05,50.04,6.74,25.0,20.0,30,70.0,80,60,179.6013888888889,9.214285714,June,June to August,August to September,1548,papaya
Madaripur,Kharif 1,Green Papaya,252,49.88,59.05,50.04,6.74,25.0,20.0,30,70.0,80,60,160.41666666666666,8.777777778,June,June to August,August to September,2212,papaya
Magura,Kharif 1,Green Papaya,752,49.88,59.05,50.04,6.74,25.0,20.0,30,70.0,80,60,134.2247474747475,8.829787234,June,June to August,August to September,6640,papaya
Manikganj,Kharif 1,Green Papaya,181,49.88,59.05,50.04,6.74,25.0,20.0,30,70.0,80,60,169.94262295081967,14.35911602,June,June to August,August to September,2599,papaya
Meherpur,Kharif 1,Green Papaya,85,49.88,59.05,50.04,6.74,25.0,20.0,30,70.0,80,60,129.44444444444446,21.23529412,June,June to August,August to September,1805,papaya
Moulvibazar,Kharif 1,Green Papaya,263,49.88,59.05,50.04,6.74,25.0,20.0,30,70.0,80,60,333.72557471264366,5.338403042,June,June to August,August to September,1404,papaya
Munshiganj,Kharif 1,Green Papaya,97,49.88,59.05,50.04,6.74,25.0,20.0,30,70.0,80,60,169.94262295081967,6.18556701,June,June to August,August to September,600,papaya
Mymensingh,Kharif 1,Green Papaya,1234,49.88,59.05,50.04,6.74,25.0,20.0,30,70.0,80,60,181.08838383838383,18.47082658,June,June to August,August to September,22793,papaya
Naogaon,Kharif 1,Green Papaya,142,49.88,59.05,50.04,6.74,25.0,20.0,30,70.0,80,60,124.92,13.43661972,June,June to August,August to September,1908,papaya
Narail,Kharif 1,Green Papaya,365,49.88,59.05,50.04,6.74,25.0,20.0,30,70.0,80,60,134.2247474747475,10.36438356,June,June to August,August to September,3783,papaya
Narayanganj,Kharif 1,Green Papaya,48,49.88,59.05,50.04,6.74,25.0,20.0,30,70.0,80,60,169.94262295081967,21.375,June,June to August,August to September,1026,papaya
Narsingdi,Kharif 1,Green Papaya,293,49.88,59.05,50.04,6.74,25.0,20.0,30,70.0,80,60,169.94262295081967,18.97952218,June,June to August,August to September,5561,papaya
Natore,Kharif 1,Green Papaya,313,49.88,59.05,50.04,6.74,25.0,20.0,30,70.0,80,60,124.92,19.14057508,June,June to August,August to September,5991,papaya
Netrokona,Kharif 1,Green Papaya,191,49.88,59.05,50.04,6.74,25.0,20.0,30,70.0,80,60,181.08838383838383,18.41361257,June,June to August,August to September,3517,papaya
Nilphamari,Kharif 1,Green Papaya,69,49.88,59.05,50.04,6.74,25.0,20.0,30,70.0,80,60,179.6013888888889,29.24637681,June,June to August,August to September,2018,papaya
Noakhali,Kharif 1,Green Papaya,190,49.88,59.05,50.04,6.74,25.0,20.0,30,70.0,80,60,185.75631313131316,7.821052632,June,June to August,August to September,1486,papaya
Pabna,Kharif 1,Green Papaya,495,49.88,59.05,50.04,6.74,25.0,20.0,30,70.0,80,60,124.92,14.93737374,June,June to August,August to September,7394,papaya
Panchagar,Kharif 1,Green Papaya,74,49.88,59.05,50.04,6.74,25.0,20.0,30,70.0,80,60,154.21843434343435,23.43243243,June,June to August,August to September,1734,papaya
Patuakhali,Kharif 1,Green Papaya,753,49.88,59.05,50.04,6.74,25.0,20.0,30,70.0,80,60,207.8076923076923,4.887118194,June,June to August,August to September,3680,papaya
Pirojpur,Kharif 1,Green Papaya,438,49.88,59.05,50.04,6.74,25.0,20.0,30,70.0,80,60,175.42564102564103,3.46347032,June,June to August,August to September,1517,papaya
Rajbari,Kharif 1,Green Papaya,513,49.88,59.05,50.04,6.74,25.0,20.0,30,70.0,80,60,155.864898989899,11.94346979,June,June to August,August to September,6127,papaya
Rajshahi,Kharif 1,Green Papaya,1476,49.88,59.05,50.04,6.74,25.0,20.0,30,70.0,80,60,124.92,40.41531165,June,June to August,August to September,59653,papaya
Rangamati,Kharif 1,Green Papaya,498,49.88,59.05,50.04,6.74,25.0,20.0,30,70.0,80,60,204.11111111111111,15.42570281,June,June to August,August to September,7682,papaya
Rangpur,Kharif 1,Green Papaya,234,49.88,59.05,50.04,6.74,25.0,20.0,30,70.0,80,60,179.6013888888889,14.70512821,June,June to August,August to September,3441,papaya
Satkhira,Kharif 1,Green Papaya,341,49.88,59.05,50.04,6.74,25.0,20.0,30,70.0,80,60,140.35353535353536,8.95601173,June,June to August,August to September,3054,papaya
Shariatpur,Kharif 1,Green Papaya,98,49.88,59.05,50.04,6.74,25.0,20.0,30,70.0,80,60,155.864898989899,11.42857143,June,June to August,August to September,1120,papaya
Sherpur,Kharif 1,Green Papaya,217,49.88,59.05,50.04,6.74,25.0,20.0,30,70.0,80,60,181.08838383838383,13.17511521,June,June to August,August to September,2859,papaya
Sirajganj,Kharif 1,Green Papaya,297,49.88,59.05,50.04,6.74,25.0,20.0,30,70.0,80,60,142.85416666666666,13.30976431,June,June to August,August to September,3953,papaya
Sunamganj,Kharif 1,Green Papaya,74,49.88,59.05,50.04,6.74,25.0,20.0,30,70.0,80,60,333.72557471264366,1.027027027,June,June to August,August to September,76,papaya
Sylhet,Kharif 1,Green Papaya,278,49.88,59.05,50.04,6.74,25.0,20.0,30,70.0,80,60,333.72557471264366,3.654676259,June,June to August,August to September,1016,papaya
Tangail,Kharif 1,Green Papaya,394,49.88,59.05,50.04,6.74,25.0,20.0,30,70.0,80,60,153.4104938271605,12.64974619,June,June to August,August to September,4984,papaya
Thakurgaon,Kharif 1,Green Papaya,91,49.88,59.05,50.04,6.74,25.0,20.0,30,70.0,80,60,154.21843434343435,14.20879121,June,June to August,August to September,1293,papaya
Bagerhat,Kharif 1,Jambura,84,19.58,16.55,10.01,7.02,27.5,25.0,30,80.0,90,70,144.96843434343435,8.607142857,April,No need to do,May to June,723,orange
Bandarban,Kharif 1,Jambura,989,19.58,16.55,10.01,7.02,27.5,25.0,30,80.0,90,70,243.94444444444449,0.8695652174,April,No need to do,May to June,860,orange
Barguna,Kharif 1,Jambura,373,19.58,16.55,10.01,7.02,27.5,25.0,30,80.0,90,70,207.8076923076923,0.691689008,April,No need to do,May to June,258,orange
Barishal,Kharif 1,Jambura,405,19.58,16.55,10.01,7.02,27.5,25.0,30,80.0,90,70,175.42564102564103,3.414814815,April,No need to do,May to June,1383,orange
Bhola,Kharif 1,Jambura,273,19.58,16.55,10.01,7.02,27.5,25.0,30,80.0,90,70,185.23090277777777,1.582417582,April,No need to do,May to June,432,orange
Bogura,Kharif 1,Jambura,190,19.58,16.55,10.01,7.02,27.5,25.0,30,80.0,90,70,142.85416666666666,9.626315789,April,No need to do,May to June,1829,orange
Brahmanbaria,Kharif 1,Jambura,178,19.58,16.55,10.01,7.02,27.5,25.0,30,80.0,90,70,185.75631313131316,6.668539326,April,No need to do,May to June,1187,orange
Chandpur,Kharif 1,Jambura,22,19.58,16.55,10.01,7.02,27.5,25.0,30,80.0,90,70,168.796875,19.90909091,April,No need to do,May to June,438,orange
Chapai Nawabganj,Kharif 1,Jambura,109,19.58,16.55,10.01,7.02,27.5,25.0,30,80.0,90,70,124.92,3.651376147,April,No need to do,May to June,398,orange
Chattogram,Kharif 1,Jambura,556,19.58,16.55,10.01,7.02,27.5,25.0,30,80.0,90,70,243.94444444444449,10.38489209,April,No need to do,May to June,5774,orange
Chuadanga,Kharif 1,Jambura,51,19.58,16.55,10.01,7.02,27.5,25.0,30,80.0,90,70,129.44444444444446,3.941176471,April,No need to do,May to June,201,orange
CoxsBazar,Kharif 1,Jambura,157,19.58,16.55,10.01,7.02,27.5,25.0,30,80.0,90,70,303.40277777777777,14.63694268,April,No need to do,May to June,2298,orange
Cumilla,Kharif 1,Jambura,316,19.58,16.55,10.01,7.02,27.5,25.0,30,80.0,90,70,185.75631313131316,6.693037975,April,No need to do,May to June,2115,orange
Dhaka,Kharif 1,Jambura,70,19.58,16.55,10.01,7.02,27.5,25.0,30,80.0,90,70,169.94262295081967,17.35714286,April,No need to do,May to June,1215,orange
Dinajpur,Kharif 1,Jambura,141,19.58,16.55,10.01,7.02,27.5,25.0,30,80.0,90,70,154.21843434343435,8.156028369,April,No need to do,May to June,1150,orange
Faridpur,Kharif 1,Jambura,100,19.58,16.55,10.01,7.02,27.5,25.0,30,80.0,90,70,155.864898989899,6.4,April,No need to do,May to June,640,orange
Feni,Kharif 1,Jambura,59,19.58,16.55,10.01,7.02,27.5,25.0,30,80.0,90,70,248.1727642276423,2.661016949,April,No need to do,May to June,157,orange
Gaibandha,Kharif 1,Jambura,64,19.58,16.55,10.01,7.02,27.5,25.0,30,80.0,90,70,179.6013888888889,7.078125,April,No need to do,May to June,453,orange
Gazipur,Kharif 1,Jambura,191,19.58,16.55,10.01,7.02,27.5,25.0,30,80.0,90,70,169.94262295081967,4.434554974,April,No need to do,May to June,847,orange
Gopalganj,Kharif 1,Jambura,64,19.58,16.55,10.01,7.02,27.5,25.0,30,80.0,90,70,155.864898989899,10.765625,April,No need to do,May to June,689,orange
Habiganj,Kharif 1,Jambura,375,19.58,16.55,10.01,7.02,27.5,25.0,30,80.0,90,70,333.72557471264366,3.797333333,April,No need to do,May to June,1424,orange
Jamalpur,Kharif 1,Jambura,189,19.58,16.55,10.01,7.02,27.5,25.0,30,80.0,90,70,181.08838383838383,6.248677249,April,No need to do,May to June,1181,orange
Jashore,Kharif 1,Jambura,392,19.58,16.55,10.01,7.02,27.5,25.0,30,80.0,90,70,134.2247474747475,5.918367347,April,No need to do,May to June,2320,orange
Jhallokati,Kharif 1,Jambura,336,19.58,16.55,10.01,7.02,27.5,25.0,30,80.0,90,70,175.42564102564103,4.425595238,April,No need to do,May to June,1487,orange
Jhenaidah,Kharif 1,Jambura,114,19.58,16.55,10.01,7.02,27.5,25.0,30,80.0,90,70,134.2247474747475,12.66666667,April,No need to do,May to June,1444,orange
Joypurhat,Kharif 1,Jambura,25,19.58,16.55,10.01,7.02,27.5,25.0,30,80.0,90,70,142.85416666666666,8.76,April,No need to do,May to June,219,orange
Khagrachari,Kharif 1,Jambura,494,19.58,16.55,10.01,7.02,27.5,25.0,30,80.0,90,70,204.11111111111111,2.101214575,April,No need to do,May to June,1038,orange
Khulna,Kharif 1,Jambura,221,19.58,16.55,10.01,7.02,27.5,25.0,30,80.0,90,70,144.96843434343435,6.131221719,April,No need to do,May to June,1355,orange
Kishoreganj,Kharif 1,Jambura,150,19.58,16.55,10.01,7.02,27.5,25.0,30,80.0,90,70,181.08838383838383,10.76666667,April,No need to do,May to June,1615,orange
Kurigram,Kharif 1,Jambura,48,19.58,16.55,10.01,7.02,27.5,25.0,30,80.0,90,70,179.6013888888889,8.5625,April,No need to do,May to June,411,orange
Kushtia,Kharif 1,Jambura,91,19.58,16.55,10.01,7.02,27.5,25.0,30,80.0,90,70,129.44444444444446,19.17582418,April,No need to do,May to June,1745,orange
Lakshmipur,Kharif 1,Jambura,476,19.58,16.55,10.01,7.02,27.5,25.0,30,80.0,90,70,185.75631313131316,1.159663866,April,No need to do,May to June,552,orange
Lalmonirhat,Kharif 1,Jambura,180,19.58,16.55,10.01,7.02,27.5,25.0,30,80.0,90,70,179.6013888888889,3.566666667,April,No need to do,May to June,642,orange
Madaripur,Kharif 1,Jambura,63,19.58,16.55,10.01,7.02,27.5,25.0,30,80.0,90,70,160.41666666666666,7.603174603,April,No need to do,May to June,479,orange
Magura,Kharif 1,Jambura,136,19.58,16.55,10.01,7.02,27.5,25.0,30,80.0,90,70,134.2247474747475,11.875,April,No need to do,May to June,1615,orange
Manikganj,Kharif 1,Jambura,106,19.58,16.55,10.01,7.02,27.5,25.0,30,80.0,90,70,169.94262295081967,6.688679245,April,No need to do,May to June,709,orange
Meherpur,Kharif 1,Jambura,117,19.58,16.55,10.01,7.02,27.5,25.0,30,80.0,90,70,129.44444444444446,6.008547009,April,No need to do,May to June,703,orange
Moulvibazar,Kharif 1,Jambura,285,19.58,16.55,10.01,7.02,27.5,25.0,30,80.0,90,70,333.72557471264366,13.24210526,April,No need to do,May to June,3774,orange
Munshiganj,Kharif 1,Jambura,25,19.58,16.55,10.01,7.02,27.5,25.0,30,80.0,90,70,169.94262295081967,6.32,April,No need to do,May to June,158,orange
Mymensingh,Kharif 1,Jambura,1257,19.58,16.55,10.01,7.02,27.5,25.0,30,80.0,90,70,181.08838383838383,3.180588703,April,No need to do,May to June,3998,orange
Naogaon,Kharif 1,Jambura,182,19.58,16.55,10.01,7.02,27.5,25.0,30,80.0,90,70,124.92,3.5,April,No need to do,May to June,637,orange
Narail,Kharif 1,Jambura,227,19.58,16.55,10.01,7.02,27.5,25.0,30,80.0,90,70,134.2247474747475,5.797356828,April,No need to do,May to June,1316,orange
Narayanganj,Kharif 1,Jambura,14,19.58,16.55,10.01,7.02,27.5,25.0,30,80.0,90,70,169.94262295081967,10.0,April,No need to do,May to June,140,orange
Narsingdi,Kharif 1,Jambura,80,19.58,16.55,10.01,7.02,27.5,25.0,30,80.0,90,70,169.94262295081967,11.1375,April,No need to do,May to June,891,orange
Natore,Kharif 1,Jambura,229,19.58,16.55,10.01,7.02,27.5,25.0,30,80.0,90,70,124.92,14.95196507,April,No need to do,May to June,3424,orange
Netrokona,Kharif 1,Jambura,242,19.58,16.55,10.01,7.02,27.5,25.0,30,80.0,90,70,181.08838383838383,6.17768595,April,No need to do,May to June,1495,orange
Nilphamari,Kharif 1,Jambura,88,19.58,16.55,10.01,7.02,27.5,25.0,30,80.0,90,70,179.6013888888889,17.0,April,No need to do,May to June,1496,orange
Noakhali,Kharif 1,Jambura,45,19.58,16.55,10.01,7.02,27.5,25.0,30,80.0,90,70,185.75631313131316,6.511111111,April,No need to do,May to June,293,orange
Pabna,Kharif 1,Jambura,66,19.58,16.55,10.01,7.02,27.5,25.0,30,80.0,90,70,124.92,9.181818182,April,No need to do,May to June,606,orange
Panchagar,Kharif 1,Jambura,185,19.58,16.55,10.01,7.02,27.5,25.0,30,80.0,90,70,154.21843434343435,8.540540541,April,No need to do,May to June,1580,orange
Patuakhali,Kharif 1,Jambura,219,19.58,16.55,10.01,7.02,27.5,25.0,30,80.0,90,70,207.8076923076923,1.02283105,April,No need to do,May to June,224,orange
Pirojpur,Kharif 1,Jambura,251,19.58,16.55,10.01,7.02,27.5,25.0,30,80.0,90,70,175.42564102564103,3.346613546,April,No need to do,May to June,840,orange
Rajbari,Kharif 1,Jambura,373,19.58,16.55,10.01,7.02,27.5,25.0,30,80.0,90,70,155.864898989899,3.54691689,April,No need to do,May to June,1323,orange
Rajshahi,Kharif 1,Jambura,256,19.58,16.55,10.01,7.02,27.5,25.0,30,80.0,90,70,124.92,5.28125,April,No need to do,May to June,1352,orange
Rangamati,Kharif 1,Jambura,380,19.58,16.55,10.01,7.02,27.5,25.0,30,80.0,90,70,204.11111111111111,7.397368421,April,No need to do,May to June,2811,orange
Rangpur,Kharif 1,Jambura,114,19.58,16.55,10.01,7.02,27.5,25.0,30,80.0,90,70,179.6013888888889,11.4122807,April,No need to do,May to June,1301,orange
Satkhira,Kharif 1,Jambura,189,19.58,16.55,10.01,7.02,27.5,25.0,30,80.0,90,70,140.35353535353536,4.301587302,April,No need to do,May to June,813,orange
Shariatpur,Kharif 1,Jambura,292,19.58,16.55,10.01,7.02,27.5,25.0,30,80.0,90,70,155.864898989899,3.626712329,April,No need to do,May to June,1059,orange
Sherpur,Kharif 1,Jambura,115,19.58,16.55,10.01,7.02,27.5,25.0,30,80.0,90,70,181.08838383838383,4.686956522,April,No need to do,May to June,539,orange
Sirajganj,Kharif 1,Jambura,42,19.58,16.55,10.01,7.02,27.5,25.0,30,80.0,90,70,142.85416666666666,15.42857143,April,No need to do,May to June,648,orange
Sunamganj,Kharif 1,Jambura,107,19.58,16.55,10.01,7.02,27.5,25.0,30,80.0,90,70,333.72557471264366,29.14018692,April,No need to do,May to June,3118,orange
Sylhet,Kharif 1,Jambura,516,19.58,16.55,10.01,7.02,27.5,25.0,30,80.0,90,70,333.72557471264366,0.8178294574,April,No need to do,May to June,422,orange
Tangail,Kharif 1,Jambura,155,19.58,16.55,10.01,7.02,27.5,25.0,30,80.0,90,70,153.4104938271605,12.26451613,April,No need to do,May to June,1901,orange
Thakurgaon,Kharif 1,Jambura,105,19.58,16.55,10.01,7.02,27.5,25.0,30,80.0,90,70,154.21843434343435,4.79047619,April,No need to do,May to June,503,orange
Bagerhat,Kharif 1,Jute,3603,78.4,46.86,39.99,6.73,30.0,20.0,40,75.0,80,70,144.96843434343435,5.070496808,March,April to Aug,Sep,18269,jute
Bandarban,Kharif 1,Jute,0,78.4,46.86,39.99,6.73,30.0,20.0,40,75.0,80,70,243.94444444444449,2.518413598,March,April to Aug,Sep,0,jute
Barguna,Kharif 1,Jute,0,78.4,46.86,39.99,6.73,30.0,20.0,40,75.0,80,70,207.8076923076923,2.518413598,March,April to Aug,Sep,0,jute
Barishal,Kharif 1,Jute,33909,78.4,46.86,39.99,6.73,30.0,20.0,40,75.0,80,70,175.42564102564103,2.410009142,March,April to Aug,Sep,81721,jute
Bhola,Kharif 1,Jute,0,78.4,46.86,39.99,6.73,30.0,20.0,40,75.0,80,70,185.23090277777777,2.518413598,March,April to Aug,Sep,0,jute
Bogura,Kharif 1,Jute,18175,78.4,46.86,39.99,6.73,30.0,20.0,40,75.0,80,70,142.85416666666666,5.469876204,March,April to Aug,Sep,99415,jute
Brahmanbaria,Kharif 1,Jute,5559,78.4,46.86,39.99,6.73,30.0,20.0,40,75.0,80,70,185.75631313131316,5.329555675,March,April to Aug,Sep,29627,jute
Chandpur,Kharif 1,Jute,12001,78.4,46.86,39.99,6.73,30.0,20.0,40,75.0,80,70,168.796875,3.930005833,March,April to Aug,Sep,47164,jute
Chapai Nawabganj,Kharif 1,Jute,3099,78.4,46.86,39.99,6.73,30.0,20.0,40,75.0,80,70,124.92,5.020006454,March,April to Aug,Sep,15557,jute
Chattogram,Kharif 1,Jute,0,78.4,46.86,39.99,6.73,30.0,20.0,40,75.0,80,70,243.94444444444449,2.518413598,March,April to Aug,Sep,0,jute
Chuadanga,Kharif 1,Jute,43540,78.4,46.86,39.99,6.73,30.0,20.0,40,75.0,80,70,129.44444444444446,5.670004593,March,April to Aug,Sep,246872,jute
CoxsBazar,Kharif 1,Jute,0,78.4,46.86,39.99,6.73,30.0,20.0,40,75.0,80,70,303.40277777777777,2.518413598,March,April to Aug,Sep,0,jute
Cumilla,Kharif 1,Jute,818,78.4,46.86,39.99,6.73,30.0,20.0,40,75.0,80,70,185.75631313131316,4.371638142,March,April to Aug,Sep,3576,jute
Dhaka,Kharif 1,Jute,7754,78.4,46.86,39.99,6.73,30.0,20.0,40,75.0,80,70,169.94262295081967,4.409724013,March,April to Aug,Sep,34193,jute
Dinajpur,Kharif 1,Jute,9383,78.4,46.86,39.99,6.73,30.0,20.0,40,75.0,80,70,154.21843434343435,5.149952041,March,April to Aug,Sep,48322,jute
Faridpur,Kharif 1,Jute,209824,78.4,46.86,39.99,6.73,30.0,20.0,40,75.0,80,70,155.864898989899,3.519997712,March,April to Aug,Sep,738580,jute
Feni,Kharif 1,Jute,0,78.4,46.86,39.99,6.73,30.0,20.0,40,75.0,80,70,248.1727642276423,2.518413598,March,April to Aug,Sep,0,jute
Gaibandha,Kharif 1,Jute,32621,78.4,46.86,39.99,6.73,30.0,20.0,40,75.0,80,70,179.6013888888889,4.330002146,March,April to Aug,Sep,141249,jute
Gazipur,Kharif 1,Jute,3712,78.4,46.86,39.99,6.73,30.0,20.0,40,75.0,80,70,169.94262295081967,3.480064655,March,April to Aug,Sep,12918,jute
Gopalganj,Kharif 1,Jute,59408,78.4,46.86,39.99,6.73,30.0,20.0,40,75.0,80,70,155.864898989899,5.460005386,March,April to Aug,Sep,324368,jute
Habiganj,Kharif 1,Jute,745,78.4,46.86,39.99,6.73,30.0,20.0,40,75.0,80,70,333.72557471264366,5.420134228,March,April to Aug,Sep,4038,jute
Jamalpur,Kharif 1,Jute,60887,78.4,46.86,39.99,6.73,30.0,20.0,40,75.0,80,70,181.08838383838383,3.919999343,March,April to Aug,Sep,238677,jute
Jashore,Kharif 1,Jute,57823,78.4,46.86,39.99,6.73,30.0,20.0,40,75.0,80,70,134.2247474747475,5.240008301,March,April to Aug,Sep,302993,jute
Jhallokati,Kharif 1,Jute,0,78.4,46.86,39.99,6.73,30.0,20.0,40,75.0,80,70,175.42564102564103,2.518413598,March,April to Aug,Sep,0,jute
Jhenaidah,Kharif 1,Jute,53557,78.4,46.86,39.99,6.73,30.0,20.0,40,75.0,80,70,134.2247474747475,5.719999253,March,April to Aug,Sep,306346,jute
Joypurhat,Kharif 1,Jute,4339,78.4,46.86,39.99,6.73,30.0,20.0,40,75.0,80,70,142.85416666666666,5.410002305,March,April to Aug,Sep,23474,jute
Khagrachari,Kharif 1,Jute,0,78.4,46.86,39.99,6.73,30.0,20.0,40,75.0,80,70,204.11111111111111,2.518413598,March,April to Aug,Sep,0,jute
Khulna,Kharif 1,Jute,3181,78.4,46.86,39.99,6.73,30.0,20.0,40,75.0,80,70,144.96843434343435,5.149952845,March,April to Aug,Sep,16382,jute
Kishoreganj,Kharif 1,Jute,40682,78.4,46.86,39.99,6.73,30.0,20.0,40,75.0,80,70,181.08838383838383,4.559952805,March,April to Aug,Sep,185508,jute
Kurigram,Kharif 1,Jute,46093,78.4,46.86,39.99,6.73,30.0,20.0,40,75.0,80,70,179.6013888888889,5.040006075,March,April to Aug,Sep,232309,jute
Kushtia,Kharif 1,Jute,98413,78.4,46.86,39.99,6.73,30.0,20.0,40,75.0,80,70,129.44444444444446,5.019997358,March,April to Aug,Sep,494033,jute
Lakshmipur,Kharif 1,Jute,484,78.4,46.86,39.99,6.73,30.0,20.0,40,75.0,80,70,185.75631313131316,3.840909091,March,April to Aug,Sep,1859,jute
Lalmonirhat,Kharif 1,Jute,8165,78.4,46.86,39.99,6.73,30.0,20.0,40,75.0,80,70,179.6013888888889,5.8,March,April to Aug,Sep,47357,jute
Madaripur,Kharif 1,Jute,78336,78.4,46.86,39.99,6.73,30.0,20.0,40,75.0,80,70,160.41666666666666,4.210005617,March,April to Aug,Sep,329795,jute
Magura,Kharif 1,Jute,85406,78.4,46.86,39.99,6.73,30.0,20.0,40,75.0,80,70,134.2247474747475,4.120003278,March,April to Aug,Sep,351873,jute
Manikganj,Kharif 1,Jute,8914,78.4,46.86,39.99,6.73,30.0,20.0,40,75.0,80,70,169.94262295081967,4.130020193,March,April to Aug,Sep,36815,jute
Meherpur,Kharif 1,Jute,48911,78.4,46.86,39.99,6.73,30.0,20.0,40,75.0,80,70,129.44444444444446,6.420007769,March,April to Aug,Sep,314009,jute
Moulvibazar,Kharif 1,Jute,0,78.4,46.86,39.99,6.73,30.0,20.0,40,75.0,80,70,333.72557471264366,2.518413598,March,April to Aug,Sep,0,jute
Munshiganj,Kharif 1,Jute,7320,78.4,46.86,39.99,6.73,30.0,20.0,40,75.0,80,70,169.94262295081967,3.9,March,April to Aug,Sep,28548,jute
Mymensingh,Kharif 1,Jute,13251,78.4,46.86,39.99,6.73,30.0,20.0,40,75.0,80,70,181.08838383838383,3.940004528,March,April to Aug,Sep,52209,jute
Naogaon,Kharif 1,Jute,13828,78.4,46.86,39.99,6.73,30.0,20.0,40,75.0,80,70,124.92,5.829982644,March,April to Aug,Sep,80617,jute
Narail,Kharif 1,Jute,52484,78.4,46.86,39.99,6.73,30.0,20.0,40,75.0,80,70,134.2247474747475,5.080005335,March,April to Aug,Sep,266619,jute
Narayanganj,Kharif 1,Jute,720,78.4,46.86,39.99,6.73,30.0,20.0,40,75.0,80,70,169.94262295081967,4.816666667,March,April to Aug,Sep,3468,jute
Narsingdi,Kharif 1,Jute,6636,78.4,46.86,39.99,6.73,30.0,20.0,40,75.0,80,70,169.94262295081967,4.889993972,March,April to Aug,Sep,32450,jute
Natore,Kharif 1,Jute,59968,78.4,46.86,39.99,6.73,30.0,20.0,40,75.0,80,70,124.92,4.119997332,March,April to Aug,Sep,247068,jute
Netrokona,Kharif 1,Jute,11562,78.4,46.86,39.99,6.73,30.0,20.0,40,75.0,80,70,181.08838383838383,4.279968864,March,April to Aug,Sep,49485,jute
Nilphamari,Kharif 1,Jute,17177,78.4,46.86,39.99,6.73,30.0,20.0,40,75.0,80,70,179.6013888888889,5.350002911,March,April to Aug,Sep,91897,jute
Noakhali,Kharif 1,Jute,0,78.4,46.86,39.99,6.73,30.0,20.0,40,75.0,80,70,185.75631313131316,2.518413598,March,April to Aug,Sep,0,jute
Pabna,Kharif 1,Jute,102319,78.4,46.86,39.99,6.73,30.0,20.0,40,75.0,80,70,124.92,5.009998143,March,April to Aug,Sep,512618,jute
Panchagar,Kharif 1,Jute,21056,78.4,46.86,39.99,6.73,30.0,20.0,40,75.0,80,70,154.21843434343435,4.940017097,March,April to Aug,Sep,104017,jute
Patuakhali,Kharif 1,Jute,0,78.4,46.86,39.99,6.73,30.0,20.0,40,75.0,80,70,207.8076923076923,2.518413598,March,April to Aug,Sep,0,jute
Pirojpur,Kharif 1,Jute,900,78.4,46.86,39.99,6.73,30.0,20.0,40,75.0,80,70,175.42564102564103,2.31,March,April to Aug,Sep,2079,jute
Rajbari,Kharif 1,Jute,118952,78.4,46.86,39.99,6.73,30.0,20.0,40,75.0,80,70,155.864898989899,4.070003026,March,April to Aug,Sep,484135,jute
Rajshahi,Kharif 1,Jute,35401,78.4,46.86,39.99,6.73,30.0,20.0,40,75.0,80,70,124.92,5.349990113,March,April to Aug,Sep,189395,jute
Rangamati,Kharif 1,Jute,0,78.4,46.86,39.99,6.73,30.0,20.0,40,75.0,80,70,204.11111111111111,2.518413598,March,April to Aug,Sep,0,jute
Rangpur,Kharif 1,Jute,19997,78.4,46.86,39.99,6.73,30.0,20.0,40,75.0,80,70,179.6013888888889,6.400010002,March,April to Aug,Sep,127981,jute
Satkhira,Kharif 1,Jute,25378,78.4,46.86,39.99,6.73,30.0,20.0,40,75.0,80,70,140.35353535353536,4.970013397,March,April to Aug,Sep,126129,jute
Shariatpur,Kharif 1,Jute,57084,78.4,46.86,39.99,6.73,30.0,20.0,40,75.0,80,70,155.864898989899,4.090007708,March,April to Aug,Sep,233474,jute
Sherpur,Kharif 1,Jute,3302,78.4,46.86,39.99,6.73,30.0,20.0,40,75.0,80,70,181.08838383838383,5.350090854,March,April to Aug,Sep,17666,jute
Sirajganj,Kharif 1,Jute,28308,78.4,46.86,39.99,6.73,30.0,20.0,40,75.0,80,70,142.85416666666666,4.139995761,March,April to Aug,Sep,117195,jute
Sunamganj,Kharif 1,Jute,821,78.4,46.86,39.99,6.73,30.0,20.0,40,75.0,80,70,333.72557471264366,4.790499391,March,April to Aug,Sep,3933,jute
Sylhet,Kharif 1,Jute,0,78.4,46.86,39.99,6.73,30.0,20.0,40,75.0,80,70,333.72557471264366,2.518413598,March,April to Aug,Sep,0,jute
Tangail,Kharif 1,Jute,35993,78.4,46.86,39.99,6.73,30.0,20.0,40,75.0,80,70,153.4104938271605,4.209985275,March,April to Aug,Sep,151530,jute
Thakurgaon,Kharif 1,Jute,13914,78.4,46.86,39.99,6.73,30.0,20.0,40,75.0,80,70,154.21843434343435,5.410018686,March,April to Aug,Sep,75275,jute
Bagerhat,Rabi,Lemon,89,19.58,16.55,10.01,7.02,17.5,10.0,25,77.5,95,60,144.96843434343435,4.404494382,Jan,Jan to Jan,Jan,392,orange
Bandarban,Rabi,Lemon,3726,19.58,16.55,10.01,7.02,17.5,10.0,25,77.5,95,60,243.94444444444449,0.1307031669,Jan,Jan to Jan,Jan,487,orange
Barguna,Rabi,Lemon,1337,19.58,16.55,10.01,7.02,17.5,10.0,25,77.5,95,60,207.8076923076923,0.3440538519,Jan,Jan to Jan,Jan,460,orange
Barishal,Rabi,Lemon,1005,19.58,16.55,10.01,7.02,17.5,10.0,25,77.5,95,60,175.42564102564103,1.412935323,Jan,Jan to Jan,Jan,1420,orange
Bhola,Rabi,Lemon,471,19.58,16.55,10.01,7.02,17.5,10.0,25,77.5,95,60,185.23090277777777,0.3864118896,Jan,Jan to Jan,Jan,182,orange
Bogura,Rabi,Lemon,108,19.58,16.55,10.01,7.02,17.5,10.0,25,77.5,95,60,142.85416666666666,3.074074074,Jan,Jan to Jan,Jan,332,orange
Brahmanbaria,Rabi,Lemon,205,19.58,16.55,10.01,7.02,17.5,10.0,25,77.5,95,60,185.75631313131316,6.936585366,Jan,Jan to Jan,Jan,1422,orange
Chandpur,Rabi,Lemon,44,19.58,16.55,10.01,7.02,17.5,10.0,25,77.5,95,60,168.796875,10.63636364,Jan,Jan to Jan,Jan,468,orange
Chapai Nawabganj,Rabi,Lemon,307,19.58,16.55,10.01,7.02,17.5,10.0,25,77.5,95,60,124.92,2.003257329,Jan,Jan to Jan,Jan,615,orange
Chattogram,Rabi,Lemon,66350,19.58,16.55,10.01,7.02,17.5,10.0,25,77.5,95,60,243.94444444444449,0.104777694,Jan,Jan to Jan,Jan,6952,orange
Chuadanga,Rabi,Lemon,89,19.58,16.55,10.01,7.02,17.5,10.0,25,77.5,95,60,129.44444444444446,1.853932584,Jan,Jan to Jan,Jan,165,orange
CoxsBazar,Rabi,Lemon,67500,19.58,16.55,10.01,7.02,17.5,10.0,25,77.5,95,60,303.40277777777777,0.01392592593,Jan,Jan to Jan,Jan,940,orange
Cumilla,Rabi,Lemon,1642,19.58,16.55,10.01,7.02,17.5,10.0,25,77.5,95,60,185.75631313131316,1.333739342,Jan,Jan to Jan,Jan,2190,orange
Dhaka,Rabi,Lemon,552,19.58,16.55,10.01,7.02,17.5,10.0,25,77.5,95,60,169.94262295081967,16.65217391,Jan,Jan to Jan,Jan,9192,orange
Dinajpur,Rabi,Lemon,348,19.58,16.55,10.01,7.02,17.5,10.0,25,77.5,95,60,154.21843434343435,2.117816092,Jan,Jan to Jan,Jan,737,orange
Faridpur,Rabi,Lemon,110,19.58,16.55,10.01,7.02,17.5,10.0,25,77.5,95,60,155.864898989899,2.4,Jan,Jan to Jan,Jan,264,orange
Feni,Rabi,Lemon,72,19.58,16.55,10.01,7.02,17.5,10.0,25,77.5,95,60,248.1727642276423,1.986111111,Jan,Jan to Jan,Jan,143,orange
Gaibandha,Rabi,Lemon,145,19.58,16.55,10.01,7.02,17.5,10.0,25,77.5,95,60,179.6013888888889,2.317241379,Jan,Jan to Jan,Jan,336,orange
Gazipur,Rabi,Lemon,213,19.58,16.55,10.01,7.02,17.5,10.0,25,77.5,95,60,169.94262295081967,2.615023474,Jan,Jan to Jan,Jan,557,orange
Gopalganj,Rabi,Lemon,1250,19.58,16.55,10.01,7.02,17.5,10.0,25,77.5,95,60,155.864898989899,0.3704,Jan,Jan to Jan,Jan,463,orange
Habiganj,Rabi,Lemon,212,19.58,16.55,10.01,7.02,17.5,10.0,25,77.5,95,60,333.72557471264366,3.933962264,Jan,Jan to Jan,Jan,834,orange
Jamalpur,Rabi,Lemon,425,19.58,16.55,10.01,7.02,17.5,10.0,25,77.5,95,60,181.08838383838383,0.8447058824,Jan,Jan to Jan,Jan,359,orange
Jashore,Rabi,Lemon,865,19.58,16.55,10.01,7.02,17.5,10.0,25,77.5,95,60,134.2247474747475,1.14566474,Jan,Jan to Jan,Jan,991,orange
Jhallokati,Rabi,Lemon,1625,19.58,16.55,10.01,7.02,17.5,10.0,25,77.5,95,60,175.42564102564103,0.3907692308,Jan,Jan to Jan,Jan,635,orange
Jhenaidah,Rabi,Lemon,142,19.58,16.55,10.01,7.02,17.5,10.0,25,77.5,95,60,134.2247474747475,4.718309859,Jan,Jan to Jan,Jan,670,orange
Joypurhat,Rabi,Lemon,48,19.58,16.55,10.01,7.02,17.5,10.0,25,77.5,95,60,142.85416666666666,3.395833333,Jan,Jan to Jan,Jan,163,orange
Khagrachari,Rabi,Lemon,689,19.58,16.55,10.01,7.02,17.5,10.0,25,77.5,95,60,204.11111111111111,1.269956459,Jan,Jan to Jan,Jan,875,orange
Khulna,Rabi,Lemon,291,19.58,16.55,10.01,7.02,17.5,10.0,25,77.5,95,60,144.96843434343435,1.419243986,Jan,Jan to Jan,Jan,413,orange
Kishoreganj,Rabi,Lemon,119,19.58,16.55,10.01,7.02,17.5,10.0,25,77.5,95,60,181.08838383838383,7.176470588,Jan,Jan to Jan,Jan,854,orange
Kurigram,Rabi,Lemon,125,19.58,16.55,10.01,7.02,17.5,10.0,25,77.5,95,60,179.6013888888889,1.344,Jan,Jan to Jan,Jan,168,orange
Kushtia,Rabi,Lemon,146,19.58,16.55,10.01,7.02,17.5,10.0,25,77.5,95,60,129.44444444444446,12.04109589,Jan,Jan to Jan,Jan,1758,orange
Lakshmipur,Rabi,Lemon,560,19.58,16.55,10.01,7.02,17.5,10.0,25,77.5,95,60,185.75631313131316,0.65,Jan,Jan to Jan,Jan,364,orange
Lalmonirhat,Rabi,Lemon,130,19.58,16.55,10.01,7.02,17.5,10.0,25,77.5,95,60,179.6013888888889,2.769230769,Jan,Jan to Jan,Jan,360,orange
Madaripur,Rabi,Lemon,28,19.58,16.55,10.01,7.02,17.5,10.0,25,77.5,95,60,160.41666666666666,12.10714286,Jan,Jan to Jan,Jan,339,orange
Magura,Rabi,Lemon,257,19.58,16.55,10.01,7.02,17.5,10.0,25,77.5,95,60,134.2247474747475,5.412451362,Jan,Jan to Jan,Jan,1391,orange
Manikganj,Rabi,Lemon,310,19.58,16.55,10.01,7.02,17.5,10.0,25,77.5,95,60,169.94262295081967,4.561290323,Jan,Jan to Jan,Jan,1414,orange
Meherpur,Rabi,Lemon,157,19.58,16.55,10.01,7.02,17.5,10.0,25,77.5,95,60,129.44444444444446,5.656050955,Jan,Jan to Jan,Jan,888,orange
Moulvibazar,Rabi,Lemon,1101,19.58,16.55,10.01,7.02,17.5,10.0,25,77.5,95,60,333.72557471264366,8.990009083,Jan,Jan to Jan,Jan,9898,orange
Munshiganj,Rabi,Lemon,49,19.58,16.55,10.01,7.02,17.5,10.0,25,77.5,95,60,169.94262295081967,2.469387755,Jan,Jan to Jan,Jan,121,orange
Mymensingh,Rabi,Lemon,1292,19.58,16.55,10.01,7.02,17.5,10.0,25,77.5,95,60,181.08838383838383,4.287925697,Jan,Jan to Jan,Jan,5540,orange
Naogaon,Rabi,Lemon,483,19.58,16.55,10.01,7.02,17.5,10.0,25,77.5,95,60,124.92,1.556935818,Jan,Jan to Jan,Jan,752,orange
Narail,Rabi,Lemon,413,19.58,16.55,10.01,7.02,17.5,10.0,25,77.5,95,60,134.2247474747475,2.200968523,Jan,Jan to Jan,Jan,909,orange
Narayanganj,Rabi,Lemon,309,19.58,16.55,10.01,7.02,17.5,10.0,25,77.5,95,60,169.94262295081967,0.09385113269,Jan,Jan to Jan,Jan,29,orange
Narsingdi,Rabi,Lemon,346,19.58,16.55,10.01,7.02,17.5,10.0,25,77.5,95,60,169.94262295081967,7.37283237,Jan,Jan to Jan,Jan,2551,orange
Natore,Rabi,Lemon,240,19.58,16.55,10.01,7.02,17.5,10.0,25,77.5,95,60,124.92,5.383333333,Jan,Jan to Jan,Jan,1292,orange
Netrokona,Rabi,Lemon,212,19.58,16.55,10.01,7.02,17.5,10.0,25,77.5,95,60,181.08838383838383,9.613207547,Jan,Jan to Jan,Jan,2038,orange
Nilphamari,Rabi,Lemon,144,19.58,16.55,10.01,7.02,17.5,10.0,25,77.5,95,60,179.6013888888889,2.048611111,Jan,Jan to Jan,Jan,295,orange
Noakhali,Rabi,Lemon,103,19.58,16.55,10.01,7.02,17.5,10.0,25,77.5,95,60,185.75631313131316,3.640776699,Jan,Jan to Jan,Jan,375,orange
Pabna,Rabi,Lemon,232,19.58,16.55,10.01,7.02,17.5,10.0,25,77.5,95,60,124.92,8.775862069,Jan,Jan to Jan,Jan,2036,orange
Panchagar,Rabi,Lemon,190,19.58,16.55,10.01,7.02,17.5,10.0,25,77.5,95,60,154.21843434343435,2.368421053,Jan,Jan to Jan,Jan,450,orange
Patuakhali,Rabi,Lemon,550,19.58,16.55,10.01,7.02,17.5,10.0,25,77.5,95,60,207.8076923076923,0.5636363636,Jan,Jan to Jan,Jan,310,orange
Pirojpur,Rabi,Lemon,365,19.58,16.55,10.01,7.02,17.5,10.0,25,77.5,95,60,175.42564102564103,1.361643836,Jan,Jan to Jan,Jan,497,orange
Rajbari,Rabi,Lemon,183,19.58,16.55,10.01,7.02,17.5,10.0,25,77.5,95,60,155.864898989899,7.224043716,Jan,Jan to Jan,Jan,1322,orange
Rajshahi,Rabi,Lemon,201,19.58,16.55,10.01,7.02,17.5,10.0,25,77.5,95,60,124.92,18.83084577,Jan,Jan to Jan,Jan,3785,orange
Rangamati,Rabi,Lemon,1220,19.58,16.55,10.01,7.02,17.5,10.0,25,77.5,95,60,204.11111111111111,3.380327869,Jan,Jan to Jan,Jan,4124,orange
Rangpur,Rabi,Lemon,121,19.58,16.55,10.01,7.02,17.5,10.0,25,77.5,95,60,179.6013888888889,2.975206612,Jan,Jan to Jan,Jan,360,orange
Satkhira,Rabi,Lemon,321,19.58,16.55,10.01,7.02,17.5,10.0,25,77.5,95,60,140.35353535353536,1.211838006,Jan,Jan to Jan,Jan,389,orange
Shariatpur,Rabi,Lemon,191,19.58,16.55,10.01,7.02,17.5,10.0,25,77.5,95,60,155.864898989899,2.502617801,Jan,Jan to Jan,Jan,478,orange
Sherpur,Rabi,Lemon,114,19.58,16.55,10.01,7.02,17.5,10.0,25,77.5,95,60,181.08838383838383,2.666666667,Jan,Jan to Jan,Jan,304,orange
Sirajganj,Rabi,Lemon,94,19.58,16.55,10.01,7.02,17.5,10.0,25,77.5,95,60,142.85416666666666,5.127659574,Jan,Jan to Jan,Jan,482,orange
Sunamganj,Rabi,Lemon,147,19.58,16.55,10.01,7.02,17.5,10.0,25,77.5,95,60,333.72557471264366,5.197278912,Jan,Jan to Jan,Jan,764,orange
Sylhet,Rabi,Lemon,235,19.58,16.55,10.01,7.02,17.5,10.0,25,77.5,95,60,333.72557471264366,1.327659574,Jan,Jan to Jan,Jan,312,orange
Tangail,Rabi,Lemon,452,19.58,16.55,10.01,7.02,17.5,10.0,25,77.5,95,60,153.4104938271605,3.661504425,Jan,Jan to Jan,Jan,1655,orange
Thakurgaon,Rabi,Lemon,1225,19.58,16.55,10.01,7.02,17.5,10.0,25,77.5,95,60,154.21843434343435,0.266122449,Jan,Jan to Jan,Jan,326,orange
Bagerhat,Kharif 2,Lentil,1449,18.77,68.36,19.41,6.93,15.0,10.0,20,90.0,95,85,144.96843434343435,0.3388543823,Oct,Nov  to  Feb,Feb to March,491,lentil
Bandarban,Kharif 2,Lentil,27,18.77,68.36,19.41,6.93,15.0,10.0,20,90.0,95,85,243.94444444444449,0.3703703704,Oct,Nov  to  Feb,Feb to March,10,lentil
Barguna,Kharif 2,Lentil,177,18.77,68.36,19.41,6.93,15.0,10.0,20,90.0,95,85,207.8076923076923,0.3672316384,Oct,Nov  to  Feb,Feb to March,65,lentil
Barishal,Kharif 2,Lentil,4293,18.77,68.36,19.41,6.93,15.0,10.0,20,90.0,95,85,175.42564102564103,0.4346610762,Oct,Nov  to  Feb,Feb to March,1866,lentil
Bhola,Kharif 2,Lentil,1584,18.77,68.36,19.41,6.93,15.0,10.0,20,90.0,95,85,185.23090277777777,0.4577020202,Oct,Nov  to  Feb,Feb to March,725,lentil
Bogura,Kharif 2,Lentil,923,18.77,68.36,19.41,6.93,15.0,10.0,20,90.0,95,85,142.85416666666666,0.4236186349,Oct,Nov  to  Feb,Feb to March,391,lentil
Brahmanbaria,Kharif 2,Lentil,2861,18.77,68.36,19.41,6.93,15.0,10.0,20,90.0,95,85,185.75631313131316,0.3030408948,Oct,Nov  to  Feb,Feb to March,867,lentil
Chandpur,Kharif 2,Lentil,551,18.77,68.36,19.41,6.93,15.0,10.0,20,90.0,95,85,168.796875,0.3956442831,Oct,Nov  to  Feb,Feb to March,218,lentil
Chapai Nawabganj,Kharif 2,Lentil,5307,18.77,68.36,19.41,6.93,15.0,10.0,20,90.0,95,85,124.92,0.302996043,Oct,Nov  to  Feb,Feb to March,1608,lentil
Chattogram,Kharif 2,Lentil,256,18.77,68.36,19.41,6.93,15.0,10.0,20,90.0,95,85,243.94444444444449,0.23046875,Oct,Nov  to  Feb,Feb to March,59,lentil
Chuadanga,Kharif 2,Lentil,4477,18.77,68.36,19.41,6.93,15.0,10.0,20,90.0,95,85,129.44444444444446,0.4134465044,Oct,Nov  to  Feb,Feb to March,1851,lentil
CoxsBazar,Kharif 2,Lentil,0,18.77,68.36,19.41,6.93,15.0,10.0,20,90.0,95,85,303.40277777777777,2.518413598,Oct,Nov  to  Feb,Feb to March,0,lentil
Cumilla,Kharif 2,Lentil,960,18.77,68.36,19.41,6.93,15.0,10.0,20,90.0,95,85,185.75631313131316,0.2677083333,Oct,Nov  to  Feb,Feb to March,257,lentil
Dhaka,Kharif 2,Lentil,617,18.77,68.36,19.41,6.93,15.0,10.0,20,90.0,95,85,169.94262295081967,0.4408427877,Oct,Nov  to  Feb,Feb to March,272,lentil
Dinajpur,Kharif 2,Lentil,100,18.77,68.36,19.41,6.93,15.0,10.0,20,90.0,95,85,154.21843434343435,0.38,Oct,Nov  to  Feb,Feb to March,38,lentil
Faridpur,Kharif 2,Lentil,41417,18.77,68.36,19.41,6.93,15.0,10.0,20,90.0,95,85,155.864898989899,0.691648357,Oct,Nov  to  Feb,Feb to March,28646,lentil
Feni,Kharif 2,Lentil,1122,18.77,68.36,19.41,6.93,15.0,10.0,20,90.0,95,85,248.1727642276423,0.4572192513,Oct,Nov  to  Feb,Feb to March,513,lentil
Gaibandha,Kharif 2,Lentil,1296,18.77,68.36,19.41,6.93,15.0,10.0,20,90.0,95,85,179.6013888888889,0.7430555556,Oct,Nov  to  Feb,Feb to March,963,lentil
Gazipur,Kharif 2,Lentil,172,18.77,68.36,19.41,6.93,15.0,10.0,20,90.0,95,85,169.94262295081967,0.3953488372,Oct,Nov  to  Feb,Feb to March,68,lentil
Gopalganj,Kharif 2,Lentil,9399,18.77,68.36,19.41,6.93,15.0,10.0,20,90.0,95,85,155.864898989899,0.4063198213,Oct,Nov  to  Feb,Feb to March,3819,lentil
Habiganj,Kharif 2,Lentil,40,18.77,68.36,19.41,6.93,15.0,10.0,20,90.0,95,85,333.72557471264366,0.225,Oct,Nov  to  Feb,Feb to March,9,lentil
Jamalpur,Kharif 2,Lentil,765,18.77,68.36,19.41,6.93,15.0,10.0,20,90.0,95,85,181.08838383838383,0.3477124183,Oct,Nov  to  Feb,Feb to March,266,lentil
Jashore,Kharif 2,Lentil,24551,18.77,68.36,19.41,6.93,15.0,10.0,20,90.0,95,85,134.2247474747475,0.4846238442,Oct,Nov  to  Feb,Feb to March,11898,lentil
Jhallokati,Kharif 2,Lentil,683,18.77,68.36,19.41,6.93,15.0,10.0,20,90.0,95,85,175.42564102564103,0.4699853587,Oct,Nov  to  Feb,Feb to March,321,lentil
Jhenaidah,Kharif 2,Lentil,29147,18.77,68.36,19.41,6.93,15.0,10.0,20,90.0,95,85,134.2247474747475,0.5656156723,Oct,Nov  to  Feb,Feb to March,16486,lentil
Joypurhat,Kharif 2,Lentil,333,18.77,68.36,19.41,6.93,15.0,10.0,20,90.0,95,85,142.85416666666666,0.4894894895,Oct,Nov  to  Feb,Feb to March,163,lentil
Khagrachari,Kharif 2,Lentil,67,18.77,68.36,19.41,6.93,15.0,10.0,20,90.0,95,85,204.11111111111111,0.2537313433,Oct,Nov  to  Feb,Feb to March,17,lentil
Khulna,Kharif 2,Lentil,225,18.77,68.36,19.41,6.93,15.0,10.0,20,90.0,95,85,144.96843434343435,0.3155555556,Oct,Nov  to  Feb,Feb to March,71,lentil
Kishoreganj,Kharif 2,Lentil,260,18.77,68.36,19.41,6.93,15.0,10.0,20,90.0,95,85,181.08838383838383,0.3846153846,Oct,Nov  to  Feb,Feb to March,100,lentil
Kurigram,Kharif 2,Lentil,1411,18.77,68.36,19.41,6.93,15.0,10.0,20,90.0,95,85,179.6013888888889,0.3805811481,Oct,Nov  to  Feb,Feb to March,537,lentil
Kushtia,Kharif 2,Lentil,21146,18.77,68.36,19.41,6.93,15.0,10.0,20,90.0,95,85,129.44444444444446,0.5926416344,Oct,Nov  to  Feb,Feb to March,12532,lentil
Lakshmipur,Kharif 2,Lentil,64,18.77,68.36,19.41,6.93,15.0,10.0,20,90.0,95,85,185.75631313131316,0.28125,Oct,Nov  to  Feb,Feb to March,18,lentil
Lalmonirhat,Kharif 2,Lentil,104,18.77,68.36,19.41,6.93,15.0,10.0,20,90.0,95,85,179.6013888888889,0.4134615385,Oct,Nov  to  Feb,Feb to March,43,lentil
Madaripur,Kharif 2,Lentil,11427,18.77,68.36,19.41,6.93,15.0,10.0,20,90.0,95,85,160.41666666666666,0.4725649777,Oct,Nov  to  Feb,Feb to March,5400,lentil
Magura,Kharif 2,Lentil,32570,18.77,68.36,19.41,6.93,15.0,10.0,20,90.0,95,85,134.2247474747475,0.3564630028,Oct,Nov  to  Feb,Feb to March,11610,lentil
Manikganj,Kharif 2,Lentil,2235,18.77,68.36,19.41,6.93,15.0,10.0,20,90.0,95,85,169.94262295081967,0.4501118568,Oct,Nov  to  Feb,Feb to March,1006,lentil
Meherpur,Kharif 2,Lentil,14079,18.77,68.36,19.41,6.93,15.0,10.0,20,90.0,95,85,129.44444444444446,0.5237587897,Oct,Nov  to  Feb,Feb to March,7374,lentil
Moulvibazar,Kharif 2,Lentil,70,18.77,68.36,19.41,6.93,15.0,10.0,20,90.0,95,85,333.72557471264366,0.4285714286,Oct,Nov  to  Feb,Feb to March,30,lentil
Munshiganj,Kharif 2,Lentil,40,18.77,68.36,19.41,6.93,15.0,10.0,20,90.0,95,85,169.94262295081967,0.35,Oct,Nov  to  Feb,Feb to March,14,lentil
Mymensingh,Kharif 2,Lentil,728,18.77,68.36,19.41,6.93,15.0,10.0,20,90.0,95,85,181.08838383838383,0.5151098901,Oct,Nov  to  Feb,Feb to March,375,lentil
Naogaon,Kharif 2,Lentil,432,18.77,68.36,19.41,6.93,15.0,10.0,20,90.0,95,85,124.92,0.5,Oct,Nov  to  Feb,Feb to March,216,lentil
Narail,Kharif 2,Lentil,13887,18.77,68.36,19.41,6.93,15.0,10.0,20,90.0,95,85,134.2247474747475,0.48779434,Oct,Nov  to  Feb,Feb to March,6774,lentil
Narayanganj,Kharif 2,Lentil,247,18.77,68.36,19.41,6.93,15.0,10.0,20,90.0,95,85,169.94262295081967,0.2874493927,Oct,Nov  to  Feb,Feb to March,71,lentil
Narsingdi,Kharif 2,Lentil,48,18.77,68.36,19.41,6.93,15.0,10.0,20,90.0,95,85,169.94262295081967,0.2916666667,Oct,Nov  to  Feb,Feb to March,14,lentil
Natore,Kharif 2,Lentil,30860,18.77,68.36,19.41,6.93,15.0,10.0,20,90.0,95,85,124.92,0.5981853532,Oct,Nov  to  Feb,Feb to March,18460,lentil
Netrokona,Kharif 2,Lentil,92,18.77,68.36,19.41,6.93,15.0,10.0,20,90.0,95,85,181.08838383838383,0.3913043478,Oct,Nov  to  Feb,Feb to March,36,lentil
Nilphamari,Kharif 2,Lentil,21,18.77,68.36,19.41,6.93,15.0,10.0,20,90.0,95,85,179.6013888888889,0.4285714286,Oct,Nov  to  Feb,Feb to March,9,lentil
Noakhali,Kharif 2,Lentil,86,18.77,68.36,19.41,6.93,15.0,10.0,20,90.0,95,85,185.75631313131316,0.3488372093,Oct,Nov  to  Feb,Feb to March,30,lentil
Pabna,Kharif 2,Lentil,26691,18.77,68.36,19.41,6.93,15.0,10.0,20,90.0,95,85,124.92,0.4986324978,Oct,Nov  to  Feb,Feb to March,13309,lentil
Panchagar,Kharif 2,Lentil,179,18.77,68.36,19.41,6.93,15.0,10.0,20,90.0,95,85,154.21843434343435,0.3351955307,Oct,Nov  to  Feb,Feb to March,60,lentil
Patuakhali,Kharif 2,Lentil,602,18.77,68.36,19.41,6.93,15.0,10.0,20,90.0,95,85,207.8076923076923,0.3637873754,Oct,Nov  to  Feb,Feb to March,219,lentil
Pirojpur,Kharif 2,Lentil,77,18.77,68.36,19.41,6.93,15.0,10.0,20,90.0,95,85,175.42564102564103,0.5194805195,Oct,Nov  to  Feb,Feb to March,40,lentil
Rajbari,Kharif 2,Lentil,17356,18.77,68.36,19.41,6.93,15.0,10.0,20,90.0,95,85,155.864898989899,0.5173427057,Oct,Nov  to  Feb,Feb to March,8979,lentil
Rajshahi,Kharif 2,Lentil,36337,18.77,68.36,19.41,6.93,15.0,10.0,20,90.0,95,85,124.92,0.5226903707,Oct,Nov  to  Feb,Feb to March,18993,lentil
Rangamati,Kharif 2,Lentil,72,18.77,68.36,19.41,6.93,15.0,10.0,20,90.0,95,85,204.11111111111111,0.3472222222,Oct,Nov  to  Feb,Feb to March,25,lentil
Rangpur,Kharif 2,Lentil,215,18.77,68.36,19.41,6.93,15.0,10.0,20,90.0,95,85,179.6013888888889,0.5255813953,Oct,Nov  to  Feb,Feb to March,113,lentil
Satkhira,Kharif 2,Lentil,766,18.77,68.36,19.41,6.93,15.0,10.0,20,90.0,95,85,140.35353535353536,0.361618799,Oct,Nov  to  Feb,Feb to March,277,lentil
Shariatpur,Kharif 2,Lentil,5433,18.77,68.36,19.41,6.93,15.0,10.0,20,90.0,95,85,155.864898989899,0.5124240751,Oct,Nov  to  Feb,Feb to March,2784,lentil
Sherpur,Kharif 2,Lentil,133,18.77,68.36,19.41,6.93,15.0,10.0,20,90.0,95,85,181.08838383838383,0.3458646617,Oct,Nov  to  Feb,Feb to March,46,lentil
Sirajganj,Kharif 2,Lentil,7010,18.77,68.36,19.41,6.93,15.0,10.0,20,90.0,95,85,142.85416666666666,0.4417974322,Oct,Nov  to  Feb,Feb to March,3097,lentil
Sunamganj,Kharif 2,Lentil,0,18.77,68.36,19.41,6.93,15.0,10.0,20,90.0,95,85,333.72557471264366,2.518413598,Oct,Nov  to  Feb,Feb to March,0,lentil
Sylhet,Kharif 2,Lentil,42,18.77,68.36,19.41,6.93,15.0,10.0,20,90.0,95,85,333.72557471264366,0.5238095238,Oct,Nov  to  Feb,Feb to March,22,lentil
Tangail,Kharif 2,Lentil,2716,18.77,68.36,19.41,6.93,15.0,10.0,20,90.0,95,85,153.4104938271605,0.2750368189,Oct,Nov  to  Feb,Feb to March,747,lentil
Thakurgaon,Kharif 2,Lentil,464,18.77,68.36,19.41,6.93,15.0,10.0,20,90.0,95,85,154.21843434343435,0.3922413793,Oct,Nov  to  Feb,Feb to March,182,lentil
Bagerhat,Kharif 1,Maize 1,0,77.76,48.44,19.79,6.25,27.0,20.0,34,72.5,85,60,144.96843434343435,2.518413598,March,April to May,June to July,0,maize
Bandarban,Kharif 1,Maize 1,412,77.76,48.44,19.79,6.25,27.0,20.0,34,72.5,85,60,243.94444444444449,0.963592233,March,April to May,June to July,397,maize
Barguna,Kharif 1,Maize 1,0,77.76,48.44,19.79,6.25,27.0,20.0,34,72.5,85,60,207.8076923076923,2.518413598,March,April to May,June to July,0,maize
Barishal,Kharif 1,Maize 1,0,77.76,48.44,19.79,6.25,27.0,20.0,34,72.5,85,60,175.42564102564103,2.518413598,March,April to May,June to July,0,maize
Bhola,Kharif 1,Maize 1,0,77.76,48.44,19.79,6.25,27.0,20.0,34,72.5,85,60,185.23090277777777,2.518413598,March,April to May,June to July,0,maize
Bogura,Kharif 1,Maize 1,1142,77.76,48.44,19.79,6.25,27.0,20.0,34,72.5,85,60,142.85416666666666,2.758318739,March,April to May,June to July,3150,maize
Brahmanbaria,Kharif 1,Maize 1,33,77.76,48.44,19.79,6.25,27.0,20.0,34,72.5,85,60,185.75631313131316,2.0,March,April to May,June to July,66,maize
Chandpur,Kharif 1,Maize 1,1778,77.76,48.44,19.79,6.25,27.0,20.0,34,72.5,85,60,168.796875,2.233970754,March,April to May,June to July,3972,maize
Chapai Nawabganj,Kharif 1,Maize 1,2259,77.76,48.44,19.79,6.25,27.0,20.0,34,72.5,85,60,124.92,1.813634351,March,April to May,June to July,4097,maize
Chattogram,Kharif 1,Maize 1,0,77.76,48.44,19.79,6.25,27.0,20.0,34,72.5,85,60,243.94444444444449,2.518413598,March,April to May,June to July,0,maize
Chuadanga,Kharif 1,Maize 1,49,77.76,48.44,19.79,6.25,27.0,20.0,34,72.5,85,60,129.44444444444446,2.0,March,April to May,June to July,98,maize
CoxsBazar,Kharif 1,Maize 1,0,77.76,48.44,19.79,6.25,27.0,20.0,34,72.5,85,60,303.40277777777777,2.518413598,March,April to May,June to July,0,maize
Cumilla,Kharif 1,Maize 1,0,77.76,48.44,19.79,6.25,27.0,20.0,34,72.5,85,60,185.75631313131316,2.518413598,March,April to May,June to July,0,maize
Dhaka,Kharif 1,Maize 1,6108,77.76,48.44,19.79,6.25,27.0,20.0,34,72.5,85,60,169.94262295081967,2.610019646,March,April to May,June to July,15942,maize
Dinajpur,Kharif 1,Maize 1,13541,77.76,48.44,19.79,6.25,27.0,20.0,34,72.5,85,60,154.21843434343435,2.951480688,March,April to May,June to July,39966,maize
Faridpur,Kharif 1,Maize 1,753,77.76,48.44,19.79,6.25,27.0,20.0,34,72.5,85,60,155.864898989899,2.298804781,March,April to May,June to July,1731,maize
Feni,Kharif 1,Maize 1,166,77.76,48.44,19.79,6.25,27.0,20.0,34,72.5,85,60,248.1727642276423,2.903614458,March,April to May,June to July,482,maize
Gaibandha,Kharif 1,Maize 1,1246,77.76,48.44,19.79,6.25,27.0,20.0,34,72.5,85,60,179.6013888888889,3.283306581,March,April to May,June to July,4091,maize
Gazipur,Kharif 1,Maize 1,340,77.76,48.44,19.79,6.25,27.0,20.0,34,72.5,85,60,169.94262295081967,2.294117647,March,April to May,June to July,780,maize
Gopalganj,Kharif 1,Maize 1,27,77.76,48.44,19.79,6.25,27.0,20.0,34,72.5,85,60,155.864898989899,2.814814815,March,April to May,June to July,76,maize
Habiganj,Kharif 1,Maize 1,0,77.76,48.44,19.79,6.25,27.0,20.0,34,72.5,85,60,333.72557471264366,2.518413598,March,April to May,June to July,0,maize
Jamalpur,Kharif 1,Maize 1,12,77.76,48.44,19.79,6.25,27.0,20.0,34,72.5,85,60,181.08838383838383,3.0,March,April to May,June to July,36,maize
Jashore,Kharif 1,Maize 1,76,77.76,48.44,19.79,6.25,27.0,20.0,34,72.5,85,60,134.2247474747475,3.723684211,March,April to May,June to July,283,maize
Jhallokati,Kharif 1,Maize 1,0,77.76,48.44,19.79,6.25,27.0,20.0,34,72.5,85,60,175.42564102564103,2.518413598,March,April to May,June to July,0,maize
Jhenaidah,Kharif 1,Maize 1,212,77.76,48.44,19.79,6.25,27.0,20.0,34,72.5,85,60,134.2247474747475,2.900943396,March,April to May,June to July,615,maize
Joypurhat,Kharif 1,Maize 1,0,77.76,48.44,19.79,6.25,27.0,20.0,34,72.5,85,60,142.85416666666666,2.518413598,March,April to May,June to July,0,maize
Khagrachari,Kharif 1,Maize 1,411,77.76,48.44,19.79,6.25,27.0,20.0,34,72.5,85,60,204.11111111111111,1.104622871,March,April to May,June to July,454,maize
Khulna,Kharif 1,Maize 1,10,77.76,48.44,19.79,6.25,27.0,20.0,34,72.5,85,60,144.96843434343435,1.9,March,April to May,June to July,19,maize
Kishoreganj,Kharif 1,Maize 1,0,77.76,48.44,19.79,6.25,27.0,20.0,34,72.5,85,60,181.08838383838383,2.518413598,March,April to May,June to July,0,maize
Kurigram,Kharif 1,Maize 1,6575,77.76,48.44,19.79,6.25,27.0,20.0,34,72.5,85,60,179.6013888888889,3.255057034,March,April to May,June to July,21402,maize
Kushtia,Kharif 1,Maize 1,1088,77.76,48.44,19.79,6.25,27.0,20.0,34,72.5,85,60,129.44444444444446,2.609375,March,April to May,June to July,2839,maize
Lakshmipur,Kharif 1,Maize 1,0,77.76,48.44,19.79,6.25,27.0,20.0,34,72.5,85,60,185.75631313131316,2.518413598,March,April to May,June to July,0,maize
Lalmonirhat,Kharif 1,Maize 1,17465,77.76,48.44,19.79,6.25,27.0,20.0,34,72.5,85,60,179.6013888888889,2.934726596,March,April to May,June to July,51255,maize
Madaripur,Kharif 1,Maize 1,0,77.76,48.44,19.79,6.25,27.0,20.0,34,72.5,85,60,160.41666666666666,2.518413598,March,April to May,June to July,0,maize
Magura,Kharif 1,Maize 1,0,77.76,48.44,19.79,6.25,27.0,20.0,34,72.5,85,60,134.2247474747475,2.518413598,March,April to May,June to July,0,maize
Manikganj,Kharif 1,Maize 1,13736,77.76,48.44,19.79,6.25,27.0,20.0,34,72.5,85,60,169.94262295081967,2.142617938,March,April to May,June to July,29431,maize
Meherpur,Kharif 1,Maize 1,0,77.76,48.44,19.79,6.25,27.0,20.0,34,72.5,85,60,129.44444444444446,2.518413598,March,April to May,June to July,0,maize
Moulvibazar,Kharif 1,Maize 1,0,77.76,48.44,19.79,6.25,27.0,20.0,34,72.5,85,60,333.72557471264366,2.518413598,March,April to May,June to July,0,maize
Munshiganj,Kharif 1,Maize 1,10584,77.76,48.44,19.79,6.25,27.0,20.0,34,72.5,85,60,169.94262295081967,2.193783069,March,April to May,June to July,23219,maize
Mymensingh,Kharif 1,Maize 1,0,77.76,48.44,19.79,6.25,27.0,20.0,34,72.5,85,60,181.08838383838383,2.518413598,March,April to May,June to July,0,maize
Naogaon,Kharif 1,Maize 1,2419,77.76,48.44,19.79,6.25,27.0,20.0,34,72.5,85,60,124.92,2.442744936,March,April to May,June to July,5909,maize
Narail,Kharif 1,Maize 1,0,77.76,48.44,19.79,6.25,27.0,20.0,34,72.5,85,60,134.2247474747475,2.518413598,March,April to May,June to July,0,maize
Narayanganj,Kharif 1,Maize 1,0,77.76,48.44,19.79,6.25,27.0,20.0,34,72.5,85,60,169.94262295081967,2.518413598,March,April to May,June to July,0,maize
Narsingdi,Kharif 1,Maize 1,0,77.76,48.44,19.79,6.25,27.0,20.0,34,72.5,85,60,169.94262295081967,2.518413598,March,April to May,June to July,0,maize
Natore,Kharif 1,Maize 1,21198,77.76,48.44,19.79,6.25,27.0,20.0,34,72.5,85,60,124.92,2.466411926,March,April to May,June to July,52283,maize
Netrokona,Kharif 1,Maize 1,0,77.76,48.44,19.79,6.25,27.0,20.0,34,72.5,85,60,181.08838383838383,2.518413598,March,April to May,June to July,0,maize
Nilphamari,Kharif 1,Maize 1,3210,77.76,48.44,19.79,6.25,27.0,20.0,34,72.5,85,60,179.6013888888889,3.483800623,March,April to May,June to July,11183,maize
Noakhali,Kharif 1,Maize 1,0,77.76,48.44,19.79,6.25,27.0,20.0,34,72.5,85,60,185.75631313131316,2.518413598,March,April to May,June to July,0,maize
Pabna,Kharif 1,Maize 1,90,77.76,48.44,19.79,6.25,27.0,20.0,34,72.5,85,60,124.92,2.744444444,March,April to May,June to July,247,maize
Panchagar,Kharif 1,Maize 1,2498,77.76,48.44,19.79,6.25,27.0,20.0,34,72.5,85,60,154.21843434343435,3.470376301,March,April to May,June to July,8669,maize
Patuakhali,Kharif 1,Maize 1,0,77.76,48.44,19.79,6.25,27.0,20.0,34,72.5,85,60,207.8076923076923,2.518413598,March,April to May,June to July,0,maize
Pirojpur,Kharif 1,Maize 1,0,77.76,48.44,19.79,6.25,27.0,20.0,34,72.5,85,60,175.42564102564103,2.518413598,March,April to May,June to July,0,maize
Rajbari,Kharif 1,Maize 1,34,77.76,48.44,19.79,6.25,27.0,20.0,34,72.5,85,60,155.864898989899,2.352941176,March,April to May,June to July,80,maize
Rajshahi,Kharif 1,Maize 1,22695,77.76,48.44,19.79,6.25,27.0,20.0,34,72.5,85,60,124.92,2.658735404,March,April to May,June to July,60340,maize
Rangamati,Kharif 1,Maize 1,500,77.76,48.44,19.79,6.25,27.0,20.0,34,72.5,85,60,204.11111111111111,1.336,March,April to May,June to July,668,maize
Rangpur,Kharif 1,Maize 1,23269,77.76,48.44,19.79,6.25,27.0,20.0,34,72.5,85,60,179.6013888888889,3.127422751,March,April to May,June to July,72772,maize
Satkhira,Kharif 1,Maize 1,10,77.76,48.44,19.79,6.25,27.0,20.0,34,72.5,85,60,140.35353535353536,3.2,March,April to May,June to July,32,maize
Shariatpur,Kharif 1,Maize 1,0,77.76,48.44,19.79,6.25,27.0,20.0,34,72.5,85,60,155.864898989899,2.518413598,March,April to May,June to July,0,maize
Sherpur,Kharif 1,Maize 1,136,77.76,48.44,19.79,6.25,27.0,20.0,34,72.5,85,60,181.08838383838383,3.514705882,March,April to May,June to July,478,maize
Sirajganj,Kharif 1,Maize 1,305,77.76,48.44,19.79,6.25,27.0,20.0,34,72.5,85,60,142.85416666666666,2.249180328,March,April to May,June to July,686,maize
Sunamganj,Kharif 1,Maize 1,0,77.76,48.44,19.79,6.25,27.0,20.0,34,72.5,85,60,333.72557471264366,2.518413598,March,April to May,June to July,0,maize
Sylhet,Kharif 1,Maize 1,0,77.76,48.44,19.79,6.25,27.0,20.0,34,72.5,85,60,333.72557471264366,2.518413598,March,April to May,June to July,0,maize
Tangail,Kharif 1,Maize 1,0,77.76,48.44,19.79,6.25,27.0,20.0,34,72.5,85,60,153.4104938271605,2.518413598,March,April to May,June to July,0,maize
Thakurgaon,Kharif 1,Maize 1,52049,77.76,48.44,19.79,6.25,27.0,20.0,34,72.5,85,60,154.21843434343435,2.593844262,March,April to May,June to July,135007,maize
Bagerhat,Rabi,Maize 2,421,77.76,48.44,19.79,6.25,20.5,14.0,27,60.0,70,50,144.96843434343435,2.247030879,Dec,Jan  to  March,April,946,maize
Bandarban,Rabi,Maize 2,373,77.76,48.44,19.79,6.25,20.5,14.0,27,60.0,70,50,243.94444444444449,1.461126005,Dec,Jan  to  March,April,545,maize
Barguna,Rabi,Maize 2,126,77.76,48.44,19.79,6.25,20.5,14.0,27,60.0,70,50,207.8076923076923,1.436507937,Dec,Jan  to  March,April,181,maize
Barishal,Rabi,Maize 2,660,77.76,48.44,19.79,6.25,20.5,14.0,27,60.0,70,50,175.42564102564103,2.0,Dec,Jan  to  March,April,1320,maize
Bhola,Rabi,Maize 2,1954,77.76,48.44,19.79,6.25,20.5,14.0,27,60.0,70,50,185.23090277777777,2.688843398,Dec,Jan  to  March,April,5254,maize
Bogura,Rabi,Maize 2,17441,77.76,48.44,19.79,6.25,20.5,14.0,27,60.0,70,50,142.85416666666666,3.050283814,Dec,Jan  to  March,April,53200,maize
Brahmanbaria,Rabi,Maize 2,233,77.76,48.44,19.79,6.25,20.5,14.0,27,60.0,70,50,185.75631313131316,1.454935622,Dec,Jan  to  March,April,339,maize
Chandpur,Rabi,Maize 2,11951,77.76,48.44,19.79,6.25,20.5,14.0,27,60.0,70,50,168.796875,2.890051042,Dec,Jan  to  March,April,34539,maize
Chapai Nawabganj,Rabi,Maize 2,14687,77.76,48.44,19.79,6.25,20.5,14.0,27,60.0,70,50,124.92,2.858786682,Dec,Jan  to  March,April,41987,maize
Chattogram,Rabi,Maize 2,66,77.76,48.44,19.79,6.25,20.5,14.0,27,60.0,70,50,243.94444444444449,2.590909091,Dec,Jan  to  March,April,171,maize
Chuadanga,Rabi,Maize 2,117887,77.76,48.44,19.79,6.25,20.5,14.0,27,60.0,70,50,129.44444444444446,4.386955305,Dec,Jan  to  March,April,517165,maize
CoxsBazar,Rabi,Maize 2,200,77.76,48.44,19.79,6.25,20.5,14.0,27,60.0,70,50,303.40277777777777,2.12,Dec,Jan  to  March,April,424,maize
Cumilla,Rabi,Maize 2,23305,77.76,48.44,19.79,6.25,20.5,14.0,27,60.0,70,50,185.75631313131316,2.450761639,Dec,Jan  to  March,April,57115,maize
Dhaka,Rabi,Maize 2,10394,77.76,48.44,19.79,6.25,20.5,14.0,27,60.0,70,50,169.94262295081967,2.740908216,Dec,Jan  to  March,April,28489,maize
Dinajpur,Rabi,Maize 2,152992,77.76,48.44,19.79,6.25,20.5,14.0,27,60.0,70,50,154.21843434343435,3.562369274,Dec,Jan  to  March,April,545014,maize
Faridpur,Rabi,Maize 2,797,77.76,48.44,19.79,6.25,20.5,14.0,27,60.0,70,50,155.864898989899,2.213299875,Dec,Jan  to  March,April,1764,maize
Feni,Rabi,Maize 2,184,77.76,48.44,19.79,6.25,20.5,14.0,27,60.0,70,50,248.1727642276423,2.902173913,Dec,Jan  to  March,April,534,maize
Gaibandha,Rabi,Maize 2,32955,77.76,48.44,19.79,6.25,20.5,14.0,27,60.0,70,50,179.6013888888889,3.212380519,Dec,Jan  to  March,April,105864,maize
Gazipur,Rabi,Maize 2,6,77.76,48.44,19.79,6.25,20.5,14.0,27,60.0,70,50,169.94262295081967,1.666666667,Dec,Jan  to  March,April,10,maize
Gopalganj,Rabi,Maize 2,88,77.76,48.44,19.79,6.25,20.5,14.0,27,60.0,70,50,155.864898989899,2.863636364,Dec,Jan  to  March,April,252,maize
Habiganj,Rabi,Maize 2,27,77.76,48.44,19.79,6.25,20.5,14.0,27,60.0,70,50,333.72557471264366,1.444444444,Dec,Jan  to  March,April,39,maize
Jamalpur,Rabi,Maize 2,27683,77.76,48.44,19.79,6.25,20.5,14.0,27,60.0,70,50,181.08838383838383,4.108008525,Dec,Jan  to  March,April,113722,maize
Jashore,Rabi,Maize 2,1394,77.76,48.44,19.79,6.25,20.5,14.0,27,60.0,70,50,134.2247474747475,3.233142037,Dec,Jan  to  March,April,4507,maize
Jhallokati,Rabi,Maize 2,1095,77.76,48.44,19.79,6.25,20.5,14.0,27,60.0,70,50,175.42564102564103,2.19543379,Dec,Jan  to  March,April,2404,maize
Jhenaidah,Rabi,Maize 2,43029,77.76,48.44,19.79,6.25,20.5,14.0,27,60.0,70,50,134.2247474747475,3.984405866,Dec,Jan  to  March,April,171445,maize
Joypurhat,Rabi,Maize 2,817,77.76,48.44,19.79,6.25,20.5,14.0,27,60.0,70,50,142.85416666666666,3.461444308,Dec,Jan  to  March,April,2828,maize
Khagrachari,Rabi,Maize 2,1062,77.76,48.44,19.79,6.25,20.5,14.0,27,60.0,70,50,204.11111111111111,2.04519774,Dec,Jan  to  March,April,2172,maize
Khulna,Rabi,Maize 2,203,77.76,48.44,19.79,6.25,20.5,14.0,27,60.0,70,50,144.96843434343435,2.871921182,Dec,Jan  to  March,April,583,maize
Kishoreganj,Rabi,Maize 2,13926,77.76,48.44,19.79,6.25,20.5,14.0,27,60.0,70,50,181.08838383838383,3.099310642,Dec,Jan  to  March,April,43161,maize
Kurigram,Rabi,Maize 2,16200,77.76,48.44,19.79,6.25,20.5,14.0,27,60.0,70,50,179.6013888888889,3.302962963,Dec,Jan  to  March,April,53508,maize
Kushtia,Rabi,Maize 2,23472,77.76,48.44,19.79,6.25,20.5,14.0,27,60.0,70,50,129.44444444444446,4.03889741,Dec,Jan  to  March,April,94801,maize
Lakshmipur,Rabi,Maize 2,0,77.76,48.44,19.79,6.25,20.5,14.0,27,60.0,70,50,185.75631313131316,2.518413598,Dec,Jan  to  March,April,0,maize
Lalmonirhat,Rabi,Maize 2,71196,77.76,48.44,19.79,6.25,20.5,14.0,27,60.0,70,50,179.6013888888889,3.621818641,Dec,Jan  to  March,April,257859,maize
Madaripur,Rabi,Maize 2,568,77.76,48.44,19.79,6.25,20.5,14.0,27,60.0,70,50,160.41666666666666,3.790492958,Dec,Jan  to  March,April,2153,maize
Magura,Rabi,Maize 2,155,77.76,48.44,19.79,6.25,20.5,14.0,27,60.0,70,50,134.2247474747475,3.303225806,Dec,Jan  to  March,April,512,maize
Manikganj,Rabi,Maize 2,39569,77.76,48.44,19.79,6.25,20.5,14.0,27,60.0,70,50,169.94262295081967,3.337107331,Dec,Jan  to  March,April,132046,maize
Meherpur,Rabi,Maize 2,28300,77.76,48.44,19.79,6.25,20.5,14.0,27,60.0,70,50,129.44444444444446,4.413992933,Dec,Jan  to  March,April,124916,maize
Moulvibazar,Rabi,Maize 2,2,77.76,48.44,19.79,6.25,20.5,14.0,27,60.0,70,50,333.72557471264366,3.5,Dec,Jan  to  March,April,7,maize
Munshiganj,Rabi,Maize 2,721,77.76,48.44,19.79,6.25,20.5,14.0,27,60.0,70,50,169.94262295081967,2.67961165,Dec,Jan  to  March,April,1932,maize
Mymensingh,Rabi,Maize 2,290,77.76,48.44,19.79,6.25,20.5,14.0,27,60.0,70,50,181.08838383838383,3.5,Dec,Jan  to  March,April,1015,maize
Naogaon,Rabi,Maize 2,14819,77.76,48.44,19.79,6.25,20.5,14.0,27,60.0,70,50,124.92,3.748093664,Dec,Jan  to  March,April,55543,maize
Narail,Rabi,Maize 2,301,77.76,48.44,19.79,6.25,20.5,14.0,27,60.0,70,50,134.2247474747475,3.524916944,Dec,Jan  to  March,April,1061,maize
Narayanganj,Rabi,Maize 2,65,77.76,48.44,19.79,6.25,20.5,14.0,27,60.0,70,50,169.94262295081967,3.215384615,Dec,Jan  to  March,April,209,maize
Narsingdi,Rabi,Maize 2,39,77.76,48.44,19.79,6.25,20.5,14.0,27,60.0,70,50,169.94262295081967,2.58974359,Dec,Jan  to  March,April,101,maize
Natore,Rabi,Maize 2,11500,77.76,48.44,19.79,6.25,20.5,14.0,27,60.0,70,50,124.92,3.425478261,Dec,Jan  to  March,April,39393,maize
Netrokona,Rabi,Maize 2,0,77.76,48.44,19.79,6.25,20.5,14.0,27,60.0,70,50,181.08838383838383,2.518413598,Dec,Jan  to  March,April,0,maize
Nilphamari,Rabi,Maize 2,56777,77.76,48.44,19.79,6.25,20.5,14.0,27,60.0,70,50,179.6013888888889,4.236310478,Dec,Jan  to  March,April,240525,maize
Noakhali,Rabi,Maize 2,256,77.76,48.44,19.79,6.25,20.5,14.0,27,60.0,70,50,185.75631313131316,3.1171875,Dec,Jan  to  March,April,798,maize
Pabna,Rabi,Maize 2,1710,77.76,48.44,19.79,6.25,20.5,14.0,27,60.0,70,50,124.92,2.819883041,Dec,Jan  to  March,April,4822,maize
Panchagar,Rabi,Maize 2,64720,77.76,48.44,19.79,6.25,20.5,14.0,27,60.0,70,50,154.21843434343435,4.201297899,Dec,Jan  to  March,April,271908,maize
Patuakhali,Rabi,Maize 2,112,77.76,48.44,19.79,6.25,20.5,14.0,27,60.0,70,50,207.8076923076923,1.491071429,Dec,Jan  to  March,April,167,maize
Pirojpur,Rabi,Maize 2,533,77.76,48.44,19.79,6.25,20.5,14.0,27,60.0,70,50,175.42564102564103,1.866791745,Dec,Jan  to  March,April,995,maize
Rajbari,Rabi,Maize 2,695,77.76,48.44,19.79,6.25,20.5,14.0,27,60.0,70,50,155.864898989899,2.998561151,Dec,Jan  to  March,April,2084,maize
Rajshahi,Rabi,Maize 2,17226,77.76,48.44,19.79,6.25,20.5,14.0,27,60.0,70,50,124.92,3.345698363,Dec,Jan  to  March,April,57633,maize
Rangamati,Rabi,Maize 2,554,77.76,48.44,19.79,6.25,20.5,14.0,27,60.0,70,50,204.11111111111111,2.124548736,Dec,Jan  to  March,April,1177,maize
Rangpur,Rabi,Maize 2,44132,77.76,48.44,19.79,6.25,20.5,14.0,27,60.0,70,50,179.6013888888889,3.241616061,Dec,Jan  to  March,April,143059,maize
Satkhira,Rabi,Maize 2,146,77.76,48.44,19.79,6.25,20.5,14.0,27,60.0,70,50,140.35353535353536,2.828767123,Dec,Jan  to  March,April,413,maize
Shariatpur,Rabi,Maize 2,32,77.76,48.44,19.79,6.25,20.5,14.0,27,60.0,70,50,155.864898989899,3.09375,Dec,Jan  to  March,April,99,maize
Sherpur,Rabi,Maize 2,1922,77.76,48.44,19.79,6.25,20.5,14.0,27,60.0,70,50,181.08838383838383,2.475026015,Dec,Jan  to  March,April,4757,maize
Sirajganj,Rabi,Maize 2,30236,77.76,48.44,19.79,6.25,20.5,14.0,27,60.0,70,50,142.85416666666666,3.451316312,Dec,Jan  to  March,April,104354,maize
Sunamganj,Rabi,Maize 2,15,77.76,48.44,19.79,6.25,20.5,14.0,27,60.0,70,50,333.72557471264366,2.066666667,Dec,Jan  to  March,April,31,maize
Sylhet,Rabi,Maize 2,29,77.76,48.44,19.79,6.25,20.5,14.0,27,60.0,70,50,333.72557471264366,1.827586207,Dec,Jan  to  March,April,53,maize
Tangail,Rabi,Maize 2,7685,77.76,48.44,19.79,6.25,20.5,14.0,27,60.0,70,50,153.4104938271605,2.931554977,Dec,Jan  to  March,April,22529,maize
Thakurgaon,Rabi,Maize 2,69266,77.76,48.44,19.79,6.25,20.5,14.0,27,60.0,70,50,154.21843434343435,2.991727543,Dec,Jan  to  March,April,207225,maize
Bagerhat,Kharif 1,Malta,0,19.58,16.55,10.01,7.02,27.5,20.0,35,85.0,90,80,144.96843434343435,2.518413598,June,June to August,August to September,0,orange
Bandarban,Kharif 1,Malta,1022,19.58,16.55,10.01,7.02,27.5,20.0,35,85.0,90,80,243.94444444444449,0.3238747554,June,June to August,August to September,331,orange
Barguna,Kharif 1,Malta,0,19.58,16.55,10.01,7.02,27.5,20.0,35,85.0,90,80,207.8076923076923,2.518413598,June,June to August,August to September,0,orange
Barishal,Kharif 1,Malta,190,19.58,16.55,10.01,7.02,27.5,20.0,35,85.0,90,80,175.42564102564103,0.4210526316,June,June to August,August to September,80,orange
Bhola,Kharif 1,Malta,0,19.58,16.55,10.01,7.02,27.5,20.0,35,85.0,90,80,185.23090277777777,2.518413598,June,June to August,August to September,0,orange
Bogura,Kharif 1,Malta,1,19.58,16.55,10.01,7.02,27.5,20.0,35,85.0,90,80,142.85416666666666,1.0,June,June to August,August to September,1,orange
Brahmanbaria,Kharif 1,Malta,127,19.58,16.55,10.01,7.02,27.5,20.0,35,85.0,90,80,185.75631313131316,2.031496063,June,June to August,August to September,258,orange
Chandpur,Kharif 1,Malta,0,19.58,16.55,10.01,7.02,27.5,20.0,35,85.0,90,80,168.796875,2.518413598,June,June to August,August to September,0,orange
Chapai Nawabganj,Kharif 1,Malta,46,19.58,16.55,10.01,7.02,27.5,20.0,35,85.0,90,80,124.92,0.6304347826,June,June to August,August to September,29,orange
Chattogram,Kharif 1,Malta,0,19.58,16.55,10.01,7.02,27.5,20.0,35,85.0,90,80,243.94444444444449,2.518413598,June,June to August,August to September,0,orange
Chuadanga,Kharif 1,Malta,17,19.58,16.55,10.01,7.02,27.5,20.0,35,85.0,90,80,129.44444444444446,5.058823529,June,June to August,August to September,86,orange
CoxsBazar,Kharif 1,Malta,0,19.58,16.55,10.01,7.02,27.5,20.0,35,85.0,90,80,303.40277777777777,2.518413598,June,June to August,August to September,0,orange
Cumilla,Kharif 1,Malta,0,19.58,16.55,10.01,7.02,27.5,20.0,35,85.0,90,80,185.75631313131316,2.518413598,June,June to August,August to September,0,orange
Dhaka,Kharif 1,Malta,0,19.58,16.55,10.01,7.02,27.5,20.0,35,85.0,90,80,169.94262295081967,2.518413598,June,June to August,August to September,0,orange
Dinajpur,Kharif 1,Malta,107,19.58,16.55,10.01,7.02,27.5,20.0,35,85.0,90,80,154.21843434343435,2.644859813,June,June to August,August to September,283,orange
Faridpur,Kharif 1,Malta,0,19.58,16.55,10.01,7.02,27.5,20.0,35,85.0,90,80,155.864898989899,2.518413598,June,June to August,August to September,0,orange
Feni,Kharif 1,Malta,0,19.58,16.55,10.01,7.02,27.5,20.0,35,85.0,90,80,248.1727642276423,2.518413598,June,June to August,August to September,0,orange
Gaibandha,Kharif 1,Malta,0,19.58,16.55,10.01,7.02,27.5,20.0,35,85.0,90,80,179.6013888888889,2.518413598,June,June to August,August to September,0,orange
Gazipur,Kharif 1,Malta,72,19.58,16.55,10.01,7.02,27.5,20.0,35,85.0,90,80,169.94262295081967,1.402777778,June,June to August,August to September,101,orange
Gopalganj,Kharif 1,Malta,0,19.58,16.55,10.01,7.02,27.5,20.0,35,85.0,90,80,155.864898989899,2.518413598,June,June to August,August to September,0,orange
Habiganj,Kharif 1,Malta,0,19.58,16.55,10.01,7.02,27.5,20.0,35,85.0,90,80,333.72557471264366,2.518413598,June,June to August,August to September,0,orange
Jamalpur,Kharif 1,Malta,0,19.58,16.55,10.01,7.02,27.5,20.0,35,85.0,90,80,181.08838383838383,2.518413598,June,June to August,August to September,0,orange
Jashore,Kharif 1,Malta,81,19.58,16.55,10.01,7.02,27.5,20.0,35,85.0,90,80,134.2247474747475,3.728395062,June,June to August,August to September,302,orange
Jhallokati,Kharif 1,Malta,55,19.58,16.55,10.01,7.02,27.5,20.0,35,85.0,90,80,175.42564102564103,3.363636364,June,June to August,August to September,185,orange
Jhenaidah,Kharif 1,Malta,60,19.58,16.55,10.01,7.02,27.5,20.0,35,85.0,90,80,134.2247474747475,1.233333333,June,June to August,August to September,74,orange
Joypurhat,Kharif 1,Malta,0,19.58,16.55,10.01,7.02,27.5,20.0,35,85.0,90,80,142.85416666666666,2.518413598,June,June to August,August to September,0,orange
Khagrachari,Kharif 1,Malta,5561,19.58,16.55,10.01,7.02,27.5,20.0,35,85.0,90,80,204.11111111111111,0.04783312354,June,June to August,August to September,266,orange
Khulna,Kharif 1,Malta,0,19.58,16.55,10.01,7.02,27.5,20.0,35,85.0,90,80,144.96843434343435,2.518413598,June,June to August,August to September,0,orange
Kishoreganj,Kharif 1,Malta,4,19.58,16.55,10.01,7.02,27.5,20.0,35,85.0,90,80,181.08838383838383,6.0,June,June to August,August to September,24,orange
Kurigram,Kharif 1,Malta,2,19.58,16.55,10.01,7.02,27.5,20.0,35,85.0,90,80,179.6013888888889,1.0,June,June to August,August to September,2,orange
Kushtia,Kharif 1,Malta,0,19.58,16.55,10.01,7.02,27.5,20.0,35,85.0,90,80,129.44444444444446,2.518413598,June,June to August,August to September,0,orange
Lakshmipur,Kharif 1,Malta,0,19.58,16.55,10.01,7.02,27.5,20.0,35,85.0,90,80,185.75631313131316,2.518413598,June,June to August,August to September,0,orange
Lalmonirhat,Kharif 1,Malta,96,19.58,16.55,10.01,7.02,27.5,20.0,35,85.0,90,80,179.6013888888889,0.6041666667,June,June to August,August to September,58,orange
Madaripur,Kharif 1,Malta,0,19.58,16.55,10.01,7.02,27.5,20.0,35,85.0,90,80,160.41666666666666,2.518413598,June,June to August,August to September,0,orange
Magura,Kharif 1,Malta,4772,19.58,16.55,10.01,7.02,27.5,20.0,35,85.0,90,80,134.2247474747475,0.3233445096,June,June to August,August to September,1543,orange
Manikganj,Kharif 1,Malta,0,19.58,16.55,10.01,7.02,27.5,20.0,35,85.0,90,80,169.94262295081967,2.518413598,June,June to August,August to September,0,orange
Meherpur,Kharif 1,Malta,24,19.58,16.55,10.01,7.02,27.5,20.0,35,85.0,90,80,129.44444444444446,1.875,June,June to August,August to September,45,orange
Moulvibazar,Kharif 1,Malta,0,19.58,16.55,10.01,7.02,27.5,20.0,35,85.0,90,80,333.72557471264366,2.518413598,June,June to August,August to September,0,orange
Munshiganj,Kharif 1,Malta,0,19.58,16.55,10.01,7.02,27.5,20.0,35,85.0,90,80,169.94262295081967,2.518413598,June,June to August,August to September,0,orange
Mymensingh,Kharif 1,Malta,0,19.58,16.55,10.01,7.02,27.5,20.0,35,85.0,90,80,181.08838383838383,2.518413598,June,June to August,August to September,0,orange
Naogaon,Kharif 1,Malta,34,19.58,16.55,10.01,7.02,27.5,20.0,35,85.0,90,80,124.92,6.558823529,June,June to August,August to September,223,orange
Narail,Kharif 1,Malta,4,19.58,16.55,10.01,7.02,27.5,20.0,35,85.0,90,80,134.2247474747475,1.25,June,June to August,August to September,5,orange
Narayanganj,Kharif 1,Malta,0,19.58,16.55,10.01,7.02,27.5,20.0,35,85.0,90,80,169.94262295081967,2.518413598,June,June to August,August to September,0,orange
Narsingdi,Kharif 1,Malta,55,19.58,16.55,10.01,7.02,27.5,20.0,35,85.0,90,80,169.94262295081967,0.9454545455,June,June to August,August to September,52,orange
Natore,Kharif 1,Malta,30,19.58,16.55,10.01,7.02,27.5,20.0,35,85.0,90,80,124.92,3.566666667,June,June to August,August to September,107,orange
Netrokona,Kharif 1,Malta,0,19.58,16.55,10.01,7.02,27.5,20.0,35,85.0,90,80,181.08838383838383,2.518413598,June,June to August,August to September,0,orange
Nilphamari,Kharif 1,Malta,24,19.58,16.55,10.01,7.02,27.5,20.0,35,85.0,90,80,179.6013888888889,1.5,June,June to August,August to September,36,orange
Noakhali,Kharif 1,Malta,0,19.58,16.55,10.01,7.02,27.5,20.0,35,85.0,90,80,185.75631313131316,2.518413598,June,June to August,August to September,0,orange
Pabna,Kharif 1,Malta,5,19.58,16.55,10.01,7.02,27.5,20.0,35,85.0,90,80,124.92,1.8,June,June to August,August to September,9,orange
Panchagar,Kharif 1,Malta,30,19.58,16.55,10.01,7.02,27.5,20.0,35,85.0,90,80,154.21843434343435,2.7,June,June to August,August to September,81,orange
Patuakhali,Kharif 1,Malta,0,19.58,16.55,10.01,7.02,27.5,20.0,35,85.0,90,80,207.8076923076923,2.518413598,June,June to August,August to September,0,orange
Pirojpur,Kharif 1,Malta,87,19.58,16.55,10.01,7.02,27.5,20.0,35,85.0,90,80,175.42564102564103,2.390804598,June,June to August,August to September,208,orange
Rajbari,Kharif 1,Malta,0,19.58,16.55,10.01,7.02,27.5,20.0,35,85.0,90,80,155.864898989899,2.518413598,June,June to August,August to September,0,orange
Rajshahi,Kharif 1,Malta,322,19.58,16.55,10.01,7.02,27.5,20.0,35,85.0,90,80,124.92,2.102484472,June,June to August,August to September,677,orange
Rangamati,Kharif 1,Malta,90,19.58,16.55,10.01,7.02,27.5,20.0,35,85.0,90,80,204.11111111111111,4.533333333,June,June to August,August to September,408,orange
Rangpur,Kharif 1,Malta,38,19.58,16.55,10.01,7.02,27.5,20.0,35,85.0,90,80,179.6013888888889,3.289473684,June,June to August,August to September,125,orange
Satkhira,Kharif 1,Malta,0,19.58,16.55,10.01,7.02,27.5,20.0,35,85.0,90,80,140.35353535353536,2.518413598,June,June to August,August to September,0,orange
Shariatpur,Kharif 1,Malta,7,19.58,16.55,10.01,7.02,27.5,20.0,35,85.0,90,80,155.864898989899,11.71428571,June,June to August,August to September,82,orange
Sherpur,Kharif 1,Malta,25,19.58,16.55,10.01,7.02,27.5,20.0,35,85.0,90,80,181.08838383838383,5.44,June,June to August,August to September,136,orange
Sirajganj,Kharif 1,Malta,2,19.58,16.55,10.01,7.02,27.5,20.0,35,85.0,90,80,142.85416666666666,6.0,June,June to August,August to September,12,orange
Sunamganj,Kharif 1,Malta,0,19.58,16.55,10.01,7.02,27.5,20.0,35,85.0,90,80,333.72557471264366,2.518413598,June,June to August,August to September,0,orange
Sylhet,Kharif 1,Malta,1,19.58,16.55,10.01,7.02,27.5,20.0,35,85.0,90,80,333.72557471264366,21.0,June,June to August,August to September,21,orange
Tangail,Kharif 1,Malta,225,19.58,16.55,10.01,7.02,27.5,20.0,35,85.0,90,80,153.4104938271605,2.026666667,June,June to August,August to September,456,orange
Thakurgaon,Kharif 1,Malta,40,19.58,16.55,10.01,7.02,27.5,20.0,35,85.0,90,80,154.21843434343435,4.875,June,June to August,August to September,195,orange
Bagerhat,Kharif 1,Mango,383,20.07,27.18,29.92,5.77,31.5,27.0,36,70.0,90,50,144.96843434343435,4.994778068,April,No need to do,April to June,1913,mango
Bandarban,Kharif 1,Mango,2839,20.07,27.18,29.92,5.77,31.5,27.0,36,70.0,90,50,243.94444444444449,1.316308559,April,No need to do,April to June,3737,mango
Barguna,Kharif 1,Mango,2348,20.07,27.18,29.92,5.77,31.5,27.0,36,70.0,90,50,207.8076923076923,3.066439523,April,No need to do,April to June,7200,mango
Barishal,Kharif 1,Mango,27465,20.07,27.18,29.92,5.77,31.5,27.0,36,70.0,90,50,175.42564102564103,0.3897687967,April,No need to do,April to June,10705,mango
Bhola,Kharif 1,Mango,715,20.07,27.18,29.92,5.77,31.5,27.0,36,70.0,90,50,185.23090277777777,2.116083916,April,No need to do,April to June,1513,mango
Bogura,Kharif 1,Mango,3148,20.07,27.18,29.92,5.77,31.5,27.0,36,70.0,90,50,142.85416666666666,7.126429479,April,No need to do,April to June,22434,mango
Brahmanbaria,Kharif 1,Mango,2856,20.07,27.18,29.92,5.77,31.5,27.0,36,70.0,90,50,185.75631313131316,3.445028011,April,No need to do,April to June,9839,mango
Chandpur,Kharif 1,Mango,1054,20.07,27.18,29.92,5.77,31.5,27.0,36,70.0,90,50,168.796875,9.240037951,April,No need to do,April to June,9739,mango
Chapai Nawabganj,Kharif 1,Mango,63886,20.07,27.18,29.92,5.77,31.5,27.0,36,70.0,90,50,124.92,2.087906584,April,No need to do,April to June,133388,mango
Chattogram,Kharif 1,Mango,2583,20.07,27.18,29.92,5.77,31.5,27.0,36,70.0,90,50,243.94444444444449,7.667053813,April,No need to do,April to June,19804,mango
Chuadanga,Kharif 1,Mango,914,20.07,27.18,29.92,5.77,31.5,27.0,36,70.0,90,50,129.44444444444446,6.927789934,April,No need to do,April to June,6332,mango
CoxsBazar,Kharif 1,Mango,1192,20.07,27.18,29.92,5.77,31.5,27.0,36,70.0,90,50,303.40277777777777,8.095637584,April,No need to do,April to June,9650,mango
Cumilla,Kharif 1,Mango,5878,20.07,27.18,29.92,5.77,31.5,27.0,36,70.0,90,50,185.75631313131316,3.832766247,April,No need to do,April to June,22529,mango
Dhaka,Kharif 1,Mango,533,20.07,27.18,29.92,5.77,31.5,27.0,36,70.0,90,50,169.94262295081967,10.64915572,April,No need to do,April to June,5676,mango
Dinajpur,Kharif 1,Mango,1534,20.07,27.18,29.92,5.77,31.5,27.0,36,70.0,90,50,154.21843434343435,27.2464146,April,No need to do,April to June,41796,mango
Faridpur,Kharif 1,Mango,1339,20.07,27.18,29.92,5.77,31.5,27.0,36,70.0,90,50,155.864898989899,6.035847647,April,No need to do,April to June,8082,mango
Feni,Kharif 1,Mango,1569,20.07,27.18,29.92,5.77,31.5,27.0,36,70.0,90,50,248.1727642276423,2.333970682,April,No need to do,April to June,3662,mango
Gaibandha,Kharif 1,Mango,1818,20.07,27.18,29.92,5.77,31.5,27.0,36,70.0,90,50,179.6013888888889,7.425192519,April,No need to do,April to June,13499,mango
Gazipur,Kharif 1,Mango,1796,20.07,27.18,29.92,5.77,31.5,27.0,36,70.0,90,50,169.94262295081967,4.920378619,April,No need to do,April to June,8837,mango
Gopalganj,Kharif 1,Mango,1044,20.07,27.18,29.92,5.77,31.5,27.0,36,70.0,90,50,155.864898989899,3.66954023,April,No need to do,April to June,3831,mango
Habiganj,Kharif 1,Mango,17256,20.07,27.18,29.92,5.77,31.5,27.0,36,70.0,90,50,333.72557471264366,2.091620306,April,No need to do,April to June,36093,mango
Jamalpur,Kharif 1,Mango,2664,20.07,27.18,29.92,5.77,31.5,27.0,36,70.0,90,50,181.08838383838383,4.801801802,April,No need to do,April to June,12792,mango
Jashore,Kharif 1,Mango,3653,20.07,27.18,29.92,5.77,31.5,27.0,36,70.0,90,50,134.2247474747475,2.622502053,April,No need to do,April to June,9580,mango
Jhallokati,Kharif 1,Mango,1957,20.07,27.18,29.92,5.77,31.5,27.0,36,70.0,90,50,175.42564102564103,0.5569749617,April,No need to do,April to June,1090,mango
Jhenaidah,Kharif 1,Mango,1768,20.07,27.18,29.92,5.77,31.5,27.0,36,70.0,90,50,134.2247474747475,9.680429864,April,No need to do,April to June,17115,mango
Joypurhat,Kharif 1,Mango,883,20.07,27.18,29.92,5.77,31.5,27.0,36,70.0,90,50,142.85416666666666,5.171007928,April,No need to do,April to June,4566,mango
Khagrachari,Kharif 1,Mango,4207,20.07,27.18,29.92,5.77,31.5,27.0,36,70.0,90,50,204.11111111111111,2.166389351,April,No need to do,April to June,9114,mango
Khulna,Kharif 1,Mango,1336,20.07,27.18,29.92,5.77,31.5,27.0,36,70.0,90,50,144.96843434343435,5.32260479,April,No need to do,April to June,7111,mango
Kishoreganj,Kharif 1,Mango,644,20.07,27.18,29.92,5.77,31.5,27.0,36,70.0,90,50,181.08838383838383,16.17701863,April,No need to do,April to June,10418,mango
Kurigram,Kharif 1,Mango,1173,20.07,27.18,29.92,5.77,31.5,27.0,36,70.0,90,50,179.6013888888889,9.415174766,April,No need to do,April to June,11044,mango
Kushtia,Kharif 1,Mango,4450,20.07,27.18,29.92,5.77,31.5,27.0,36,70.0,90,50,129.44444444444446,11.08539326,April,No need to do,April to June,49330,mango
Lakshmipur,Kharif 1,Mango,1923,20.07,27.18,29.92,5.77,31.5,27.0,36,70.0,90,50,185.75631313131316,1.001040042,April,No need to do,April to June,1925,mango
Lalmonirhat,Kharif 1,Mango,899,20.07,27.18,29.92,5.77,31.5,27.0,36,70.0,90,50,179.6013888888889,6.351501669,April,No need to do,April to June,5710,mango
Madaripur,Kharif 1,Mango,1015,20.07,27.18,29.92,5.77,31.5,27.0,36,70.0,90,50,160.41666666666666,7.310344828,April,No need to do,April to June,7420,mango
Magura,Kharif 1,Mango,529,20.07,27.18,29.92,5.77,31.5,27.0,36,70.0,90,50,134.2247474747475,13.43289225,April,No need to do,April to June,7106,mango
Manikganj,Kharif 1,Mango,2707,20.07,27.18,29.92,5.77,31.5,27.0,36,70.0,90,50,169.94262295081967,2.033247137,April,No need to do,April to June,5504,mango
Meherpur,Kharif 1,Mango,6050,20.07,27.18,29.92,5.77,31.5,27.0,36,70.0,90,50,129.44444444444446,2.246942149,April,No need to do,April to June,13594,mango
Moulvibazar,Kharif 1,Mango,777,20.07,27.18,29.92,5.77,31.5,27.0,36,70.0,90,50,333.72557471264366,7.642213642,April,No need to do,April to June,5938,mango
Munshiganj,Kharif 1,Mango,265,20.07,27.18,29.92,5.77,31.5,27.0,36,70.0,90,50,169.94262295081967,11.76981132,April,No need to do,April to June,3119,mango
Mymensingh,Kharif 1,Mango,6934,20.07,27.18,29.92,5.77,31.5,27.0,36,70.0,90,50,181.08838383838383,3.132391116,April,No need to do,April to June,21720,mango
Naogaon,Kharif 1,Mango,6061,20.07,27.18,29.92,5.77,31.5,27.0,36,70.0,90,50,124.92,6.631413958,April,No need to do,April to June,40193,mango
Narail,Kharif 1,Mango,1629,20.07,27.18,29.92,5.77,31.5,27.0,36,70.0,90,50,134.2247474747475,4.742786986,April,No need to do,April to June,7726,mango
Narayanganj,Kharif 1,Mango,80,20.07,27.18,29.92,5.77,31.5,27.0,36,70.0,90,50,169.94262295081967,23.7625,April,No need to do,April to June,1901,mango
Narsingdi,Kharif 1,Mango,996,20.07,27.18,29.92,5.77,31.5,27.0,36,70.0,90,50,169.94262295081967,5.029116466,April,No need to do,April to June,5009,mango
Natore,Kharif 1,Mango,4083,20.07,27.18,29.92,5.77,31.5,27.0,36,70.0,90,50,124.92,14.94342395,April,No need to do,April to June,61014,mango
Netrokona,Kharif 1,Mango,4404,20.07,27.18,29.92,5.77,31.5,27.0,36,70.0,90,50,181.08838383838383,6.514532243,April,No need to do,April to June,28690,mango
Nilphamari,Kharif 1,Mango,595,20.07,27.18,29.92,5.77,31.5,27.0,36,70.0,90,50,179.6013888888889,17.17647059,April,No need to do,April to June,10220,mango
Noakhali,Kharif 1,Mango,730,20.07,27.18,29.92,5.77,31.5,27.0,36,70.0,90,50,185.75631313131316,9.063013699,April,No need to do,April to June,6616,mango
Pabna,Kharif 1,Mango,2480,20.07,27.18,29.92,5.77,31.5,27.0,36,70.0,90,50,124.92,14.0141129,April,No need to do,April to June,34755,mango
Panchagar,Kharif 1,Mango,1934,20.07,27.18,29.92,5.77,31.5,27.0,36,70.0,90,50,154.21843434343435,8.198552223,April,No need to do,April to June,15856,mango
Patuakhali,Kharif 1,Mango,4944,20.07,27.18,29.92,5.77,31.5,27.0,36,70.0,90,50,207.8076923076923,0.8181634304,April,No need to do,April to June,4045,mango
Pirojpur,Kharif 1,Mango,3842,20.07,27.18,29.92,5.77,31.5,27.0,36,70.0,90,50,175.42564102564103,1.232170744,April,No need to do,April to June,4734,mango
Rajbari,Kharif 1,Mango,2771,20.07,27.18,29.92,5.77,31.5,27.0,36,70.0,90,50,155.864898989899,5.96030314,April,No need to do,April to June,16516,mango
Rajshahi,Kharif 1,Mango,35724,20.07,27.18,29.92,5.77,31.5,27.0,36,70.0,90,50,124.92,6.885343187,April,No need to do,April to June,245972,mango
Rangamati,Kharif 1,Mango,3748,20.07,27.18,29.92,5.77,31.5,27.0,36,70.0,90,50,204.11111111111111,1.634204909,April,No need to do,April to June,6125,mango
Rangpur,Kharif 1,Mango,951,20.07,27.18,29.92,5.77,31.5,27.0,36,70.0,90,50,179.6013888888889,24.89695058,April,No need to do,April to June,23677,mango
Satkhira,Kharif 1,Mango,3161,20.07,27.18,29.92,5.77,31.5,27.0,36,70.0,90,50,140.35353535353536,3.162923126,April,No need to do,April to June,9998,mango
Shariatpur,Kharif 1,Mango,10042,20.07,27.18,29.92,5.77,31.5,27.0,36,70.0,90,50,155.864898989899,0.585939056,April,No need to do,April to June,5884,mango
Sherpur,Kharif 1,Mango,2355,20.07,27.18,29.92,5.77,31.5,27.0,36,70.0,90,50,181.08838383838383,4.869639066,April,No need to do,April to June,11468,mango
Sirajganj,Kharif 1,Mango,772,20.07,27.18,29.92,5.77,31.5,27.0,36,70.0,90,50,142.85416666666666,30.50129534,April,No need to do,April to June,23547,mango
Sunamganj,Kharif 1,Mango,1667,20.07,27.18,29.92,5.77,31.5,27.0,36,70.0,90,50,333.72557471264366,8.347330534,April,No need to do,April to June,13915,mango
Sylhet,Kharif 1,Mango,1487,20.07,27.18,29.92,5.77,31.5,27.0,36,70.0,90,50,333.72557471264366,3.347679892,April,No need to do,April to June,4978,mango
Tangail,Kharif 1,Mango,2204,20.07,27.18,29.92,5.77,31.5,27.0,36,70.0,90,50,153.4104938271605,8.319419238,April,No need to do,April to June,18336,mango
Thakurgaon,Kharif 1,Mango,4179,20.07,27.18,29.92,5.77,31.5,27.0,36,70.0,90,50,154.21843434343435,6.931562575,April,No need to do,April to June,28967,mango
Bagerhat,Kharif 2,Mashkalai,0,40.02,67.47,19.24,7.13,27.5,20.0,35,35.0,45,25,144.96843434343435,2.518413598,Aug,Sep to Oct,Nov,0,blackgram
Bandarban,Kharif 2,Mashkalai,3,40.02,67.47,19.24,7.13,27.5,20.0,35,35.0,45,25,243.94444444444449,0.0,Aug,Sep to Oct,Nov,0,blackgram
Barguna,Kharif 2,Mashkalai,210,40.02,67.47,19.24,7.13,27.5,20.0,35,35.0,45,25,207.8076923076923,0.380952381,Aug,Sep to Oct,Nov,80,blackgram
Barishal,Kharif 2,Mashkalai,4,40.02,67.47,19.24,7.13,27.5,20.0,35,35.0,45,25,175.42564102564103,0.5,Aug,Sep to Oct,Nov,2,blackgram
Bhola,Kharif 2,Mashkalai,0,40.02,67.47,19.24,7.13,27.5,20.0,35,35.0,45,25,185.23090277777777,2.518413598,Aug,Sep to Oct,Nov,0,blackgram
Bogura,Kharif 2,Mashkalai,696,40.02,67.47,19.24,7.13,27.5,20.0,35,35.0,45,25,142.85416666666666,0.4698275862,Aug,Sep to Oct,Nov,327,blackgram
Brahmanbaria,Kharif 2,Mashkalai,1022,40.02,67.47,19.24,7.13,27.5,20.0,35,35.0,45,25,185.75631313131316,0.4637964775,Aug,Sep to Oct,Nov,474,blackgram
Chandpur,Kharif 2,Mashkalai,623,40.02,67.47,19.24,7.13,27.5,20.0,35,35.0,45,25,168.796875,0.3258426966,Aug,Sep to Oct,Nov,203,blackgram
Chapai Nawabganj,Kharif 2,Mashkalai,23226,40.02,67.47,19.24,7.13,27.5,20.0,35,35.0,45,25,124.92,0.3376819082,Aug,Sep to Oct,Nov,7843,blackgram
Chattogram,Kharif 2,Mashkalai,82,40.02,67.47,19.24,7.13,27.5,20.0,35,35.0,45,25,243.94444444444449,0.4512195122,Aug,Sep to Oct,Nov,37,blackgram
Chuadanga,Kharif 2,Mashkalai,904,40.02,67.47,19.24,7.13,27.5,20.0,35,35.0,45,25,129.44444444444446,0.3296460177,Aug,Sep to Oct,Nov,298,blackgram
CoxsBazar,Kharif 2,Mashkalai,0,40.02,67.47,19.24,7.13,27.5,20.0,35,35.0,45,25,303.40277777777777,2.518413598,Aug,Sep to Oct,Nov,0,blackgram
Cumilla,Kharif 2,Mashkalai,423,40.02,67.47,19.24,7.13,27.5,20.0,35,35.0,45,25,185.75631313131316,0.4113475177,Aug,Sep to Oct,Nov,174,blackgram
Dhaka,Kharif 2,Mashkalai,1434,40.02,67.47,19.24,7.13,27.5,20.0,35,35.0,45,25,169.94262295081967,0.440027894,Aug,Sep to Oct,Nov,631,blackgram
Dinajpur,Kharif 2,Mashkalai,645,40.02,67.47,19.24,7.13,27.5,20.0,35,35.0,45,25,154.21843434343435,0.4945736434,Aug,Sep to Oct,Nov,319,blackgram
Faridpur,Kharif 2,Mashkalai,1969,40.02,67.47,19.24,7.13,27.5,20.0,35,35.0,45,25,155.864898989899,0.3941086846,Aug,Sep to Oct,Nov,776,blackgram
Feni,Kharif 2,Mashkalai,114,40.02,67.47,19.24,7.13,27.5,20.0,35,35.0,45,25,248.1727642276423,0.3245614035,Aug,Sep to Oct,Nov,37,blackgram
Gaibandha,Kharif 2,Mashkalai,820,40.02,67.47,19.24,7.13,27.5,20.0,35,35.0,45,25,179.6013888888889,0.3707317073,Aug,Sep to Oct,Nov,304,blackgram
Gazipur,Kharif 2,Mashkalai,632,40.02,67.47,19.24,7.13,27.5,20.0,35,35.0,45,25,169.94262295081967,0.2515822785,Aug,Sep to Oct,Nov,159,blackgram
Gopalganj,Kharif 2,Mashkalai,389,40.02,67.47,19.24,7.13,27.5,20.0,35,35.0,45,25,155.864898989899,0.3393316195,Aug,Sep to Oct,Nov,132,blackgram
Habiganj,Kharif 2,Mashkalai,3,40.02,67.47,19.24,7.13,27.5,20.0,35,35.0,45,25,333.72557471264366,0.0,Aug,Sep to Oct,Nov,0,blackgram
Jamalpur,Kharif 2,Mashkalai,4169,40.02,67.47,19.24,7.13,27.5,20.0,35,35.0,45,25,181.08838383838383,0.3547613337,Aug,Sep to Oct,Nov,1479,blackgram
Jashore,Kharif 2,Mashkalai,908,40.02,67.47,19.24,7.13,27.5,20.0,35,35.0,45,25,134.2247474747475,0.3755506608,Aug,Sep to Oct,Nov,341,blackgram
Jhallokati,Kharif 2,Mashkalai,0,40.02,67.47,19.24,7.13,27.5,20.0,35,35.0,45,25,175.42564102564103,2.518413598,Aug,Sep to Oct,Nov,0,blackgram
Jhenaidah,Kharif 2,Mashkalai,1710,40.02,67.47,19.24,7.13,27.5,20.0,35,35.0,45,25,134.2247474747475,0.3409356725,Aug,Sep to Oct,Nov,583,blackgram
Joypurhat,Kharif 2,Mashkalai,147,40.02,67.47,19.24,7.13,27.5,20.0,35,35.0,45,25,142.85416666666666,0.380952381,Aug,Sep to Oct,Nov,56,blackgram
Khagrachari,Kharif 2,Mashkalai,0,40.02,67.47,19.24,7.13,27.5,20.0,35,35.0,45,25,204.11111111111111,2.518413598,Aug,Sep to Oct,Nov,0,blackgram
Khulna,Kharif 2,Mashkalai,105,40.02,67.47,19.24,7.13,27.5,20.0,35,35.0,45,25,144.96843434343435,0.4285714286,Aug,Sep to Oct,Nov,45,blackgram
Kishoreganj,Kharif 2,Mashkalai,1059,40.02,67.47,19.24,7.13,27.5,20.0,35,35.0,45,25,181.08838383838383,0.5269121813,Aug,Sep to Oct,Nov,558,blackgram
Kurigram,Kharif 2,Mashkalai,2084,40.02,67.47,19.24,7.13,27.5,20.0,35,35.0,45,25,179.6013888888889,0.4227447217,Aug,Sep to Oct,Nov,881,blackgram
Kushtia,Kharif 2,Mashkalai,620,40.02,67.47,19.24,7.13,27.5,20.0,35,35.0,45,25,129.44444444444446,0.4967741935,Aug,Sep to Oct,Nov,308,blackgram
Lakshmipur,Kharif 2,Mashkalai,77,40.02,67.47,19.24,7.13,27.5,20.0,35,35.0,45,25,185.75631313131316,0.2337662338,Aug,Sep to Oct,Nov,18,blackgram
Lalmonirhat,Kharif 2,Mashkalai,218,40.02,67.47,19.24,7.13,27.5,20.0,35,35.0,45,25,179.6013888888889,0.3899082569,Aug,Sep to Oct,Nov,85,blackgram
Madaripur,Kharif 2,Mashkalai,1075,40.02,67.47,19.24,7.13,27.5,20.0,35,35.0,45,25,160.41666666666666,0.3990697674,Aug,Sep to Oct,Nov,429,blackgram
Magura,Kharif 2,Mashkalai,158,40.02,67.47,19.24,7.13,27.5,20.0,35,35.0,45,25,134.2247474747475,0.4050632911,Aug,Sep to Oct,Nov,64,blackgram
Manikganj,Kharif 2,Mashkalai,8930,40.02,67.47,19.24,7.13,27.5,20.0,35,35.0,45,25,169.94262295081967,0.3913773796,Aug,Sep to Oct,Nov,3495,blackgram
Meherpur,Kharif 2,Mashkalai,1733,40.02,67.47,19.24,7.13,27.5,20.0,35,35.0,45,25,129.44444444444446,0.4852856319,Aug,Sep to Oct,Nov,841,blackgram
Moulvibazar,Kharif 2,Mashkalai,267,40.02,67.47,19.24,7.13,27.5,20.0,35,35.0,45,25,333.72557471264366,0.456928839,Aug,Sep to Oct,Nov,122,blackgram
Munshiganj,Kharif 2,Mashkalai,158,40.02,67.47,19.24,7.13,27.5,20.0,35,35.0,45,25,169.94262295081967,0.4430379747,Aug,Sep to Oct,Nov,70,blackgram
Mymensingh,Kharif 2,Mashkalai,2050,40.02,67.47,19.24,7.13,27.5,20.0,35,35.0,45,25,181.08838383838383,0.3907317073,Aug,Sep to Oct,Nov,801,blackgram
Naogaon,Kharif 2,Mashkalai,579,40.02,67.47,19.24,7.13,27.5,20.0,35,35.0,45,25,124.92,0.4162348877,Aug,Sep to Oct,Nov,241,blackgram
Narail,Kharif 2,Mashkalai,103,40.02,67.47,19.24,7.13,27.5,20.0,35,35.0,45,25,134.2247474747475,0.3495145631,Aug,Sep to Oct,Nov,36,blackgram
Narayanganj,Kharif 2,Mashkalai,45,40.02,67.47,19.24,7.13,27.5,20.0,35,35.0,45,25,169.94262295081967,0.4,Aug,Sep to Oct,Nov,18,blackgram
Narsingdi,Kharif 2,Mashkalai,501,40.02,67.47,19.24,7.13,27.5,20.0,35,35.0,45,25,169.94262295081967,0.4550898204,Aug,Sep to Oct,Nov,228,blackgram
Natore,Kharif 2,Mashkalai,701,40.02,67.47,19.24,7.13,27.5,20.0,35,35.0,45,25,124.92,0.332382311,Aug,Sep to Oct,Nov,233,blackgram
Netrokona,Kharif 2,Mashkalai,341,40.02,67.47,19.24,7.13,27.5,20.0,35,35.0,45,25,181.08838383838383,0.6011730205,Aug,Sep to Oct,Nov,205,blackgram
Nilphamari,Kharif 2,Mashkalai,93,40.02,67.47,19.24,7.13,27.5,20.0,35,35.0,45,25,179.6013888888889,0.3978494624,Aug,Sep to Oct,Nov,37,blackgram
Noakhali,Kharif 2,Mashkalai,121,40.02,67.47,19.24,7.13,27.5,20.0,35,35.0,45,25,185.75631313131316,0.3305785124,Aug,Sep to Oct,Nov,40,blackgram
Pabna,Kharif 2,Mashkalai,4860,40.02,67.47,19.24,7.13,27.5,20.0,35,35.0,45,25,124.92,0.4816872428,Aug,Sep to Oct,Nov,2341,blackgram
Panchagar,Kharif 2,Mashkalai,310,40.02,67.47,19.24,7.13,27.5,20.0,35,35.0,45,25,154.21843434343435,0.4387096774,Aug,Sep to Oct,Nov,136,blackgram
Patuakhali,Kharif 2,Mashkalai,0,40.02,67.47,19.24,7.13,27.5,20.0,35,35.0,45,25,207.8076923076923,2.518413598,Aug,Sep to Oct,Nov,0,blackgram
Pirojpur,Kharif 2,Mashkalai,0,40.02,67.47,19.24,7.13,27.5,20.0,35,35.0,45,25,175.42564102564103,2.518413598,Aug,Sep to Oct,Nov,0,blackgram
Rajbari,Kharif 2,Mashkalai,1036,40.02,67.47,19.24,7.13,27.5,20.0,35,35.0,45,25,155.864898989899,0.4208494208,Aug,Sep to Oct,Nov,436,blackgram
Rajshahi,Kharif 2,Mashkalai,8204,40.02,67.47,19.24,7.13,27.5,20.0,35,35.0,45,25,124.92,0.3728668942,Aug,Sep to Oct,Nov,3059,blackgram
Rangamati,Kharif 2,Mashkalai,0,40.02,67.47,19.24,7.13,27.5,20.0,35,35.0,45,25,204.11111111111111,2.518413598,Aug,Sep to Oct,Nov,0,blackgram
Rangpur,Kharif 2,Mashkalai,1197,40.02,67.47,19.24,7.13,27.5,20.0,35,35.0,45,25,179.6013888888889,0.4711779449,Aug,Sep to Oct,Nov,564,blackgram
Satkhira,Kharif 2,Mashkalai,330,40.02,67.47,19.24,7.13,27.5,20.0,35,35.0,45,25,140.35353535353536,0.2939393939,Aug,Sep to Oct,Nov,97,blackgram
Shariatpur,Kharif 2,Mashkalai,238,40.02,67.47,19.24,7.13,27.5,20.0,35,35.0,45,25,155.864898989899,0.5378151261,Aug,Sep to Oct,Nov,128,blackgram
Sherpur,Kharif 2,Mashkalai,1359,40.02,67.47,19.24,7.13,27.5,20.0,35,35.0,45,25,181.08838383838383,0.5607064018,Aug,Sep to Oct,Nov,762,blackgram
Sirajganj,Kharif 2,Mashkalai,7306,40.02,67.47,19.24,7.13,27.5,20.0,35,35.0,45,25,142.85416666666666,0.33657268,Aug,Sep to Oct,Nov,2459,blackgram
Sunamganj,Kharif 2,Mashkalai,278,40.02,67.47,19.24,7.13,27.5,20.0,35,35.0,45,25,333.72557471264366,0.428057554,Aug,Sep to Oct,Nov,119,blackgram
Sylhet,Kharif 2,Mashkalai,131,40.02,67.47,19.24,7.13,27.5,20.0,35,35.0,45,25,333.72557471264366,0.5114503817,Aug,Sep to Oct,Nov,67,blackgram
Tangail,Kharif 2,Mashkalai,13122,40.02,67.47,19.24,7.13,27.5,20.0,35,35.0,45,25,153.4104938271605,0.2970583752,Aug,Sep to Oct,Nov,3898,blackgram
Thakurgaon,Kharif 2,Mashkalai,803,40.02,67.47,19.24,7.13,27.5,20.0,35,35.0,45,25,154.21843434343435,0.3212951432,Aug,Sep to Oct,Nov,258,blackgram
Bagerhat,Kharif 2,Motor,141,21.44,48.01,20.23,6.83,22.5,15.0,30,82.5,90,75,144.96843434343435,0.3191489362,Oct,Nov to March,March to April,45,mothbeans
Bandarban,Kharif 2,Motor,64,21.44,48.01,20.23,6.83,22.5,15.0,30,82.5,90,75,243.94444444444449,0.375,Oct,Nov to March,March to April,24,mothbeans
Barguna,Kharif 2,Motor,18,21.44,48.01,20.23,6.83,22.5,15.0,30,82.5,90,75,207.8076923076923,0.9444444444,Oct,Nov to March,March to April,17,mothbeans
Barishal,Kharif 2,Motor,28,21.44,48.01,20.23,6.83,22.5,15.0,30,82.5,90,75,175.42564102564103,0.5,Oct,Nov to March,March to April,14,mothbeans
Bhola,Kharif 2,Motor,0,21.44,48.01,20.23,6.83,22.5,15.0,30,82.5,90,75,185.23090277777777,2.518413598,Oct,Nov to March,March to April,0,mothbeans
Bogura,Kharif 2,Motor,0,21.44,48.01,20.23,6.83,22.5,15.0,30,82.5,90,75,142.85416666666666,2.518413598,Oct,Nov to March,March to April,0,mothbeans
Brahmanbaria,Kharif 2,Motor,56,21.44,48.01,20.23,6.83,22.5,15.0,30,82.5,90,75,185.75631313131316,0.3392857143,Oct,Nov to March,March to April,19,mothbeans
Chandpur,Kharif 2,Motor,95,21.44,48.01,20.23,6.83,22.5,15.0,30,82.5,90,75,168.796875,0.5157894737,Oct,Nov to March,March to April,49,mothbeans
Chapai Nawabganj,Kharif 2,Motor,397,21.44,48.01,20.23,6.83,22.5,15.0,30,82.5,90,75,124.92,0.3098236776,Oct,Nov to March,March to April,123,mothbeans
Chattogram,Kharif 2,Motor,132,21.44,48.01,20.23,6.83,22.5,15.0,30,82.5,90,75,243.94444444444449,0.3484848485,Oct,Nov to March,March to April,46,mothbeans
Chuadanga,Kharif 2,Motor,118,21.44,48.01,20.23,6.83,22.5,15.0,30,82.5,90,75,129.44444444444446,0.4491525424,Oct,Nov to March,March to April,53,mothbeans
CoxsBazar,Kharif 2,Motor,0,21.44,48.01,20.23,6.83,22.5,15.0,30,82.5,90,75,303.40277777777777,2.518413598,Oct,Nov to March,March to April,0,mothbeans
Cumilla,Kharif 2,Motor,43,21.44,48.01,20.23,6.83,22.5,15.0,30,82.5,90,75,185.75631313131316,0.511627907,Oct,Nov to March,March to April,22,mothbeans
Dhaka,Kharif 2,Motor,205,21.44,48.01,20.23,6.83,22.5,15.0,30,82.5,90,75,169.94262295081967,0.556097561,Oct,Nov to March,March to April,114,mothbeans
Dinajpur,Kharif 2,Motor,59,21.44,48.01,20.23,6.83,22.5,15.0,30,82.5,90,75,154.21843434343435,0.1355932203,Oct,Nov to March,March to April,8,mothbeans
Faridpur,Kharif 2,Motor,1319,21.44,48.01,20.23,6.83,22.5,15.0,30,82.5,90,75,155.864898989899,0.4078847612,Oct,Nov to March,March to April,538,mothbeans
Feni,Kharif 2,Motor,318,21.44,48.01,20.23,6.83,22.5,15.0,30,82.5,90,75,248.1727642276423,0.5503144654,Oct,Nov to March,March to April,175,mothbeans
Gaibandha,Kharif 2,Motor,7,21.44,48.01,20.23,6.83,22.5,15.0,30,82.5,90,75,179.6013888888889,0.2857142857,Oct,Nov to March,March to April,2,mothbeans
Gazipur,Kharif 2,Motor,7,21.44,48.01,20.23,6.83,22.5,15.0,30,82.5,90,75,169.94262295081967,0.2857142857,Oct,Nov to March,March to April,2,mothbeans
Gopalganj,Kharif 2,Motor,574,21.44,48.01,20.23,6.83,22.5,15.0,30,82.5,90,75,155.864898989899,0.4216027875,Oct,Nov to March,March to April,242,mothbeans
Habiganj,Kharif 2,Motor,0,21.44,48.01,20.23,6.83,22.5,15.0,30,82.5,90,75,333.72557471264366,2.518413598,Oct,Nov to March,March to April,0,mothbeans
Jamalpur,Kharif 2,Motor,37,21.44,48.01,20.23,6.83,22.5,15.0,30,82.5,90,75,181.08838383838383,0.3783783784,Oct,Nov to March,March to April,14,mothbeans
Jashore,Kharif 2,Motor,655,21.44,48.01,20.23,6.83,22.5,15.0,30,82.5,90,75,134.2247474747475,0.4396946565,Oct,Nov to March,March to April,288,mothbeans
Jhallokati,Kharif 2,Motor,28,21.44,48.01,20.23,6.83,22.5,15.0,30,82.5,90,75,175.42564102564103,0.5357142857,Oct,Nov to March,March to April,15,mothbeans
Jhenaidah,Kharif 2,Motor,671,21.44,48.01,20.23,6.83,22.5,15.0,30,82.5,90,75,134.2247474747475,0.3740685544,Oct,Nov to March,March to April,251,mothbeans
Joypurhat,Kharif 2,Motor,17,21.44,48.01,20.23,6.83,22.5,15.0,30,82.5,90,75,142.85416666666666,0.4705882353,Oct,Nov to March,March to April,8,mothbeans
Khagrachari,Kharif 2,Motor,104,21.44,48.01,20.23,6.83,22.5,15.0,30,82.5,90,75,204.11111111111111,0.4134615385,Oct,Nov to March,March to April,43,mothbeans
Khulna,Kharif 2,Motor,16,21.44,48.01,20.23,6.83,22.5,15.0,30,82.5,90,75,144.96843434343435,0.3125,Oct,Nov to March,March to April,5,mothbeans
Kishoreganj,Kharif 2,Motor,10,21.44,48.01,20.23,6.83,22.5,15.0,30,82.5,90,75,181.08838383838383,0.3,Oct,Nov to March,March to April,3,mothbeans
Kurigram,Kharif 2,Motor,47,21.44,48.01,20.23,6.83,22.5,15.0,30,82.5,90,75,179.6013888888889,0.3829787234,Oct,Nov to March,March to April,18,mothbeans
Kushtia,Kharif 2,Motor,921,21.44,48.01,20.23,6.83,22.5,15.0,30,82.5,90,75,129.44444444444446,0.5895765472,Oct,Nov to March,March to April,543,mothbeans
Lakshmipur,Kharif 2,Motor,64,21.44,48.01,20.23,6.83,22.5,15.0,30,82.5,90,75,185.75631313131316,0.3125,Oct,Nov to March,March to April,20,mothbeans
Lalmonirhat,Kharif 2,Motor,0,21.44,48.01,20.23,6.83,22.5,15.0,30,82.5,90,75,179.6013888888889,2.518413598,Oct,Nov to March,March to April,0,mothbeans
Madaripur,Kharif 2,Motor,1150,21.44,48.01,20.23,6.83,22.5,15.0,30,82.5,90,75,160.41666666666666,0.3913043478,Oct,Nov to March,March to April,450,mothbeans
Magura,Kharif 2,Motor,1763,21.44,48.01,20.23,6.83,22.5,15.0,30,82.5,90,75,134.2247474747475,0.3159387408,Oct,Nov to March,March to April,557,mothbeans
Manikganj,Kharif 2,Motor,714,21.44,48.01,20.23,6.83,22.5,15.0,30,82.5,90,75,169.94262295081967,0.3823529412,Oct,Nov to March,March to April,273,mothbeans
Meherpur,Kharif 2,Motor,21,21.44,48.01,20.23,6.83,22.5,15.0,30,82.5,90,75,129.44444444444446,0.4285714286,Oct,Nov to March,March to April,9,mothbeans
Moulvibazar,Kharif 2,Motor,16,21.44,48.01,20.23,6.83,22.5,15.0,30,82.5,90,75,333.72557471264366,0.4375,Oct,Nov to March,March to April,7,mothbeans
Munshiganj,Kharif 2,Motor,61,21.44,48.01,20.23,6.83,22.5,15.0,30,82.5,90,75,169.94262295081967,0.9672131148,Oct,Nov to March,March to April,59,mothbeans
Mymensingh,Kharif 2,Motor,117,21.44,48.01,20.23,6.83,22.5,15.0,30,82.5,90,75,181.08838383838383,0.5811965812,Oct,Nov to March,March to April,68,mothbeans
Naogaon,Kharif 2,Motor,38,21.44,48.01,20.23,6.83,22.5,15.0,30,82.5,90,75,124.92,0.4736842105,Oct,Nov to March,March to April,18,mothbeans
Narail,Kharif 2,Motor,896,21.44,48.01,20.23,6.83,22.5,15.0,30,82.5,90,75,134.2247474747475,0.4207589286,Oct,Nov to March,March to April,377,mothbeans
Narayanganj,Kharif 2,Motor,16,21.44,48.01,20.23,6.83,22.5,15.0,30,82.5,90,75,169.94262295081967,0.4375,Oct,Nov to March,March to April,7,mothbeans
Narsingdi,Kharif 2,Motor,0,21.44,48.01,20.23,6.83,22.5,15.0,30,82.5,90,75,169.94262295081967,2.518413598,Oct,Nov to March,March to April,0,mothbeans
Natore,Kharif 2,Motor,2048,21.44,48.01,20.23,6.83,22.5,15.0,30,82.5,90,75,124.92,0.4018554688,Oct,Nov to March,March to April,823,mothbeans
Netrokona,Kharif 2,Motor,33,21.44,48.01,20.23,6.83,22.5,15.0,30,82.5,90,75,181.08838383838383,0.4242424242,Oct,Nov to March,March to April,14,mothbeans
Nilphamari,Kharif 2,Motor,3,21.44,48.01,20.23,6.83,22.5,15.0,30,82.5,90,75,179.6013888888889,0.3333333333,Oct,Nov to March,March to April,1,mothbeans
Noakhali,Kharif 2,Motor,126,21.44,48.01,20.23,6.83,22.5,15.0,30,82.5,90,75,185.75631313131316,0.3888888889,Oct,Nov to March,March to April,49,mothbeans
Pabna,Kharif 2,Motor,1734,21.44,48.01,20.23,6.83,22.5,15.0,30,82.5,90,75,124.92,0.4925028835,Oct,Nov to March,March to April,854,mothbeans
Panchagar,Kharif 2,Motor,27,21.44,48.01,20.23,6.83,22.5,15.0,30,82.5,90,75,154.21843434343435,0.4074074074,Oct,Nov to March,March to April,11,mothbeans
Patuakhali,Kharif 2,Motor,0,21.44,48.01,20.23,6.83,22.5,15.0,30,82.5,90,75,207.8076923076923,2.518413598,Oct,Nov to March,March to April,0,mothbeans
Pirojpur,Kharif 2,Motor,0,21.44,48.01,20.23,6.83,22.5,15.0,30,82.5,90,75,175.42564102564103,2.518413598,Oct,Nov to March,March to April,0,mothbeans
Rajbari,Kharif 2,Motor,1801,21.44,48.01,20.23,6.83,22.5,15.0,30,82.5,90,75,155.864898989899,0.4197667962,Oct,Nov to March,March to April,756,mothbeans
Rajshahi,Kharif 2,Motor,1241,21.44,48.01,20.23,6.83,22.5,15.0,30,82.5,90,75,124.92,0.5858178888,Oct,Nov to March,March to April,727,mothbeans
Rangamati,Kharif 2,Motor,152,21.44,48.01,20.23,6.83,22.5,15.0,30,82.5,90,75,204.11111111111111,0.5789473684,Oct,Nov to March,March to April,88,mothbeans
Rangpur,Kharif 2,Motor,4,21.44,48.01,20.23,6.83,22.5,15.0,30,82.5,90,75,179.6013888888889,0.5,Oct,Nov to March,March to April,2,mothbeans
Satkhira,Kharif 2,Motor,9,21.44,48.01,20.23,6.83,22.5,15.0,30,82.5,90,75,140.35353535353536,0.3333333333,Oct,Nov to March,March to April,3,mothbeans
Shariatpur,Kharif 2,Motor,305,21.44,48.01,20.23,6.83,22.5,15.0,30,82.5,90,75,155.864898989899,0.5639344262,Oct,Nov to March,March to April,172,mothbeans
Sherpur,Kharif 2,Motor,11,21.44,48.01,20.23,6.83,22.5,15.0,30,82.5,90,75,181.08838383838383,0.3636363636,Oct,Nov to March,March to April,4,mothbeans
Sirajganj,Kharif 2,Motor,10,21.44,48.01,20.23,6.83,22.5,15.0,30,82.5,90,75,142.85416666666666,0.5,Oct,Nov to March,March to April,5,mothbeans
Sunamganj,Kharif 2,Motor,0,21.44,48.01,20.23,6.83,22.5,15.0,30,82.5,90,75,333.72557471264366,2.518413598,Oct,Nov to March,March to April,0,mothbeans
Sylhet,Kharif 2,Motor,12,21.44,48.01,20.23,6.83,22.5,15.0,30,82.5,90,75,333.72557471264366,0.3333333333,Oct,Nov to March,March to April,4,mothbeans
Tangail,Kharif 2,Motor,10,21.44,48.01,20.23,6.83,22.5,15.0,30,82.5,90,75,153.4104938271605,0.3,Oct,Nov to March,March to April,3,mothbeans
Thakurgaon,Kharif 2,Motor,32,21.44,48.01,20.23,6.83,22.5,15.0,30,82.5,90,75,154.21843434343435,0.28125,Oct,Nov to March,March to April,9,mothbeans
Bagerhat,Kharif 2,Mug,475,20.99,47.28,19.87,6.72,30.0,25.0,35,70.0,80,60,144.96843434343435,0.2736842105,Feb,March to May,May,130,mungbean
Bandarban,Kharif 2,Mug,50,20.99,47.28,19.87,6.72,30.0,25.0,35,70.0,80,60,243.94444444444449,0.38,Feb,March to May,May,19,mungbean
Barguna,Kharif 2,Mug,13617,20.99,47.28,19.87,6.72,30.0,25.0,35,70.0,80,60,207.8076923076923,0.3514724242,Feb,March to May,May,4786,mungbean
Barishal,Kharif 2,Mug,12212,20.99,47.28,19.87,6.72,30.0,25.0,35,70.0,80,60,175.42564102564103,0.413937111,Feb,March to May,May,5055,mungbean
Bhola,Kharif 2,Mug,25459,20.99,47.28,19.87,6.72,30.0,25.0,35,70.0,80,60,185.23090277777777,0.3654110531,Feb,March to May,May,9303,mungbean
Bogura,Kharif 2,Mug,11,20.99,47.28,19.87,6.72,30.0,25.0,35,70.0,80,60,142.85416666666666,0.3636363636,Feb,March to May,May,4,mungbean
Brahmanbaria,Kharif 2,Mug,21,20.99,47.28,19.87,6.72,30.0,25.0,35,70.0,80,60,185.75631313131316,0.3333333333,Feb,March to May,May,7,mungbean
Chandpur,Kharif 2,Mug,167,20.99,47.28,19.87,6.72,30.0,25.0,35,70.0,80,60,168.796875,0.4251497006,Feb,March to May,May,71,mungbean
Chapai Nawabganj,Kharif 2,Mug,26,20.99,47.28,19.87,6.72,30.0,25.0,35,70.0,80,60,124.92,0.2692307692,Feb,March to May,May,7,mungbean
Chattogram,Kharif 2,Mug,1678,20.99,47.28,19.87,6.72,30.0,25.0,35,70.0,80,60,243.94444444444449,0.3009535161,Feb,March to May,May,505,mungbean
Chuadanga,Kharif 2,Mug,1387,20.99,47.28,19.87,6.72,30.0,25.0,35,70.0,80,60,129.44444444444446,0.570295602,Feb,March to May,May,791,mungbean
CoxsBazar,Kharif 2,Mug,0,20.99,47.28,19.87,6.72,30.0,25.0,35,70.0,80,60,303.40277777777777,2.518413598,Feb,March to May,May,0,mungbean
Cumilla,Kharif 2,Mug,3,20.99,47.28,19.87,6.72,30.0,25.0,35,70.0,80,60,185.75631313131316,0.6666666667,Feb,March to May,May,2,mungbean
Dhaka,Kharif 2,Mug,61,20.99,47.28,19.87,6.72,30.0,25.0,35,70.0,80,60,169.94262295081967,0.606557377,Feb,March to May,May,37,mungbean
Dinajpur,Kharif 2,Mug,38,20.99,47.28,19.87,6.72,30.0,25.0,35,70.0,80,60,154.21843434343435,0.3157894737,Feb,March to May,May,12,mungbean
Faridpur,Kharif 2,Mug,960,20.99,47.28,19.87,6.72,30.0,25.0,35,70.0,80,60,155.864898989899,0.3645833333,Feb,March to May,May,350,mungbean
Feni,Kharif 2,Mug,1381,20.99,47.28,19.87,6.72,30.0,25.0,35,70.0,80,60,248.1727642276423,0.5228095583,Feb,March to May,May,722,mungbean
Gaibandha,Kharif 2,Mug,133,20.99,47.28,19.87,6.72,30.0,25.0,35,70.0,80,60,179.6013888888889,0.4060150376,Feb,March to May,May,54,mungbean
Gazipur,Kharif 2,Mug,132,20.99,47.28,19.87,6.72,30.0,25.0,35,70.0,80,60,169.94262295081967,0.2651515152,Feb,March to May,May,35,mungbean
Gopalganj,Kharif 2,Mug,169,20.99,47.28,19.87,6.72,30.0,25.0,35,70.0,80,60,155.864898989899,0.3964497041,Feb,March to May,May,67,mungbean
Habiganj,Kharif 2,Mug,0,20.99,47.28,19.87,6.72,30.0,25.0,35,70.0,80,60,333.72557471264366,2.518413598,Feb,March to May,May,0,mungbean
Jamalpur,Kharif 2,Mug,87,20.99,47.28,19.87,6.72,30.0,25.0,35,70.0,80,60,181.08838383838383,0.3793103448,Feb,March to May,May,33,mungbean
Jashore,Kharif 2,Mug,1638,20.99,47.28,19.87,6.72,30.0,25.0,35,70.0,80,60,134.2247474747475,0.3882783883,Feb,March to May,May,636,mungbean
Jhallokati,Kharif 2,Mug,2269,20.99,47.28,19.87,6.72,30.0,25.0,35,70.0,80,60,175.42564102564103,0.3389158219,Feb,March to May,May,769,mungbean
Jhenaidah,Kharif 2,Mug,1654,20.99,47.28,19.87,6.72,30.0,25.0,35,70.0,80,60,134.2247474747475,0.4268440145,Feb,March to May,May,706,mungbean
Joypurhat,Kharif 2,Mug,18,20.99,47.28,19.87,6.72,30.0,25.0,35,70.0,80,60,142.85416666666666,0.2777777778,Feb,March to May,May,5,mungbean
Khagrachari,Kharif 2,Mug,0,20.99,47.28,19.87,6.72,30.0,25.0,35,70.0,80,60,204.11111111111111,2.518413598,Feb,March to May,May,0,mungbean
Khulna,Kharif 2,Mug,217,20.99,47.28,19.87,6.72,30.0,25.0,35,70.0,80,60,144.96843434343435,0.2811059908,Feb,March to May,May,61,mungbean
Kishoreganj,Kharif 2,Mug,233,20.99,47.28,19.87,6.72,30.0,25.0,35,70.0,80,60,181.08838383838383,0.3690987124,Feb,March to May,May,86,mungbean
Kurigram,Kharif 2,Mug,125,20.99,47.28,19.87,6.72,30.0,25.0,35,70.0,80,60,179.6013888888889,0.368,Feb,March to May,May,46,mungbean
Kushtia,Kharif 2,Mug,157,20.99,47.28,19.87,6.72,30.0,25.0,35,70.0,80,60,129.44444444444446,0.5350318471,Feb,March to May,May,84,mungbean
Lakshmipur,Kharif 2,Mug,1542,20.99,47.28,19.87,6.72,30.0,25.0,35,70.0,80,60,185.75631313131316,0.2548638132,Feb,March to May,May,393,mungbean
Lalmonirhat,Kharif 2,Mug,118,20.99,47.28,19.87,6.72,30.0,25.0,35,70.0,80,60,179.6013888888889,0.3220338983,Feb,March to May,May,38,mungbean
Madaripur,Kharif 2,Mug,480,20.99,47.28,19.87,6.72,30.0,25.0,35,70.0,80,60,160.41666666666666,0.3208333333,Feb,March to May,May,154,mungbean
Magura,Kharif 2,Mug,129,20.99,47.28,19.87,6.72,30.0,25.0,35,70.0,80,60,134.2247474747475,0.2248062016,Feb,March to May,May,29,mungbean
Manikganj,Kharif 2,Mug,268,20.99,47.28,19.87,6.72,30.0,25.0,35,70.0,80,60,169.94262295081967,0.302238806,Feb,March to May,May,81,mungbean
Meherpur,Kharif 2,Mug,78,20.99,47.28,19.87,6.72,30.0,25.0,35,70.0,80,60,129.44444444444446,0.9358974359,Feb,March to May,May,73,mungbean
Moulvibazar,Kharif 2,Mug,11,20.99,47.28,19.87,6.72,30.0,25.0,35,70.0,80,60,333.72557471264366,0.2727272727,Feb,March to May,May,3,mungbean
Munshiganj,Kharif 2,Mug,0,20.99,47.28,19.87,6.72,30.0,25.0,35,70.0,80,60,169.94262295081967,2.518413598,Feb,March to May,May,0,mungbean
Mymensingh,Kharif 2,Mug,154,20.99,47.28,19.87,6.72,30.0,25.0,35,70.0,80,60,181.08838383838383,0.3766233766,Feb,March to May,May,58,mungbean
Naogaon,Kharif 2,Mug,158,20.99,47.28,19.87,6.72,30.0,25.0,35,70.0,80,60,124.92,0.4810126582,Feb,March to May,May,76,mungbean
Narail,Kharif 2,Mug,385,20.99,47.28,19.87,6.72,30.0,25.0,35,70.0,80,60,134.2247474747475,0.3974025974,Feb,March to May,May,153,mungbean
Narayanganj,Kharif 2,Mug,29,20.99,47.28,19.87,6.72,30.0,25.0,35,70.0,80,60,169.94262295081967,0.4137931034,Feb,March to May,May,12,mungbean
Narsingdi,Kharif 2,Mug,28,20.99,47.28,19.87,6.72,30.0,25.0,35,70.0,80,60,169.94262295081967,0.2857142857,Feb,March to May,May,8,mungbean
Natore,Kharif 2,Mug,10616,20.99,47.28,19.87,6.72,30.0,25.0,35,70.0,80,60,124.92,0.3733986436,Feb,March to May,May,3964,mungbean
Netrokona,Kharif 2,Mug,33,20.99,47.28,19.87,6.72,30.0,25.0,35,70.0,80,60,181.08838383838383,0.303030303,Feb,March to May,May,10,mungbean
Nilphamari,Kharif 2,Mug,11,20.99,47.28,19.87,6.72,30.0,25.0,35,70.0,80,60,179.6013888888889,0.4545454545,Feb,March to May,May,5,mungbean
Noakhali,Kharif 2,Mug,7793,20.99,47.28,19.87,6.72,30.0,25.0,35,70.0,80,60,185.75631313131316,0.3292698576,Feb,March to May,May,2566,mungbean
Pabna,Kharif 2,Mug,462,20.99,47.28,19.87,6.72,30.0,25.0,35,70.0,80,60,124.92,0.4199134199,Feb,March to May,May,194,mungbean
Panchagar,Kharif 2,Mug,246,20.99,47.28,19.87,6.72,30.0,25.0,35,70.0,80,60,154.21843434343435,0.5691056911,Feb,March to May,May,140,mungbean
Patuakhali,Kharif 2,Mug,12559,20.99,47.28,19.87,6.72,30.0,25.0,35,70.0,80,60,207.8076923076923,0.3673063142,Feb,March to May,May,4613,mungbean
Pirojpur,Kharif 2,Mug,602,20.99,47.28,19.87,6.72,30.0,25.0,35,70.0,80,60,175.42564102564103,0.353820598,Feb,March to May,May,213,mungbean
Rajbari,Kharif 2,Mug,150,20.99,47.28,19.87,6.72,30.0,25.0,35,70.0,80,60,155.864898989899,0.4,Feb,March to May,May,60,mungbean
Rajshahi,Kharif 2,Mug,8557,20.99,47.28,19.87,6.72,30.0,25.0,35,70.0,80,60,124.92,0.4377702466,Feb,March to May,May,3746,mungbean
Rangamati,Kharif 2,Mug,0,20.99,47.28,19.87,6.72,30.0,25.0,35,70.0,80,60,204.11111111111111,2.518413598,Feb,March to May,May,0,mungbean
Rangpur,Kharif 2,Mug,46,20.99,47.28,19.87,6.72,30.0,25.0,35,70.0,80,60,179.6013888888889,0.4347826087,Feb,March to May,May,20,mungbean
Satkhira,Kharif 2,Mug,30,20.99,47.28,19.87,6.72,30.0,25.0,35,70.0,80,60,140.35353535353536,0.2666666667,Feb,March to May,May,8,mungbean
Shariatpur,Kharif 2,Mug,215,20.99,47.28,19.87,6.72,30.0,25.0,35,70.0,80,60,155.864898989899,0.5023255814,Feb,March to May,May,108,mungbean
Sherpur,Kharif 2,Mug,11,20.99,47.28,19.87,6.72,30.0,25.0,35,70.0,80,60,181.08838383838383,0.3636363636,Feb,March to May,May,4,mungbean
Sirajganj,Kharif 2,Mug,19,20.99,47.28,19.87,6.72,30.0,25.0,35,70.0,80,60,142.85416666666666,0.3157894737,Feb,March to May,May,6,mungbean
Sunamganj,Kharif 2,Mug,0,20.99,47.28,19.87,6.72,30.0,25.0,35,70.0,80,60,333.72557471264366,2.518413598,Feb,March to May,May,0,mungbean
Sylhet,Kharif 2,Mug,9,20.99,47.28,19.87,6.72,30.0,25.0,35,70.0,80,60,333.72557471264366,0.2222222222,Feb,March to May,May,2,mungbean
Tangail,Kharif 2,Mug,2,20.99,47.28,19.87,6.72,30.0,25.0,35,70.0,80,60,153.4104938271605,0.5,Feb,March to May,May,1,mungbean
Thakurgaon,Kharif 2,Mug,171,20.99,47.28,19.87,6.72,30.0,25.0,35,70.0,80,60,154.21843434343435,0.3040935673,Feb,March to May,May,52,mungbean
Bagerhat,Kharif 1,Ripe Papaya,90,49.88,59.05,50.04,6.74,30.0,25.0,35,80.0,90,70,144.96843434343435,11.4,April,No need to do,April to May,1026,papaya
Bandarban,Kharif 1,Ripe Papaya,100,49.88,59.05,50.04,6.74,30.0,25.0,35,80.0,90,70,243.94444444444449,21.8,April,No need to do,April to May,2180,papaya
Barguna,Kharif 1,Ripe Papaya,150,49.88,59.05,50.04,6.74,30.0,25.0,35,80.0,90,70,207.8076923076923,3.773333333,April,No need to do,April to May,566,papaya
Barishal,Kharif 1,Ripe Papaya,170,49.88,59.05,50.04,6.74,30.0,25.0,35,80.0,90,70,175.42564102564103,13.70588235,April,No need to do,April to May,2330,papaya
Bhola,Kharif 1,Ripe Papaya,62,49.88,59.05,50.04,6.74,30.0,25.0,35,80.0,90,70,185.23090277777777,15.35483871,April,No need to do,April to May,952,papaya
Bogura,Kharif 1,Ripe Papaya,277,49.88,59.05,50.04,6.74,30.0,25.0,35,80.0,90,70,142.85416666666666,17.55234657,April,No need to do,April to May,4862,papaya
Brahmanbaria,Kharif 1,Ripe Papaya,39,49.88,59.05,50.04,6.74,30.0,25.0,35,80.0,90,70,185.75631313131316,14.58974359,April,No need to do,April to May,569,papaya
Chandpur,Kharif 1,Ripe Papaya,191,49.88,59.05,50.04,6.74,30.0,25.0,35,80.0,90,70,168.796875,8.806282723,April,No need to do,April to May,1682,papaya
Chapai Nawabganj,Kharif 1,Ripe Papaya,86,49.88,59.05,50.04,6.74,30.0,25.0,35,80.0,90,70,124.92,15.98837209,April,No need to do,April to May,1375,papaya
Chattogram,Kharif 1,Ripe Papaya,200,49.88,59.05,50.04,6.74,30.0,25.0,35,80.0,90,70,243.94444444444449,13.695,April,No need to do,April to May,2739,papaya
Chuadanga,Kharif 1,Ripe Papaya,69,49.88,59.05,50.04,6.74,30.0,25.0,35,80.0,90,70,129.44444444444446,28.10144928,April,No need to do,April to May,1939,papaya
CoxsBazar,Kharif 1,Ripe Papaya,100,49.88,59.05,50.04,6.74,30.0,25.0,35,80.0,90,70,303.40277777777777,40.86,April,No need to do,April to May,4086,papaya
Cumilla,Kharif 1,Ripe Papaya,190,49.88,59.05,50.04,6.74,30.0,25.0,35,80.0,90,70,185.75631313131316,12.67894737,April,No need to do,April to May,2409,papaya
Dhaka,Kharif 1,Ripe Papaya,160,49.88,59.05,50.04,6.74,30.0,25.0,35,80.0,90,70,169.94262295081967,10.0875,April,No need to do,April to May,1614,papaya
Dinajpur,Kharif 1,Ripe Papaya,158,49.88,59.05,50.04,6.74,30.0,25.0,35,80.0,90,70,154.21843434343435,15.64556962,April,No need to do,April to May,2472,papaya
Faridpur,Kharif 1,Ripe Papaya,55,49.88,59.05,50.04,6.74,30.0,25.0,35,80.0,90,70,155.864898989899,19.8,April,No need to do,April to May,1089,papaya
Feni,Kharif 1,Ripe Papaya,60,49.88,59.05,50.04,6.74,30.0,25.0,35,80.0,90,70,248.1727642276423,8.2,April,No need to do,April to May,492,papaya
Gaibandha,Kharif 1,Ripe Papaya,147,49.88,59.05,50.04,6.74,30.0,25.0,35,80.0,90,70,179.6013888888889,10.37414966,April,No need to do,April to May,1525,papaya
Gazipur,Kharif 1,Ripe Papaya,200,49.88,59.05,50.04,6.74,30.0,25.0,35,80.0,90,70,169.94262295081967,8.595,April,No need to do,April to May,1719,papaya
Gopalganj,Kharif 1,Ripe Papaya,114,49.88,59.05,50.04,6.74,30.0,25.0,35,80.0,90,70,155.864898989899,9.333333333,April,No need to do,April to May,1064,papaya
Habiganj,Kharif 1,Ripe Papaya,20,49.88,59.05,50.04,6.74,30.0,25.0,35,80.0,90,70,333.72557471264366,25.5,April,No need to do,April to May,510,papaya
Jamalpur,Kharif 1,Ripe Papaya,155,49.88,59.05,50.04,6.74,30.0,25.0,35,80.0,90,70,181.08838383838383,21.0,April,No need to do,April to May,3255,papaya
Jashore,Kharif 1,Ripe Papaya,150,49.88,59.05,50.04,6.74,30.0,25.0,35,80.0,90,70,134.2247474747475,22.04666667,April,No need to do,April to May,3307,papaya
Jhallokati,Kharif 1,Ripe Papaya,130,49.88,59.05,50.04,6.74,30.0,25.0,35,80.0,90,70,175.42564102564103,10.13846154,April,No need to do,April to May,1318,papaya
Jhenaidah,Kharif 1,Ripe Papaya,107,49.88,59.05,50.04,6.74,30.0,25.0,35,80.0,90,70,134.2247474747475,11.12149533,April,No need to do,April to May,1190,papaya
Joypurhat,Kharif 1,Ripe Papaya,47,49.88,59.05,50.04,6.74,30.0,25.0,35,80.0,90,70,142.85416666666666,11.9787234,April,No need to do,April to May,563,papaya
Khagrachari,Kharif 1,Ripe Papaya,150,49.88,59.05,50.04,6.74,30.0,25.0,35,80.0,90,70,204.11111111111111,16.02666667,April,No need to do,April to May,2404,papaya
Khulna,Kharif 1,Ripe Papaya,200,49.88,59.05,50.04,6.74,30.0,25.0,35,80.0,90,70,144.96843434343435,5.495,April,No need to do,April to May,1099,papaya
Kishoreganj,Kharif 1,Ripe Papaya,90,49.88,59.05,50.04,6.74,30.0,25.0,35,80.0,90,70,181.08838383838383,12.96666667,April,No need to do,April to May,1167,papaya
Kurigram,Kharif 1,Ripe Papaya,70,49.88,59.05,50.04,6.74,30.0,25.0,35,80.0,90,70,179.6013888888889,15.32857143,April,No need to do,April to May,1073,papaya
Kushtia,Kharif 1,Ripe Papaya,126,49.88,59.05,50.04,6.74,30.0,25.0,35,80.0,90,70,129.44444444444446,43.79365079,April,No need to do,April to May,5518,papaya
Lakshmipur,Kharif 1,Ripe Papaya,165,49.88,59.05,50.04,6.74,30.0,25.0,35,80.0,90,70,185.75631313131316,21.6,April,No need to do,April to May,3564,papaya
Lalmonirhat,Kharif 1,Ripe Papaya,75,49.88,59.05,50.04,6.74,30.0,25.0,35,80.0,90,70,179.6013888888889,10.30666667,April,No need to do,April to May,773,papaya
Madaripur,Kharif 1,Ripe Papaya,134,49.88,59.05,50.04,6.74,30.0,25.0,35,80.0,90,70,160.41666666666666,8.171641791,April,No need to do,April to May,1095,papaya
Magura,Kharif 1,Ripe Papaya,95,49.88,59.05,50.04,6.74,30.0,25.0,35,80.0,90,70,134.2247474747475,25.77894737,April,No need to do,April to May,2449,papaya
Manikganj,Kharif 1,Ripe Papaya,110,49.88,59.05,50.04,6.74,30.0,25.0,35,80.0,90,70,169.94262295081967,13.80909091,April,No need to do,April to May,1519,papaya
Meherpur,Kharif 1,Ripe Papaya,55,49.88,59.05,50.04,6.74,30.0,25.0,35,80.0,90,70,129.44444444444446,28.90909091,April,No need to do,April to May,1590,papaya
Moulvibazar,Kharif 1,Ripe Papaya,45,49.88,59.05,50.04,6.74,30.0,25.0,35,80.0,90,70,333.72557471264366,20.42222222,April,No need to do,April to May,919,papaya
Munshiganj,Kharif 1,Ripe Papaya,92,49.88,59.05,50.04,6.74,30.0,25.0,35,80.0,90,70,169.94262295081967,5.608695652,April,No need to do,April to May,516,papaya
Mymensingh,Kharif 1,Ripe Papaya,400,49.88,59.05,50.04,6.74,30.0,25.0,35,80.0,90,70,181.08838383838383,11.995,April,No need to do,April to May,4798,papaya
Naogaon,Kharif 1,Ripe Papaya,70,49.88,59.05,50.04,6.74,30.0,25.0,35,80.0,90,70,124.92,22.22857143,April,No need to do,April to May,1556,papaya
Narail,Kharif 1,Ripe Papaya,29,49.88,59.05,50.04,6.74,30.0,25.0,35,80.0,90,70,134.2247474747475,47.86206897,April,No need to do,April to May,1388,papaya
Narayanganj,Kharif 1,Ripe Papaya,57,49.88,59.05,50.04,6.74,30.0,25.0,35,80.0,90,70,169.94262295081967,16.33333333,April,No need to do,April to May,931,papaya
Narsingdi,Kharif 1,Ripe Papaya,147,49.88,59.05,50.04,6.74,30.0,25.0,35,80.0,90,70,169.94262295081967,10.00680272,April,No need to do,April to May,1471,papaya
Natore,Kharif 1,Ripe Papaya,330,49.88,59.05,50.04,6.74,30.0,25.0,35,80.0,90,70,124.92,24.65151515,April,No need to do,April to May,8135,papaya
Netrokona,Kharif 1,Ripe Papaya,60,49.88,59.05,50.04,6.74,30.0,25.0,35,80.0,90,70,181.08838383838383,15.83333333,April,No need to do,April to May,950,papaya
Nilphamari,Kharif 1,Ripe Papaya,72,49.88,59.05,50.04,6.74,30.0,25.0,35,80.0,90,70,179.6013888888889,19.20833333,April,No need to do,April to May,1383,papaya
Noakhali,Kharif 1,Ripe Papaya,150,49.88,59.05,50.04,6.74,30.0,25.0,35,80.0,90,70,185.75631313131316,14.30666667,April,No need to do,April to May,2146,papaya
Pabna,Kharif 1,Ripe Papaya,399,49.88,59.05,50.04,6.74,30.0,25.0,35,80.0,90,70,124.92,11.37092732,April,No need to do,April to May,4537,papaya
Panchagar,Kharif 1,Ripe Papaya,65,49.88,59.05,50.04,6.74,30.0,25.0,35,80.0,90,70,154.21843434343435,19.53846154,April,No need to do,April to May,1270,papaya
Patuakhali,Kharif 1,Ripe Papaya,120,49.88,59.05,50.04,6.74,30.0,25.0,35,80.0,90,70,207.8076923076923,2.425,April,No need to do,April to May,291,papaya
Pirojpur,Kharif 1,Ripe Papaya,52,49.88,59.05,50.04,6.74,30.0,25.0,35,80.0,90,70,175.42564102564103,17.30769231,April,No need to do,April to May,900,papaya
Rajbari,Kharif 1,Ripe Papaya,90,49.88,59.05,50.04,6.74,30.0,25.0,35,80.0,90,70,155.864898989899,22.23333333,April,No need to do,April to May,2001,papaya
Rajshahi,Kharif 1,Ripe Papaya,175,49.88,59.05,50.04,6.74,30.0,25.0,35,80.0,90,70,124.92,16.46285714,April,No need to do,April to May,2881,papaya
Rangamati,Kharif 1,Ripe Papaya,300,49.88,59.05,50.04,6.74,30.0,25.0,35,80.0,90,70,204.11111111111111,15.46,April,No need to do,April to May,4638,papaya
Rangpur,Kharif 1,Ripe Papaya,100,49.88,59.05,50.04,6.74,30.0,25.0,35,80.0,90,70,179.6013888888889,14.82,April,No need to do,April to May,1482,papaya
Satkhira,Kharif 1,Ripe Papaya,200,49.88,59.05,50.04,6.74,30.0,25.0,35,80.0,90,70,140.35353535353536,8.465,April,No need to do,April to May,1693,papaya
Shariatpur,Kharif 1,Ripe Papaya,120,49.88,59.05,50.04,6.74,30.0,25.0,35,80.0,90,70,155.864898989899,16.075,April,No need to do,April to May,1929,papaya
Sherpur,Kharif 1,Ripe Papaya,115,49.88,59.05,50.04,6.74,30.0,25.0,35,80.0,90,70,181.08838383838383,9.12173913,April,No need to do,April to May,1049,papaya
Sirajganj,Kharif 1,Ripe Papaya,180,49.88,59.05,50.04,6.74,30.0,25.0,35,80.0,90,70,142.85416666666666,16.00555556,April,No need to do,April to May,2881,papaya
Sunamganj,Kharif 1,Ripe Papaya,60,49.88,59.05,50.04,6.74,30.0,25.0,35,80.0,90,70,333.72557471264366,7.833333333,April,No need to do,April to May,470,papaya
Sylhet,Kharif 1,Ripe Papaya,55,49.88,59.05,50.04,6.74,30.0,25.0,35,80.0,90,70,333.72557471264366,11.01818182,April,No need to do,April to May,606,papaya
Tangail,Kharif 1,Ripe Papaya,390,49.88,59.05,50.04,6.74,30.0,25.0,35,80.0,90,70,153.4104938271605,13.52051282,April,No need to do,April to May,5273,papaya
Thakurgaon,Kharif 1,Ripe Papaya,44,49.88,59.05,50.04,6.74,30.0,25.0,35,80.0,90,70,154.21843434343435,13.18181818,April,No need to do,April to May,580,papaya
Bagerhat,Rabi,Wheat,259,79.89,47.58,39.87,6.43,17.75,15.5,20,55.0,60,50,144.96843434343435,0.7722007722,Dec,Jan  to  March,April,200,rice
Bandarban,Rabi,Wheat,0,79.89,47.58,39.87,6.43,17.75,15.5,20,55.0,60,50,243.94444444444449,2.518413598,Dec,Jan  to  March,April,0,rice
Barguna,Rabi,Wheat,0,79.89,47.58,39.87,6.43,17.75,15.5,20,55.0,60,50,207.8076923076923,2.518413598,Dec,Jan  to  March,April,0,rice
Barishal,Rabi,Wheat,1800,79.89,47.58,39.87,6.43,17.75,15.5,20,55.0,60,50,175.42564102564103,0.9422222222,Dec,Jan  to  March,April,1696,rice
Bhola,Rabi,Wheat,5670,79.89,47.58,39.87,6.43,17.75,15.5,20,55.0,60,50,185.23090277777777,1.235449735,Dec,Jan  to  March,April,7005,rice
Bogura,Rabi,Wheat,6264,79.89,47.58,39.87,6.43,17.75,15.5,20,55.0,60,50,142.85416666666666,1.185185185,Dec,Jan  to  March,April,7424,rice
Brahmanbaria,Rabi,Wheat,1898,79.89,47.58,39.87,6.43,17.75,15.5,20,55.0,60,50,185.75631313131316,0.7260273973,Dec,Jan  to  March,April,1378,rice
Chandpur,Rabi,Wheat,107,79.89,47.58,39.87,6.43,17.75,15.5,20,55.0,60,50,168.796875,1.093457944,Dec,Jan  to  March,April,117,rice
Chapai Nawabganj,Rabi,Wheat,60134,79.89,47.58,39.87,6.43,17.75,15.5,20,55.0,60,50,124.92,1.468836266,Dec,Jan  to  March,April,88327,rice
Chattogram,Rabi,Wheat,0,79.89,47.58,39.87,6.43,17.75,15.5,20,55.0,60,50,243.94444444444449,2.518413598,Dec,Jan  to  March,April,0,rice
Chuadanga,Rabi,Wheat,1869,79.89,47.58,39.87,6.43,17.75,15.5,20,55.0,60,50,129.44444444444446,1.504547887,Dec,Jan  to  March,April,2812,rice
CoxsBazar,Rabi,Wheat,0,79.89,47.58,39.87,6.43,17.75,15.5,20,55.0,60,50,303.40277777777777,2.518413598,Dec,Jan  to  March,April,0,rice
Cumilla,Rabi,Wheat,1231,79.89,47.58,39.87,6.43,17.75,15.5,20,55.0,60,50,185.75631313131316,1.022745735,Dec,Jan  to  March,April,1259,rice
Dhaka,Rabi,Wheat,372,79.89,47.58,39.87,6.43,17.75,15.5,20,55.0,60,50,169.94262295081967,1.22311828,Dec,Jan  to  March,April,455,rice
Dinajpur,Rabi,Wheat,10237,79.89,47.58,39.87,6.43,17.75,15.5,20,55.0,60,50,154.21843434343435,1.279183354,Dec,Jan  to  March,April,13095,rice
Faridpur,Rabi,Wheat,55341,79.89,47.58,39.87,6.43,17.75,15.5,20,55.0,60,50,155.864898989899,1.37738747,Dec,Jan  to  March,April,76226,rice
Feni,Rabi,Wheat,150,79.89,47.58,39.87,6.43,17.75,15.5,20,55.0,60,50,248.1727642276423,1.073333333,Dec,Jan  to  March,April,161,rice
Gaibandha,Rabi,Wheat,7317,79.89,47.58,39.87,6.43,17.75,15.5,20,55.0,60,50,179.6013888888889,1.194888616,Dec,Jan  to  March,April,8743,rice
Gazipur,Rabi,Wheat,167,79.89,47.58,39.87,6.43,17.75,15.5,20,55.0,60,50,169.94262295081967,1.191616766,Dec,Jan  to  March,April,199,rice
Gopalganj,Rabi,Wheat,13291,79.89,47.58,39.87,6.43,17.75,15.5,20,55.0,60,50,155.864898989899,1.159355955,Dec,Jan  to  March,April,15409,rice
Habiganj,Rabi,Wheat,550,79.89,47.58,39.87,6.43,17.75,15.5,20,55.0,60,50,333.72557471264366,1.074545455,Dec,Jan  to  March,April,591,rice
Jamalpur,Rabi,Wheat,10623,79.89,47.58,39.87,6.43,17.75,15.5,20,55.0,60,50,181.08838383838383,1.145533277,Dec,Jan  to  March,April,12169,rice
Jashore,Rabi,Wheat,1890,79.89,47.58,39.87,6.43,17.75,15.5,20,55.0,60,50,134.2247474747475,1.227513228,Dec,Jan  to  March,April,2320,rice
Jhallokati,Rabi,Wheat,160,79.89,47.58,39.87,6.43,17.75,15.5,20,55.0,60,50,175.42564102564103,1.24375,Dec,Jan  to  March,April,199,rice
Jhenaidah,Rabi,Wheat,13261,79.89,47.58,39.87,6.43,17.75,15.5,20,55.0,60,50,134.2247474747475,1.406530428,Dec,Jan  to  March,April,18652,rice
Joypurhat,Rabi,Wheat,5649,79.89,47.58,39.87,6.43,17.75,15.5,20,55.0,60,50,142.85416666666666,1.09700832,Dec,Jan  to  March,April,6197,rice
Khagrachari,Rabi,Wheat,0,79.89,47.58,39.87,6.43,17.75,15.5,20,55.0,60,50,204.11111111111111,2.518413598,Dec,Jan  to  March,April,0,rice
Khulna,Rabi,Wheat,497,79.89,47.58,39.87,6.43,17.75,15.5,20,55.0,60,50,144.96843434343435,1.040241449,Dec,Jan  to  March,April,517,rice
Kishoreganj,Rabi,Wheat,3030,79.89,47.58,39.87,6.43,17.75,15.5,20,55.0,60,50,181.08838383838383,1.017821782,Dec,Jan  to  March,April,3084,rice
Kurigram,Rabi,Wheat,20932,79.89,47.58,39.87,6.43,17.75,15.5,20,55.0,60,50,179.6013888888889,1.337425951,Dec,Jan  to  March,April,27995,rice
Kushtia,Rabi,Wheat,27399,79.89,47.58,39.87,6.43,17.75,15.5,20,55.0,60,50,129.44444444444446,1.560640899,Dec,Jan  to  March,April,42760,rice
Lakshmipur,Rabi,Wheat,0,79.89,47.58,39.87,6.43,17.75,15.5,20,55.0,60,50,185.75631313131316,2.518413598,Dec,Jan  to  March,April,0,rice
Lalmonirhat,Rabi,Wheat,3302,79.89,47.58,39.87,6.43,17.75,15.5,20,55.0,60,50,179.6013888888889,1.216232586,Dec,Jan  to  March,April,4016,rice
Madaripur,Rabi,Wheat,11787,79.89,47.58,39.87,6.43,17.75,15.5,20,55.0,60,50,160.41666666666666,1.194451514,Dec,Jan  to  March,April,14079,rice
Magura,Rabi,Wheat,10947,79.89,47.58,39.87,6.43,17.75,15.5,20,55.0,60,50,134.2247474747475,1.132182333,Dec,Jan  to  March,April,12394,rice
Manikganj,Rabi,Wheat,3993,79.89,47.58,39.87,6.43,17.75,15.5,20,55.0,60,50,169.94262295081967,1.135487102,Dec,Jan  to  March,April,4534,rice
Meherpur,Rabi,Wheat,31854,79.89,47.58,39.87,6.43,17.75,15.5,20,55.0,60,50,129.44444444444446,1.718936397,Dec,Jan  to  March,April,54755,rice
Moulvibazar,Rabi,Wheat,88,79.89,47.58,39.87,6.43,17.75,15.5,20,55.0,60,50,333.72557471264366,0.7045454545,Dec,Jan  to  March,April,62,rice
Munshiganj,Rabi,Wheat,21,79.89,47.58,39.87,6.43,17.75,15.5,20,55.0,60,50,169.94262295081967,1.142857143,Dec,Jan  to  March,April,24,rice
Mymensingh,Rabi,Wheat,3247,79.89,47.58,39.87,6.43,17.75,15.5,20,55.0,60,50,181.08838383838383,1.121650755,Dec,Jan  to  March,April,3642,rice
Naogaon,Rabi,Wheat,56124,79.89,47.58,39.87,6.43,17.75,15.5,20,55.0,60,50,124.92,1.415829235,Dec,Jan  to  March,April,79462,rice
Narail,Rabi,Wheat,3717,79.89,47.58,39.87,6.43,17.75,15.5,20,55.0,60,50,134.2247474747475,1.182943234,Dec,Jan  to  March,April,4397,rice
Narayanganj,Rabi,Wheat,140,79.89,47.58,39.87,6.43,17.75,15.5,20,55.0,60,50,169.94262295081967,0.7642857143,Dec,Jan  to  March,April,107,rice
Narsingdi,Rabi,Wheat,241,79.89,47.58,39.87,6.43,17.75,15.5,20,55.0,60,50,169.94262295081967,0.9045643154,Dec,Jan  to  March,April,218,rice
Natore,Rabi,Wheat,53757,79.89,47.58,39.87,6.43,17.75,15.5,20,55.0,60,50,124.92,1.190003162,Dec,Jan  to  March,April,63971,rice
Netrokona,Rabi,Wheat,2005,79.89,47.58,39.87,6.43,17.75,15.5,20,55.0,60,50,181.08838383838383,0.8683291771,Dec,Jan  to  March,April,1741,rice
Nilphamari,Rabi,Wheat,12475,79.89,47.58,39.87,6.43,17.75,15.5,20,55.0,60,50,179.6013888888889,1.303807615,Dec,Jan  to  March,April,16265,rice
Noakhali,Rabi,Wheat,21,79.89,47.58,39.87,6.43,17.75,15.5,20,55.0,60,50,185.75631313131316,0.9523809524,Dec,Jan  to  March,April,20,rice
Pabna,Rabi,Wheat,64976,79.89,47.58,39.87,6.43,17.75,15.5,20,55.0,60,50,124.92,1.223959616,Dec,Jan  to  March,April,79528,rice
Panchagar,Rabi,Wheat,44594,79.89,47.58,39.87,6.43,17.75,15.5,20,55.0,60,50,154.21843434343435,1.334080818,Dec,Jan  to  March,April,59492,rice
Patuakhali,Rabi,Wheat,31,79.89,47.58,39.87,6.43,17.75,15.5,20,55.0,60,50,207.8076923076923,1.322580645,Dec,Jan  to  March,April,41,rice
Pirojpur,Rabi,Wheat,57,79.89,47.58,39.87,6.43,17.75,15.5,20,55.0,60,50,175.42564102564103,0.7368421053,Dec,Jan  to  March,April,42,rice
Rajbari,Rabi,Wheat,29485,79.89,47.58,39.87,6.43,17.75,15.5,20,55.0,60,50,155.864898989899,1.059725284,Dec,Jan  to  March,April,31246,rice
Rajshahi,Rabi,Wheat,62433,79.89,47.58,39.87,6.43,17.75,15.5,20,55.0,60,50,124.92,1.236269281,Dec,Jan  to  March,April,77184,rice
Rangamati,Rabi,Wheat,0,79.89,47.58,39.87,6.43,17.75,15.5,20,55.0,60,50,204.11111111111111,2.518413598,Dec,Jan  to  March,April,0,rice
Rangpur,Rabi,Wheat,4235,79.89,47.58,39.87,6.43,17.75,15.5,20,55.0,60,50,179.6013888888889,1.679338843,Dec,Jan  to  March,April,7112,rice
Satkhira,Rabi,Wheat,1843,79.89,47.58,39.87,6.43,17.75,15.5,20,55.0,60,50,140.35353535353536,1.174715138,Dec,Jan  to  March,April,2165,rice
Shariatpur,Rabi,Wheat,10260,79.89,47.58,39.87,6.43,17.75,15.5,20,55.0,60,50,155.864898989899,1.313157895,Dec,Jan  to  March,April,13473,rice
Sherpur,Rabi,Wheat,2080,79.89,47.58,39.87,6.43,17.75,15.5,20,55.0,60,50,181.08838383838383,1.173076923,Dec,Jan  to  March,April,2440,rice
Sirajganj,Rabi,Wheat,13460,79.89,47.58,39.87,6.43,17.75,15.5,20,55.0,60,50,142.85416666666666,1.149331352,Dec,Jan  to  March,April,15470,rice
Sunamganj,Rabi,Wheat,1172,79.89,47.58,39.87,6.43,17.75,15.5,20,55.0,60,50,333.72557471264366,0.7081911263,Dec,Jan  to  March,April,830,rice
Sylhet,Rabi,Wheat,590,79.89,47.58,39.87,6.43,17.75,15.5,20,55.0,60,50,333.72557471264366,0.7406779661,Dec,Jan  to  March,April,437,rice
Tangail,Rabi,Wheat,11985,79.89,47.58,39.87,6.43,17.75,15.5,20,55.0,60,50,153.4104938271605,1.135836462,Dec,Jan  to  March,April,13613,rice
Thakurgaon,Rabi,Wheat,121790,79.89,47.58,39.87,6.43,17.75,15.5,20,55.0,60,50,154.21843434343435,1.507652517,Dec,Jan  to  March,April,183617,rice
