District,Season,Crop Name,Area,N,P,K,ph,Avg Temp,Min Temp,Max Temp,Avg Humidity,Min Relative Humidity,Max Relative Humidity,Rainfall,AP Ratio,Transplant,Growth,Harvest,Production,Crop_Label_22
Bagerhat,Kharif 2,Aman,177321,79.89,47.58,39.87,6.43,26.0,12.0,40,72.5,85,60,144.96843434343435,0.8510272331,June,July to  Oct,Nov to Dec,150905,rice
Bandarban,Kharif 2,Aman,25646,79.89,47.58,39.87,6.43,26.0,12.0,40,72.5,85,60,243.94444444444449,1.175777899,June,July to  Oct,Nov to Dec,30154,rice
Barguna,Kharif 2,Aman,231401,79.89,47.58,39.87,6.43,26.0,12.0,40,72.5,85,60,207.8076923076923,0.7705887183,June,July to  Oct,Nov to Dec,178315,rice
Barishal,Kharif 2,Aman,302665,79.89,47.58,39.87,6.43,26.0,12.0,40,72.5,85,60,175.42564102564103,0.7571043893,June,July to  Oct,Nov to Dec,229149,rice
Bhola,Kharif 2,Aman,388575,79.89,47.58,39.87,6.43,26.0,12.0,40,72.5,85,60,185.23090277777777,1.100652384,June,July to  Oct,Nov to Dec,427686,rice
Bogura,Kharif 2,Aman,443007,79.89,47.58,39.87,6.43,26.0,12.0,40,72.5,85,60,142.85416666666666,1.192475514,June,July to  Oct,Nov to Dec,528275,rice
Brahmanbaria,Kharif 2,Aman,174588,79.89,47.58,39.87,6.43,26.0,12.0,40,72.5,85,60,185.75631313131316,1.014634454,June,July to  Oct,Nov to Dec,177143,rice
Chandpur,Kharif 2,Aman,90004,79.89,47.58,39.87,6.43,26.0,12.0,40,72.5,85,60,168.796875,0.7804430914,June,July to  Oct,Nov to Dec,70243,rice
Chapai Nawabganj,Kharif 2,Aman,140665,79.89,47.58,39.87,6.43,26.0,12.0,40,72.5,85,60,124.92,1.127252693,June,July to  Oct,Nov to Dec,158565,rice
Chattogram,Kharif 2,Aman,444857,79.89,47.58,39.87,6.43,26.0,12.0,40,72.5,85,60,243.94444444444449,0.9779996718,June,July to  Oct,Nov to Dec,435070,rice
Chuadanga,Kharif 2,Aman,85718,79.89,47.58,39.87,6.43,26.0,12.0,40,72.5,85,60,129.44444444444446,1.096677477,June,July to  Oct,Nov to Dec,94005,rice
CoxsBazar,Kharif 2,Aman,181306,79.89,47.58,39.87,6.43,26.0,12.0,40,72.5,85,60,303.40277777777777,1.110415541,June,July to  Oct,Nov to Dec,201325,rice
Cumilla,Kharif 2,Aman,327517,79.89,47.58,39.87,6.43,26.0,12.0,40,72.5,85,60,185.75631313131316,0.9096474381,June,July to  Oct,Nov to Dec,297925,rice
Dhaka,Kharif 2,Aman,18702,79.89,47.58,39.87,6.43,26.0,12.0,40,72.5,85,60,169.94262295081967,0.9652443589,June,July to  Oct,Nov to Dec,18052,rice
Dinajpur,Kharif 2,Aman,645472,79.89,47.58,39.87,6.43,26.0,12.0,40,72.5,85,60,154.21843434343435,1.078918993,June,July to  Oct,Nov to Dec,696412,rice
Faridpur,Kharif 2,Aman,191856,79.89,47.58,39.87,6.43,26.0,12.0,40,72.5,85,60,155.864898989899,1.040175965,June,July to  Oct,Nov to Dec,199564,rice
Feni,Kharif 2,Aman,163129,79.89,47.58,39.87,6.43,26.0,12.0,40,72.5,85,60,248.1727642276423,1.202152897,June,July to  Oct,Nov to Dec,196106,rice
Gaibandha,Kharif 2,Aman,293991,79.89,47.58,39.87,6.43,26.0,12.0,40,72.5,85,60,179.6013888888889,1.126656938,June,July to  Oct,Nov to Dec,331227,rice
Gazipur,Kharif 2,Aman,112432,79.89,47.58,39.87,6.43,26.0,12.0,40,72.5,85,60,169.94262295081967,1.185907927,June,July to  Oct,Nov to Dec,133334,rice
Gopalganj,Kharif 2,Aman,59993,79.89,47.58,39.87,6.43,26.0,12.0,40,72.5,85,60,155.864898989899,0.7519377261,June,July to  Oct,Nov to Dec,45111,rice
Habiganj,Kharif 2,Aman,245464,79.89,47.58,39.87,6.43,26.0,12.0,40,72.5,85,60,333.72557471264366,1.064665287,June,July to  Oct,Nov to Dec,261337,rice
Jamalpur,Kharif 2,Aman,265787,79.89,47.58,39.87,6.43,26.0,12.0,40,72.5,85,60,181.08838383838383,0.9535003593,June,July to  Oct,Nov to Dec,253428,rice
Jashore,Kharif 2,Aman,338887,79.89,47.58,39.87,6.43,26.0,12.0,40,72.5,85,60,134.2247474747475,1.14695459,June,July to  Oct,Nov to Dec,388688,rice
Jhallokati,Kharif 2,Aman,116665,79.89,47.58,39.87,6.43,26.0,12.0,40,72.5,85,60,175.42564102564103,0.7944799211,June,July to  Oct,Nov to Dec,92688,rice
Jhenaidah,Kharif 2,Aman,252930,79.89,47.58,39.87,6.43,26.0,12.0,40,72.5,85,60,134.2247474747475,1.369529119,June,July to  Oct,Nov to Dec,346395,rice
Joypurhat,Kharif 2,Aman,170726,79.89,47.58,39.87,6.43,26.0,12.0,40,72.5,85,60,142.85416666666666,1.137928611,June,July to  Oct,Nov to Dec,194274,rice
Khagrachari,Kharif 2,Aman,66694,79.89,47.58,39.87,6.43,26.0,12.0,40,72.5,85,60,204.11111111111111,1.304375206,June,July to  Oct,Nov to Dec,86994,rice
Khulna,Kharif 2,Aman,237461,79.89,47.58,39.87,6.43,26.0,12.0,40,72.5,85,60,144.96843434343435,1.120950388,June,July to  Oct,Nov to Dec,266182,rice
Kishoreganj,Kharif 2,Aman,186328,79.89,47.58,39.87,6.43,26.0,12.0,40,72.5,85,60,181.08838383838383,1.158322957,June,July to  Oct,Nov to Dec,215828,rice
Kurigram,Kharif 2,Aman,283509,79.89,47.58,39.87,6.43,26.0,12.0,40,72.5,85,60,179.6013888888889,1.102067307,June,July to  Oct,Nov to Dec,312446,rice
Kushtia,Kharif 2,Aman,225972,79.89,47.58,39.87,6.43,26.0,12.0,40,72.5,85,60,129.44444444444446,1.200374383,June,July to  Oct,Nov to Dec,271251,rice
Lakshmipur,Kharif 2,Aman,185213,79.89,47.58,39.87,6.43,26.0,12.0,40,72.5,85,60,185.75631313131316,1.053263,June,July to  Oct,Nov to Dec,195078,rice
Lalmonirhat,Kharif 2,Aman,189950,79.89,47.58,39.87,6.43,26.0,12.0,40,72.5,85,60,179.6013888888889,1.141163464,June,July to  Oct,Nov to Dec,216764,rice
Madaripur,Kharif 2,Aman,40746,79.89,47.58,39.87,6.43,26.0,12.0,40,72.5,85,60,160.41666666666666,0.8303146321,June,July to  Oct,Nov to Dec,33832,rice
Magura,Kharif 2,Aman,143430,79.89,47.58,39.87,6.43,26.0,12.0,40,72.5,85,60,134.2247474747475,1.062643798,June,July to  Oct,Nov to Dec,152415,rice
Manikganj,Kharif 2,Aman,19457,79.89,47.58,39.87,6.43,26.0,12.0,40,72.5,85,60,169.94262295081967,0.9198231999,June,July to  Oct,Nov to Dec,17897,rice
Meherpur,Kharif 2,Aman,82524,79.89,47.58,39.87,6.43,26.0,12.0,40,72.5,85,60,129.44444444444446,1.279203626,June,July to  Oct,Nov to Dec,105565,rice
Moulvibazar,Kharif 2,Aman,251081,79.89,47.58,39.87,6.43,26.0,12.0,40,72.5,85,60,333.72557471264366,1.180622986,June,July to  Oct,Nov to Dec,296432,rice
Munshiganj,Kharif 2,Aman,41822,79.89,47.58,39.87,6.43,26.0,12.0,40,72.5,85,60,169.94262295081967,0.3934053847,June,July to  Oct,Nov to Dec,16453,rice
Mymensingh,Kharif 2,Aman,663734,79.89,47.58,39.87,6.43,26.0,12.0,40,72.5,85,60,181.08838383838383,0.9711571202,June,July to  Oct,Nov to Dec,644590,rice
Naogaon,Kharif 2,Aman,468054,79.89,47.58,39.87,6.43,26.0,12.0,40,72.5,85,60,124.92,1.082366565,June,July to  Oct,Nov to Dec,506606,rice
Narail,Kharif 2,Aman,85229,79.89,47.58,39.87,6.43,26.0,12.0,40,72.5,85,60,134.2247474747475,1.068098887,June,July to  Oct,Nov to Dec,91033,rice
Narayanganj,Kharif 2,Aman,19756,79.89,47.58,39.87,6.43,26.0,12.0,40,72.5,85,60,169.94262295081967,0.5482385098,June,July to  Oct,Nov to Dec,10831,rice
Narsingdi,Kharif 2,Aman,97752,79.89,47.58,39.87,6.43,26.0,12.0,40,72.5,85,60,169.94262295081967,1.039313774,June,July to  Oct,Nov to Dec,101595,rice
Natore,Kharif 2,Aman,182696,79.89,47.58,39.87,6.43,26.0,12.0,40,72.5,85,60,124.92,1.119438849,June,July to  Oct,Nov to Dec,204517,rice
Netrokona,Kharif 2,Aman,301949,79.89,47.58,39.87,6.43,26.0,12.0,40,72.5,85,60,181.08838383838383,1.091058424,June,July to  Oct,Nov to Dec,329444,rice
Nilphamari,Kharif 2,Aman,279580,79.89,47.58,39.87,6.43,26.0,12.0,40,72.5,85,60,179.6013888888889,1.103355033,June,July to  Oct,Nov to Dec,308476,rice
Noakhali,Kharif 2,Aman,382971,79.89,47.58,39.87,6.43,26.0,12.0,40,72.5,85,60,185.75631313131316,1.033623956,June,July to  Oct,Nov to Dec,395848,rice
Pabna,Kharif 2,Aman,221929,79.89,47.58,39.87,6.43,26.0,12.0,40,72.5,85,60,124.92,0.8668718374,June,July to  Oct,Nov to Dec,192384,rice
Panchagar,Kharif 2,Aman,246162,79.89,47.58,39.87,6.43,26.0,12.0,40,72.5,85,60,154.21843434343435,1.246549021,June,July to  Oct,Nov to Dec,306853,rice
Patuakhali,Kharif 2,Aman,431833,79.89,47.58,39.87,6.43,26.0,12.0,40,72.5,85,60,207.8076923076923,0.749345233,June,July to  Oct,Nov to Dec,323592,rice
Pirojpur,Kharif 2,Aman,155038,79.89,47.58,39.87,6.43,26.0,12.0,40,72.5,85,60,175.42564102564103,0.6449257601,June,July to  Oct,Nov to Dec,99988,rice
Rajbari,Kharif 2,Aman,117377,79.89,47.58,39.87,6.43,26.0,12.0,40,72.5,85,60,155.864898989899,0.9136968912,June,July to  Oct,Nov to Dec,107247,rice
Rajshahi,Kharif 2,Aman,182555,79.89,47.58,39.87,6.43,26.0,12.0,40,72.5,85,60,124.92,1.273851716,June,July to  Oct,Nov to Dec,232548,rice
Rangamati,Kharif 2,Aman,23990,79.89,47.58,39.87,6.43,26.0,12.0,40,72.5,85,60,204.11111111111111,1.199041267,June,July to  Oct,Nov to Dec,28765,rice
Rangpur,Kharif 2,Aman,405055,79.89,47.58,39.87,6.43,26.0,12.0,40,72.5,85,60,179.6013888888889,1.092310921,June,July to  Oct,Nov to Dec,442446,rice
Satkhira,Kharif 2,Aman,207744,79.89,47.58,39.87,6.43,26.0,12.0,40,72.5,85,60,140.35353535353536,1.108450786,June,July to  Oct,Nov to Dec,230274,rice
Shariatpur,Kharif 2,Aman,32898,79.89,47.58,39.87,6.43,26.0,12.0,40,72.5,85,60,155.864898989899,0.701501611,June,July to  Oct,Nov to Dec,23078,rice
Sherpur,Kharif 2,Aman,202388,79.89,47.58,39.87,6.43,26.0,12.0,40,72.5,85,60,181.08838383838383,0.9527689389,June,July to  Oct,Nov to Dec,192829,rice
Sirajganj,Kharif 2,Aman,200166,79.89,47.58,39.87,6.43,26.0,12.0,40,72.5,85,60,142.85416666666666,1.104498266,June,July to  Oct,Nov to Dec,221083,rice
Sunamganj,Kharif 2,Aman,198587,79.89,47.58,39.87,6.43,26.0,12.0,40,72.5,85,60,333.72557471264366,1.044851879,June,July to  Oct,Nov to Dec,207494,rice
Sylhet,Kharif 2,Aman,336140,79.89,47.58,39.87,6.43,26.0,12.0,40,72.5,85,60,333.72557471264366,1.05969834,June,July to  Oct,Nov to Dec,356207,rice
Tangail,Kharif 2,Aman,249183,79.89,47.58,39.87,6.43,26.0,12.0,40,72.5,85,60,153.4104938271605,0.8334115891,June,July to  Oct,Nov to Dec,207672,rice
Thakurgaon,Kharif 2,Aman,322836,79.89,47.58,39.87,6.43,26.0,12.0,40,72.5,85,60,154.21843434343435,1.083695746,June,July to  Oct,Nov to Dec,349856,rice
Bagerhat,Kharif 1,Amra,167,20.07,27.18,29.92,5.77,25.0,20.0,30,70.0,80,60,144.96843434343435,6.700598802,June,June to August,August to September,1119,mango
Bandarban,Kharif 1,Amra,128,20.07,27.18,29.92,5.77,25.0,20.0,30,70.0,80,60,243.94444444444449,1.3046875,June,June to August,August to September,167,mango
Barguna,Kharif 1,Amra,1597,20.07,27.18,29.92,5.77,25.0,20.0,30,70.0,80,60,207.8076923076923,0.9198497182,June,June to August,August to September,1469,mango
Barishal,Kharif 1,Amra,1351,20.07,27.18,29.92,5.77,25.0,20.0,30,70.0,80,60,175.42564102564103,4.071058475,June,June to August,August to September,5500,mango
Bhola,Kharif 1,Amra,148,20.07,27.18,29.92,5.77,25.0,20.0,30,70.0,80,60,185.23090277777777,5.155405405,June,June to August,August to September,763,mango
Bogura,Kharif 1,Amra,233,20.07,27.18,29.92,5.77,25.0,20.0,30,70.0,80,60,142.85416666666666,3.39055794,June,June to August,August to September,790,mango
Brahmanbaria,Kharif 1,Amra,15,20.07,27.18,29.92,5.77,25.0,20.0,30,70.0,80,60,185.75631313131316,0.8666666667,June,June to August,August to September,13,mango
Chandpur,Kharif 1,Amra,50,20.07,27.18,29.92,5.77,25.0,20.0,30,70.0,80,60,168.796875,5.26,June,June to August,August to September,263,mango
Chapai Nawabganj,Kharif 1,Amra,71,20.07,27.18,29.92,5.77,25.0,20.0,30,70.0,80,60,124.92,2.183098592,June,June to August,August to September,155,mango
Chattogram,Kharif 1,Amra,95,20.07,27.18,29.92,5.77,25.0,20.0,30,70.0,80,60,243.94444444444449,4.810526316,June,June to August,August to September,457,mango
Chuadanga,Kharif 1,Amra,77,20.07,27.18,29.92,5.77,25.0,20.0,30,70.0,80,60,129.44444444444446,4.701298701,June,June to August,August to September,362,mango
CoxsBazar,Kharif 1,Amra,142,20.07,27.18,29.92,5.77,25.0,20.0,30,70.0,80,60,303.40277777777777,2.605633803,June,June to August,August to September,370,mango
Cumilla,Kharif 1,Amra,330,20.07,27.18,29.92,5.77,25.0,20.0,30,70.0,80,60,185.75631313131316,1.081818182,June,June to August,August to September,357,mango
Dhaka,Kharif 1,Amra,31,20.07,27.18,29.92,5.77,25.0,20.0,30,70.0,80,60,169.94262295081967,7.580645161,June,June to August,August to September,235,mango
Dinajpur,Kharif 1,Amra,47,20.07,27.18,29.92,5.77,25.0,20.0,30,70.0,80,60,154.21843434343435,12.10638298,June,June to August,August to September,569,mango
Faridpur,Kharif 1,Amra,479,20.07,27.18,29.92,5.77,25.0,20.0,30,70.0,80,60,155.864898989899,1.350730689,June,June to August,August to September,647,mango
Feni,Kharif 1,Amra,28,20.07,27.18,29.92,5.77,25.0,20.0,30,70.0,80,60,248.1727642276423,1.964285714,June,June to August,August to September,55,mango
Gaibandha,Kharif 1,Amra,11,20.07,27.18,29.92,5.77,25.0,20.0,30,70.0,80,60,179.6013888888889,13.54545455,June,June to August,August to September,149,mango
Gazipur,Kharif 1,Amra,40,20.07,27.18,29.92,5.77,25.0,20.0,30,70.0,80,60,169.94262295081967,5.9,June,June to August,August to September,236,mango
Gopalganj,Kharif 1,Amra,52,20.07,27.18,29.92,5.77,25.0,20.0,30,70.0,80,60,155.864898989899,11.36538462,June,June to August,August to September,591,mango
Habiganj,Kharif 1,Amra,141,20.07,27.18,29.92,5.77,25.0,20.0,30,70.0,80,60,333.72557471264366,3.780141844,June,June to August,August to September,533,mango
Jamalpur,Kharif 1,Amra,86,20.07,27.18,29.92,5.77,25.0,20.0,30,70.0,80,60,181.08838383838383,4.069767442,June,June to August,August to September,350,mango
Jashore,Kharif 1,Amra,204,20.07,27.18,29.92,5.77,25.0,20.0,30,70.0,80,60,134.2247474747475,5.980392157,June,June to August,August to September,1220,mango
Jhallokati,Kharif 1,Amra,742,20.07,27.18,29.92,5.77,25.0,20.0,30,70.0,80,60,175.42564102564103,6.132075472,June,June to August,August to September,4550,mango
Jhenaidah,Kharif 1,Amra,97,20.07,27.18,29.92,5.77,25.0,20.0,30,70.0,80,60,134.2247474747475,14.50515464,June,June to August,August to September,1407,mango
Joypurhat,Kharif 1,Amra,31,20.07,27.18,29.92,5.77,25.0,20.0,30,70.0,80,60,142.85416666666666,9.774193548,June,June to August,August to September,303,mango
Khagrachari,Kharif 1,Amra,129,20.07,27.18,29.92,5.77,25.0,20.0,30,70.0,80,60,204.11111111111111,2.062015504,June,June to August,August to September,266,mango
Khulna,Kharif 1,Amra,592,20.07,27.18,29.92,5.77,25.0,20.0,30,70.0,80,60,144.96843434343435,1.491554054,June,June to August,August to September,883,mango
Kishoreganj,Kharif 1,Amra,60,20.07,27.18,29.92,5.77,25.0,20.0,30,70.0,80,60,181.08838383838383,9.45,June,June to August,August to September,567,mango
Kurigram,Kharif 1,Amra,24,20.07,27.18,29.92,5.77,25.0,20.0,30,70.0,80,60,179.6013888888889,6.958333333,June,June to August,August to September,167,mango
Kushtia,Kharif 1,Amra,63,20.07,27.18,29.92,5.77,25.0,20.0,30,70.0,80,60,129.44444444444446,9.238095238,June,June to August,August to September,582,mango
Lakshmipur,Kharif 1,Amra,13,20.07,27.18,29.92,5.77,25.0,20.0,30,70.0,80,60,185.75631313131316,27.69230769,June,June to August,August to September,360,mango
Lalmonirhat,Kharif 1,Amra,6,20.07,27.18,29.92,5.77,25.0,20.0,30,70.0,80,60,179.6013888888889,1.5,June,June to August,August to September,9,mango
Madaripur,Kharif 1,Amra,33,20.07,27.18,29.92,5.77,25.0,20.0,30,70.0,80,60,160.41666666666666,21.18181818,June,June to August,August to September,699,mango
Magura,Kharif 1,Amra,96,20.07,27.18,29.92,5.77,25.0,20.0,30,70.0,80,60,134.2247474747475,10.33333333,June,June to August,August to September,992,mango
Manikganj,Kharif 1,Amra,18,20.07,27.18,29.92,5.77,25.0,20.0,30,70.0,80,60,169.94262295081967,4.111111111,June,June to August,August to September,74,mango
Meherpur,Kharif 1,Amra,101,20.07,27.18,29.92,5.77,25.0,20.0,30,70.0,80,60,129.44444444444446,1.851485149,June,June to August,August to September,187,mango
Moulvibazar,Kharif 1,Amra,86,20.07,27.18,29.92,5.77,25.0,20.0,30,70.0,80,60,333.72557471264366,8.976744186,June,June to August,August to September,772,mango
Munshiganj,Kharif 1,Amra,15,20.07,27.18,29.92,5.77,25.0,20.0,30,70.0,80,60,169.94262295081967,9.133333333,June,June to August,August to September,137,mango
Mymensingh,Kharif 1,Amra,407,20.07,27.18,29.92,5.77,25.0,20.0,30,70.0,80,60,181.08838383838383,1.680589681,June,June to August,August to September,684,mango
Naogaon,Kharif 1,Amra,62,20.07,27.18,29.92,5.77,25.0,20.0,30,70.0,80,60,124.92,5.548387097,June,June to August,August to September,344,mango
Narail,Kharif 1,Amra,218,20.07,27.18,29.92,5.77,25.0,20.0,30,70.0,80,60,134.2247474747475,6.119266055,June,June to August,August to September,1334,mango
Narayanganj,Kharif 1,Amra,8,20.07,27.18,29.92,5.77,25.0,20.0,30,70.0,80,60,169.94262295081967,17.125,June,June to August,August to September,137,mango
Narsingdi,Kharif 1,Amra,28,20.07,27.18,29.92,5.77,25.0,20.0,30,70.0,80,60,169.94262295081967,7.857142857,June,June to August,August to September,220,mango
Natore,Kharif 1,Amra,270,20.07,27.18,29.92,5.77,25.0,20.0,30,70.0,80,60,124.92,3.074074074,June,June to August,August to September,830,mango
Netrokona,Kharif 1,Amra,64,20.07,27.18,29.92,5.77,25.0,20.0,30,70.0,80,60,181.08838383838383,5.109375,June,June to August,August to September,327,mango
Nilphamari,Kharif 1,Amra,5,20.07,27.18,29.92,5.77,25.0,20.0,30,70.0,80,60,179.6013888888889,20.8,June,June to August,August to September,104,mango
Noakhali,Kharif 1,Amra,79,20.07,27.18,29.92,5.77,25.0,20.0,30,70.0,80,60,185.75631313131316,7.417721519,June,June to August,August to September,586,mango
Pabna,Kharif 1,Amra,81,20.07,27.18,29.92,5.77,25.0,20.0,30,70.0,80,60,124.92,3.0,June,June to August,August to September,243,mango
Panchagar,Kharif 1,Amra,19,20.07,27.18,29.92,5.77,25.0,20.0,30,70.0,80,60,154.21843434343435,6.315789474,June,June to August,August to September,120,mango
Patuakhali,Kharif 1,Amra,400,20.07,27.18,29.92,5.77,25.0,20.0,30,70.0,80,60,207.8076923076923,1.2325,June,June to August,August to September,493,mango
Pirojpur,Kharif 1,Amra,394,20.07,27.18,29.92,5.77,25.0,20.0,30,70.0,80,60,175.42564102564103,11.64720812,June,June to August,August to September,4589,mango
Rajbari,Kharif 1,Amra,233,20.07,27.18,29.92,5.77,25.0,20.0,30,70.0,80,60,155.864898989899,2.30472103,June,June to August,August to September,537,mango
Rajshahi,Kharif 1,Amra,183,20.07,27.18,29.92,5.77,25.0,20.0,30,70.0,80,60,124.92,2.912568306,June,June to August,August to September,533,mango
Rangamati,Kharif 1,Amra,128,20.07,27.18,29.92,5.77,25.0,20.0,30,70.0,80,60,204.11111111111111,1.7265625,June,June to August,August to September,221,mango
Rangpur,Kharif 1,Amra,12,20.07,27.18,29.92,5.77,25.0,20.0,30,70.0,80,60,179.6013888888889,10.0,June,June to August,August to September,120,mango
Satkhira,Kharif 1,Amra,391,20.07,27.18,29.92,5.77,25.0,20.0,30,70.0,80,60,140.35353535353536,2.749360614,June,June to August,August to September,1075,mango
Shariatpur,Kharif 1,Amra,84,20.07,27.18,29.92,5.77,25.0,20.0,30,70.0,80,60,155.864898989899,4.047619048,June,June to August,August to September,340,mango
Sherpur,Kharif 1,Amra,58,20.07,27.18,29.92,5.77,25.0,20.0,30,70.0,80,60,181.08838383838383,5.25862069,June,June to August,August to September,305,mango
Sirajganj,Kharif 1,Amra,23,20.07,27.18,29.92,5.77,25.0,20.0,30,70.0,80,60,142.85416666666666,12.13043478,June,June to August,August to September,279,mango
Sunamganj,Kharif 1,Amra,41,20.07,27.18,29.92,5.77,25.0,20.0,30,70.0,80,60,333.72557471264366,0.756097561,June,June to August,August to September,31,mango
Sylhet,Kharif 1,Amra,66,20.07,27.18,29.92,5.77,25.0,20.0,30,70.0,80,60,333.72557471264366,2.121212121,June,June to August,August to September,140,mango
Tangail,Kharif 1,Amra,518,20.07,27.18,29.92,5.77,25.0,20.0,30,70.0,80,60,153.4104938271605,0.9691119691,June,June to August,August to September,502,mango
Thakurgaon,Kharif 1,Amra,16,20.07,27.18,29.92,5.77,25.0,20.0,30,70.0,80,60,154.21843434343435,6.75,June,June to August,August to September,108,mango
Bagerhat,Kharif 2,Arhar,0,20.73,67.73,20.29,5.79,28.0,26.0,30,35.0,50,20,144.96843434343435,2.518413598,Aug,Sep to Oct,Nov,0,pigeonpeas
Bandarban,Kharif 2,Arhar,64,20.73,67.73,20.29,5.79,28.0,26.0,30,35.0,50,20,243.94444444444449,0.265625,Aug,Sep to Oct,Nov,17,pigeonpeas
Barguna,Kharif 2,Arhar,0,20.73,67.73,20.29,5.79,28.0,26.0,30,35.0,50,20,207.8076923076923,2.518413598,Aug,Sep to Oct,Nov,0,pigeonpeas
Barishal,Kharif 2,Arhar,0,20.73,67.73,20.29,5.79,28.0,26.0,30,35.0,50,20,175.42564102564103,2.518413598,Aug,Sep to Oct,Nov,0,pigeonpeas
Bhola,Kharif 2,Arhar,0,20.73,67.73,20.29,5.79,28.0,26.0,30,35.0,50,20,185.23090277777777,2.518413598,Aug,Sep to Oct,Nov,0,pigeonpeas
Bogura,Kharif 2,Arhar,6,20.73,67.73,20.29,5.79,28.0,26.0,30,35.0,50,20,142.85416666666666,0.3333333333,Aug,Sep to Oct,Nov,2,pigeonpeas
Brahmanbaria,Kharif 2,Arhar,0,20.73,67.73,20.29,5.79,28.0,26.0,30,35.0,50,20,185.75631313131316,2.518413598,Aug,Sep to Oct,Nov,0,pigeonpeas
Chandpur,Kharif 2,Arhar,0,20.73,67.73,20.29,5.79,28.0,26.0,30,35.0,50,20,168.796875,2.518413598,Aug,Sep to Oct,Nov,0,pigeonpeas
Chapai Nawabganj,Kharif 2,Arhar,50,20.73,67.73,20.29,5.79,28.0,26.0,30,35.0,50,20,124.92,0.38,Aug,Sep to Oct,Nov,19,pigeonpeas
Chattogram,Kharif 2,Arhar,35,20.73,67.73,20.29,5.79,28.0,26.0,30,35.0,50,20,243.94444444444449,0.6571428571,Aug,Sep to Oct,Nov,23,pigeonpeas
Chuadanga,Kharif 2,Arhar,24,20.73,67.73,20.29,5.79,28.0,26.0,30,35.0,50,20,129.44444444444446,0.25,Aug,Sep to Oct,Nov,6,pigeonpeas
CoxsBazar,Kharif 2,Arhar,2,20.73,67.73,20.29,5.79,28.0,26.0,30,35.0,50,20,303.40277777777777,2.0,Aug,Sep to Oct,Nov,4,pigeonpeas
Cumilla,Kharif 2,Arhar,2,20.73,67.73,20.29,5.79,28.0,26.0,30,35.0,50,20,185.75631313131316,0.0,Aug,Sep to Oct,Nov,0,pigeonpeas
Dhaka,Kharif 2,Arhar,0,20.73,67.73,20.29,5.79,28.0,26.0,30,35.0,50,20,169.94262295081967,2.518413598,Aug,Sep to Oct,Nov,0,pigeonpeas
Dinajpur,Kharif 2,Arhar,15,20.73,67.73,20.29,5.79,28.0,26.0,30,35.0,50,20,154.21843434343435,0.2666666667,Aug,Sep to Oct,Nov,4,pigeonpeas
Faridpur,Kharif 2,Arhar,5,20.73,67.73,20.29,5.79,28.0,26.0,30,35.0,50,20,155.864898989899,0.4,Aug,Sep to Oct,Nov,2,pigeonpeas
Feni,Kharif 2,Arhar,11,20.73,67.73,20.29,5.79,28.0,26.0,30,35.0,50,20,248.1727642276423,0.1818181818,Aug,Sep to Oct,Nov,2,pigeonpeas
Gaibandha,Kharif 2,Arhar,49,20.73,67.73,20.29,5.79,28.0,26.0,30,35.0,50,20,179.6013888888889,0.5918367347,Aug,Sep to Oct,Nov,29,pigeonpeas
Gazipur,Kharif 2,Arhar,2,20.73,67.73,20.29,5.79,28.0,26.0,30,35.0,50,20,169.94262295081967,0.0,Aug,Sep to Oct,Nov,0,pigeonpeas
Gopalganj,Kharif 2,Arhar,0,20.73,67.73,20.29,5.79,28.0,26.0,30,35.0,50,20,155.864898989899,2.518413598,Aug,Sep to Oct,Nov,0,pigeonpeas
Habiganj,Kharif 2,Arhar,0,20.73,67.73,20.29,5.79,28.0,26.0,30,35.0,50,20,333.72557471264366,2.518413598,Aug,Sep to Oct,Nov,0,pigeonpeas
Jamalpur,Kharif 2,Arhar,8,20.73,67.73,20.29,5.79,28.0,26.0,30,35.0,50,20,181.08838383838383,0.25,Aug,Sep to Oct,Nov,2,pigeonpeas
Jashore,Kharif 2,Arhar,12,20.73,67.73,20.29,5.79,28.0,26.0,30,35.0,50,20,134.2247474747475,0.3333333333,Aug,Sep to Oct,Nov,4,pigeonpeas
Jhallokati,Kharif 2,Arhar,0,20.73,67.73,20.29,5.79,28.0,26.0,30,35.0,50,20,175.42564102564103,2.518413598,Aug,Sep to Oct,Nov,0,pigeonpeas
Jhenaidah,Kharif 2,Arhar,0,20.73,67.73,20.29,5.79,28.0,26.0,30,35.0,50,20,134.2247474747475,2.518413598,Aug,Sep to Oct,Nov,0,pigeonpeas
Joypurhat,Kharif 2,Arhar,20,20.73,67.73,20.29,5.79,28.0,26.0,30,35.0,50,20,142.85416666666666,0.4,Aug,Sep to Oct,Nov,8,pigeonpeas
Khagrachari,Kharif 2,Arhar,29,20.73,67.73,20.29,5.79,28.0,26.0,30,35.0,50,20,204.11111111111111,0.3103448276,Aug,Sep to Oct,Nov,9,pigeonpeas
Khulna,Kharif 2,Arhar,0,20.73,67.73,20.29,5.79,28.0,26.0,30,35.0,50,20,144.96843434343435,2.518413598,Aug,Sep to Oct,Nov,0,pigeonpeas
Kishoreganj,Kharif 2,Arhar,0,20.73,67.73,20.29,5.79,28.0,26.0,30,35.0,50,20,181.08838383838383,2.518413598,Aug,Sep to Oct,Nov,0,pigeonpeas
Kurigram,Kharif 2,Arhar,61,20.73,67.73,20.29,5.79,28.0,26.0,30,35.0,50,20,179.6013888888889,0.2950819672,Aug,Sep to Oct,Nov,18,pigeonpeas
Kushtia,Kharif 2,Arhar,91,20.73,67.73,20.29,5.79,28.0,26.0,30,35.0,50,20,129.44444444444446,0.4725274725,Aug,Sep to Oct,Nov,43,pigeonpeas
Lakshmipur,Kharif 2,Arhar,14,20.73,67.73,20.29,5.79,28.0,26.0,30,35.0,50,20,185.75631313131316,0.1428571429,Aug,Sep to Oct,Nov,2,pigeonpeas
Lalmonirhat,Kharif 2,Arhar,7,20.73,67.73,20.29,5.79,28.0,26.0,30,35.0,50,20,179.6013888888889,0.1428571429,Aug,Sep to Oct,Nov,1,pigeonpeas
Madaripur,Kharif 2,Arhar,0,20.73,67.73,20.29,5.79,28.0,26.0,30,35.0,50,20,160.41666666666666,2.518413598,Aug,Sep to Oct,Nov,0,pigeonpeas
Magura,Kharif 2,Arhar,11,20.73,67.73,20.29,5.79,28.0,26.0,30,35.0,50,20,134.2247474747475,0.2727272727,Aug,Sep to Oct,Nov,3,pigeonpeas
Manikganj,Kharif 2,Arhar,0,20.73,67.73,20.29,5.79,28.0,26.0,30,35.0,50,20,169.94262295081967,2.518413598,Aug,Sep to Oct,Nov,0,pigeonpeas
Meherpur,Kharif 2,Arhar,16,20.73,67.73,20.29,5.79,28.0,26.0,30,35.0,50,20,129.44444444444446,0.375,Aug,Sep to Oct,Nov,6,pigeonpeas
Moulvibazar,Kharif 2,Arhar,26,20.73,67.73,20.29,5.79,28.0,26.0,30,35.0,50,20,333.72557471264366,0.2692307692,Aug,Sep to Oct,Nov,7,pigeonpeas
Munshiganj,Kharif 2,Arhar,12,20.73,67.73,20.29,5.79,28.0,26.0,30,35.0,50,20,169.94262295081967,0.25,Aug,Sep to Oct,Nov,3,pigeonpeas
Mymensingh,Kharif 2,Arhar,0,20.73,67.73,20.29,5.79,28.0,26.0,30,35.0,50,20,181.08838383838383,2.518413598,Aug,Sep to Oct,Nov,0,pigeonpeas
Naogaon,Kharif 2,Arhar,132,20.73,67.73,20.29,5.79,28.0,26.0,30,35.0,50,20,124.92,0.4166666667,Aug,Sep to Oct,Nov,55,pigeonpeas
Narail,Kharif 2,Arhar,0,20.73,67.73,20.29,5.79,28.0,26.0,30,35.0,50,20,134.2247474747475,2.518413598,Aug,Sep to Oct,Nov,0,pigeonpeas
Narayanganj,Kharif 2,Arhar,0,20.73,67.73,20.29,5.79,28.0,26.0,30,35.0,50,20,169.94262295081967,2.518413598,Aug,Sep to Oct,Nov,0,pigeonpeas
Narsingdi,Kharif 2,Arhar,0,20.73,67.73,20.29,5.79,28.0,26.0,30,35.0,50,20,169.94262295081967,2.518413598,Aug,Sep to Oct,Nov,0,pigeonpeas
Natore,Kharif 2,Arhar,15,20.73,67.73,20.29,5.79,28.0,26.0,30,35.0,50,20,124.92,0.2,Aug,Sep to Oct,Nov,3,pigeonpeas
Netrokona,Kharif 2,Arhar,8,20.73,67.73,20.29,5.79,28.0,26.0,30,35.0,50,20,181.08838383838383,0.375,Aug,Sep to Oct,Nov,3,pigeonpeas
Nilphamari,Kharif 2,Arhar,0,20.73,67.73,20.29,5.79,28.0,26.0,30,35.0,50,20,179.6013888888889,2.518413598,Aug,Sep to Oct,Nov,0,pigeonpeas
Noakhali,Kharif 2,Arhar,40,20.73,67.73,20.29,5.79,28.0,26.0,30,35.0,50,20,185.75631313131316,0.25,Aug,Sep to Oct,Nov,10,pigeonpeas
Pabna,Kharif 2,Arhar,7,20.73,67.73,20.29,5.79,28.0,26.0,30,35.0,50,20,124.92,0.7142857143,Aug,Sep to Oct,Nov,5,pigeonpeas
Panchagar,Kharif 2,Arhar,0,20.73,67.73,20.29,5.79,28.0,26.0,30,35.0,50,20,154.21843434343435,2.518413598,Aug,Sep to Oct,Nov,0,pigeonpeas
Patuakhali,Kharif 2,Arhar,0,20.73,67.73,20.29,5.79,28.0,26.0,30,35.0,50,20,207.8076923076923,2.518413598,Aug,Sep to Oct,Nov,0,pigeonpeas
Pirojpur,Kharif 2,Arhar,0,20.73,67.73,20.29,5.79,28.0,26.0,30,35.0,50,20,175.42564102564103,2.518413598,Aug,Sep to Oct,Nov,0,pigeonpeas
Rajbari,Kharif 2,Arhar,33,20.73,67.73,20.29,5.79,28.0,26.0,30,35.0,50,20,155.864898989899,0.2727272727,Aug,Sep to Oct,Nov,9,pigeonpeas
Rajshahi,Kharif 2,Arhar,6,20.73,67.73,20.29,5.79,28.0,26.0,30,35.0,50,20,124.92,0.1666666667,Aug,Sep to Oct,Nov,1,pigeonpeas
Rangamati,Kharif 2,Arhar,151,20.73,67.73,20.29,5.79,28.0,26.0,30,35.0,50,20,204.11111111111111,0.5298013245,Aug,Sep to Oct,Nov,80,pigeonpeas
Rangpur,Kharif 2,Arhar,83,20.73,67.73,20.29,5.79,28.0,26.0,30,35.0,50,20,179.6013888888889,0.734939759,Aug,Sep to Oct,Nov,61,pigeonpeas
Satkhira,Kharif 2,Arhar,0,20.73,67.73,20.29,5.79,28.0,26.0,30,35.0,50,20,140.35353535353536,2.518413598,Aug,Sep to Oct,Nov,0,pigeonpeas
Shariatpur,Kharif 2,Arhar,0,20.73,67.73,20.29,5.79,28.0,26.0,30,35.0,50,20,155.864898989899,2.518413598,Aug,Sep to Oct,Nov,0,pigeonpeas
Sherpur,Kharif 2,Arhar,8,20.73,67.73,20.29,5.79,28.0,26.0,30,35.0,50,20,181.08838383838383,0.375,Aug,Sep to Oct,Nov,3,pigeonpeas
Sirajganj,Kharif 2,Arhar,0,20.73,67.73,20.29,5.79,28.0,26.0,30,35.0,50,20,142.85416666666666,2.518413598,Aug,Sep to Oct,Nov,0,pigeonpeas
Sunamganj,Kharif 2,Arhar,0,20.73,67.73,20.29,5.79,28.0,26.0,30,35.0,50,20,333.72557471264366,2.518413598,Aug,Sep to Oct,Nov,0,pigeonpeas
Sylhet,Kharif 2,Arhar,0,20.73,67.73,20.29,5.79,28.0,26.0,30,35.0,50,20,333.72557471264366,2.518413598,Aug,Sep to Oct,Nov,0,pigeonpeas
Tangail,Kharif 2,Arhar,3,20.73,67.73,20.29,5.79,28.0,26.0,30,35.0,50,20,153.4104938271605,0.0,Aug,Sep to Oct,Nov,0,pigeonpeas
Thakurgaon,Kharif 2,Arhar,40,20.73,67.73,20.29,5.79,28.0,26.0,30,35.0,50,20,154.21843434343435,0.35,Aug,Sep to Oct,Nov,14,pigeonpeas
Bagerhat,Kharif 1,Aus,14355,79.89,47.58,39.87,6.43,26.0,12.0,40,72.5,85,60,144.96843434343435,1.118843608,March,April to july,Aug,16061,rice
Bandarban,Kharif 1,Aus,30323,79.89,47.58,39.87,6.43,26.0,12.0,40,72.5,85,60,243.94444444444449,0.80681331,March,April to july,Aug,24465,rice
Barguna,Kharif 1,Aus,136821,79.89,47.58,39.87,6.43,26.0,12.0,40,72.5,85,60,207.8076923076923,1.023665958,March,April to july,Aug,140059,rice
Barishal,Kharif 1,Aus,44719,79.89,47.58,39.87,6.43,26.0,12.0,40,72.5,85,60,175.42564102564103,0.7564793488,March,April to july,Aug,33829,rice
Bhola,Kharif 1,Aus,225181,79.89,47.58,39.87,6.43,26.0,12.0,40,72.5,85,60,185.23090277777777,0.7846976432,March,April to july,Aug,176699,rice
Bogura,Kharif 1,Aus,79878,79.89,47.58,39.87,6.43,26.0,12.0,40,72.5,85,60,142.85416666666666,0.9793184607,March,April to july,Aug,78226,rice
Brahmanbaria,Kharif 1,Aus,28171,79.89,47.58,39.87,6.43,26.0,12.0,40,72.5,85,60,185.75631313131316,1.044016897,March,April to july,Aug,29411,rice
Chandpur,Kharif 1,Aus,26157,79.89,47.58,39.87,6.43,26.0,12.0,40,72.5,85,60,168.796875,1.04304775,March,April to july,Aug,27283,rice
Chapai Nawabganj,Kharif 1,Aus,112725,79.89,47.58,39.87,6.43,26.0,12.0,40,72.5,85,60,124.92,1.093138168,March,April to july,Aug,123224,rice
Chattogram,Kharif 1,Aus,87232,79.89,47.58,39.87,6.43,26.0,12.0,40,72.5,85,60,243.94444444444449,1.168241012,March,April to july,Aug,101908,rice
Chuadanga,Kharif 1,Aus,105578,79.89,47.58,39.87,6.43,26.0,12.0,40,72.5,85,60,129.44444444444446,1.08818125,March,April to july,Aug,114888,rice
CoxsBazar,Kharif 1,Aus,7479,79.89,47.58,39.87,6.43,26.0,12.0,40,72.5,85,60,303.40277777777777,1.064447119,March,April to july,Aug,7961,rice
Cumilla,Kharif 1,Aus,194395,79.89,47.58,39.87,6.43,26.0,12.0,40,72.5,85,60,185.75631313131316,0.9509400962,March,April to july,Aug,184858,rice
Dhaka,Kharif 1,Aus,1454,79.89,47.58,39.87,6.43,26.0,12.0,40,72.5,85,60,169.94262295081967,0.7902338377,March,April to july,Aug,1149,rice
Dinajpur,Kharif 1,Aus,28663,79.89,47.58,39.87,6.43,26.0,12.0,40,72.5,85,60,154.21843434343435,0.8469804277,March,April to july,Aug,24277,rice
Faridpur,Kharif 1,Aus,21437,79.89,47.58,39.87,6.43,26.0,12.0,40,72.5,85,60,155.864898989899,0.6256938937,March,April to july,Aug,13413,rice
Feni,Kharif 1,Aus,27313,79.89,47.58,39.87,6.43,26.0,12.0,40,72.5,85,60,248.1727642276423,0.8943726431,March,April to july,Aug,24428,rice
Gaibandha,Kharif 1,Aus,34902,79.89,47.58,39.87,6.43,26.0,12.0,40,72.5,85,60,179.6013888888889,0.8496074724,March,April to july,Aug,29653,rice
Gazipur,Kharif 1,Aus,3943,79.89,47.58,39.87,6.43,26.0,12.0,40,72.5,85,60,169.94262295081967,1.305351255,March,April to july,Aug,5147,rice
Gopalganj,Kharif 1,Aus,9664,79.89,47.58,39.87,6.43,26.0,12.0,40,72.5,85,60,155.864898989899,1.432326159,March,April to july,Aug,13842,rice
Habiganj,Kharif 1,Aus,191786,79.89,47.58,39.87,6.43,26.0,12.0,40,72.5,85,60,333.72557471264366,1.085219985,March,April to july,Aug,208130,rice
Jamalpur,Kharif 1,Aus,9975,79.89,47.58,39.87,6.43,26.0,12.0,40,72.5,85,60,181.08838383838383,0.9179949875,March,April to july,Aug,9157,rice
Jashore,Kharif 1,Aus,41981,79.89,47.58,39.87,6.43,26.0,12.0,40,72.5,85,60,134.2247474747475,1.262070937,March,April to july,Aug,52983,rice
Jhallokati,Kharif 1,Aus,39679,79.89,47.58,39.87,6.43,26.0,12.0,40,72.5,85,60,175.42564102564103,1.070692306,March,April to july,Aug,42484,rice
Jhenaidah,Kharif 1,Aus,87423,79.89,47.58,39.87,6.43,26.0,12.0,40,72.5,85,60,134.2247474747475,1.223591046,March,April to july,Aug,106970,rice
Joypurhat,Kharif 1,Aus,1038,79.89,47.58,39.87,6.43,26.0,12.0,40,72.5,85,60,142.85416666666666,0.9441233141,March,April to july,Aug,980,rice
Khagrachari,Kharif 1,Aus,11154,79.89,47.58,39.87,6.43,26.0,12.0,40,72.5,85,60,204.11111111111111,1.009144701,March,April to july,Aug,11256,rice
Khulna,Kharif 1,Aus,9017,79.89,47.58,39.87,6.43,26.0,12.0,40,72.5,85,60,144.96843434343435,0.5480758567,March,April to july,Aug,4942,rice
Kishoreganj,Kharif 1,Aus,66014,79.89,47.58,39.87,6.43,26.0,12.0,40,72.5,85,60,181.08838383838383,1.050216621,March,April to july,Aug,69329,rice
Kurigram,Kharif 1,Aus,16357,79.89,47.58,39.87,6.43,26.0,12.0,40,72.5,85,60,179.6013888888889,0.8437977624,March,April to july,Aug,13802,rice
Kushtia,Kharif 1,Aus,67774,79.89,47.58,39.87,6.43,26.0,12.0,40,72.5,85,60,129.44444444444446,1.167424086,March,April to july,Aug,79121,rice
Lakshmipur,Kharif 1,Aus,80238,79.89,47.58,39.87,6.43,26.0,12.0,40,72.5,85,60,185.75631313131316,0.8856152945,March,April to july,Aug,71060,rice
Lalmonirhat,Kharif 1,Aus,27851,79.89,47.58,39.87,6.43,26.0,12.0,40,72.5,85,60,179.6013888888889,1.01267459,March,April to july,Aug,28204,rice
Madaripur,Kharif 1,Aus,4854,79.89,47.58,39.87,6.43,26.0,12.0,40,72.5,85,60,160.41666666666666,0.6847960445,March,April to july,Aug,3324,rice
Magura,Kharif 1,Aus,14520,79.89,47.58,39.87,6.43,26.0,12.0,40,72.5,85,60,134.2247474747475,0.8349173554,March,April to july,Aug,12123,rice
Manikganj,Kharif 1,Aus,8158,79.89,47.58,39.87,6.43,26.0,12.0,40,72.5,85,60,169.94262295081967,0.8540083354,March,April to july,Aug,6967,rice
Meherpur,Kharif 1,Aus,51464,79.89,47.58,39.87,6.43,26.0,12.0,40,72.5,85,60,129.44444444444446,1.24450101,March,April to july,Aug,64047,rice
Moulvibazar,Kharif 1,Aus,129959,79.89,47.58,39.87,6.43,26.0,12.0,40,72.5,85,60,333.72557471264366,1.211181988,March,April to july,Aug,157404,rice
Munshiganj,Kharif 1,Aus,447,79.89,47.58,39.87,6.43,26.0,12.0,40,72.5,85,60,169.94262295081967,0.8970917226,March,April to july,Aug,401,rice
Mymensingh,Kharif 1,Aus,58364,79.89,47.58,39.87,6.43,26.0,12.0,40,72.5,85,60,181.08838383838383,0.9350627099,March,April to july,Aug,54574,rice
Naogaon,Kharif 1,Aus,158927,79.89,47.58,39.87,6.43,26.0,12.0,40,72.5,85,60,124.92,1.077677173,March,April to july,Aug,171272,rice
Narail,Kharif 1,Aus,22828,79.89,47.58,39.87,6.43,26.0,12.0,40,72.5,85,60,134.2247474747475,0.8399334151,March,April to july,Aug,19174,rice
Narayanganj,Kharif 1,Aus,6054,79.89,47.58,39.87,6.43,26.0,12.0,40,72.5,85,60,169.94262295081967,0.9326065411,March,April to july,Aug,5646,rice
Narsingdi,Kharif 1,Aus,3735,79.89,47.58,39.87,6.43,26.0,12.0,40,72.5,85,60,169.94262295081967,1.089959839,March,April to july,Aug,4071,rice
Natore,Kharif 1,Aus,24015,79.89,47.58,39.87,6.43,26.0,12.0,40,72.5,85,60,124.92,1.151405372,March,April to july,Aug,27651,rice
Netrokona,Kharif 1,Aus,3609,79.89,47.58,39.87,6.43,26.0,12.0,40,72.5,85,60,181.08838383838383,0.9614851759,March,April to july,Aug,3470,rice
Nilphamari,Kharif 1,Aus,4312,79.89,47.58,39.87,6.43,26.0,12.0,40,72.5,85,60,179.6013888888889,0.8267625232,March,April to july,Aug,3565,rice
Noakhali,Kharif 1,Aus,99075,79.89,47.58,39.87,6.43,26.0,12.0,40,72.5,85,60,185.75631313131316,0.8683017916,March,April to july,Aug,86027,rice
Pabna,Kharif 1,Aus,59351,79.89,47.58,39.87,6.43,26.0,12.0,40,72.5,85,60,124.92,0.8480733265,March,April to july,Aug,50334,rice
Panchagar,Kharif 1,Aus,6020,79.89,47.58,39.87,6.43,26.0,12.0,40,72.5,85,60,154.21843434343435,1.027408638,March,April to july,Aug,6185,rice
Patuakhali,Kharif 1,Aus,83287,79.89,47.58,39.87,6.43,26.0,12.0,40,72.5,85,60,207.8076923076923,1.017097506,March,April to july,Aug,84711,rice
Pirojpur,Kharif 1,Aus,33909,79.89,47.58,39.87,6.43,26.0,12.0,40,72.5,85,60,175.42564102564103,0.948538736,March,April to july,Aug,32164,rice
Rajbari,Kharif 1,Aus,6411,79.89,47.58,39.87,6.43,26.0,12.0,40,72.5,85,60,155.864898989899,0.6995788489,March,April to july,Aug,4485,rice
Rajshahi,Kharif 1,Aus,108931,79.89,47.58,39.87,6.43,26.0,12.0,40,72.5,85,60,124.92,1.151600554,March,April to july,Aug,125445,rice
Rangamati,Kharif 1,Aus,14523,79.89,47.58,39.87,6.43,26.0,12.0,40,72.5,85,60,204.11111111111111,0.6259725952,March,April to july,Aug,9091,rice
Rangpur,Kharif 1,Aus,63967,79.89,47.58,39.87,6.43,26.0,12.0,40,72.5,85,60,179.6013888888889,1.11011928,March,April to july,Aug,71011,rice
Satkhira,Kharif 1,Aus,19706,79.89,47.58,39.87,6.43,26.0,12.0,40,72.5,85,60,140.35353535353536,1.143306607,March,April to july,Aug,22530,rice
Shariatpur,Kharif 1,Aus,30842,79.89,47.58,39.87,6.43,26.0,12.0,40,72.5,85,60,155.864898989899,0.9831074509,March,April to july,Aug,30321,rice
Sherpur,Kharif 1,Aus,12847,79.89,47.58,39.87,6.43,26.0,12.0,40,72.5,85,60,181.08838383838383,0.948859656,March,April to july,Aug,12190,rice
Sirajganj,Kharif 1,Aus,25932,79.89,47.58,39.87,6.43,26.0,12.0,40,72.5,85,60,142.85416666666666,1.043884004,March,April to july,Aug,27070,rice
Sunamganj,Kharif 1,Aus,50522,79.89,47.58,39.87,6.43,26.0,12.0,40,72.5,85,60,333.72557471264366,1.088654448,March,April to july,Aug,55001,rice
Sylhet,Kharif 1,Aus,183424,79.89,47.58,39.87,6.43,26.0,12.0,40,72.5,85,60,333.72557471264366,1.07249324,March,April to july,Aug,196721,rice
Tangail,Kharif 1,Aus,2964,79.89,47.58,39.87,6.43,26.0,12.0,40,72.5,85,60,153.4104938271605,0.866734143,March,April to july,Aug,2569,rice
Thakurgaon,Kharif 1,Aus,61148,79.89,47.58,39.87,6.43,26.0,12.0,40,72.5,85,60,154.21843434343435,1.07875973,March,April to july,Aug,65964,rice
Bagerhat,Rabi,Banana,2077,100.23,82.01,50.05,5.98,25.0,15.0,35,80.0,85,75,144.96843434343435,4.158401541,Jan,Jan to Jan,Jan,8637,banana
Bandarban,Rabi,Banana,3830,100.23,82.01,50.05,5.98,25.0,15.0,35,80.0,85,75,243.94444444444449,4.812010444,Jan,Jan to Jan,Jan,18430,banana
Barguna,Rabi,Banana,305,100.23,82.01,50.05,5.98,25.0,15.0,35,80.0,85,75,207.8076923076923,4.580327869,Jan,Jan to Jan,Jan,1397,banana
Barishal,Rabi,Banana,1760,100.23,82.01,50.05,5.98,25.0,15.0,35,80.0,85,75,175.42564102564103,3.284659091,Jan,Jan to Jan,Jan,5781,banana
Bhola,Rabi,Banana,563,100.23,82.01,50.05,5.98,25.0,15.0,35,80.0,85,75,185.23090277777777,3.621669627,Jan,Jan to Jan,Jan,2039,banana
Bogura,Rabi,Banana,2572,100.23,82.01,50.05,5.98,25.0,15.0,35,80.0,85,75,142.85416666666666,7.9062986,Jan,Jan to Jan,Jan,20335,banana
Brahmanbaria,Rabi,Banana,269,100.23,82.01,50.05,5.98,25.0,15.0,35,80.0,85,75,185.75631313131316,3.828996283,Jan,Jan to Jan,Jan,1030,banana
Chandpur,Rabi,Banana,990,100.23,82.01,50.05,5.98,25.0,15.0,35,80.0,85,75,168.796875,5.182828283,Jan,Jan to Jan,Jan,5131,banana
Chapai Nawabganj,Rabi,Banana,419,100.23,82.01,50.05,5.98,25.0,15.0,35,80.0,85,75,124.92,8.102625298,Jan,Jan to Jan,Jan,3395,banana
Chattogram,Rabi,Banana,2961,100.23,82.01,50.05,5.98,25.0,15.0,35,80.0,85,75,243.94444444444449,4.901384667,Jan,Jan to Jan,Jan,14513,banana
Chuadanga,Rabi,Banana,1813,100.23,82.01,50.05,5.98,25.0,15.0,35,80.0,85,75,129.44444444444446,9.927744071,Jan,Jan to Jan,Jan,17999,banana
CoxsBazar,Rabi,Banana,854,100.23,82.01,50.05,5.98,25.0,15.0,35,80.0,85,75,303.40277777777777,2.710772834,Jan,Jan to Jan,Jan,2315,banana
Cumilla,Rabi,Banana,849,100.23,82.01,50.05,5.98,25.0,15.0,35,80.0,85,75,185.75631313131316,4.628975265,Jan,Jan to Jan,Jan,3930,banana
Dhaka,Rabi,Banana,588,100.23,82.01,50.05,5.98,25.0,15.0,35,80.0,85,75,169.94262295081967,6.930272109,Jan,Jan to Jan,Jan,4075,banana
Dinajpur,Rabi,Banana,2772,100.23,82.01,50.05,5.98,25.0,15.0,35,80.0,85,75,154.21843434343435,10.43001443,Jan,Jan to Jan,Jan,28912,banana
Faridpur,Rabi,Banana,202,100.23,82.01,50.05,5.98,25.0,15.0,35,80.0,85,75,155.864898989899,3.089108911,Jan,Jan to Jan,Jan,624,banana
Feni,Rabi,Banana,483,100.23,82.01,50.05,5.98,25.0,15.0,35,80.0,85,75,248.1727642276423,4.461697723,Jan,Jan to Jan,Jan,2155,banana
Gaibandha,Rabi,Banana,3459,100.23,82.01,50.05,5.98,25.0,15.0,35,80.0,85,75,179.6013888888889,18.04191963,Jan,Jan to Jan,Jan,62407,banana
Gazipur,Rabi,Banana,1499,100.23,82.01,50.05,5.98,25.0,15.0,35,80.0,85,75,169.94262295081967,6.112741828,Jan,Jan to Jan,Jan,9163,banana
Gopalganj,Rabi,Banana,909,100.23,82.01,50.05,5.98,25.0,15.0,35,80.0,85,75,155.864898989899,5.922992299,Jan,Jan to Jan,Jan,5384,banana
Habiganj,Rabi,Banana,279,100.23,82.01,50.05,5.98,25.0,15.0,35,80.0,85,75,333.72557471264366,2.777777778,Jan,Jan to Jan,Jan,775,banana
Jamalpur,Rabi,Banana,1324,100.23,82.01,50.05,5.98,25.0,15.0,35,80.0,85,75,181.08838383838383,5.530966767,Jan,Jan to Jan,Jan,7323,banana
Jashore,Rabi,Banana,1973,100.23,82.01,50.05,5.98,25.0,15.0,35,80.0,85,75,134.2247474747475,5.144450076,Jan,Jan to Jan,Jan,10150,banana
Jhallokati,Rabi,Banana,2910,100.23,82.01,50.05,5.98,25.0,15.0,35,80.0,85,75,175.42564102564103,3.264604811,Jan,Jan to Jan,Jan,9500,banana
Jhenaidah,Rabi,Banana,8152,100.23,82.01,50.05,5.98,25.0,15.0,35,80.0,85,75,134.2247474747475,6.176521099,Jan,Jan to Jan,Jan,50351,banana
Joypurhat,Rabi,Banana,416,100.23,82.01,50.05,5.98,25.0,15.0,35,80.0,85,75,142.85416666666666,7.34375,Jan,Jan to Jan,Jan,3055,banana
Khagrachari,Rabi,Banana,7462,100.23,82.01,50.05,5.98,25.0,15.0,35,80.0,85,75,204.11111111111111,3.610024122,Jan,Jan to Jan,Jan,26938,banana
Khulna,Rabi,Banana,305,100.23,82.01,50.05,5.98,25.0,15.0,35,80.0,85,75,144.96843434343435,16.79672131,Jan,Jan to Jan,Jan,5123,banana
Kishoreganj,Rabi,Banana,1536,100.23,82.01,50.05,5.98,25.0,15.0,35,80.0,85,75,181.08838383838383,7.524088542,Jan,Jan to Jan,Jan,11557,banana
Kurigram,Rabi,Banana,520,100.23,82.01,50.05,5.98,25.0,15.0,35,80.0,85,75,179.6013888888889,10.18461538,Jan,Jan to Jan,Jan,5296,banana
Kushtia,Rabi,Banana,1760,100.23,82.01,50.05,5.98,25.0,15.0,35,80.0,85,75,129.44444444444446,21.00113636,Jan,Jan to Jan,Jan,36962,banana
Lakshmipur,Rabi,Banana,3250,100.23,82.01,50.05,5.98,25.0,15.0,35,80.0,85,75,185.75631313131316,3.825230769,Jan,Jan to Jan,Jan,12432,banana
Lalmonirhat,Rabi,Banana,277,100.23,82.01,50.05,5.98,25.0,15.0,35,80.0,85,75,179.6013888888889,10.83393502,Jan,Jan to Jan,Jan,3001,banana
Madaripur,Rabi,Banana,1584,100.23,82.01,50.05,5.98,25.0,15.0,35,80.0,85,75,160.41666666666666,7.698863636,Jan,Jan to Jan,Jan,12195,banana
Magura,Rabi,Banana,563,100.23,82.01,50.05,5.98,25.0,15.0,35,80.0,85,75,134.2247474747475,26.32149201,Jan,Jan to Jan,Jan,14819,banana
Manikganj,Rabi,Banana,601,100.23,82.01,50.05,5.98,25.0,15.0,35,80.0,85,75,169.94262295081967,3.271214642,Jan,Jan to Jan,Jan,1966,banana
Meherpur,Rabi,Banana,2432,100.23,82.01,50.05,5.98,25.0,15.0,35,80.0,85,75,129.44444444444446,15.37787829,Jan,Jan to Jan,Jan,37399,banana
Moulvibazar,Rabi,Banana,269,100.23,82.01,50.05,5.98,25.0,15.0,35,80.0,85,75,333.72557471264366,5.289962825,Jan,Jan to Jan,Jan,1423,banana
Munshiganj,Rabi,Banana,170,100.23,82.01,50.05,5.98,25.0,15.0,35,80.0,85,75,169.94262295081967,3.805882353,Jan,Jan to Jan,Jan,647,banana
Mymensingh,Rabi,Banana,5325,100.23,82.01,50.05,5.98,25.0,15.0,35,80.0,85,75,181.08838383838383,6.798122066,Jan,Jan to Jan,Jan,36200,banana
Naogaon,Rabi,Banana,1631,100.23,82.01,50.05,5.98,25.0,15.0,35,80.0,85,75,124.92,8.50030656,Jan,Jan to Jan,Jan,13864,banana
Narail,Rabi,Banana,638,100.23,82.01,50.05,5.98,25.0,15.0,35,80.0,85,75,134.2247474747475,6.887147335,Jan,Jan to Jan,Jan,4394,banana
Narayanganj,Rabi,Banana,195,100.23,82.01,50.05,5.98,25.0,15.0,35,80.0,85,75,169.94262295081967,5.128205128,Jan,Jan to Jan,Jan,1000,banana
Narsingdi,Rabi,Banana,3677,100.23,82.01,50.05,5.98,25.0,15.0,35,80.0,85,75,169.94262295081967,6.819146043,Jan,Jan to Jan,Jan,25074,banana
Natore,Rabi,Banana,856,100.23,82.01,50.05,5.98,25.0,15.0,35,80.0,85,75,124.92,16.77570093,Jan,Jan to Jan,Jan,14360,banana
Netrokona,Rabi,Banana,804,100.23,82.01,50.05,5.98,25.0,15.0,35,80.0,85,75,181.08838383838383,5.706467662,Jan,Jan to Jan,Jan,4588,banana
Nilphamari,Rabi,Banana,439,100.23,82.01,50.05,5.98,25.0,15.0,35,80.0,85,75,179.6013888888889,8.364464692,Jan,Jan to Jan,Jan,3672,banana
Noakhali,Rabi,Banana,1212,100.23,82.01,50.05,5.98,25.0,15.0,35,80.0,85,75,185.75631313131316,2.882013201,Jan,Jan to Jan,Jan,3493,banana
Pabna,Rabi,Banana,756,100.23,82.01,50.05,5.98,25.0,15.0,35,80.0,85,75,124.92,7.35978836,Jan,Jan to Jan,Jan,5564,banana
Panchagar,Rabi,Banana,402,100.23,82.01,50.05,5.98,25.0,15.0,35,80.0,85,75,154.21843434343435,12.6119403,Jan,Jan to Jan,Jan,5070,banana
Patuakhali,Rabi,Banana,561,100.23,82.01,50.05,5.98,25.0,15.0,35,80.0,85,75,207.8076923076923,3.360071301,Jan,Jan to Jan,Jan,1885,banana
Pirojpur,Rabi,Banana,2786,100.23,82.01,50.05,5.98,25.0,15.0,35,80.0,85,75,175.42564102564103,4.829145729,Jan,Jan to Jan,Jan,13454,banana
Rajbari,Rabi,Banana,1071,100.23,82.01,50.05,5.98,25.0,15.0,35,80.0,85,75,155.864898989899,5.843137255,Jan,Jan to Jan,Jan,6258,banana
Rajshahi,Rabi,Banana,4672,100.23,82.01,50.05,5.98,25.0,15.0,35,80.0,85,75,124.92,10.23587329,Jan,Jan to Jan,Jan,47822,banana
Rangamati,Rabi,Banana,9230,100.23,82.01,50.05,5.98,25.0,15.0,35,80.0,85,75,204.11111111111111,4.629902492,Jan,Jan to Jan,Jan,42734,banana
Rangpur,Rabi,Banana,2321,100.23,82.01,50.05,5.98,25.0,15.0,35,80.0,85,75,179.6013888888889,5.618698837,Jan,Jan to Jan,Jan,13041,banana
Satkhira,Rabi,Banana,995,100.23,82.01,50.05,5.98,25.0,15.0,35,80.0,85,75,140.35353535353536,6.271356784,Jan,Jan to Jan,Jan,6240,banana
Shariatpur,Rabi,Banana,413,100.23,82.01,50.05,5.98,25.0,15.0,35,80.0,85,75,155.864898989899,3.784503632,Jan,Jan to Jan,Jan,1563,banana
Sherpur,Rabi,Banana,623,100.23,82.01,50.05,5.98,25.0,15.0,35,80.0,85,75,181.08838383838383,5.585874799,Jan,Jan to Jan,Jan,3480,banana
Sirajganj,Rabi,Banana,583,100.23,82.01,50.05,5.98,25.0,15.0,35,80.0,85,75,142.85416666666666,7.468267581,Jan,Jan to Jan,Jan,4354,banana
Sunamganj,Rabi,Banana,325,100.23,82.01,50.05,5.98,25.0,15.0,35,80.0,85,75,333.72557471264366,5.996923077,Jan,Jan to Jan,Jan,1949,banana
Sylhet,Rabi,Banana,855,100.23,82.01,50.05,5.98,25.0,15.0,35,80.0,85,75,333.72557471264366,3.907602339,Jan,Jan to Jan,Jan,3341,banana
Tangail,Rabi,Banana,11391,100.23,82.01,50.05,5.98,25.0,15.0,35,80.0,85,75,153.4104938271605,7.752962865,Jan,Jan to Jan,Jan,88314,banana
Thakurgaon,Rabi,Banana,1161,100.23,82.01,50.05,5.98,25.0,15.0,35,80.0,85,75,154.21843434343435,5.043066322,Jan,Jan to Jan,Jan,5855,banana
Bagerhat,Kharif 2,Barbati,457,20.75,67.54,20.05,5.75,25.0,20.0,30,72.5,85,60,144.96843434343435,1.192560175,Sep,Oct to Dec,December to April,545,kidneybeans
Bandarban,Kharif 2,Barbati,318,20.75,67.54,20.05,5.75,25.0,20.0,30,72.5,85,60,243.94444444444449,1.301886792,Sep,Oct to Dec,December to April,414,kidneybeans
Barguna,Kharif 2,Barbati,89,20.75,67.54,20.05,5.75,25.0,20.0,30,72.5,85,60,207.8076923076923,1.449438202,Sep,Oct to Dec,December to April,129,kidneybeans
Barishal,Kharif 2,Barbati,325,20.75,67.54,20.05,5.75,25.0,20.0,30,72.5,85,60,175.42564102564103,1.347692308,Sep,Oct to Dec,December to April,438,kidneybeans
Bhola,Kharif 2,Barbati,243,20.75,67.54,20.05,5.75,25.0,20.0,30,72.5,85,60,185.23090277777777,1.962962963,Sep,Oct to Dec,December to April,477,kidneybeans
Bogura,Kharif 2,Barbati,296,20.75,67.54,20.05,5.75,25.0,20.0,30,72.5,85,60,142.85416666666666,2.043918919,Sep,Oct to Dec,December to April,605,kidneybeans
Brahmanbaria,Kharif 2,Barbati,207,20.75,67.54,20.05,5.75,25.0,20.0,30,72.5,85,60,185.75631313131316,1.555555556,Sep,Oct to Dec,December to April,322,kidneybeans
Chandpur,Kharif 2,Barbati,82,20.75,67.54,20.05,5.75,25.0,20.0,30,72.5,85,60,168.796875,0.6463414634,Sep,Oct to Dec,December to April,53,kidneybeans
Chapai Nawabganj,Kharif 2,Barbati,85,20.75,67.54,20.05,5.75,25.0,20.0,30,72.5,85,60,124.92,1.117647059,Sep,Oct to Dec,December to April,95,kidneybeans
Chattogram,Kharif 2,Barbati,1497,20.75,67.54,20.05,5.75,25.0,20.0,30,72.5,85,60,243.94444444444449,1.936539746,Sep,Oct to Dec,December to April,2899,kidneybeans
Chuadanga,Kharif 2,Barbati,638,20.75,67.54,20.05,5.75,25.0,20.0,30,72.5,85,60,129.44444444444446,2.484326019,Sep,Oct to Dec,December to April,1585,kidneybeans
CoxsBazar,Kharif 2,Barbati,304,20.75,67.54,20.05,5.75,25.0,20.0,30,72.5,85,60,303.40277777777777,2.029605263,Sep,Oct to Dec,December to April,617,kidneybeans
Cumilla,Kharif 2,Barbati,440,20.75,67.54,20.05,5.75,25.0,20.0,30,72.5,85,60,185.75631313131316,1.995454545,Sep,Oct to Dec,December to April,878,kidneybeans
Dhaka,Kharif 2,Barbati,587,20.75,67.54,20.05,5.75,25.0,20.0,30,72.5,85,60,169.94262295081967,1.574105622,Sep,Oct to Dec,December to April,924,kidneybeans
Dinajpur,Kharif 2,Barbati,267,20.75,67.54,20.05,5.75,25.0,20.0,30,72.5,85,60,154.21843434343435,1.168539326,Sep,Oct to Dec,December to April,312,kidneybeans
Faridpur,Kharif 2,Barbati,241,20.75,67.54,20.05,5.75,25.0,20.0,30,72.5,85,60,155.864898989899,1.564315353,Sep,Oct to Dec,December to April,377,kidneybeans
Feni,Kharif 2,Barbati,115,20.75,67.54,20.05,5.75,25.0,20.0,30,72.5,85,60,248.1727642276423,1.07826087,Sep,Oct to Dec,December to April,124,kidneybeans
Gaibandha,Kharif 2,Barbati,153,20.75,67.54,20.05,5.75,25.0,20.0,30,72.5,85,60,179.6013888888889,1.209150327,Sep,Oct to Dec,December to April,185,kidneybeans
Gazipur,Kharif 2,Barbati,253,20.75,67.54,20.05,5.75,25.0,20.0,30,72.5,85,60,169.94262295081967,1.150197628,Sep,Oct to Dec,December to April,291,kidneybeans
Gopalganj,Kharif 2,Barbati,195,20.75,67.54,20.05,5.75,25.0,20.0,30,72.5,85,60,155.864898989899,1.794871795,Sep,Oct to Dec,December to April,350,kidneybeans
Habiganj,Kharif 2,Barbati,215,20.75,67.54,20.05,5.75,25.0,20.0,30,72.5,85,60,333.72557471264366,3.56744186,Sep,Oct to Dec,December to April,767,kidneybeans
Jamalpur,Kharif 2,Barbati,253,20.75,67.54,20.05,5.75,25.0,20.0,30,72.5,85,60,181.08838383838383,1.529644269,Sep,Oct to Dec,December to April,387,kidneybeans
Jashore,Kharif 2,Barbati,590,20.75,67.54,20.05,5.75,25.0,20.0,30,72.5,85,60,134.2247474747475,2.462711864,Sep,Oct to Dec,December to April,1453,kidneybeans
Jhallokati,Kharif 2,Barbati,180,20.75,67.54,20.05,5.75,25.0,20.0,30,72.5,85,60,175.42564102564103,1.033333333,Sep,Oct to Dec,December to April,186,kidneybeans
Jhenaidah,Kharif 2,Barbati,313,20.75,67.54,20.05,5.75,25.0,20.0,30,72.5,85,60,134.2247474747475,2.418530351,Sep,Oct to Dec,December to April,757,kidneybeans
Joypurhat,Kharif 2,Barbati,97,20.75,67.54,20.05,5.75,25.0,20.0,30,72.5,85,60,142.85416666666666,1.515463918,Sep,Oct to Dec,December to April,147,kidneybeans
Khagrachari,Kharif 2,Barbati,971,20.75,67.54,20.05,5.75,25.0,20.0,30,72.5,85,60,204.11111111111111,2.276004119,Sep,Oct to Dec,December to April,2210,kidneybeans
Khulna,Kharif 2,Barbati,292,20.75,67.54,20.05,5.75,25.0,20.0,30,72.5,85,60,144.96843434343435,1.410958904,Sep,Oct to Dec,December to April,412,kidneybeans
Kishoreganj,Kharif 2,Barbati,160,20.75,67.54,20.05,5.75,25.0,20.0,30,72.5,85,60,181.08838383838383,1.65625,Sep,Oct to Dec,December to April,265,kidneybeans
Kurigram,Kharif 2,Barbati,218,20.75,67.54,20.05,5.75,25.0,20.0,30,72.5,85,60,179.6013888888889,1.458715596,Sep,Oct to Dec,December to April,318,kidneybeans
Kushtia,Kharif 2,Barbati,185,20.75,67.54,20.05,5.75,25.0,20.0,30,72.5,85,60,129.44444444444446,3.794594595,Sep,Oct to Dec,December to April,702,kidneybeans
Lakshmipur,Kharif 2,Barbati,161,20.75,67.54,20.05,5.75,25.0,20.0,30,72.5,85,60,185.75631313131316,2.254658385,Sep,Oct to Dec,December to April,363,kidneybeans
Lalmonirhat,Kharif 2,Barbati,163,20.75,67.54,20.05,5.75,25.0,20.0,30,72.5,85,60,179.6013888888889,1.190184049,Sep,Oct to Dec,December to April,194,kidneybeans
Madaripur,Kharif 2,Barbati,67,20.75,67.54,20.05,5.75,25.0,20.0,30,72.5,85,60,160.41666666666666,2.955223881,Sep,Oct to Dec,December to April,198,kidneybeans
Magura,Kharif 2,Barbati,59,20.75,67.54,20.05,5.75,25.0,20.0,30,72.5,85,60,134.2247474747475,2.237288136,Sep,Oct to Dec,December to April,132,kidneybeans
Manikganj,Kharif 2,Barbati,194,20.75,67.54,20.05,5.75,25.0,20.0,30,72.5,85,60,169.94262295081967,1.458762887,Sep,Oct to Dec,December to April,283,kidneybeans
Meherpur,Kharif 2,Barbati,102,20.75,67.54,20.05,5.75,25.0,20.0,30,72.5,85,60,129.44444444444446,5.284313725,Sep,Oct to Dec,December to April,539,kidneybeans
Moulvibazar,Kharif 2,Barbati,355,20.75,67.54,20.05,5.75,25.0,20.0,30,72.5,85,60,333.72557471264366,2.490140845,Sep,Oct to Dec,December to April,884,kidneybeans
Munshiganj,Kharif 2,Barbati,100,20.75,67.54,20.05,5.75,25.0,20.0,30,72.5,85,60,169.94262295081967,1.68,Sep,Oct to Dec,December to April,168,kidneybeans
Mymensingh,Kharif 2,Barbati,566,20.75,67.54,20.05,5.75,25.0,20.0,30,72.5,85,60,181.08838383838383,2.153710247,Sep,Oct to Dec,December to April,1219,kidneybeans
Naogaon,Kharif 2,Barbati,153,20.75,67.54,20.05,5.75,25.0,20.0,30,72.5,85,60,124.92,1.176470588,Sep,Oct to Dec,December to April,180,kidneybeans
Narail,Kharif 2,Barbati,184,20.75,67.54,20.05,5.75,25.0,20.0,30,72.5,85,60,134.2247474747475,2.380434783,Sep,Oct to Dec,December to April,438,kidneybeans
Narayanganj,Kharif 2,Barbati,154,20.75,67.54,20.05,5.75,25.0,20.0,30,72.5,85,60,169.94262295081967,1.077922078,Sep,Oct to Dec,December to April,166,kidneybeans
Narsingdi,Kharif 2,Barbati,289,20.75,67.54,20.05,5.75,25.0,20.0,30,72.5,85,60,169.94262295081967,1.588235294,Sep,Oct to Dec,December to April,459,kidneybeans
Natore,Kharif 2,Barbati,402,20.75,67.54,20.05,5.75,25.0,20.0,30,72.5,85,60,124.92,1.099502488,Sep,Oct to Dec,December to April,442,kidneybeans
Netrokona,Kharif 2,Barbati,125,20.75,67.54,20.05,5.75,25.0,20.0,30,72.5,85,60,181.08838383838383,1.536,Sep,Oct to Dec,December to April,192,kidneybeans
Nilphamari,Kharif 2,Barbati,156,20.75,67.54,20.05,5.75,25.0,20.0,30,72.5,85,60,179.6013888888889,2.121794872,Sep,Oct to Dec,December to April,331,kidneybeans
Noakhali,Kharif 2,Barbati,284,20.75,67.54,20.05,5.75,25.0,20.0,30,72.5,85,60,185.75631313131316,2.408450704,Sep,Oct to Dec,December to April,684,kidneybeans
Pabna,Kharif 2,Barbati,224,20.75,67.54,20.05,5.75,25.0,20.0,30,72.5,85,60,124.92,1.205357143,Sep,Oct to Dec,December to April,270,kidneybeans
Panchagar,Kharif 2,Barbati,373,20.75,67.54,20.05,5.75,25.0,20.0,30,72.5,85,60,154.21843434343435,3.222520107,Sep,Oct to Dec,December to April,1202,kidneybeans
Patuakhali,Kharif 2,Barbati,85,20.75,67.54,20.05,5.75,25.0,20.0,30,72.5,85,60,207.8076923076923,1.141176471,Sep,Oct to Dec,December to April,97,kidneybeans
Pirojpur,Kharif 2,Barbati,143,20.75,67.54,20.05,5.75,25.0,20.0,30,72.5,85,60,175.42564102564103,1.132867133,Sep,Oct to Dec,December to April,162,kidneybeans
Rajbari,Kharif 2,Barbati,277,20.75,67.54,20.05,5.75,25.0,20.0,30,72.5,85,60,155.864898989899,2.415162455,Sep,Oct to Dec,December to April,669,kidneybeans
Rajshahi,Kharif 2,Barbati,245,20.75,67.54,20.05,5.75,25.0,20.0,30,72.5,85,60,124.92,3.281632653,Sep,Oct to Dec,December to April,804,kidneybeans
Rangamati,Kharif 2,Barbati,663,20.75,67.54,20.05,5.75,25.0,20.0,30,72.5,85,60,204.11111111111111,1.39668175,Sep,Oct to Dec,December to April,926,kidneybeans
Rangpur,Kharif 2,Barbati,350,20.75,67.54,20.05,5.75,25.0,20.0,30,72.5,85,60,179.6013888888889,1.425714286,Sep,Oct to Dec,December to April,499,kidneybeans
Satkhira,Kharif 2,Barbati,307,20.75,67.54,20.05,5.75,25.0,20.0,30,72.5,85,60,140.35353535353536,1.631921824,Sep,Oct to Dec,December to April,501,kidneybeans
Shariatpur,Kharif 2,Barbati,89,20.75,67.54,20.05,5.75,25.0,20.0,30,72.5,85,60,155.864898989899,1.730337079,Sep,Oct to Dec,December to April,154,kidneybeans
Sherpur,Kharif 2,Barbati,140,20.75,67.54,20.05,5.75,25.0,20.0,30,72.5,85,60,181.08838383838383,1.514285714,Sep,Oct to Dec,December to April,212,kidneybeans
Sirajganj,Kharif 2,Barbati,125,20.75,67.54,20.05,5.75,25.0,20.0,30,72.5,85,60,142.85416666666666,1.52,Sep,Oct to Dec,December to April,190,kidneybeans
Sunamganj,Kharif 2,Barbati,82,20.75,67.54,20.05,5.75,25.0,20.0,30,72.5,85,60,333.72557471264366,2.134146341,Sep,Oct to Dec,December to April,175,kidneybeans
Sylhet,Kharif 2,Barbati,409,20.75,67.54,20.05,5.75,25.0,20.0,30,72.5,85,60,333.72557471264366,1.860635697,Sep,Oct to Dec,December to April,761,kidneybeans
Tangail,Kharif 2,Barbati,213,20.75,67.54,20.05,5.75,25.0,20.0,30,72.5,85,60,153.4104938271605,1.469483568,Sep,Oct to Dec,December to April,313,kidneybeans
Thakurgaon,Kharif 2,Barbati,166,20.75,67.54,20.05,5.75,25.0,20.0,30,72.5,85,60,154.21843434343435,1.415662651,Sep,Oct to Dec,December to April,235,kidneybeans
Bagerhat,Kharif 1,Beans,527,20.75,67.54,20.05,5.75,16.0,10.0,22,67.5,75,60,144.96843434343435,2.055028463,June,July to Nov,Nov to April,1083,kidneybeans
Bandarban,Kharif 1,Beans,566,20.75,67.54,20.05,5.75,16.0,10.0,22,67.5,75,60,243.94444444444449,1.768551237,June,July to Nov,Nov to April,1001,kidneybeans
Barguna,Kharif 1,Beans,231,20.75,67.54,20.05,5.75,16.0,10.0,22,67.5,75,60,207.8076923076923,1.45021645,June,July to Nov,Nov to April,335,kidneybeans
Barishal,Kharif 1,Beans,576,20.75,67.54,20.05,5.75,16.0,10.0,22,67.5,75,60,175.42564102564103,2.057291667,June,July to Nov,Nov to April,1185,kidneybeans
Bhola,Kharif 1,Beans,660,20.75,67.54,20.05,5.75,16.0,10.0,22,67.5,75,60,185.23090277777777,3.53030303,June,July to Nov,Nov to April,2330,kidneybeans
Bogura,Kharif 1,Beans,1276,20.75,67.54,20.05,5.75,16.0,10.0,22,67.5,75,60,142.85416666666666,3.340909091,June,July to Nov,Nov to April,4263,kidneybeans
Brahmanbaria,Kharif 1,Beans,932,20.75,67.54,20.05,5.75,16.0,10.0,22,67.5,75,60,185.75631313131316,2.579399142,June,July to Nov,Nov to April,2404,kidneybeans
Chandpur,Kharif 1,Beans,724,20.75,67.54,20.05,5.75,16.0,10.0,22,67.5,75,60,168.796875,3.128453039,June,July to Nov,Nov to April,2265,kidneybeans
Chapai Nawabganj,Kharif 1,Beans,231,20.75,67.54,20.05,5.75,16.0,10.0,22,67.5,75,60,124.92,2.186147186,June,July to Nov,Nov to April,505,kidneybeans
Chattogram,Kharif 1,Beans,3745,20.75,67.54,20.05,5.75,16.0,10.0,22,67.5,75,60,243.94444444444449,3.615220294,June,July to Nov,Nov to April,13539,kidneybeans
Chuadanga,Kharif 1,Beans,776,20.75,67.54,20.05,5.75,16.0,10.0,22,67.5,75,60,129.44444444444446,1.981958763,June,July to Nov,Nov to April,1538,kidneybeans
CoxsBazar,Kharif 1,Beans,605,20.75,67.54,20.05,5.75,16.0,10.0,22,67.5,75,60,303.40277777777777,2.631404959,June,July to Nov,Nov to April,1592,kidneybeans
Cumilla,Kharif 1,Beans,1823,20.75,67.54,20.05,5.75,16.0,10.0,22,67.5,75,60,185.75631313131316,3.019199122,June,July to Nov,Nov to April,5504,kidneybeans
Dhaka,Kharif 1,Beans,1416,20.75,67.54,20.05,5.75,16.0,10.0,22,67.5,75,60,169.94262295081967,3.037429379,June,July to Nov,Nov to April,4301,kidneybeans
Dinajpur,Kharif 1,Beans,635,20.75,67.54,20.05,5.75,16.0,10.0,22,67.5,75,60,154.21843434343435,1.88503937,June,July to Nov,Nov to April,1197,kidneybeans
Faridpur,Kharif 1,Beans,496,20.75,67.54,20.05,5.75,16.0,10.0,22,67.5,75,60,155.864898989899,1.816532258,June,July to Nov,Nov to April,901,kidneybeans
Feni,Kharif 1,Beans,319,20.75,67.54,20.05,5.75,16.0,10.0,22,67.5,75,60,248.1727642276423,1.639498433,June,July to Nov,Nov to April,523,kidneybeans
Gaibandha,Kharif 1,Beans,373,20.75,67.54,20.05,5.75,16.0,10.0,22,67.5,75,60,179.6013888888889,2.131367292,June,July to Nov,Nov to April,795,kidneybeans
Gazipur,Kharif 1,Beans,1129,20.75,67.54,20.05,5.75,16.0,10.0,22,67.5,75,60,169.94262295081967,1.568644818,June,July to Nov,Nov to April,1771,kidneybeans
Gopalganj,Kharif 1,Beans,331,20.75,67.54,20.05,5.75,16.0,10.0,22,67.5,75,60,155.864898989899,2.607250755,June,July to Nov,Nov to April,863,kidneybeans
Habiganj,Kharif 1,Beans,1426,20.75,67.54,20.05,5.75,16.0,10.0,22,67.5,75,60,333.72557471264366,3.512622721,June,July to Nov,Nov to April,5009,kidneybeans
Jamalpur,Kharif 1,Beans,1239,20.75,67.54,20.05,5.75,16.0,10.0,22,67.5,75,60,181.08838383838383,2.015334948,June,July to Nov,Nov to April,2497,kidneybeans
Jashore,Kharif 1,Beans,2779,20.75,67.54,20.05,5.75,16.0,10.0,22,67.5,75,60,134.2247474747475,3.338611011,June,July to Nov,Nov to April,9278,kidneybeans
Jhallokati,Kharif 1,Beans,709,20.75,67.54,20.05,5.75,16.0,10.0,22,67.5,75,60,175.42564102564103,1.696755994,June,July to Nov,Nov to April,1203,kidneybeans
Jhenaidah,Kharif 1,Beans,1576,20.75,67.54,20.05,5.75,16.0,10.0,22,67.5,75,60,134.2247474747475,4.381979695,June,July to Nov,Nov to April,6906,kidneybeans
Joypurhat,Kharif 1,Beans,219,20.75,67.54,20.05,5.75,16.0,10.0,22,67.5,75,60,142.85416666666666,3.03196347,June,July to Nov,Nov to April,664,kidneybeans
Khagrachari,Kharif 1,Beans,728,20.75,67.54,20.05,5.75,16.0,10.0,22,67.5,75,60,204.11111111111111,2.129120879,June,July to Nov,Nov to April,1550,kidneybeans
Khulna,Kharif 1,Beans,586,20.75,67.54,20.05,5.75,16.0,10.0,22,67.5,75,60,144.96843434343435,3.737201365,June,July to Nov,Nov to April,2190,kidneybeans
Kishoreganj,Kharif 1,Beans,1192,20.75,67.54,20.05,5.75,16.0,10.0,22,67.5,75,60,181.08838383838383,3.339765101,June,July to Nov,Nov to April,3981,kidneybeans
Kurigram,Kharif 1,Beans,370,20.75,67.54,20.05,5.75,16.0,10.0,22,67.5,75,60,179.6013888888889,1.608108108,June,July to Nov,Nov to April,595,kidneybeans
Kushtia,Kharif 1,Beans,669,20.75,67.54,20.05,5.75,16.0,10.0,22,67.5,75,60,129.44444444444446,2.92077728,June,July to Nov,Nov to April,1954,kidneybeans
Lakshmipur,Kharif 1,Beans,769,20.75,67.54,20.05,5.75,16.0,10.0,22,67.5,75,60,185.75631313131316,1.357607282,June,July to Nov,Nov to April,1044,kidneybeans
Lalmonirhat,Kharif 1,Beans,251,20.75,67.54,20.05,5.75,16.0,10.0,22,67.5,75,60,179.6013888888889,2.6812749,June,July to Nov,Nov to April,673,kidneybeans
Madaripur,Kharif 1,Beans,325,20.75,67.54,20.05,5.75,16.0,10.0,22,67.5,75,60,160.41666666666666,3.135384615,June,July to Nov,Nov to April,1019,kidneybeans
Magura,Kharif 1,Beans,186,20.75,67.54,20.05,5.75,16.0,10.0,22,67.5,75,60,134.2247474747475,3.413978495,June,July to Nov,Nov to April,635,kidneybeans
Manikganj,Kharif 1,Beans,819,20.75,67.54,20.05,5.75,16.0,10.0,22,67.5,75,60,169.94262295081967,5.078144078,June,July to Nov,Nov to April,4159,kidneybeans
Meherpur,Kharif 1,Beans,669,20.75,67.54,20.05,5.75,16.0,10.0,22,67.5,75,60,129.44444444444446,8.476831091,June,July to Nov,Nov to April,5671,kidneybeans
Moulvibazar,Kharif 1,Beans,449,20.75,67.54,20.05,5.75,16.0,10.0,22,67.5,75,60,333.72557471264366,2.902004454,June,July to Nov,Nov to April,1303,kidneybeans
Munshiganj,Kharif 1,Beans,551,20.75,67.54,20.05,5.75,16.0,10.0,22,67.5,75,60,169.94262295081967,1.843920145,June,July to Nov,Nov to April,1016,kidneybeans
Mymensingh,Kharif 1,Beans,2127,20.75,67.54,20.05,5.75,16.0,10.0,22,67.5,75,60,181.08838383838383,2.968500235,June,July to Nov,Nov to April,6314,kidneybeans
Naogaon,Kharif 1,Beans,817,20.75,67.54,20.05,5.75,16.0,10.0,22,67.5,75,60,124.92,3.335373317,June,July to Nov,Nov to April,2725,kidneybeans
Narail,Kharif 1,Beans,360,20.75,67.54,20.05,5.75,16.0,10.0,22,67.5,75,60,134.2247474747475,3.352777778,June,July to Nov,Nov to April,1207,kidneybeans
Narayanganj,Kharif 1,Beans,785,20.75,67.54,20.05,5.75,16.0,10.0,22,67.5,75,60,169.94262295081967,2.597452229,June,July to Nov,Nov to April,2039,kidneybeans
Narsingdi,Kharif 1,Beans,2661,20.75,67.54,20.05,5.75,16.0,10.0,22,67.5,75,60,169.94262295081967,4.383690342,June,July to Nov,Nov to April,11665,kidneybeans
Natore,Kharif 1,Beans,560,20.75,67.54,20.05,5.75,16.0,10.0,22,67.5,75,60,124.92,2.371428571,June,July to Nov,Nov to April,1328,kidneybeans
Netrokona,Kharif 1,Beans,595,20.75,67.54,20.05,5.75,16.0,10.0,22,67.5,75,60,181.08838383838383,2.645378151,June,July to Nov,Nov to April,1574,kidneybeans
Nilphamari,Kharif 1,Beans,400,20.75,67.54,20.05,5.75,16.0,10.0,22,67.5,75,60,179.6013888888889,2.9675,June,July to Nov,Nov to April,1187,kidneybeans
Noakhali,Kharif 1,Beans,1139,20.75,67.54,20.05,5.75,16.0,10.0,22,67.5,75,60,185.75631313131316,1.762949956,June,July to Nov,Nov to April,2008,kidneybeans
Pabna,Kharif 1,Beans,718,20.75,67.54,20.05,5.75,16.0,10.0,22,67.5,75,60,124.92,2.777158774,June,July to Nov,Nov to April,1994,kidneybeans
Panchagar,Kharif 1,Beans,463,20.75,67.54,20.05,5.75,16.0,10.0,22,67.5,75,60,154.21843434343435,2.98488121,June,July to Nov,Nov to April,1382,kidneybeans
Patuakhali,Kharif 1,Beans,187,20.75,67.54,20.05,5.75,16.0,10.0,22,67.5,75,60,207.8076923076923,0.9090909091,June,July to Nov,Nov to April,170,kidneybeans
Pirojpur,Kharif 1,Beans,326,20.75,67.54,20.05,5.75,16.0,10.0,22,67.5,75,60,175.42564102564103,1.77607362,June,July to Nov,Nov to April,579,kidneybeans
Rajbari,Kharif 1,Beans,468,20.75,67.54,20.05,5.75,16.0,10.0,22,67.5,75,60,155.864898989899,2.446581197,June,July to Nov,Nov to April,1145,kidneybeans
Rajshahi,Kharif 1,Beans,1097,20.75,67.54,20.05,5.75,16.0,10.0,22,67.5,75,60,124.92,3.835004558,June,July to Nov,Nov to April,4207,kidneybeans
Rangamati,Kharif 1,Beans,634,20.75,67.54,20.05,5.75,16.0,10.0,22,67.5,75,60,204.11111111111111,1.430599369,June,July to Nov,Nov to April,907,kidneybeans
Rangpur,Kharif 1,Beans,544,20.75,67.54,20.05,5.75,16.0,10.0,22,67.5,75,60,179.6013888888889,1.709558824,June,July to Nov,Nov to April,930,kidneybeans
Satkhira,Kharif 1,Beans,689,20.75,67.54,20.05,5.75,16.0,10.0,22,67.5,75,60,140.35353535353536,2.534107402,June,July to Nov,Nov to April,1746,kidneybeans
Shariatpur,Kharif 1,Beans,398,20.75,67.54,20.05,5.75,16.0,10.0,22,67.5,75,60,155.864898989899,2.180904523,June,July to Nov,Nov to April,868,kidneybeans
Sherpur,Kharif 1,Beans,533,20.75,67.54,20.05,5.75,16.0,10.0,22,67.5,75,60,181.08838383838383,3.150093809,June,July to Nov,Nov to April,1679,kidneybeans
Sirajganj,Kharif 1,Beans,490,20.75,67.54,20.05,5.75,16.0,10.0,22,67.5,75,60,142.85416666666666,2.259183673,June,July to Nov,Nov to April,1107,kidneybeans
Sunamganj,Kharif 1,Beans,1620,20.75,67.54,20.05,5.75,16.0,10.0,22,67.5,75,60,333.72557471264366,8.634567901,June,July to Nov,Nov to April,13988,kidneybeans
Sylhet,Kharif 1,Beans,2305,20.75,67.54,20.05,5.75,16.0,10.0,22,67.5,75,60,333.72557471264366,2.321475054,June,July to Nov,Nov to April,5351,kidneybeans
Tangail,Kharif 1,Beans,1887,20.75,67.54,20.05,5.75,16.0,10.0,22,67.5,75,60,153.4104938271605,1.815050344,June,July to Nov,Nov to April,3425,kidneybeans
Thakurgaon,Kharif 1,Beans,376,20.75,67.54,20.05,5.75,16.0,10.0,22,67.5,75,60,154.21843434343435,2.321808511,June,July to Nov,Nov to April,873,kidneybeans
Bagerhat,Kharif 2,Betelnut,4459,21.98,16.93,30.59,5.98,30.0,25.0,35,80.0,90,70,144.96843434343435,2.112805562,July,Aug to Jan,Jan to March,9421,coconut
Bandarban,Kharif 2,Betelnut,131,21.98,16.93,30.59,5.98,30.0,25.0,35,80.0,90,70,243.94444444444449,1.618320611,July,Aug to Jan,Jan to March,212,coconut
Barguna,Kharif 2,Betelnut,18624,21.98,16.93,30.59,5.98,30.0,25.0,35,80.0,90,70,207.8076923076923,0.06894329897,July,Aug to Jan,Jan to March,1284,coconut
Barishal,Kharif 2,Betelnut,6424,21.98,16.93,30.59,5.98,30.0,25.0,35,80.0,90,70,175.42564102564103,0.4403798257,July,Aug to Jan,Jan to March,2829,coconut
Bhola,Kharif 2,Betelnut,6031,21.98,16.93,30.59,5.98,30.0,25.0,35,80.0,90,70,185.23090277777777,1.975791743,July,Aug to Jan,Jan to March,11916,coconut
Bogura,Kharif 2,Betelnut,221,21.98,16.93,30.59,5.98,30.0,25.0,35,80.0,90,70,142.85416666666666,2.972850679,July,Aug to Jan,Jan to March,657,coconut
Brahmanbaria,Kharif 2,Betelnut,483,21.98,16.93,30.59,5.98,30.0,25.0,35,80.0,90,70,185.75631313131316,2.389233954,July,Aug to Jan,Jan to March,1154,coconut
Chandpur,Kharif 2,Betelnut,614,21.98,16.93,30.59,5.98,30.0,25.0,35,80.0,90,70,168.796875,4.319218241,July,Aug to Jan,Jan to March,2652,coconut
Chapai Nawabganj,Kharif 2,Betelnut,12,21.98,16.93,30.59,5.98,30.0,25.0,35,80.0,90,70,124.92,1.75,July,Aug to Jan,Jan to March,21,coconut
Chattogram,Kharif 2,Betelnut,1067,21.98,16.93,30.59,5.98,30.0,25.0,35,80.0,90,70,243.94444444444449,9.997188379,July,Aug to Jan,Jan to March,10667,coconut
Chuadanga,Kharif 2,Betelnut,77,21.98,16.93,30.59,5.98,30.0,25.0,35,80.0,90,70,129.44444444444446,6.363636364,July,Aug to Jan,Jan to March,490,coconut
CoxsBazar,Kharif 2,Betelnut,10171,21.98,16.93,30.59,5.98,30.0,25.0,35,80.0,90,70,303.40277777777777,5.466129191,July,Aug to Jan,Jan to March,55596,coconut
Cumilla,Kharif 2,Betelnut,466,21.98,16.93,30.59,5.98,30.0,25.0,35,80.0,90,70,185.75631313131316,3.418454936,July,Aug to Jan,Jan to March,1593,coconut
Dhaka,Kharif 2,Betelnut,255,21.98,16.93,30.59,5.98,30.0,25.0,35,80.0,90,70,169.94262295081967,3.925490196,July,Aug to Jan,Jan to March,1001,coconut
Dinajpur,Kharif 2,Betelnut,154,21.98,16.93,30.59,5.98,30.0,25.0,35,80.0,90,70,154.21843434343435,6.350649351,July,Aug to Jan,Jan to March,978,coconut
Faridpur,Kharif 2,Betelnut,177,21.98,16.93,30.59,5.98,30.0,25.0,35,80.0,90,70,155.864898989899,4.615819209,July,Aug to Jan,Jan to March,817,coconut
Feni,Kharif 2,Betelnut,3289,21.98,16.93,30.59,5.98,30.0,25.0,35,80.0,90,70,248.1727642276423,0.6141684403,July,Aug to Jan,Jan to March,2020,coconut
Gaibandha,Kharif 2,Betelnut,864,21.98,16.93,30.59,5.98,30.0,25.0,35,80.0,90,70,179.6013888888889,5.047453704,July,Aug to Jan,Jan to March,4361,coconut
Gazipur,Kharif 2,Betelnut,777,21.98,16.93,30.59,5.98,30.0,25.0,35,80.0,90,70,169.94262295081967,1.812097812,July,Aug to Jan,Jan to March,1408,coconut
Gopalganj,Kharif 2,Betelnut,553,21.98,16.93,30.59,5.98,30.0,25.0,35,80.0,90,70,155.864898989899,0.9981916817,July,Aug to Jan,Jan to March,552,coconut
Habiganj,Kharif 2,Betelnut,214,21.98,16.93,30.59,5.98,30.0,25.0,35,80.0,90,70,333.72557471264366,4.294392523,July,Aug to Jan,Jan to March,919,coconut
Jamalpur,Kharif 2,Betelnut,1948,21.98,16.93,30.59,5.98,30.0,25.0,35,80.0,90,70,181.08838383838383,1.391170431,July,Aug to Jan,Jan to March,2710,coconut
Jashore,Kharif 2,Betelnut,1026,21.98,16.93,30.59,5.98,30.0,25.0,35,80.0,90,70,134.2247474747475,1.263157895,July,Aug to Jan,Jan to March,1296,coconut
Jhallokati,Kharif 2,Betelnut,1896,21.98,16.93,30.59,5.98,30.0,25.0,35,80.0,90,70,175.42564102564103,1.19092827,July,Aug to Jan,Jan to March,2258,coconut
Jhenaidah,Kharif 2,Betelnut,296,21.98,16.93,30.59,5.98,30.0,25.0,35,80.0,90,70,134.2247474747475,2.138513514,July,Aug to Jan,Jan to March,633,coconut
Joypurhat,Kharif 2,Betelnut,53,21.98,16.93,30.59,5.98,30.0,25.0,35,80.0,90,70,142.85416666666666,1.320754717,July,Aug to Jan,Jan to March,70,coconut
Khagrachari,Kharif 2,Betelnut,412,21.98,16.93,30.59,5.98,30.0,25.0,35,80.0,90,70,204.11111111111111,0.7839805825,July,Aug to Jan,Jan to March,323,coconut
Khulna,Kharif 2,Betelnut,151,21.98,16.93,30.59,5.98,30.0,25.0,35,80.0,90,70,144.96843434343435,18.49006623,July,Aug to Jan,Jan to March,2792,coconut
Kishoreganj,Kharif 2,Betelnut,569,21.98,16.93,30.59,5.98,30.0,25.0,35,80.0,90,70,181.08838383838383,1.9543058,July,Aug to Jan,Jan to March,1112,coconut
Kurigram,Kharif 2,Betelnut,2158,21.98,16.93,30.59,5.98,30.0,25.0,35,80.0,90,70,179.6013888888889,3.120481928,July,Aug to Jan,Jan to March,6734,coconut
Kushtia,Kharif 2,Betelnut,333,21.98,16.93,30.59,5.98,30.0,25.0,35,80.0,90,70,129.44444444444446,5.618618619,July,Aug to Jan,Jan to March,1871,coconut
Lakshmipur,Kharif 2,Betelnut,13581,21.98,16.93,30.59,5.98,30.0,25.0,35,80.0,90,70,185.75631313131316,11.16154922,July,Aug to Jan,Jan to March,151585,coconut
Lalmonirhat,Kharif 2,Betelnut,1026,21.98,16.93,30.59,5.98,30.0,25.0,35,80.0,90,70,179.6013888888889,2.248538012,July,Aug to Jan,Jan to March,2307,coconut
Madaripur,Kharif 2,Betelnut,422,21.98,16.93,30.59,5.98,30.0,25.0,35,80.0,90,70,160.41666666666666,1.464454976,July,Aug to Jan,Jan to March,618,coconut
Magura,Kharif 2,Betelnut,317,21.98,16.93,30.59,5.98,30.0,25.0,35,80.0,90,70,134.2247474747475,1.694006309,July,Aug to Jan,Jan to March,537,coconut
Manikganj,Kharif 2,Betelnut,284,21.98,16.93,30.59,5.98,30.0,25.0,35,80.0,90,70,169.94262295081967,1.580985915,July,Aug to Jan,Jan to March,449,coconut
Meherpur,Kharif 2,Betelnut,70,21.98,16.93,30.59,5.98,30.0,25.0,35,80.0,90,70,129.44444444444446,0.9714285714,July,Aug to Jan,Jan to March,68,coconut
Moulvibazar,Kharif 2,Betelnut,1292,21.98,16.93,30.59,5.98,30.0,25.0,35,80.0,90,70,333.72557471264366,2.0874613,July,Aug to Jan,Jan to March,2697,coconut
Munshiganj,Kharif 2,Betelnut,80,21.98,16.93,30.59,5.98,30.0,25.0,35,80.0,90,70,169.94262295081967,3.0375,July,Aug to Jan,Jan to March,243,coconut
Mymensingh,Kharif 2,Betelnut,6075,21.98,16.93,30.59,5.98,30.0,25.0,35,80.0,90,70,181.08838383838383,1.135967078,July,Aug to Jan,Jan to March,6901,coconut
Naogaon,Kharif 2,Betelnut,41,21.98,16.93,30.59,5.98,30.0,25.0,35,80.0,90,70,124.92,5.268292683,July,Aug to Jan,Jan to March,216,coconut
Narail,Kharif 2,Betelnut,858,21.98,16.93,30.59,5.98,30.0,25.0,35,80.0,90,70,134.2247474747475,4.632867133,July,Aug to Jan,Jan to March,3975,coconut
Narayanganj,Kharif 2,Betelnut,53,21.98,16.93,30.59,5.98,30.0,25.0,35,80.0,90,70,169.94262295081967,2.641509434,July,Aug to Jan,Jan to March,140,coconut
Narsingdi,Kharif 2,Betelnut,80,21.98,16.93,30.59,5.98,30.0,25.0,35,80.0,90,70,169.94262295081967,3.6875,July,Aug to Jan,Jan to March,295,coconut
Natore,Kharif 2,Betelnut,431,21.98,16.93,30.59,5.98,30.0,25.0,35,80.0,90,70,124.92,6.041763341,July,Aug to Jan,Jan to March,2604,coconut
Netrokona,Kharif 2,Betelnut,5734,21.98,16.93,30.59,5.98,30.0,25.0,35,80.0,90,70,181.08838383838383,0.3032786885,July,Aug to Jan,Jan to March,1739,coconut
Nilphamari,Kharif 2,Betelnut,387,21.98,16.93,30.59,5.98,30.0,25.0,35,80.0,90,70,179.6013888888889,6.227390181,July,Aug to Jan,Jan to March,2410,coconut
Noakhali,Kharif 2,Betelnut,1709,21.98,16.93,30.59,5.98,30.0,25.0,35,80.0,90,70,185.75631313131316,2.330602692,July,Aug to Jan,Jan to March,3983,coconut
Pabna,Kharif 2,Betelnut,176,21.98,16.93,30.59,5.98,30.0,25.0,35,80.0,90,70,124.92,6.590909091,July,Aug to Jan,Jan to March,1160,coconut
Panchagar,Kharif 2,Betelnut,576,21.98,16.93,30.59,5.98,30.0,25.0,35,80.0,90,70,154.21843434343435,5.489583333,July,Aug to Jan,Jan to March,3162,coconut
Patuakhali,Kharif 2,Betelnut,3284,21.98,16.93,30.59,5.98,30.0,25.0,35,80.0,90,70,207.8076923076923,0.7898903776,July,Aug to Jan,Jan to March,2594,coconut
Pirojpur,Kharif 2,Betelnut,6776,21.98,16.93,30.59,5.98,30.0,25.0,35,80.0,90,70,175.42564102564103,0.9220779221,July,Aug to Jan,Jan to March,6248,coconut
Rajbari,Kharif 2,Betelnut,801,21.98,16.93,30.59,5.98,30.0,25.0,35,80.0,90,70,155.864898989899,2.825218477,July,Aug to Jan,Jan to March,2263,coconut
Rajshahi,Kharif 2,Betelnut,161,21.98,16.93,30.59,5.98,30.0,25.0,35,80.0,90,70,124.92,5.590062112,July,Aug to Jan,Jan to March,900,coconut
Rangamati,Kharif 2,Betelnut,307,21.98,16.93,30.59,5.98,30.0,25.0,35,80.0,90,70,204.11111111111111,2.035830619,July,Aug to Jan,Jan to March,625,coconut
Rangpur,Kharif 2,Betelnut,540,21.98,16.93,30.59,5.98,30.0,25.0,35,80.0,90,70,179.6013888888889,4.259259259,July,Aug to Jan,Jan to March,2300,coconut
Satkhira,Kharif 2,Betelnut,830,21.98,16.93,30.59,5.98,30.0,25.0,35,80.0,90,70,140.35353535353536,1.356626506,July,Aug to Jan,Jan to March,1126,coconut
Shariatpur,Kharif 2,Betelnut,344,21.98,16.93,30.59,5.98,30.0,25.0,35,80.0,90,70,155.864898989899,3.808139535,July,Aug to Jan,Jan to March,1310,coconut
Sherpur,Kharif 2,Betelnut,1466,21.98,16.93,30.59,5.98,30.0,25.0,35,80.0,90,70,181.08838383838383,1.399727149,July,Aug to Jan,Jan to March,2052,coconut
Sirajganj,Kharif 2,Betelnut,75,21.98,16.93,30.59,5.98,30.0,25.0,35,80.0,90,70,142.85416666666666,2.866666667,July,Aug to Jan,Jan to March,215,coconut
Sunamganj,Kharif 2,Betelnut,515,21.98,16.93,30.59,5.98,30.0,25.0,35,80.0,90,70,333.72557471264366,2.586407767,July,Aug to Jan,Jan to March,1332,coconut
Sylhet,Kharif 2,Betelnut,2319,21.98,16.93,30.59,5.98,30.0,25.0,35,80.0,90,70,333.72557471264366,3.110823631,July,Aug to Jan,Jan to March,7214,coconut
Tangail,Kharif 2,Betelnut,598,21.98,16.93,30.59,5.98,30.0,25.0,35,80.0,90,70,153.4104938271605,3.413043478,July,Aug to Jan,Jan to March,2041,coconut
Thakurgaon,Kharif 2,Betelnut,40,21.98,16.93,30.59,5.98,30.0,25.0,35,80.0,90,70,154.21843434343435,2.925,July,Aug to Jan,Jan to March,117,coconut
Bagerhat,Kharif 2,Black Berry,35,23.18,132.53,200.11,6.03,25.0,20.0,30,70.0,75,65,144.96843434343435,11.02857143,June,July to August,June  to September,386,grapes
Bandarban,Kharif 2,Black Berry,27,23.18,132.53,200.11,6.03,25.0,20.0,30,70.0,75,65,243.94444444444449,10.25925926,June,July to August,June  to September,277,grapes
Barguna,Kharif 2,Black Berry,186,23.18,132.53,200.11,6.03,25.0,20.0,30,70.0,75,65,207.8076923076923,0.9569892473,June,July to August,June  to September,178,grapes
Barishal,Kharif 2,Black Berry,506,23.18,132.53,200.11,6.03,25.0,20.0,30,70.0,75,65,175.42564102564103,1.62055336,June,July to August,June  to September,820,grapes
Bhola,Kharif 2,Black Berry,69,23.18,132.53,200.11,6.03,25.0,20.0,30,70.0,75,65,185.23090277777777,4.130434783,June,July to August,June  to September,285,grapes
Bogura,Kharif 2,Black Berry,170,23.18,132.53,200.11,6.03,25.0,20.0,30,70.0,75,65,142.85416666666666,10.02352941,June,July to August,June  to September,1704,grapes
Brahmanbaria,Kharif 2,Black Berry,274,23.18,132.53,200.11,6.03,25.0,20.0,30,70.0,75,65,185.75631313131316,3.386861314,June,July to August,June  to September,928,grapes
Chandpur,Kharif 2,Black Berry,68,23.18,132.53,200.11,6.03,25.0,20.0,30,70.0,75,65,168.796875,7.367647059,June,July to August,June  to September,501,grapes
Chapai Nawabganj,Kharif 2,Black Berry,70,23.18,132.53,200.11,6.03,25.0,20.0,30,70.0,75,65,124.92,1.5,June,July to August,June  to September,105,grapes
Chattogram,Kharif 2,Black Berry,464,23.18,132.53,200.11,6.03,25.0,20.0,30,70.0,75,65,243.94444444444449,3.060344828,June,July to August,June  to September,1420,grapes
Chuadanga,Kharif 2,Black Berry,52,23.18,132.53,200.11,6.03,25.0,20.0,30,70.0,75,65,129.44444444444446,2.307692308,June,July to August,June  to September,120,grapes
CoxsBazar,Kharif 2,Black Berry,57,23.18,132.53,200.11,6.03,25.0,20.0,30,70.0,75,65,303.40277777777777,14.94736842,June,July to August,June  to September,852,grapes
Cumilla,Kharif 2,Black Berry,469,23.18,132.53,200.11,6.03,25.0,20.0,30,70.0,75,65,185.75631313131316,3.268656716,June,July to August,June  to September,1533,grapes
Dhaka,Kharif 2,Black Berry,19,23.18,132.53,200.11,6.03,25.0,20.0,30,70.0,75,65,169.94262295081967,8.578947368,June,July to August,June  to September,163,grapes
Dinajpur,Kharif 2,Black Berry,111,23.18,132.53,200.11,6.03,25.0,20.0,30,70.0,75,65,154.21843434343435,5.171171171,June,July to August,June  to September,574,grapes
Faridpur,Kharif 2,Black Berry,193,23.18,132.53,200.11,6.03,25.0,20.0,30,70.0,75,65,155.864898989899,3.523316062,June,July to August,June  to September,680,grapes
Feni,Kharif 2,Black Berry,172,23.18,132.53,200.11,6.03,25.0,20.0,30,70.0,75,65,248.1727642276423,1.459302326,June,July to August,June  to September,251,grapes
Gaibandha,Kharif 2,Black Berry,89,23.18,132.53,200.11,6.03,25.0,20.0,30,70.0,75,65,179.6013888888889,3.449438202,June,July to August,June  to September,307,grapes
Gazipur,Kharif 2,Black Berry,150,23.18,132.53,200.11,6.03,25.0,20.0,30,70.0,75,65,169.94262295081967,2.62,June,July to August,June  to September,393,grapes
Gopalganj,Kharif 2,Black Berry,91,23.18,132.53,200.11,6.03,25.0,20.0,30,70.0,75,65,155.864898989899,4.417582418,June,July to August,June  to September,402,grapes
Habiganj,Kharif 2,Black Berry,688,23.18,132.53,200.11,6.03,25.0,20.0,30,70.0,75,65,333.72557471264366,1.956395349,June,July to August,June  to September,1346,grapes
Jamalpur,Kharif 2,Black Berry,774,23.18,132.53,200.11,6.03,25.0,20.0,30,70.0,75,65,181.08838383838383,2.759689922,June,July to August,June  to September,2136,grapes
Jashore,Kharif 2,Black Berry,265,23.18,132.53,200.11,6.03,25.0,20.0,30,70.0,75,65,134.2247474747475,3.403773585,June,July to August,June  to September,902,grapes
Jhallokati,Kharif 2,Black Berry,166,23.18,132.53,200.11,6.03,25.0,20.0,30,70.0,75,65,175.42564102564103,0.5301204819,June,July to August,June  to September,88,grapes
Jhenaidah,Kharif 2,Black Berry,147,23.18,132.53,200.11,6.03,25.0,20.0,30,70.0,75,65,134.2247474747475,10.26530612,June,July to August,June  to September,1509,grapes
Joypurhat,Kharif 2,Black Berry,67,23.18,132.53,200.11,6.03,25.0,20.0,30,70.0,75,65,142.85416666666666,7.402985075,June,July to August,June  to September,496,grapes
Khagrachari,Kharif 2,Black Berry,394,23.18,132.53,200.11,6.03,25.0,20.0,30,70.0,75,65,204.11111111111111,1.875634518,June,July to August,June  to September,739,grapes
Khulna,Kharif 2,Black Berry,96,23.18,132.53,200.11,6.03,25.0,20.0,30,70.0,75,65,144.96843434343435,3.270833333,June,July to August,June  to September,314,grapes
Kishoreganj,Kharif 2,Black Berry,239,23.18,132.53,200.11,6.03,25.0,20.0,30,70.0,75,65,181.08838383838383,5.410041841,June,July to August,June  to September,1293,grapes
Kurigram,Kharif 2,Black Berry,191,23.18,132.53,200.11,6.03,25.0,20.0,30,70.0,75,65,179.6013888888889,8.188481675,June,July to August,June  to September,1564,grapes
Kushtia,Kharif 2,Black Berry,1037,23.18,132.53,200.11,6.03,25.0,20.0,30,70.0,75,65,129.44444444444446,7.136933462,June,July to August,June  to September,7401,grapes
Lakshmipur,Kharif 2,Black Berry,27,23.18,132.53,200.11,6.03,25.0,20.0,30,70.0,75,65,185.75631313131316,6.0,June,July to August,June  to September,162,grapes
Lalmonirhat,Kharif 2,Black Berry,37,23.18,132.53,200.11,6.03,25.0,20.0,30,70.0,75,65,179.6013888888889,4.837837838,June,July to August,June  to September,179,grapes
Madaripur,Kharif 2,Black Berry,146,23.18,132.53,200.11,6.03,25.0,20.0,30,70.0,75,65,160.41666666666666,3.630136986,June,July to August,June  to September,530,grapes
Magura,Kharif 2,Black Berry,161,23.18,132.53,200.11,6.03,25.0,20.0,30,70.0,75,65,134.2247474747475,4.074534161,June,July to August,June  to September,656,grapes
Manikganj,Kharif 2,Black Berry,188,23.18,132.53,200.11,6.03,25.0,20.0,30,70.0,75,65,169.94262295081967,1.734042553,June,July to August,June  to September,326,grapes
Meherpur,Kharif 2,Black Berry,102,23.18,132.53,200.11,6.03,25.0,20.0,30,70.0,75,65,129.44444444444446,2.215686275,June,July to August,June  to September,226,grapes
Moulvibazar,Kharif 2,Black Berry,102,23.18,132.53,200.11,6.03,25.0,20.0,30,70.0,75,65,333.72557471264366,4.333333333,June,July to August,June  to September,442,grapes
Munshiganj,Kharif 2,Black Berry,16,23.18,132.53,200.11,6.03,25.0,20.0,30,70.0,75,65,169.94262295081967,6.5625,June,July to August,June  to September,105,grapes
Mymensingh,Kharif 2,Black Berry,1225,23.18,132.53,200.11,6.03,25.0,20.0,30,70.0,75,65,181.08838383838383,3.000816327,June,July to August,June  to September,3676,grapes
Naogaon,Kharif 2,Black Berry,130,23.18,132.53,200.11,6.03,25.0,20.0,30,70.0,75,65,124.92,3.753846154,June,July to August,June  to September,488,grapes
Narail,Kharif 2,Black Berry,80,23.18,132.53,200.11,6.03,25.0,20.0,30,70.0,75,65,134.2247474747475,2.8375,June,July to August,June  to September,227,grapes
Narayanganj,Kharif 2,Black Berry,10,23.18,132.53,200.11,6.03,25.0,20.0,30,70.0,75,65,169.94262295081967,12.2,June,July to August,June  to September,122,grapes
Narsingdi,Kharif 2,Black Berry,39,23.18,132.53,200.11,6.03,25.0,20.0,30,70.0,75,65,169.94262295081967,13.07692308,June,July to August,June  to September,510,grapes
Natore,Kharif 2,Black Berry,217,23.18,132.53,200.11,6.03,25.0,20.0,30,70.0,75,65,124.92,8.516129032,June,July to August,June  to September,1848,grapes
Netrokona,Kharif 2,Black Berry,526,23.18,132.53,200.11,6.03,25.0,20.0,30,70.0,75,65,181.08838383838383,3.899239544,June,July to August,June  to September,2051,grapes
Nilphamari,Kharif 2,Black Berry,62,23.18,132.53,200.11,6.03,25.0,20.0,30,70.0,75,65,179.6013888888889,9.774193548,June,July to August,June  to September,606,grapes
Noakhali,Kharif 2,Black Berry,51,23.18,132.53,200.11,6.03,25.0,20.0,30,70.0,75,65,185.75631313131316,2.274509804,June,July to August,June  to September,116,grapes
Pabna,Kharif 2,Black Berry,196,23.18,132.53,200.11,6.03,25.0,20.0,30,70.0,75,65,124.92,4.219387755,June,July to August,June  to September,827,grapes
Panchagar,Kharif 2,Black Berry,78,23.18,132.53,200.11,6.03,25.0,20.0,30,70.0,75,65,154.21843434343435,6.346153846,June,July to August,June  to September,495,grapes
Patuakhali,Kharif 2,Black Berry,144,23.18,132.53,200.11,6.03,25.0,20.0,30,70.0,75,65,207.8076923076923,1.354166667,June,July to August,June  to September,195,grapes
Pirojpur,Kharif 2,Black Berry,75,23.18,132.53,200.11,6.03,25.0,20.0,30,70.0,75,65,175.42564102564103,1.266666667,June,July to August,June  to September,95,grapes
Rajbari,Kharif 2,Black Berry,258,23.18,132.53,200.11,6.03,25.0,20.0,30,70.0,75,65,155.864898989899,11.76744186,June,July to August,June  to September,3036,grapes
Rajshahi,Kharif 2,Black Berry,138,23.18,132.53,200.11,6.03,25.0,20.0,30,70.0,75,65,124.92,4.101449275,June,July to August,June  to September,566,grapes
Rangamati,Kharif 2,Black Berry,374,23.18,132.53,200.11,6.03,25.0,20.0,30,70.0,75,65,204.11111111111111,1.454545455,June,July to August,June  to September,544,grapes
Rangpur,Kharif 2,Black Berry,52,23.18,132.53,200.11,6.03,25.0,20.0,30,70.0,75,65,179.6013888888889,16.23076923,June,July to August,June  to September,844,grapes
Satkhira,Kharif 2,Black Berry,561,23.18,132.53,200.11,6.03,25.0,20.0,30,70.0,75,65,140.35353535353536,3.251336898,June,July to August,June  to September,1824,grapes
Shariatpur,Kharif 2,Black Berry,164,23.18,132.53,200.11,6.03,25.0,20.0,30,70.0,75,65,155.864898989899,2.445121951,June,July to August,June  to September,401,grapes
Sherpur,Kharif 2,Black Berry,237,23.18,132.53,200.11,6.03,25.0,20.0,30,70.0,75,65,181.08838383838383,3.383966245,June,July to August,June  to September,802,grapes
Sirajganj,Kharif 2,Black Berry,56,23.18,132.53,200.11,6.03,25.0,20.0,30,70.0,75,65,142.85416666666666,10.75,June,July to August,June  to September,602,grapes
Sunamganj,Kharif 2,Black Berry,453,23.18,132.53,200.11,6.03,25.0,20.0,30,70.0,75,65,333.72557471264366,7.545253863,June,July to August,June  to September,3418,grapes
Sylhet,Kharif 2,Black Berry,361,23.18,132.53,200.11,6.03,25.0,20.0,30,70.0,75,65,333.72557471264366,0.811634349,June,July to August,June  to September,293,grapes
Tangail,Kharif 2,Black Berry,80,23.18,132.53,200.11,6.03,25.0,20.0,30,70.0,75,65,153.4104938271605,6.3875,June,July to August,June  to September,511,grapes
Thakurgaon,Kharif 2,Black Berry,46,23.18,132.53,200.11,6.03,25.0,20.0,30,70.0,75,65,154.21843434343435,11.06521739,June,July to August,June  to September,509,grapes
Bagerhat,Rabi,Boro,145439,79.89,47.58,39.87,6.43,26.0,12.0,40,72.5,85,60,144.96843434343435,1.847881242,Nov,Dec to March,April,268754,rice
Bandarban,Rabi,Boro,15427,79.89,47.58,39.87,6.43,26.0,12.0,40,72.5,85,60,243.94444444444449,1.563233292,Nov,Dec to March,April,24116,rice
Barguna,Rabi,Boro,17220,79.89,47.58,39.87,6.43,26.0,12.0,40,72.5,85,60,207.8076923076923,1.317073171,Nov,Dec to March,April,22680,rice
Barishal,Rabi,Boro,130120,79.89,47.58,39.87,6.43,26.0,12.0,40,72.5,85,60,175.42564102564103,1.61278051,Nov,Dec to March,April,209855,rice
Bhola,Rabi,Boro,93653,79.89,47.58,39.87,6.43,26.0,12.0,40,72.5,85,60,185.23090277777777,1.548791817,Nov,Dec to March,April,145049,rice
Bogura,Rabi,Boro,457983,79.89,47.58,39.87,6.43,26.0,12.0,40,72.5,85,60,142.85416666666666,1.571584535,Nov,Dec to March,April,719759,rice
Brahmanbaria,Rabi,Boro,276814,79.89,47.58,39.87,6.43,26.0,12.0,40,72.5,85,60,185.75631313131316,1.86520913,Nov,Dec to March,April,516316,rice
Chandpur,Rabi,Boro,150393,79.89,47.58,39.87,6.43,26.0,12.0,40,72.5,85,60,168.796875,1.659046631,Nov,Dec to March,April,249509,rice
Chapai Nawabganj,Rabi,Boro,118339,79.89,47.58,39.87,6.43,26.0,12.0,40,72.5,85,60,124.92,1.802803809,Nov,Dec to March,April,213342,rice
Chattogram,Rabi,Boro,155621,79.89,47.58,39.87,6.43,26.0,12.0,40,72.5,85,60,243.94444444444449,1.620880215,Nov,Dec to March,April,252243,rice
Chuadanga,Rabi,Boro,82100,79.89,47.58,39.87,6.43,26.0,12.0,40,72.5,85,60,129.44444444444446,1.524445798,Nov,Dec to March,April,125157,rice
CoxsBazar,Rabi,Boro,128735,79.89,47.58,39.87,6.43,26.0,12.0,40,72.5,85,60,303.40277777777777,1.600504913,Nov,Dec to March,April,206041,rice
Cumilla,Rabi,Boro,369206,79.89,47.58,39.87,6.43,26.0,12.0,40,72.5,85,60,185.75631313131316,1.784729934,Nov,Dec to March,April,658933,rice
Dhaka,Rabi,Boro,110401,79.89,47.58,39.87,6.43,26.0,12.0,40,72.5,85,60,169.94262295081967,1.864394344,Nov,Dec to March,April,205831,rice
Dinajpur,Rabi,Boro,429961,79.89,47.58,39.87,6.43,26.0,12.0,40,72.5,85,60,154.21843434343435,1.655352462,Nov,Dec to March,April,711737,rice
Faridpur,Rabi,Boro,56903,79.89,47.58,39.87,6.43,26.0,12.0,40,72.5,85,60,155.864898989899,1.868056166,Nov,Dec to March,April,106298,rice
Feni,Rabi,Boro,66737,79.89,47.58,39.87,6.43,26.0,12.0,40,72.5,85,60,248.1727642276423,1.47762111,Nov,Dec to March,April,98612,rice
Gaibandha,Rabi,Boro,321264,79.89,47.58,39.87,6.43,26.0,12.0,40,72.5,85,60,179.6013888888889,1.630549953,Nov,Dec to March,April,523837,rice
Gazipur,Rabi,Boro,146748,79.89,47.58,39.87,6.43,26.0,12.0,40,72.5,85,60,169.94262295081967,1.755812686,Nov,Dec to March,April,257662,rice
Gopalganj,Rabi,Boro,183726,79.89,47.58,39.87,6.43,26.0,12.0,40,72.5,85,60,155.864898989899,1.994410154,Nov,Dec to March,April,366425,rice
Habiganj,Rabi,Boro,295677,79.89,47.58,39.87,6.43,26.0,12.0,40,72.5,85,60,333.72557471264366,1.479824268,Nov,Dec to March,April,437550,rice
Jamalpur,Rabi,Boro,322186,79.89,47.58,39.87,6.43,26.0,12.0,40,72.5,85,60,181.08838383838383,1.711852781,Nov,Dec to March,April,551535,rice
Jashore,Rabi,Boro,388502,79.89,47.58,39.87,6.43,26.0,12.0,40,72.5,85,60,134.2247474747475,1.809630324,Nov,Dec to March,April,703045,rice
Jhallokati,Rabi,Boro,26405,79.89,47.58,39.87,6.43,26.0,12.0,40,72.5,85,60,175.42564102564103,1.516265859,Nov,Dec to March,April,40037,rice
Jhenaidah,Rabi,Boro,197602,79.89,47.58,39.87,6.43,26.0,12.0,40,72.5,85,60,134.2247474747475,1.720068623,Nov,Dec to March,April,339889,rice
Joypurhat,Rabi,Boro,169581,79.89,47.58,39.87,6.43,26.0,12.0,40,72.5,85,60,142.85416666666666,1.645367111,Nov,Dec to March,April,279023,rice
Khagrachari,Rabi,Boro,26856,79.89,47.58,39.87,6.43,26.0,12.0,40,72.5,85,60,204.11111111111111,1.548555258,Nov,Dec to March,April,41588,rice
Khulna,Rabi,Boro,142077,79.89,47.58,39.87,6.43,26.0,12.0,40,72.5,85,60,144.96843434343435,1.712261661,Nov,Dec to March,April,243273,rice
Kishoreganj,Rabi,Boro,403798,79.89,47.58,39.87,6.43,26.0,12.0,40,72.5,85,60,181.08838383838383,1.720010996,Nov,Dec to March,April,694537,rice
Kurigram,Rabi,Boro,276736,79.89,47.58,39.87,6.43,26.0,12.0,40,72.5,85,60,179.6013888888889,1.607156279,Nov,Dec to March,April,444758,rice
Kushtia,Rabi,Boro,86620,79.89,47.58,39.87,6.43,26.0,12.0,40,72.5,85,60,129.44444444444446,1.725202032,Nov,Dec to March,April,149437,rice
Lakshmipur,Rabi,Boro,76552,79.89,47.58,39.87,6.43,26.0,12.0,40,72.5,85,60,185.75631313131316,1.571219563,Nov,Dec to March,April,120280,rice
Lalmonirhat,Rabi,Boro,114112,79.89,47.58,39.87,6.43,26.0,12.0,40,72.5,85,60,179.6013888888889,1.681689919,Nov,Dec to March,April,191901,rice
Madaripur,Rabi,Boro,80650,79.89,47.58,39.87,6.43,26.0,12.0,40,72.5,85,60,160.41666666666666,1.722083075,Nov,Dec to March,April,138886,rice
Magura,Rabi,Boro,86301,79.89,47.58,39.87,6.43,26.0,12.0,40,72.5,85,60,134.2247474747475,1.535497851,Nov,Dec to March,April,132515,rice
Manikganj,Rabi,Boro,118316,79.89,47.58,39.87,6.43,26.0,12.0,40,72.5,85,60,169.94262295081967,1.956793671,Nov,Dec to March,April,231520,rice
Meherpur,Rabi,Boro,47938,79.89,47.58,39.87,6.43,26.0,12.0,40,72.5,85,60,129.44444444444446,1.607493012,Nov,Dec to March,April,77060,rice
Moulvibazar,Rabi,Boro,138015,79.89,47.58,39.87,6.43,26.0,12.0,40,72.5,85,60,333.72557471264366,1.312603702,Nov,Dec to March,April,181159,rice
Munshiganj,Rabi,Boro,56700,79.89,47.58,39.87,6.43,26.0,12.0,40,72.5,85,60,169.94262295081967,1.787407407,Nov,Dec to March,April,101346,rice
Mymensingh,Rabi,Boro,645176,79.89,47.58,39.87,6.43,26.0,12.0,40,72.5,85,60,181.08838383838383,1.669687031,Nov,Dec to March,April,1077242,rice
Naogaon,Rabi,Boro,458122,79.89,47.58,39.87,6.43,26.0,12.0,40,72.5,85,60,124.92,1.787063271,Nov,Dec to March,April,818693,rice
Narail,Rabi,Boro,116842,79.89,47.58,39.87,6.43,26.0,12.0,40,72.5,85,60,134.2247474747475,1.849668783,Nov,Dec to March,April,216119,rice
Narayanganj,Rabi,Boro,49627,79.89,47.58,39.87,6.43,26.0,12.0,40,72.5,85,60,169.94262295081967,1.741431076,Nov,Dec to March,April,86422,rice
Narsingdi,Rabi,Boro,132083,79.89,47.58,39.87,6.43,26.0,12.0,40,72.5,85,60,169.94262295081967,1.603143478,Nov,Dec to March,April,211748,rice
Natore,Rabi,Boro,148250,79.89,47.58,39.87,6.43,26.0,12.0,40,72.5,85,60,124.92,1.742569983,Nov,Dec to March,April,258336,rice
Netrokona,Rabi,Boro,449438,79.89,47.58,39.87,6.43,26.0,12.0,40,72.5,85,60,181.08838383838383,1.668539376,Nov,Dec to March,April,749905,rice
Nilphamari,Rabi,Boro,204505,79.89,47.58,39.87,6.43,26.0,12.0,40,72.5,85,60,179.6013888888889,1.762934892,Nov,Dec to March,April,360529,rice
Noakhali,Rabi,Boro,166632,79.89,47.58,39.87,6.43,26.0,12.0,40,72.5,85,60,185.75631313131316,1.874573911,Nov,Dec to March,April,312364,rice
Pabna,Rabi,Boro,134501,79.89,47.58,39.87,6.43,26.0,12.0,40,72.5,85,60,124.92,1.747830871,Nov,Dec to March,April,235085,rice
Panchagar,Rabi,Boro,77506,79.89,47.58,39.87,6.43,26.0,12.0,40,72.5,85,60,154.21843434343435,1.550641241,Nov,Dec to March,April,120184,rice
Patuakhali,Rabi,Boro,2655,79.89,47.58,39.87,6.43,26.0,12.0,40,72.5,85,60,207.8076923076923,1.324670433,Nov,Dec to March,April,3517,rice
Pirojpur,Rabi,Boro,56336,79.89,47.58,39.87,6.43,26.0,12.0,40,72.5,85,60,175.42564102564103,1.710469327,Nov,Dec to March,April,96361,rice
Rajbari,Rabi,Boro,32310,79.89,47.58,39.87,6.43,26.0,12.0,40,72.5,85,60,155.864898989899,1.71999381,Nov,Dec to March,April,55573,rice
Rajshahi,Rabi,Boro,161465,79.89,47.58,39.87,6.43,26.0,12.0,40,72.5,85,60,124.92,1.643080544,Nov,Dec to March,April,265300,rice
Rangamati,Rabi,Boro,17437,79.89,47.58,39.87,6.43,26.0,12.0,40,72.5,85,60,204.11111111111111,1.615816941,Nov,Dec to March,April,28175,rice
Rangpur,Rabi,Boro,326394,79.89,47.58,39.87,6.43,26.0,12.0,40,72.5,85,60,179.6013888888889,1.797211346,Nov,Dec to March,April,586599,rice
Satkhira,Rabi,Boro,185546,79.89,47.58,39.87,6.43,26.0,12.0,40,72.5,85,60,140.35353535353536,1.593098207,Nov,Dec to March,April,295593,rice
Shariatpur,Rabi,Boro,64104,79.89,47.58,39.87,6.43,26.0,12.0,40,72.5,85,60,155.864898989899,1.880912268,Nov,Dec to March,April,120574,rice
Sherpur,Rabi,Boro,225451,79.89,47.58,39.87,6.43,26.0,12.0,40,72.5,85,60,181.08838383838383,1.672864614,Nov,Dec to March,April,377149,rice
Sirajganj,Rabi,Boro,347176,79.89,47.58,39.87,6.43,26.0,12.0,40,72.5,85,60,142.85416666666666,1.710895914,Nov,Dec to March,April,593982,rice
Sunamganj,Rabi,Boro,546442,79.89,47.58,39.87,6.43,26.0,12.0,40,72.5,85,60,333.72557471264366,1.500594757,Nov,Dec to March,April,819988,rice
Sylhet,Rabi,Boro,204408,79.89,47.58,39.87,6.43,26.0,12.0,40,72.5,85,60,333.72557471264366,1.225470627,Nov,Dec to March,April,250496,rice
Tangail,Rabi,Boro,420470,79.89,47.58,39.87,6.43,26.0,12.0,40,72.5,85,60,153.4104938271605,1.74931862,Nov,Dec to March,April,735536,rice
Thakurgaon,Rabi,Boro,144862,79.89,47.58,39.87,6.43,26.0,12.0,40,72.5,85,60,154.21843434343435,1.576106916,Nov,Dec to March,April,228318,rice
Bagerhat,Rabi,Boroi,716,20.07,27.18,29.92,5.77,20.0,15.0,25,60.0,70,50,144.96843434343435,1.477653631,July,No need to do,February to March,1058,mango
Bandarban,Rabi,Boroi,312,20.07,27.18,29.92,5.77,20.0,15.0,25,60.0,70,50,243.94444444444449,1.727564103,July,No need to do,February to March,539,mango
Barguna,Rabi,Boroi,503,20.07,27.18,29.92,5.77,20.0,15.0,25,60.0,70,50,207.8076923076923,1.0,February,No need to do,February to March,503,mango
Barishal,Rabi,Boroi,333,20.07,27.18,29.92,5.77,20.0,15.0,25,60.0,70,50,175.42564102564103,1.501501502,February,No need to do,February to March,500,mango
Bhola,Rabi,Boroi,310,20.07,27.18,29.92,5.77,20.0,15.0,25,60.0,70,50,185.23090277777777,1.367741935,March,No need to do,February to March,424,mango
Bogura,Rabi,Boroi,950,20.07,27.18,29.92,5.77,20.0,15.0,25,60.0,70,50,142.85416666666666,3.162105263,September,No need to do,February to March,3004,mango
Brahmanbaria,Rabi,Boroi,350,20.07,27.18,29.92,5.77,20.0,15.0,25,60.0,70,50,185.75631313131316,3.294285714,August,No need to do,February to March,1153,mango
Chandpur,Rabi,Boroi,200,20.07,27.18,29.92,5.77,20.0,15.0,25,60.0,70,50,168.796875,2.96,September,No need to do,February to March,592,mango
Chapai Nawabganj,Rabi,Boroi,780,20.07,27.18,29.92,5.77,20.0,15.0,25,60.0,70,50,124.92,3.51025641,January,No need to do,February to March,2738,mango
Chattogram,Rabi,Boroi,2186,20.07,27.18,29.92,5.77,20.0,15.0,25,60.0,70,50,243.94444444444449,1.838975297,October,No need to do,February to March,4020,mango
Chuadanga,Rabi,Boroi,785,20.07,27.18,29.92,5.77,20.0,15.0,25,60.0,70,50,129.44444444444446,2.625477707,August,No need to do,February to March,2061,mango
CoxsBazar,Rabi,Boroi,300,20.07,27.18,29.92,5.77,20.0,15.0,25,60.0,70,50,303.40277777777777,10.31666667,December,No need to do,February to March,3095,mango
Cumilla,Rabi,Boroi,1526,20.07,27.18,29.92,5.77,20.0,15.0,25,60.0,70,50,185.75631313131316,2.81061599,November,No need to do,February to March,4289,mango
Dhaka,Rabi,Boroi,700,20.07,27.18,29.92,5.77,20.0,15.0,25,60.0,70,50,169.94262295081967,2.237142857,June,No need to do,February to March,1566,mango
Dinajpur,Rabi,Boroi,490,20.07,27.18,29.92,5.77,20.0,15.0,25,60.0,70,50,154.21843434343435,2.328571429,May,No need to do,February to March,1141,mango
Faridpur,Rabi,Boroi,500,20.07,27.18,29.92,5.77,20.0,15.0,25,60.0,70,50,155.864898989899,1.396,July,No need to do,February to March,698,mango
Feni,Rabi,Boroi,220,20.07,27.18,29.92,5.77,20.0,15.0,25,60.0,70,50,248.1727642276423,1.581818182,January,No need to do,February to March,348,mango
Gaibandha,Rabi,Boroi,300,20.07,27.18,29.92,5.77,20.0,15.0,25,60.0,70,50,179.6013888888889,1.733333333,June,No need to do,February to March,520,mango
Gazipur,Rabi,Boroi,300,20.07,27.18,29.92,5.77,20.0,15.0,25,60.0,70,50,169.94262295081967,1.99,August,No need to do,February to March,597,mango
Gopalganj,Rabi,Boroi,503,20.07,27.18,29.92,5.77,20.0,15.0,25,60.0,70,50,155.864898989899,1.435387674,September,No need to do,February to March,722,mango
Habiganj,Rabi,Boroi,181,20.07,27.18,29.92,5.77,20.0,15.0,25,60.0,70,50,333.72557471264366,3.049723757,January,No need to do,February to March,552,mango
Jamalpur,Rabi,Boroi,950,20.07,27.18,29.92,5.77,20.0,15.0,25,60.0,70,50,181.08838383838383,2.788421053,May,No need to do,February to March,2649,mango
Jashore,Rabi,Boroi,1100,20.07,27.18,29.92,5.77,20.0,15.0,25,60.0,70,50,134.2247474747475,3.161818182,September,No need to do,February to March,3478,mango
Jhallokati,Rabi,Boroi,447,20.07,27.18,29.92,5.77,20.0,15.0,25,60.0,70,50,175.42564102564103,1.418344519,April,No need to do,February to March,634,mango
Jhenaidah,Rabi,Boroi,700,20.07,27.18,29.92,5.77,20.0,15.0,25,60.0,70,50,134.2247474747475,3.067142857,October,No need to do,February to March,2147,mango
Joypurhat,Rabi,Boroi,450,20.07,27.18,29.92,5.77,20.0,15.0,25,60.0,70,50,142.85416666666666,3.68,October,No need to do,February to March,1656,mango
Khagrachari,Rabi,Boroi,332,20.07,27.18,29.92,5.77,20.0,15.0,25,60.0,70,50,204.11111111111111,2.262048193,February,No need to do,February to March,751,mango
Khulna,Rabi,Boroi,550,20.07,27.18,29.92,5.77,20.0,15.0,25,60.0,70,50,144.96843434343435,1.967272727,November,No need to do,February to March,1082,mango
Kishoreganj,Rabi,Boroi,470,20.07,27.18,29.92,5.77,20.0,15.0,25,60.0,70,50,181.08838383838383,3.391489362,October,No need to do,February to March,1594,mango
Kurigram,Rabi,Boroi,120,20.07,27.18,29.92,5.77,20.0,15.0,25,60.0,70,50,179.6013888888889,3.333333333,July,No need to do,February to March,400,mango
Kushtia,Rabi,Boroi,1400,20.07,27.18,29.92,5.77,20.0,15.0,25,60.0,70,50,129.44444444444446,2.250714286,December,No need to do,February to March,3151,mango
Lakshmipur,Rabi,Boroi,265,20.07,27.18,29.92,5.77,20.0,15.0,25,60.0,70,50,185.75631313131316,2.505660377,March,No need to do,February to March,664,mango
Lalmonirhat,Rabi,Boroi,200,20.07,27.18,29.92,5.77,20.0,15.0,25,60.0,70,50,179.6013888888889,1.15,August,No need to do,February to March,230,mango
Madaripur,Rabi,Boroi,400,20.07,27.18,29.92,5.77,20.0,15.0,25,60.0,70,50,160.41666666666666,3.615,November,No need to do,February to March,1446,mango
Magura,Rabi,Boroi,1300,20.07,27.18,29.92,5.77,20.0,15.0,25,60.0,70,50,134.2247474747475,1.868461538,January,No need to do,February to March,2429,mango
Manikganj,Rabi,Boroi,371,20.07,27.18,29.92,5.77,20.0,15.0,25,60.0,70,50,169.94262295081967,2.142857143,December,No need to do,February to March,795,mango
Meherpur,Rabi,Boroi,400,20.07,27.18,29.92,5.77,20.0,15.0,25,60.0,70,50,129.44444444444446,2.45,February,No need to do,February to March,980,mango
Moulvibazar,Rabi,Boroi,390,20.07,27.18,29.92,5.77,20.0,15.0,25,60.0,70,50,333.72557471264366,4.907692308,February,No need to do,February to March,1914,mango
Munshiganj,Rabi,Boroi,150,20.07,27.18,29.92,5.77,20.0,15.0,25,60.0,70,50,169.94262295081967,2.153333333,January,No need to do,February to March,323,mango
Mymensingh,Rabi,Boroi,2032,20.07,27.18,29.92,5.77,20.0,15.0,25,60.0,70,50,181.08838383838383,3.146653543,June,No need to do,February to March,6394,mango
Naogaon,Rabi,Boroi,600,20.07,27.18,29.92,5.77,20.0,15.0,25,60.0,70,50,124.92,4.838333333,November,No need to do,February to March,2903,mango
Narail,Rabi,Boroi,600,20.07,27.18,29.92,5.77,20.0,15.0,25,60.0,70,50,134.2247474747475,2.08,March,No need to do,February to March,1248,mango
Narayanganj,Rabi,Boroi,200,20.07,27.18,29.92,5.77,20.0,15.0,25,60.0,70,50,169.94262295081967,2.055,February,No need to do,February to March,411,mango
Narsingdi,Rabi,Boroi,376,20.07,27.18,29.92,5.77,20.0,15.0,25,60.0,70,50,169.94262295081967,2.106382979,March,No need to do,February to March,792,mango
Natore,Rabi,Boroi,900,20.07,27.18,29.92,5.77,20.0,15.0,25,60.0,70,50,124.92,3.328888889,December,No need to do,February to March,2996,mango
Netrokona,Rabi,Boroi,361,20.07,27.18,29.92,5.77,20.0,15.0,25,60.0,70,50,181.08838383838383,6.202216066,July,No need to do,February to March,2239,mango
Nilphamari,Rabi,Boroi,650,20.07,27.18,29.92,5.77,20.0,15.0,25,60.0,70,50,179.6013888888889,3.141538462,September,No need to do,February to March,2042,mango
Noakhali,Rabi,Boroi,300,20.07,27.18,29.92,5.77,20.0,15.0,25,60.0,70,50,185.75631313131316,3.303333333,April,No need to do,February to March,991,mango
Pabna,Rabi,Boroi,800,20.07,27.18,29.92,5.77,20.0,15.0,25,60.0,70,50,124.92,2.6125,February,No need to do,February to March,2090,mango
Panchagar,Rabi,Boroi,220,20.07,27.18,29.92,5.77,20.0,15.0,25,60.0,70,50,154.21843434343435,2.204545455,October,No need to do,February to March,485,mango
Patuakhali,Rabi,Boroi,201,20.07,27.18,29.92,5.77,20.0,15.0,25,60.0,70,50,207.8076923076923,2.656716418,May,No need to do,February to March,534,mango
Pirojpur,Rabi,Boroi,81,20.07,27.18,29.92,5.77,20.0,15.0,25,60.0,70,50,175.42564102564103,7.530864198,June,No need to do,February to March,610,mango
Rajbari,Rabi,Boroi,320,20.07,27.18,29.92,5.77,20.0,15.0,25,60.0,70,50,155.864898989899,1.675,April,No need to do,February to March,536,mango
Rajshahi,Rabi,Boroi,2350,20.07,27.18,29.92,5.77,20.0,15.0,25,60.0,70,50,124.92,3.968510638,March,No need to do,February to March,9326,mango
Rangamati,Rabi,Boroi,551,20.07,27.18,29.92,5.77,20.0,15.0,25,60.0,70,50,204.11111111111111,3.141560799,May,No need to do,February to March,1731,mango
Rangpur,Rabi,Boroi,320,20.07,27.18,29.92,5.77,20.0,15.0,25,60.0,70,50,179.6013888888889,2.61875,November,No need to do,February to March,838,mango
Satkhira,Rabi,Boroi,800,20.07,27.18,29.92,5.77,20.0,15.0,25,60.0,70,50,140.35353535353536,4.53375,April,No need to do,February to March,3627,mango
Shariatpur,Rabi,Boroi,1200,20.07,27.18,29.92,5.77,20.0,15.0,25,60.0,70,50,155.864898989899,1.671666667,May,No need to do,February to March,2006,mango
Sherpur,Rabi,Boroi,400,20.07,27.18,29.92,5.77,20.0,15.0,25,60.0,70,50,181.08838383838383,3.225,August,No need to do,February to March,1290,mango
Sirajganj,Rabi,Boroi,350,20.07,27.18,29.92,5.77,20.0,15.0,25,60.0,70,50,142.85416666666666,3.965714286,April,No need to do,February to March,1388,mango
Sunamganj,Rabi,Boroi,400,20.07,27.18,29.92,5.77,20.0,15.0,25,60.0,70,50,333.72557471264366,3.1075,March,No need to do,February to March,1243,mango
Sylhet,Rabi,Boroi,680,20.07,27.18,29.92,5.77,20.0,15.0,25,60.0,70,50,333.72557471264366,3.192647059,April,No need to do,February to March,2171,mango
Tangail,Rabi,Boroi,1370,20.07,27.18,29.92,5.77,20.0,15.0,25,60.0,70,50,153.4104938271605,2.239416058,June,No need to do,February to March,3068,mango
Thakurgaon,Rabi,Boroi,150,20.07,27.18,29.92,5.77,20.0,15.0,25,60.0,70,50,154.21843434343435,3.706666667,December,No need to do,February to March,556,mango
Bagerhat,Kharif 2,Cabbage,767,77.76,48.44,19.79,6.25,17.0,10.0,24,75.0,90,60,144.96843434343435,6.221642764,Sep,Oct to Jan,Feb,4772,maize
Bandarban,Kharif 2,Cabbage,235,77.76,48.44,19.79,6.25,17.0,10.0,24,75.0,90,60,243.94444444444449,2.889361702,Sep,Oct to Jan,Feb,679,maize
Barguna,Kharif 2,Cabbage,151,77.76,48.44,19.79,6.25,17.0,10.0,24,75.0,90,60,207.8076923076923,5.397350993,Sep,Oct to Jan,Feb,815,maize
Barishal,Kharif 2,Cabbage,431,77.76,48.44,19.79,6.25,17.0,10.0,24,75.0,90,60,175.42564102564103,3.475638051,Sep,Oct to Jan,Feb,1498,maize
Bhola,Kharif 2,Cabbage,307,77.76,48.44,19.79,6.25,17.0,10.0,24,75.0,90,60,185.23090277777777,3.267100977,Sep,Oct to Jan,Feb,1003,maize
Bogura,Kharif 2,Cabbage,1056,77.76,48.44,19.79,6.25,17.0,10.0,24,75.0,90,60,142.85416666666666,6.039772727,Sep,Oct to Jan,Feb,6378,maize
Brahmanbaria,Kharif 2,Cabbage,484,77.76,48.44,19.79,6.25,17.0,10.0,24,75.0,90,60,185.75631313131316,8.853305785,Sep,Oct to Jan,Feb,4285,maize
Chandpur,Kharif 2,Cabbage,334,77.76,48.44,19.79,6.25,17.0,10.0,24,75.0,90,60,168.796875,4.329341317,Sep,Oct to Jan,Feb,1446,maize
Chapai Nawabganj,Kharif 2,Cabbage,830,77.76,48.44,19.79,6.25,17.0,10.0,24,75.0,90,60,124.92,4.457831325,Sep,Oct to Jan,Feb,3700,maize
Chattogram,Kharif 2,Cabbage,2025,77.76,48.44,19.79,6.25,17.0,10.0,24,75.0,90,60,243.94444444444449,5.399012346,Sep,Oct to Jan,Feb,10933,maize
Chuadanga,Kharif 2,Cabbage,1686,77.76,48.44,19.79,6.25,17.0,10.0,24,75.0,90,60,129.44444444444446,4.898576512,Sep,Oct to Jan,Feb,8259,maize
CoxsBazar,Kharif 2,Cabbage,313,77.76,48.44,19.79,6.25,17.0,10.0,24,75.0,90,60,303.40277777777777,3.766773163,Sep,Oct to Jan,Feb,1179,maize
Cumilla,Kharif 2,Cabbage,1133,77.76,48.44,19.79,6.25,17.0,10.0,24,75.0,90,60,185.75631313131316,6.350397176,Sep,Oct to Jan,Feb,7195,maize
Dhaka,Kharif 2,Cabbage,852,77.76,48.44,19.79,6.25,17.0,10.0,24,75.0,90,60,169.94262295081967,6.0,Sep,Oct to Jan,Feb,5112,maize
Dinajpur,Kharif 2,Cabbage,2492,77.76,48.44,19.79,6.25,17.0,10.0,24,75.0,90,60,154.21843434343435,9.72070626,Sep,Oct to Jan,Feb,24224,maize
Faridpur,Kharif 2,Cabbage,579,77.76,48.44,19.79,6.25,17.0,10.0,24,75.0,90,60,155.864898989899,2.813471503,Sep,Oct to Jan,Feb,1629,maize
Feni,Kharif 2,Cabbage,92,77.76,48.44,19.79,6.25,17.0,10.0,24,75.0,90,60,248.1727642276423,6.141304348,Sep,Oct to Jan,Feb,565,maize
Gaibandha,Kharif 2,Cabbage,492,77.76,48.44,19.79,6.25,17.0,10.0,24,75.0,90,60,179.6013888888889,6.048780488,Sep,Oct to Jan,Feb,2976,maize
Gazipur,Kharif 2,Cabbage,933,77.76,48.44,19.79,6.25,17.0,10.0,24,75.0,90,60,169.94262295081967,7.663451233,Sep,Oct to Jan,Feb,7150,maize
Gopalganj,Kharif 2,Cabbage,626,77.76,48.44,19.79,6.25,17.0,10.0,24,75.0,90,60,155.864898989899,5.707667732,Sep,Oct to Jan,Feb,3573,maize
Habiganj,Kharif 2,Cabbage,539,77.76,48.44,19.79,6.25,17.0,10.0,24,75.0,90,60,333.72557471264366,7.779220779,Sep,Oct to Jan,Feb,4193,maize
Jamalpur,Kharif 2,Cabbage,1267,77.76,48.44,19.79,6.25,17.0,10.0,24,75.0,90,60,181.08838383838383,8.429360695,Sep,Oct to Jan,Feb,10680,maize
Jashore,Kharif 2,Cabbage,5009,77.76,48.44,19.79,6.25,17.0,10.0,24,75.0,90,60,134.2247474747475,4.941106009,Sep,Oct to Jan,Feb,24750,maize
Jhallokati,Kharif 2,Cabbage,279,77.76,48.44,19.79,6.25,17.0,10.0,24,75.0,90,60,175.42564102564103,3.279569892,Sep,Oct to Jan,Feb,915,maize
Jhenaidah,Kharif 2,Cabbage,1874,77.76,48.44,19.79,6.25,17.0,10.0,24,75.0,90,60,134.2247474747475,5.628601921,Sep,Oct to Jan,Feb,10548,maize
Joypurhat,Kharif 2,Cabbage,396,77.76,48.44,19.79,6.25,17.0,10.0,24,75.0,90,60,142.85416666666666,6.929292929,Sep,Oct to Jan,Feb,2744,maize
Khagrachari,Kharif 2,Cabbage,547,77.76,48.44,19.79,6.25,17.0,10.0,24,75.0,90,60,204.11111111111111,4.096892139,Sep,Oct to Jan,Feb,2241,maize
Khulna,Kharif 2,Cabbage,630,77.76,48.44,19.79,6.25,17.0,10.0,24,75.0,90,60,144.96843434343435,7.279365079,Sep,Oct to Jan,Feb,4586,maize
Kishoreganj,Kharif 2,Cabbage,433,77.76,48.44,19.79,6.25,17.0,10.0,24,75.0,90,60,181.08838383838383,5.498845266,Sep,Oct to Jan,Feb,2381,maize
Kurigram,Kharif 2,Cabbage,582,77.76,48.44,19.79,6.25,17.0,10.0,24,75.0,90,60,179.6013888888889,7.075601375,Sep,Oct to Jan,Feb,4118,maize
Kushtia,Kharif 2,Cabbage,994,77.76,48.44,19.79,6.25,17.0,10.0,24,75.0,90,60,129.44444444444446,6.142857143,Sep,Oct to Jan,Feb,6106,maize
Lakshmipur,Kharif 2,Cabbage,167,77.76,48.44,19.79,6.25,17.0,10.0,24,75.0,90,60,185.75631313131316,4.54491018,Sep,Oct to Jan,Feb,759,maize
Lalmonirhat,Kharif 2,Cabbage,1097,77.76,48.44,19.79,6.25,17.0,10.0,24,75.0,90,60,179.6013888888889,8.84958979,Sep,Oct to Jan,Feb,9708,maize
Madaripur,Kharif 2,Cabbage,60,77.76,48.44,19.79,6.25,17.0,10.0,24,75.0,90,60,160.41666666666666,5.35,Sep,Oct to Jan,Feb,321,maize
Magura,Kharif 2,Cabbage,212,77.76,48.44,19.79,6.25,17.0,10.0,24,75.0,90,60,134.2247474747475,4.287735849,Sep,Oct to Jan,Feb,909,maize
Manikganj,Kharif 2,Cabbage,518,77.76,48.44,19.79,6.25,17.0,10.0,24,75.0,90,60,169.94262295081967,5.513513514,Sep,Oct to Jan,Feb,2856,maize
Meherpur,Kharif 2,Cabbage,1807,77.76,48.44,19.79,6.25,17.0,10.0,24,75.0,90,60,129.44444444444446,12.76425014,Sep,Oct to Jan,Feb,23065,maize
Moulvibazar,Kharif 2,Cabbage,435,77.76,48.44,19.79,6.25,17.0,10.0,24,75.0,90,60,333.72557471264366,5.593103448,Sep,Oct to Jan,Feb,2433,maize
Munshiganj,Kharif 2,Cabbage,494,77.76,48.44,19.79,6.25,17.0,10.0,24,75.0,90,60,169.94262295081967,3.170040486,Sep,Oct to Jan,Feb,1566,maize
Mymensingh,Kharif 2,Cabbage,2640,77.76,48.44,19.79,6.25,17.0,10.0,24,75.0,90,60,181.08838383838383,8.433712121,Sep,Oct to Jan,Feb,22265,maize
Naogaon,Kharif 2,Cabbage,1218,77.76,48.44,19.79,6.25,17.0,10.0,24,75.0,90,60,124.92,6.646962233,Sep,Oct to Jan,Feb,8096,maize
Narail,Kharif 2,Cabbage,357,77.76,48.44,19.79,6.25,17.0,10.0,24,75.0,90,60,134.2247474747475,5.473389356,Sep,Oct to Jan,Feb,1954,maize
Narayanganj,Kharif 2,Cabbage,389,77.76,48.44,19.79,6.25,17.0,10.0,24,75.0,90,60,169.94262295081967,3.804627249,Sep,Oct to Jan,Feb,1480,maize
Narsingdi,Kharif 2,Cabbage,253,77.76,48.44,19.79,6.25,17.0,10.0,24,75.0,90,60,169.94262295081967,4.225296443,Sep,Oct to Jan,Feb,1069,maize
Natore,Kharif 2,Cabbage,667,77.76,48.44,19.79,6.25,17.0,10.0,24,75.0,90,60,124.92,7.625187406,Sep,Oct to Jan,Feb,5086,maize
Netrokona,Kharif 2,Cabbage,421,77.76,48.44,19.79,6.25,17.0,10.0,24,75.0,90,60,181.08838383838383,6.722090261,Sep,Oct to Jan,Feb,2830,maize
Nilphamari,Kharif 2,Cabbage,1426,77.76,48.44,19.79,6.25,17.0,10.0,24,75.0,90,60,179.6013888888889,10.77068724,Sep,Oct to Jan,Feb,15359,maize
Noakhali,Kharif 2,Cabbage,298,77.76,48.44,19.79,6.25,17.0,10.0,24,75.0,90,60,185.75631313131316,4.003355705,Sep,Oct to Jan,Feb,1193,maize
Pabna,Kharif 2,Cabbage,1206,77.76,48.44,19.79,6.25,17.0,10.0,24,75.0,90,60,124.92,7.55721393,Sep,Oct to Jan,Feb,9114,maize
Panchagar,Kharif 2,Cabbage,946,77.76,48.44,19.79,6.25,17.0,10.0,24,75.0,90,60,154.21843434343435,5.808668076,Sep,Oct to Jan,Feb,5495,maize
Patuakhali,Kharif 2,Cabbage,103,77.76,48.44,19.79,6.25,17.0,10.0,24,75.0,90,60,207.8076923076923,3.737864078,Sep,Oct to Jan,Feb,385,maize
Pirojpur,Kharif 2,Cabbage,487,77.76,48.44,19.79,6.25,17.0,10.0,24,75.0,90,60,175.42564102564103,3.205338809,Sep,Oct to Jan,Feb,1561,maize
Rajbari,Kharif 2,Cabbage,1190,77.76,48.44,19.79,6.25,17.0,10.0,24,75.0,90,60,155.864898989899,6.742016807,Sep,Oct to Jan,Feb,8023,maize
Rajshahi,Kharif 2,Cabbage,1617,77.76,48.44,19.79,6.25,17.0,10.0,24,75.0,90,60,124.92,9.176252319,Sep,Oct to Jan,Feb,14838,maize
Rangamati,Kharif 2,Cabbage,307,77.76,48.44,19.79,6.25,17.0,10.0,24,75.0,90,60,204.11111111111111,4.631921824,Sep,Oct to Jan,Feb,1422,maize
Rangpur,Kharif 2,Cabbage,2072,77.76,48.44,19.79,6.25,17.0,10.0,24,75.0,90,60,179.6013888888889,6.564671815,Sep,Oct to Jan,Feb,13602,maize
Satkhira,Kharif 2,Cabbage,1041,77.76,48.44,19.79,6.25,17.0,10.0,24,75.0,90,60,140.35353535353536,7.923150817,Sep,Oct to Jan,Feb,8248,maize
Shariatpur,Kharif 2,Cabbage,112,77.76,48.44,19.79,6.25,17.0,10.0,24,75.0,90,60,155.864898989899,14.09821429,Sep,Oct to Jan,Feb,1579,maize
Sherpur,Kharif 2,Cabbage,717,77.76,48.44,19.79,6.25,17.0,10.0,24,75.0,90,60,181.08838383838383,8.193863319,Sep,Oct to Jan,Feb,5875,maize
Sirajganj,Kharif 2,Cabbage,755,77.76,48.44,19.79,6.25,17.0,10.0,24,75.0,90,60,142.85416666666666,6.901986755,Sep,Oct to Jan,Feb,5211,maize
Sunamganj,Kharif 2,Cabbage,593,77.76,48.44,19.79,6.25,17.0,10.0,24,75.0,90,60,333.72557471264366,9.822934233,Sep,Oct to Jan,Feb,5825,maize
Sylhet,Kharif 2,Cabbage,899,77.76,48.44,19.79,6.25,17.0,10.0,24,75.0,90,60,333.72557471264366,6.165739711,Sep,Oct to Jan,Feb,5543,maize
Tangail,Kharif 2,Cabbage,1612,77.76,48.44,19.79,6.25,17.0,10.0,24,75.0,90,60,153.4104938271605,10.19230769,Sep,Oct to Jan,Feb,16430,maize
Thakurgaon,Kharif 2,Cabbage,706,77.76,48.44,19.79,6.25,17.0,10.0,24,75.0,90,60,154.21843434343435,7.804532578,Sep,Oct to Jan,Feb,5510,maize
Bagerhat,Kharif 2,Carrot,45,77.76,48.44,19.79,6.25,18.0,15.0,21,66.5,86,47,144.96843434343435,2.088888889,Oct,Nov to Feb,March,94,maize
Bandarban,Kharif 2,Carrot,4,77.76,48.44,19.79,6.25,18.0,15.0,21,66.5,86,47,243.94444444444449,1.25,Oct,Nov to Feb,March,5,maize
Barguna,Kharif 2,Carrot,24,77.76,48.44,19.79,6.25,18.0,15.0,21,66.5,86,47,207.8076923076923,1.916666667,Oct,Nov to Feb,March,46,maize
Barishal,Kharif 2,Carrot,0,77.76,48.44,19.79,6.25,18.0,15.0,21,66.5,86,47,175.42564102564103,2.518413598,Oct,Nov to Feb,March,0,maize
Bhola,Kharif 2,Carrot,110,77.76,48.44,19.79,6.25,18.0,15.0,21,66.5,86,47,185.23090277777777,2.790909091,Oct,Nov to Feb,March,307,maize
Bogura,Kharif 2,Carrot,148,77.76,48.44,19.79,6.25,18.0,15.0,21,66.5,86,47,142.85416666666666,5.5,Oct,Nov to Feb,March,814,maize
Brahmanbaria,Kharif 2,Carrot,21,77.76,48.44,19.79,6.25,18.0,15.0,21,66.5,86,47,185.75631313131316,1.523809524,Oct,Nov to Feb,March,32,maize
Chandpur,Kharif 2,Carrot,21,77.76,48.44,19.79,6.25,18.0,15.0,21,66.5,86,47,168.796875,4.047619048,Oct,Nov to Feb,March,85,maize
Chapai Nawabganj,Kharif 2,Carrot,0,77.76,48.44,19.79,6.25,18.0,15.0,21,66.5,86,47,124.92,2.518413598,Oct,Nov to Feb,March,0,maize
Chattogram,Kharif 2,Carrot,50,77.76,48.44,19.79,6.25,18.0,15.0,21,66.5,86,47,243.94444444444449,3.46,Oct,Nov to Feb,March,173,maize
Chuadanga,Kharif 2,Carrot,73,77.76,48.44,19.79,6.25,18.0,15.0,21,66.5,86,47,129.44444444444446,3.739726027,Oct,Nov to Feb,March,273,maize
CoxsBazar,Kharif 2,Carrot,6,77.76,48.44,19.79,6.25,18.0,15.0,21,66.5,86,47,303.40277777777777,1.666666667,Oct,Nov to Feb,March,10,maize
Cumilla,Kharif 2,Carrot,10,77.76,48.44,19.79,6.25,18.0,15.0,21,66.5,86,47,185.75631313131316,2.5,Oct,Nov to Feb,March,25,maize
Dhaka,Kharif 2,Carrot,412,77.76,48.44,19.79,6.25,18.0,15.0,21,66.5,86,47,169.94262295081967,7.410194175,Oct,Nov to Feb,March,3053,maize
Dinajpur,Kharif 2,Carrot,161,77.76,48.44,19.79,6.25,18.0,15.0,21,66.5,86,47,154.21843434343435,2.118012422,Oct,Nov to Feb,March,341,maize
Faridpur,Kharif 2,Carrot,32,77.76,48.44,19.79,6.25,18.0,15.0,21,66.5,86,47,155.864898989899,2.0,Oct,Nov to Feb,March,64,maize
Feni,Kharif 2,Carrot,0,77.76,48.44,19.79,6.25,18.0,15.0,21,66.5,86,47,248.1727642276423,2.518413598,Oct,Nov to Feb,March,0,maize
Gaibandha,Kharif 2,Carrot,161,77.76,48.44,19.79,6.25,18.0,15.0,21,66.5,86,47,179.6013888888889,2.155279503,Oct,Nov to Feb,March,347,maize
Gazipur,Kharif 2,Carrot,53,77.76,48.44,19.79,6.25,18.0,15.0,21,66.5,86,47,169.94262295081967,3.811320755,Oct,Nov to Feb,March,202,maize
Gopalganj,Kharif 2,Carrot,0,77.76,48.44,19.79,6.25,18.0,15.0,21,66.5,86,47,155.864898989899,2.518413598,Oct,Nov to Feb,March,0,maize
Habiganj,Kharif 2,Carrot,0,77.76,48.44,19.79,6.25,18.0,15.0,21,66.5,86,47,333.72557471264366,2.518413598,Oct,Nov to Feb,March,0,maize
Jamalpur,Kharif 2,Carrot,290,77.76,48.44,19.79,6.25,18.0,15.0,21,66.5,86,47,181.08838383838383,4.182758621,Oct,Nov to Feb,March,1213,maize
Jashore,Kharif 2,Carrot,142,77.76,48.44,19.79,6.25,18.0,15.0,21,66.5,86,47,134.2247474747475,3.373239437,Oct,Nov to Feb,March,479,maize
Jhallokati,Kharif 2,Carrot,0,77.76,48.44,19.79,6.25,18.0,15.0,21,66.5,86,47,175.42564102564103,2.518413598,Oct,Nov to Feb,March,0,maize
Jhenaidah,Kharif 2,Carrot,62,77.76,48.44,19.79,6.25,18.0,15.0,21,66.5,86,47,134.2247474747475,3.451612903,Oct,Nov to Feb,March,214,maize
Joypurhat,Kharif 2,Carrot,46,77.76,48.44,19.79,6.25,18.0,15.0,21,66.5,86,47,142.85416666666666,3.760869565,Oct,Nov to Feb,March,173,maize
Khagrachari,Kharif 2,Carrot,10,77.76,48.44,19.79,6.25,18.0,15.0,21,66.5,86,47,204.11111111111111,2.0,Oct,Nov to Feb,March,20,maize
Khulna,Kharif 2,Carrot,22,77.76,48.44,19.79,6.25,18.0,15.0,21,66.5,86,47,144.96843434343435,1.954545455,Oct,Nov to Feb,March,43,maize
Kishoreganj,Kharif 2,Carrot,40,77.76,48.44,19.79,6.25,18.0,15.0,21,66.5,86,47,181.08838383838383,3.125,Oct,Nov to Feb,March,125,maize
Kurigram,Kharif 2,Carrot,76,77.76,48.44,19.79,6.25,18.0,15.0,21,66.5,86,47,179.6013888888889,2.118421053,Oct,Nov to Feb,March,161,maize
Kushtia,Kharif 2,Carrot,93,77.76,48.44,19.79,6.25,18.0,15.0,21,66.5,86,47,129.44444444444446,3.182795699,Oct,Nov to Feb,March,296,maize
Lakshmipur,Kharif 2,Carrot,3,77.76,48.44,19.79,6.25,18.0,15.0,21,66.5,86,47,185.75631313131316,2.333333333,Oct,Nov to Feb,March,7,maize
Lalmonirhat,Kharif 2,Carrot,101,77.76,48.44,19.79,6.25,18.0,15.0,21,66.5,86,47,179.6013888888889,3.821782178,Oct,Nov to Feb,March,386,maize
Madaripur,Kharif 2,Carrot,0,77.76,48.44,19.79,6.25,18.0,15.0,21,66.5,86,47,160.41666666666666,2.518413598,Oct,Nov to Feb,March,0,maize
Magura,Kharif 2,Carrot,22,77.76,48.44,19.79,6.25,18.0,15.0,21,66.5,86,47,134.2247474747475,3.454545455,Oct,Nov to Feb,March,76,maize
Manikganj,Kharif 2,Carrot,1288,77.76,48.44,19.79,6.25,18.0,15.0,21,66.5,86,47,169.94262295081967,6.946428571,Oct,Nov to Feb,March,8947,maize
Meherpur,Kharif 2,Carrot,33,77.76,48.44,19.79,6.25,18.0,15.0,21,66.5,86,47,129.44444444444446,5.212121212,Oct,Nov to Feb,March,172,maize
Moulvibazar,Kharif 2,Carrot,7,77.76,48.44,19.79,6.25,18.0,15.0,21,66.5,86,47,333.72557471264366,5.0,Oct,Nov to Feb,March,35,maize
Munshiganj,Kharif 2,Carrot,0,77.76,48.44,19.79,6.25,18.0,15.0,21,66.5,86,47,169.94262295081967,2.518413598,Oct,Nov to Feb,March,0,maize
Mymensingh,Kharif 2,Carrot,210,77.76,48.44,19.79,6.25,18.0,15.0,21,66.5,86,47,181.08838383838383,3.447619048,Oct,Nov to Feb,March,724,maize
Naogaon,Kharif 2,Carrot,68,77.76,48.44,19.79,6.25,18.0,15.0,21,66.5,86,47,124.92,4.764705882,Oct,Nov to Feb,March,324,maize
Narail,Kharif 2,Carrot,30,77.76,48.44,19.79,6.25,18.0,15.0,21,66.5,86,47,134.2247474747475,2.366666667,Oct,Nov to Feb,March,71,maize
Narayanganj,Kharif 2,Carrot,47,77.76,48.44,19.79,6.25,18.0,15.0,21,66.5,86,47,169.94262295081967,1.893617021,Oct,Nov to Feb,March,89,maize
Narsingdi,Kharif 2,Carrot,1,77.76,48.44,19.79,6.25,18.0,15.0,21,66.5,86,47,169.94262295081967,1.0,Oct,Nov to Feb,March,1,maize
Natore,Kharif 2,Carrot,63,77.76,48.44,19.79,6.25,18.0,15.0,21,66.5,86,47,124.92,3.222222222,Oct,Nov to Feb,March,203,maize
Netrokona,Kharif 2,Carrot,10,77.76,48.44,19.79,6.25,18.0,15.0,21,66.5,86,47,181.08838383838383,3.0,Oct,Nov to Feb,March,30,maize
Nilphamari,Kharif 2,Carrot,108,77.76,48.44,19.79,6.25,18.0,15.0,21,66.5,86,47,179.6013888888889,3.75,Oct,Nov to Feb,March,405,maize
Noakhali,Kharif 2,Carrot,25,77.76,48.44,19.79,6.25,18.0,15.0,21,66.5,86,47,185.75631313131316,2.92,Oct,Nov to Feb,March,73,maize
Pabna,Kharif 2,Carrot,439,77.76,48.44,19.79,6.25,18.0,15.0,21,66.5,86,47,124.92,7.544419134,Oct,Nov to Feb,March,3312,maize
Panchagar,Kharif 2,Carrot,201,77.76,48.44,19.79,6.25,18.0,15.0,21,66.5,86,47,154.21843434343435,3.243781095,Oct,Nov to Feb,March,652,maize
Patuakhali,Kharif 2,Carrot,0,77.76,48.44,19.79,6.25,18.0,15.0,21,66.5,86,47,207.8076923076923,2.518413598,Oct,Nov to Feb,March,1,maize
Pirojpur,Kharif 2,Carrot,0,77.76,48.44,19.79,6.25,18.0,15.0,21,66.5,86,47,175.42564102564103,2.518413598,Oct,Nov to Feb,March,0,maize
Rajbari,Kharif 2,Carrot,52,77.76,48.44,19.79,6.25,18.0,15.0,21,66.5,86,47,155.864898989899,3.923076923,Oct,Nov to Feb,March,204,maize
Rajshahi,Kharif 2,Carrot,112,77.76,48.44,19.79,6.25,18.0,15.0,21,66.5,86,47,124.92,4.660714286,Oct,Nov to Feb,March,522,maize
Rangamati,Kharif 2,Carrot,0,77.76,48.44,19.79,6.25,18.0,15.0,21,66.5,86,47,204.11111111111111,2.518413598,Oct,Nov to Feb,March,0,maize
Rangpur,Kharif 2,Carrot,211,77.76,48.44,19.79,6.25,18.0,15.0,21,66.5,86,47,179.6013888888889,2.545023697,Oct,Nov to Feb,March,537,maize
Satkhira,Kharif 2,Carrot,92,77.76,48.44,19.79,6.25,18.0,15.0,21,66.5,86,47,140.35353535353536,3.836956522,Oct,Nov to Feb,March,353,maize
Shariatpur,Kharif 2,Carrot,14,77.76,48.44,19.79,6.25,18.0,15.0,21,66.5,86,47,155.864898989899,3.214285714,Oct,Nov to Feb,March,45,maize
Sherpur,Kharif 2,Carrot,161,77.76,48.44,19.79,6.25,18.0,15.0,21,66.5,86,47,181.08838383838383,3.763975155,Oct,Nov to Feb,March,606,maize
Sirajganj,Kharif 2,Carrot,65,77.76,48.44,19.79,6.25,18.0,15.0,21,66.5,86,47,142.85416666666666,4.215384615,Oct,Nov to Feb,March,274,maize
Sunamganj,Kharif 2,Carrot,18,77.76,48.44,19.79,6.25,18.0,15.0,21,66.5,86,47,333.72557471264366,2.055555556,Oct,Nov to Feb,March,37,maize
Sylhet,Kharif 2,Carrot,48,77.76,48.44,19.79,6.25,18.0,15.0,21,66.5,86,47,333.72557471264366,3.854166667,Oct,Nov to Feb,March,185,maize
Tangail,Kharif 2,Carrot,102,77.76,48.44,19.79,6.25,18.0,15.0,21,66.5,86,47,153.4104938271605,3.31372549,Oct,Nov to Feb,March,338,maize
Thakurgaon,Kharif 2,Carrot,81,77.76,48.44,19.79,6.25,18.0,15.0,21,66.5,86,47,154.21843434343435,4.296296296,Oct,Nov to Feb,March,348,maize
Bagerhat,Kharif 2,Cauliflower,470,77.76,48.44,19.79,6.25,19.0,8.0,30,77.5,85,70,144.96843434343435,5.34893617,Sep,Nov to Jan,Feb,2514,maize
Bandarban,Kharif 2,Cauliflower,278,77.76,48.44,19.79,6.25,19.0,8.0,30,77.5,85,70,243.94444444444449,2.81294964,Sep,Nov to Jan,Feb,782,maize
Barguna,Kharif 2,Cauliflower,150,77.76,48.44,19.79,6.25,19.0,8.0,30,77.5,85,70,207.8076923076923,2.68,Sep,Nov to Jan,Feb,402,maize
Barishal,Kharif 2,Cauliflower,459,77.76,48.44,19.79,6.25,19.0,8.0,30,77.5,85,70,175.42564102564103,2.169934641,Sep,Nov to Jan,Feb,996,maize
Bhola,Kharif 2,Cauliflower,291,77.76,48.44,19.79,6.25,19.0,8.0,30,77.5,85,70,185.23090277777777,3.446735395,Sep,Nov to Jan,Feb,1003,maize
Bogura,Kharif 2,Cauliflower,1112,77.76,48.44,19.79,6.25,19.0,8.0,30,77.5,85,70,142.85416666666666,4.705935252,Sep,Nov to Jan,Feb,5233,maize
Brahmanbaria,Kharif 2,Cauliflower,930,77.76,48.44,19.79,6.25,19.0,8.0,30,77.5,85,70,185.75631313131316,7.101075269,Sep,Nov to Jan,Feb,6604,maize
Chandpur,Kharif 2,Cauliflower,287,77.76,48.44,19.79,6.25,19.0,8.0,30,77.5,85,70,168.796875,3.588850174,Sep,Nov to Jan,Feb,1030,maize
Chapai Nawabganj,Kharif 2,Cauliflower,833,77.76,48.44,19.79,6.25,19.0,8.0,30,77.5,85,70,124.92,3.408163265,Sep,Nov to Jan,Feb,2839,maize
Chattogram,Kharif 2,Cauliflower,1969,77.76,48.44,19.79,6.25,19.0,8.0,30,77.5,85,70,243.94444444444449,4.482478415,Sep,Nov to Jan,Feb,8826,maize
Chuadanga,Kharif 2,Cauliflower,1873,77.76,48.44,19.79,6.25,19.0,8.0,30,77.5,85,70,129.44444444444446,3.134543513,Sep,Nov to Jan,Feb,5871,maize
CoxsBazar,Kharif 2,Cauliflower,336,77.76,48.44,19.79,6.25,19.0,8.0,30,77.5,85,70,303.40277777777777,3.633928571,Sep,Nov to Jan,Feb,1221,maize
Cumilla,Kharif 2,Cauliflower,1677,77.76,48.44,19.79,6.25,19.0,8.0,30,77.5,85,70,185.75631313131316,4.844364937,Sep,Nov to Jan,Feb,8124,maize
Dhaka,Kharif 2,Cauliflower,985,77.76,48.44,19.79,6.25,19.0,8.0,30,77.5,85,70,169.94262295081967,9.72284264,Sep,Nov to Jan,Feb,9577,maize
Dinajpur,Kharif 2,Cauliflower,3095,77.76,48.44,19.79,6.25,19.0,8.0,30,77.5,85,70,154.21843434343435,7.099192246,Sep,Nov to Jan,Feb,21972,maize
Faridpur,Kharif 2,Cauliflower,666,77.76,48.44,19.79,6.25,19.0,8.0,30,77.5,85,70,155.864898989899,3.845345345,Sep,Nov to Jan,Feb,2561,maize
Feni,Kharif 2,Cauliflower,124,77.76,48.44,19.79,6.25,19.0,8.0,30,77.5,85,70,248.1727642276423,2.064516129,Sep,Nov to Jan,Feb,256,maize
Gaibandha,Kharif 2,Cauliflower,487,77.76,48.44,19.79,6.25,19.0,8.0,30,77.5,85,70,179.6013888888889,5.164271047,Sep,Nov to Jan,Feb,2515,maize
Gazipur,Kharif 2,Cauliflower,757,77.76,48.44,19.79,6.25,19.0,8.0,30,77.5,85,70,169.94262295081967,7.071334214,Sep,Nov to Jan,Feb,5353,maize
Gopalganj,Kharif 2,Cauliflower,425,77.76,48.44,19.79,6.25,19.0,8.0,30,77.5,85,70,155.864898989899,4.76,Sep,Nov to Jan,Feb,2023,maize
Habiganj,Kharif 2,Cauliflower,370,77.76,48.44,19.79,6.25,19.0,8.0,30,77.5,85,70,333.72557471264366,5.421621622,Sep,Nov to Jan,Feb,2006,maize
Jamalpur,Kharif 2,Cauliflower,2876,77.76,48.44,19.79,6.25,19.0,8.0,30,77.5,85,70,181.08838383838383,3.85605007,Sep,Nov to Jan,Feb,11090,maize
Jashore,Kharif 2,Cauliflower,1966,77.76,48.44,19.79,6.25,19.0,8.0,30,77.5,85,70,134.2247474747475,4.650559512,Sep,Nov to Jan,Feb,9143,maize
Jhallokati,Kharif 2,Cauliflower,196,77.76,48.44,19.79,6.25,19.0,8.0,30,77.5,85,70,175.42564102564103,2.734693878,Sep,Nov to Jan,Feb,536,maize
Jhenaidah,Kharif 2,Cauliflower,1668,77.76,48.44,19.79,6.25,19.0,8.0,30,77.5,85,70,134.2247474747475,5.239208633,Sep,Nov to Jan,Feb,8739,maize
Joypurhat,Kharif 2,Cauliflower,323,77.76,48.44,19.79,6.25,19.0,8.0,30,77.5,85,70,142.85416666666666,5.253869969,Sep,Nov to Jan,Feb,1697,maize
Khagrachari,Kharif 2,Cauliflower,475,77.76,48.44,19.79,6.25,19.0,8.0,30,77.5,85,70,204.11111111111111,3.288421053,Sep,Nov to Jan,Feb,1562,maize
Khulna,Kharif 2,Cauliflower,604,77.76,48.44,19.79,6.25,19.0,8.0,30,77.5,85,70,144.96843434343435,5.427152318,Sep,Nov to Jan,Feb,3278,maize
Kishoreganj,Kharif 2,Cauliflower,598,77.76,48.44,19.79,6.25,19.0,8.0,30,77.5,85,70,181.08838383838383,6.011705686,Sep,Nov to Jan,Feb,3595,maize
Kurigram,Kharif 2,Cauliflower,916,77.76,48.44,19.79,6.25,19.0,8.0,30,77.5,85,70,179.6013888888889,6.942139738,Sep,Nov to Jan,Feb,6359,maize
Kushtia,Kharif 2,Cauliflower,863,77.76,48.44,19.79,6.25,19.0,8.0,30,77.5,85,70,129.44444444444446,4.945538818,Sep,Nov to Jan,Feb,4268,maize
Lakshmipur,Kharif 2,Cauliflower,175,77.76,48.44,19.79,6.25,19.0,8.0,30,77.5,85,70,185.75631313131316,2.314285714,Sep,Nov to Jan,Feb,405,maize
Lalmonirhat,Kharif 2,Cauliflower,1803,77.76,48.44,19.79,6.25,19.0,8.0,30,77.5,85,70,179.6013888888889,7.830282862,Sep,Nov to Jan,Feb,14118,maize
Madaripur,Kharif 2,Cauliflower,54,77.76,48.44,19.79,6.25,19.0,8.0,30,77.5,85,70,160.41666666666666,4.944444444,Sep,Nov to Jan,Feb,267,maize
Magura,Kharif 2,Cauliflower,214,77.76,48.44,19.79,6.25,19.0,8.0,30,77.5,85,70,134.2247474747475,3.429906542,Sep,Nov to Jan,Feb,734,maize
Manikganj,Kharif 2,Cauliflower,685,77.76,48.44,19.79,6.25,19.0,8.0,30,77.5,85,70,169.94262295081967,5.321167883,Sep,Nov to Jan,Feb,3645,maize
Meherpur,Kharif 2,Cauliflower,884,77.76,48.44,19.79,6.25,19.0,8.0,30,77.5,85,70,129.44444444444446,9.90158371,Sep,Nov to Jan,Feb,8753,maize
Moulvibazar,Kharif 2,Cauliflower,375,77.76,48.44,19.79,6.25,19.0,8.0,30,77.5,85,70,333.72557471264366,4.64,Sep,Nov to Jan,Feb,1740,maize
Munshiganj,Kharif 2,Cauliflower,888,77.76,48.44,19.79,6.25,19.0,8.0,30,77.5,85,70,169.94262295081967,3.031531532,Sep,Nov to Jan,Feb,2692,maize
Mymensingh,Kharif 2,Cauliflower,1717,77.76,48.44,19.79,6.25,19.0,8.0,30,77.5,85,70,181.08838383838383,9.880605708,Sep,Nov to Jan,Feb,16965,maize
Naogaon,Kharif 2,Cauliflower,1382,77.76,48.44,19.79,6.25,19.0,8.0,30,77.5,85,70,124.92,6.487698987,Sep,Nov to Jan,Feb,8966,maize
Narail,Kharif 2,Cauliflower,418,77.76,48.44,19.79,6.25,19.0,8.0,30,77.5,85,70,134.2247474747475,3.581339713,Sep,Nov to Jan,Feb,1497,maize
Narayanganj,Kharif 2,Cauliflower,507,77.76,48.44,19.79,6.25,19.0,8.0,30,77.5,85,70,169.94262295081967,3.362919132,Sep,Nov to Jan,Feb,1705,maize
Narsingdi,Kharif 2,Cauliflower,407,77.76,48.44,19.79,6.25,19.0,8.0,30,77.5,85,70,169.94262295081967,4.302211302,Sep,Nov to Jan,Feb,1751,maize
Natore,Kharif 2,Cauliflower,706,77.76,48.44,19.79,6.25,19.0,8.0,30,77.5,85,70,124.92,7.478753541,Sep,Nov to Jan,Feb,5280,maize
Netrokona,Kharif 2,Cauliflower,381,77.76,48.44,19.79,6.25,19.0,8.0,30,77.5,85,70,181.08838383838383,4.934383202,Sep,Nov to Jan,Feb,1880,maize
Nilphamari,Kharif 2,Cauliflower,1757,77.76,48.44,19.79,6.25,19.0,8.0,30,77.5,85,70,179.6013888888889,5.595902106,Sep,Nov to Jan,Feb,9832,maize
Noakhali,Kharif 2,Cauliflower,284,77.76,48.44,19.79,6.25,19.0,8.0,30,77.5,85,70,185.75631313131316,4.095070423,Sep,Nov to Jan,Feb,1163,maize
Pabna,Kharif 2,Cauliflower,1717,77.76,48.44,19.79,6.25,19.0,8.0,30,77.5,85,70,124.92,7.220151427,Sep,Nov to Jan,Feb,12397,maize
Panchagar,Kharif 2,Cauliflower,883,77.76,48.44,19.79,6.25,19.0,8.0,30,77.5,85,70,154.21843434343435,5.978482446,Sep,Nov to Jan,Feb,5279,maize
Patuakhali,Kharif 2,Cauliflower,67,77.76,48.44,19.79,6.25,19.0,8.0,30,77.5,85,70,207.8076923076923,1.208955224,Sep,Nov to Jan,Feb,81,maize
Pirojpur,Kharif 2,Cauliflower,365,77.76,48.44,19.79,6.25,19.0,8.0,30,77.5,85,70,175.42564102564103,3.005479452,Sep,Nov to Jan,Feb,1097,maize
Rajbari,Kharif 2,Cauliflower,1108,77.76,48.44,19.79,6.25,19.0,8.0,30,77.5,85,70,155.864898989899,5.972021661,Sep,Nov to Jan,Feb,6617,maize
Rajshahi,Kharif 2,Cauliflower,1567,77.76,48.44,19.79,6.25,19.0,8.0,30,77.5,85,70,124.92,7.863433312,Sep,Nov to Jan,Feb,12322,maize
Rangamati,Kharif 2,Cauliflower,200,77.76,48.44,19.79,6.25,19.0,8.0,30,77.5,85,70,204.11111111111111,3.235,Sep,Nov to Jan,Feb,647,maize
Rangpur,Kharif 2,Cauliflower,999,77.76,48.44,19.79,6.25,19.0,8.0,30,77.5,85,70,179.6013888888889,10.51151151,Sep,Nov to Jan,Feb,10501,maize
Satkhira,Kharif 2,Cauliflower,1110,77.76,48.44,19.79,6.25,19.0,8.0,30,77.5,85,70,140.35353535353536,5.763063063,Sep,Nov to Jan,Feb,6397,maize
Shariatpur,Kharif 2,Cauliflower,102,77.76,48.44,19.79,6.25,19.0,8.0,30,77.5,85,70,155.864898989899,7.31372549,Sep,Nov to Jan,Feb,746,maize
Sherpur,Kharif 2,Cauliflower,1541,77.76,48.44,19.79,6.25,19.0,8.0,30,77.5,85,70,181.08838383838383,6.428942245,Sep,Nov to Jan,Feb,9907,maize
Sirajganj,Kharif 2,Cauliflower,845,77.76,48.44,19.79,6.25,19.0,8.0,30,77.5,85,70,142.85416666666666,6.35739645,Sep,Nov to Jan,Feb,5372,maize
Sunamganj,Kharif 2,Cauliflower,1084,77.76,48.44,19.79,6.25,19.0,8.0,30,77.5,85,70,333.72557471264366,8.277675277,Sep,Nov to Jan,Feb,8973,maize
Sylhet,Kharif 2,Cauliflower,914,77.76,48.44,19.79,6.25,19.0,8.0,30,77.5,85,70,333.72557471264366,8.009846827,Sep,Nov to Jan,Feb,7321,maize
Tangail,Kharif 2,Cauliflower,1822,77.76,48.44,19.79,6.25,19.0,8.0,30,77.5,85,70,153.4104938271605,6.349615807,Sep,Nov to Jan,Feb,11569,maize
Thakurgaon,Kharif 2,Cauliflower,1002,77.76,48.44,19.79,6.25,19.0,8.0,30,77.5,85,70,154.21843434343435,5.112774451,Sep,Nov to Jan,Feb,5123,maize
Bagerhat,Kharif 1,Chalkumra,517,99.42,17.0,50.22,6.5,22.5,18.0,27,75.0,85,65,144.96843434343435,2.324951644,March,April to July,July to Oct,1202,watermelon
Bandarban,Kharif 1,Chalkumra,217,99.42,17.0,50.22,6.5,22.5,18.0,27,75.0,85,65,243.94444444444449,2.350230415,March,April to July,July to Oct,510,watermelon
Barguna,Kharif 1,Chalkumra,114,99.42,17.0,50.22,6.5,22.5,18.0,27,75.0,85,65,207.8076923076923,2.122807018,March,April to July,July to Oct,242,watermelon
Barishal,Kharif 1,Chalkumra,439,99.42,17.0,50.22,6.5,22.5,18.0,27,75.0,85,65,175.42564102564103,2.041002278,March,April to July,July to Oct,896,watermelon
Bhola,Kharif 1,Chalkumra,251,99.42,17.0,50.22,6.5,22.5,18.0,27,75.0,85,65,185.23090277777777,2.721115538,March,April to July,July to Oct,683,watermelon
Bogura,Kharif 1,Chalkumra,407,99.42,17.0,50.22,6.5,22.5,18.0,27,75.0,85,65,142.85416666666666,4.061425061,March,April to July,July to Oct,1653,watermelon
Brahmanbaria,Kharif 1,Chalkumra,699,99.42,17.0,50.22,6.5,22.5,18.0,27,75.0,85,65,185.75631313131316,2.848354793,March,April to July,July to Oct,1991,watermelon
Chandpur,Kharif 1,Chalkumra,210,99.42,17.0,50.22,6.5,22.5,18.0,27,75.0,85,65,168.796875,2.642857143,March,April to July,July to Oct,555,watermelon
Chapai Nawabganj,Kharif 1,Chalkumra,249,99.42,17.0,50.22,6.5,22.5,18.0,27,75.0,85,65,124.92,2.879518072,March,April to July,July to Oct,717,watermelon
Chattogram,Kharif 1,Chalkumra,588,99.42,17.0,50.22,6.5,22.5,18.0,27,75.0,85,65,243.94444444444449,3.539115646,March,April to July,July to Oct,2081,watermelon
Chuadanga,Kharif 1,Chalkumra,366,99.42,17.0,50.22,6.5,22.5,18.0,27,75.0,85,65,129.44444444444446,3.12568306,March,April to July,July to Oct,1144,watermelon
CoxsBazar,Kharif 1,Chalkumra,135,99.42,17.0,50.22,6.5,22.5,18.0,27,75.0,85,65,303.40277777777777,3.637037037,March,April to July,July to Oct,491,watermelon
Cumilla,Kharif 1,Chalkumra,644,99.42,17.0,50.22,6.5,22.5,18.0,27,75.0,85,65,185.75631313131316,2.885093168,March,April to July,July to Oct,1858,watermelon
Dhaka,Kharif 1,Chalkumra,776,99.42,17.0,50.22,6.5,22.5,18.0,27,75.0,85,65,169.94262295081967,4.719072165,March,April to July,July to Oct,3662,watermelon
Dinajpur,Kharif 1,Chalkumra,430,99.42,17.0,50.22,6.5,22.5,18.0,27,75.0,85,65,154.21843434343435,2.844186047,March,April to July,July to Oct,1223,watermelon
Faridpur,Kharif 1,Chalkumra,426,99.42,17.0,50.22,6.5,22.5,18.0,27,75.0,85,65,155.864898989899,3.129107981,March,April to July,July to Oct,1333,watermelon
Feni,Kharif 1,Chalkumra,117,99.42,17.0,50.22,6.5,22.5,18.0,27,75.0,85,65,248.1727642276423,1.811965812,March,April to July,July to Oct,212,watermelon
Gaibandha,Kharif 1,Chalkumra,329,99.42,17.0,50.22,6.5,22.5,18.0,27,75.0,85,65,179.6013888888889,2.37993921,March,April to July,July to Oct,783,watermelon
Gazipur,Kharif 1,Chalkumra,340,99.42,17.0,50.22,6.5,22.5,18.0,27,75.0,85,65,169.94262295081967,2.297058824,March,April to July,July to Oct,781,watermelon
Gopalganj,Kharif 1,Chalkumra,389,99.42,17.0,50.22,6.5,22.5,18.0,27,75.0,85,65,155.864898989899,3.424164524,March,April to July,July to Oct,1332,watermelon
Habiganj,Kharif 1,Chalkumra,259,99.42,17.0,50.22,6.5,22.5,18.0,27,75.0,85,65,333.72557471264366,4.111969112,March,April to July,July to Oct,1065,watermelon
Jamalpur,Kharif 1,Chalkumra,532,99.42,17.0,50.22,6.5,22.5,18.0,27,75.0,85,65,181.08838383838383,3.263157895,March,April to July,July to Oct,1736,watermelon
Jashore,Kharif 1,Chalkumra,434,99.42,17.0,50.22,6.5,22.5,18.0,27,75.0,85,65,134.2247474747475,4.382488479,March,April to July,July to Oct,1902,watermelon
Jhallokati,Kharif 1,Chalkumra,343,99.42,17.0,50.22,6.5,22.5,18.0,27,75.0,85,65,175.42564102564103,2.556851312,March,April to July,July to Oct,877,watermelon
Jhenaidah,Kharif 1,Chalkumra,435,99.42,17.0,50.22,6.5,22.5,18.0,27,75.0,85,65,134.2247474747475,3.834482759,March,April to July,July to Oct,1668,watermelon
Joypurhat,Kharif 1,Chalkumra,171,99.42,17.0,50.22,6.5,22.5,18.0,27,75.0,85,65,142.85416666666666,4.637426901,March,April to July,July to Oct,793,watermelon
Khagrachari,Kharif 1,Chalkumra,519,99.42,17.0,50.22,6.5,22.5,18.0,27,75.0,85,65,204.11111111111111,2.97495183,March,April to July,July to Oct,1544,watermelon
Khulna,Kharif 1,Chalkumra,260,99.42,17.0,50.22,6.5,22.5,18.0,27,75.0,85,65,144.96843434343435,2.184615385,March,April to July,July to Oct,568,watermelon
Kishoreganj,Kharif 1,Chalkumra,366,99.42,17.0,50.22,6.5,22.5,18.0,27,75.0,85,65,181.08838383838383,3.030054645,March,April to July,July to Oct,1109,watermelon
Kurigram,Kharif 1,Chalkumra,356,99.42,17.0,50.22,6.5,22.5,18.0,27,75.0,85,65,179.6013888888889,2.980337079,March,April to July,July to Oct,1061,watermelon
Kushtia,Kharif 1,Chalkumra,329,99.42,17.0,50.22,6.5,22.5,18.0,27,75.0,85,65,129.44444444444446,5.389057751,March,April to July,July to Oct,1773,watermelon
Lakshmipur,Kharif 1,Chalkumra,210,99.42,17.0,50.22,6.5,22.5,18.0,27,75.0,85,65,185.75631313131316,2.228571429,March,April to July,July to Oct,468,watermelon
Lalmonirhat,Kharif 1,Chalkumra,209,99.42,17.0,50.22,6.5,22.5,18.0,27,75.0,85,65,179.6013888888889,2.990430622,March,April to July,July to Oct,625,watermelon
Madaripur,Kharif 1,Chalkumra,167,99.42,17.0,50.22,6.5,22.5,18.0,27,75.0,85,65,160.41666666666666,4.353293413,March,April to July,July to Oct,727,watermelon
Magura,Kharif 1,Chalkumra,148,99.42,17.0,50.22,6.5,22.5,18.0,27,75.0,85,65,134.2247474747475,2.763513514,March,April to July,July to Oct,409,watermelon
Manikganj,Kharif 1,Chalkumra,849,99.42,17.0,50.22,6.5,22.5,18.0,27,75.0,85,65,169.94262295081967,2.876325088,March,April to July,July to Oct,2442,watermelon
Meherpur,Kharif 1,Chalkumra,122,99.42,17.0,50.22,6.5,22.5,18.0,27,75.0,85,65,129.44444444444446,3.68852459,March,April to July,July to Oct,450,watermelon
Moulvibazar,Kharif 1,Chalkumra,249,99.42,17.0,50.22,6.5,22.5,18.0,27,75.0,85,65,333.72557471264366,3.682730924,March,April to July,July to Oct,917,watermelon
Munshiganj,Kharif 1,Chalkumra,529,99.42,17.0,50.22,6.5,22.5,18.0,27,75.0,85,65,169.94262295081967,2.051039698,March,April to July,July to Oct,1085,watermelon
Mymensingh,Kharif 1,Chalkumra,1908,99.42,17.0,50.22,6.5,22.5,18.0,27,75.0,85,65,181.08838383838383,3.083333333,March,April to July,July to Oct,5883,watermelon
Naogaon,Kharif 1,Chalkumra,359,99.42,17.0,50.22,6.5,22.5,18.0,27,75.0,85,65,124.92,4.239554318,March,April to July,July to Oct,1522,watermelon
Narail,Kharif 1,Chalkumra,101,99.42,17.0,50.22,6.5,22.5,18.0,27,75.0,85,65,134.2247474747475,3.881188119,March,April to July,July to Oct,392,watermelon
Narayanganj,Kharif 1,Chalkumra,382,99.42,17.0,50.22,6.5,22.5,18.0,27,75.0,85,65,169.94262295081967,2.282722513,March,April to July,July to Oct,872,watermelon
Narsingdi,Kharif 1,Chalkumra,397,99.42,17.0,50.22,6.5,22.5,18.0,27,75.0,85,65,169.94262295081967,3.818639798,March,April to July,July to Oct,1516,watermelon
Natore,Kharif 1,Chalkumra,335,99.42,17.0,50.22,6.5,22.5,18.0,27,75.0,85,65,124.92,2.907462687,March,April to July,July to Oct,974,watermelon
Netrokona,Kharif 1,Chalkumra,369,99.42,17.0,50.22,6.5,22.5,18.0,27,75.0,85,65,181.08838383838383,5.471544715,March,April to July,July to Oct,2019,watermelon
Nilphamari,Kharif 1,Chalkumra,330,99.42,17.0,50.22,6.5,22.5,18.0,27,75.0,85,65,179.6013888888889,3.981818182,March,April to July,July to Oct,1314,watermelon
Noakhali,Kharif 1,Chalkumra,272,99.42,17.0,50.22,6.5,22.5,18.0,27,75.0,85,65,185.75631313131316,1.356617647,March,April to July,July to Oct,369,watermelon
Pabna,Kharif 1,Chalkumra,949,99.42,17.0,50.22,6.5,22.5,18.0,27,75.0,85,65,124.92,4.979978925,March,April to July,July to Oct,4726,watermelon
Panchagar,Kharif 1,Chalkumra,332,99.42,17.0,50.22,6.5,22.5,18.0,27,75.0,85,65,154.21843434343435,3.421686747,March,April to July,July to Oct,1136,watermelon
Patuakhali,Kharif 1,Chalkumra,164,99.42,17.0,50.22,6.5,22.5,18.0,27,75.0,85,65,207.8076923076923,2.073170732,March,April to July,July to Oct,340,watermelon
Pirojpur,Kharif 1,Chalkumra,358,99.42,17.0,50.22,6.5,22.5,18.0,27,75.0,85,65,175.42564102564103,2.139664804,March,April to July,July to Oct,766,watermelon
Rajbari,Kharif 1,Chalkumra,384,99.42,17.0,50.22,6.5,22.5,18.0,27,75.0,85,65,155.864898989899,5.276041667,March,April to July,July to Oct,2026,watermelon
Rajshahi,Kharif 1,Chalkumra,724,99.42,17.0,50.22,6.5,22.5,18.0,27,75.0,85,65,124.92,5.379834254,March,April to July,July to Oct,3895,watermelon
Rangamati,Kharif 1,Chalkumra,497,99.42,17.0,50.22,6.5,22.5,18.0,27,75.0,85,65,204.11111111111111,3.078470825,March,April to July,July to Oct,1530,watermelon
Rangpur,Kharif 1,Chalkumra,587,99.42,17.0,50.22,6.5,22.5,18.0,27,75.0,85,65,179.6013888888889,3.119250426,March,April to July,July to Oct,1831,watermelon
Satkhira,Kharif 1,Chalkumra,180,99.42,17.0,50.22,6.5,22.5,18.0,27,75.0,85,65,140.35353535353536,3.75,March,April to July,July to Oct,675,watermelon
Shariatpur,Kharif 1,Chalkumra,118,99.42,17.0,50.22,6.5,22.5,18.0,27,75.0,85,65,155.864898989899,7.86440678,March,April to July,July to Oct,928,watermelon
Sherpur,Kharif 1,Chalkumra,637,99.42,17.0,50.22,6.5,22.5,18.0,27,75.0,85,65,181.08838383838383,4.576138148,March,April to July,July to Oct,2915,watermelon
Sirajganj,Kharif 1,Chalkumra,405,99.42,17.0,50.22,6.5,22.5,18.0,27,75.0,85,65,142.85416666666666,4.735802469,March,April to July,July to Oct,1918,watermelon
Sunamganj,Kharif 1,Chalkumra,156,99.42,17.0,50.22,6.5,22.5,18.0,27,75.0,85,65,333.72557471264366,5.102564103,March,April to July,July to Oct,796,watermelon
Sylhet,Kharif 1,Chalkumra,322,99.42,17.0,50.22,6.5,22.5,18.0,27,75.0,85,65,333.72557471264366,3.161490683,March,April to July,July to Oct,1018,watermelon
Tangail,Kharif 1,Chalkumra,1111,99.42,17.0,50.22,6.5,22.5,18.0,27,75.0,85,65,153.4104938271605,3.082808281,March,April to July,July to Oct,3425,watermelon
Thakurgaon,Kharif 1,Chalkumra,309,99.42,17.0,50.22,6.5,22.5,18.0,27,75.0,85,65,154.21843434343435,2.093851133,March,April to July,July to Oct,647,watermelon
Bagerhat,Rabi,Cheena,0,79.89,47.58,39.87,6.43,21.0,17.0,25,62.5,85,40,144.96843434343435,2.518413598,Nov,Dec to Feb,Feb to April,0,rice
Bandarban,Rabi,Cheena,118,79.89,47.58,39.87,6.43,21.0,17.0,25,62.5,85,40,243.94444444444449,0.2118644068,Nov,Dec to Feb,Feb to April,25,rice
Barguna,Rabi,Cheena,0,79.89,47.58,39.87,6.43,21.0,17.0,25,62.5,85,40,207.8076923076923,2.518413598,Nov,Dec to Feb,Feb to April,0,rice
Barishal,Rabi,Cheena,0,79.89,47.58,39.87,6.43,21.0,17.0,25,62.5,85,40,175.42564102564103,2.518413598,Nov,Dec to Feb,Feb to April,0,rice
Bhola,Rabi,Cheena,58,79.89,47.58,39.87,6.43,21.0,17.0,25,62.5,85,40,185.23090277777777,0.8448275862,Nov,Dec to Feb,Feb to April,49,rice
Bogura,Rabi,Cheena,107,79.89,47.58,39.87,6.43,21.0,17.0,25,62.5,85,40,142.85416666666666,0.308411215,Nov,Dec to Feb,Feb to April,33,rice
Brahmanbaria,Rabi,Cheena,0,79.89,47.58,39.87,6.43,21.0,17.0,25,62.5,85,40,185.75631313131316,2.518413598,Nov,Dec to Feb,Feb to April,0,rice
Chandpur,Rabi,Cheena,49,79.89,47.58,39.87,6.43,21.0,17.0,25,62.5,85,40,168.796875,0.3265306122,Nov,Dec to Feb,Feb to April,16,rice
Chapai Nawabganj,Rabi,Cheena,57,79.89,47.58,39.87,6.43,21.0,17.0,25,62.5,85,40,124.92,0.3157894737,Nov,Dec to Feb,Feb to April,18,rice
Chattogram,Rabi,Cheena,0,79.89,47.58,39.87,6.43,21.0,17.0,25,62.5,85,40,243.94444444444449,2.518413598,Nov,Dec to Feb,Feb to April,0,rice
Chuadanga,Rabi,Cheena,0,79.89,47.58,39.87,6.43,21.0,17.0,25,62.5,85,40,129.44444444444446,2.518413598,Nov,Dec to Feb,Feb to April,0,rice
CoxsBazar,Rabi,Cheena,0,79.89,47.58,39.87,6.43,21.0,17.0,25,62.5,85,40,303.40277777777777,2.518413598,Nov,Dec to Feb,Feb to April,0,rice
Cumilla,Rabi,Cheena,0,79.89,47.58,39.87,6.43,21.0,17.0,25,62.5,85,40,185.75631313131316,2.518413598,Nov,Dec to Feb,Feb to April,0,rice
Dhaka,Rabi,Cheena,0,79.89,47.58,39.87,6.43,21.0,17.0,25,62.5,85,40,169.94262295081967,2.518413598,Nov,Dec to Feb,Feb to April,0,rice
Dinajpur,Rabi,Cheena,4,79.89,47.58,39.87,6.43,21.0,17.0,25,62.5,85,40,154.21843434343435,0.25,Nov,Dec to Feb,Feb to April,1,rice
Faridpur,Rabi,Cheena,0,79.89,47.58,39.87,6.43,21.0,17.0,25,62.5,85,40,155.864898989899,2.518413598,Nov,Dec to Feb,Feb to April,0,rice
Feni,Rabi,Cheena,0,79.89,47.58,39.87,6.43,21.0,17.0,25,62.5,85,40,248.1727642276423,2.518413598,Nov,Dec to Feb,Feb to April,0,rice
Gaibandha,Rabi,Cheena,200,79.89,47.58,39.87,6.43,21.0,17.0,25,62.5,85,40,179.6013888888889,0.835,Nov,Dec to Feb,Feb to April,167,rice
Gazipur,Rabi,Cheena,0,79.89,47.58,39.87,6.43,21.0,17.0,25,62.5,85,40,169.94262295081967,2.518413598,Nov,Dec to Feb,Feb to April,0,rice
Gopalganj,Rabi,Cheena,0,79.89,47.58,39.87,6.43,21.0,17.0,25,62.5,85,40,155.864898989899,2.518413598,Nov,Dec to Feb,Feb to April,0,rice
Habiganj,Rabi,Cheena,0,79.89,47.58,39.87,6.43,21.0,17.0,25,62.5,85,40,333.72557471264366,2.518413598,Nov,Dec to Feb,Feb to April,0,rice
Jamalpur,Rabi,Cheena,20,79.89,47.58,39.87,6.43,21.0,17.0,25,62.5,85,40,181.08838383838383,0.5,Nov,Dec to Feb,Feb to April,10,rice
Jashore,Rabi,Cheena,0,79.89,47.58,39.87,6.43,21.0,17.0,25,62.5,85,40,134.2247474747475,2.518413598,Nov,Dec to Feb,Feb to April,0,rice
Jhallokati,Rabi,Cheena,0,79.89,47.58,39.87,6.43,21.0,17.0,25,62.5,85,40,175.42564102564103,2.518413598,Nov,Dec to Feb,Feb to April,0,rice
Jhenaidah,Rabi,Cheena,0,79.89,47.58,39.87,6.43,21.0,17.0,25,62.5,85,40,134.2247474747475,2.518413598,Nov,Dec to Feb,Feb to April,0,rice
Joypurhat,Rabi,Cheena,0,79.89,47.58,39.87,6.43,21.0,17.0,25,62.5,85,40,142.85416666666666,2.518413598,Nov,Dec to Feb,Feb to April,0,rice
Khagrachari,Rabi,Cheena,19,79.89,47.58,39.87,6.43,21.0,17.0,25,62.5,85,40,204.11111111111111,0.3684210526,Nov,Dec to Feb,Feb to April,7,rice
Khulna,Rabi,Cheena,0,79.89,47.58,39.87,6.43,21.0,17.0,25,62.5,85,40,144.96843434343435,2.518413598,Nov,Dec to Feb,Feb to April,0,rice
Kishoreganj,Rabi,Cheena,0,79.89,47.58,39.87,6.43,21.0,17.0,25,62.5,85,40,181.08838383838383,2.518413598,Nov,Dec to Feb,Feb to April,0,rice
Kurigram,Rabi,Cheena,812,79.89,47.58,39.87,6.43,21.0,17.0,25,62.5,85,40,179.6013888888889,0.4568965517,Nov,Dec to Feb,Feb to April,371,rice
Kushtia,Rabi,Cheena,0,79.89,47.58,39.87,6.43,21.0,17.0,25,62.5,85,40,129.44444444444446,2.518413598,Nov,Dec to Feb,Feb to April,0,rice
Lakshmipur,Rabi,Cheena,2,79.89,47.58,39.87,6.43,21.0,17.0,25,62.5,85,40,185.75631313131316,0.0,Nov,Dec to Feb,Feb to April,0,rice
Lalmonirhat,Rabi,Cheena,10,79.89,47.58,39.87,6.43,21.0,17.0,25,62.5,85,40,179.6013888888889,0.5,Nov,Dec to Feb,Feb to April,5,rice
Madaripur,Rabi,Cheena,0,79.89,47.58,39.87,6.43,21.0,17.0,25,62.5,85,40,160.41666666666666,2.518413598,Nov,Dec to Feb,Feb to April,0,rice
Magura,Rabi,Cheena,0,79.89,47.58,39.87,6.43,21.0,17.0,25,62.5,85,40,134.2247474747475,2.518413598,Nov,Dec to Feb,Feb to April,0,rice
Manikganj,Rabi,Cheena,0,79.89,47.58,39.87,6.43,21.0,17.0,25,62.5,85,40,169.94262295081967,2.518413598,Nov,Dec to Feb,Feb to April,0,rice
Meherpur,Rabi,Cheena,0,79.89,47.58,39.87,6.43,21.0,17.0,25,62.5,85,40,129.44444444444446,2.518413598,Nov,Dec to Feb,Feb to April,0,rice
Moulvibazar,Rabi,Cheena,0,79.89,47.58,39.87,6.43,21.0,17.0,25,62.5,85,40,333.72557471264366,2.518413598,Nov,Dec to Feb,Feb to April,0,rice
Munshiganj,Rabi,Cheena,51,79.89,47.58,39.87,6.43,21.0,17.0,25,62.5,85,40,169.94262295081967,0.4117647059,Nov,Dec to Feb,Feb to April,21,rice
Mymensingh,Rabi,Cheena,0,79.89,47.58,39.87,6.43,21.0,17.0,25,62.5,85,40,181.08838383838383,2.518413598,Nov,Dec to Feb,Feb to April,0,rice
Naogaon,Rabi,Cheena,0,79.89,47.58,39.87,6.43,21.0,17.0,25,62.5,85,40,124.92,2.518413598,Nov,Dec to Feb,Feb to April,0,rice
Narail,Rabi,Cheena,0,79.89,47.58,39.87,6.43,21.0,17.0,25,62.5,85,40,134.2247474747475,2.518413598,Nov,Dec to Feb,Feb to April,0,rice
Narayanganj,Rabi,Cheena,0,79.89,47.58,39.87,6.43,21.0,17.0,25,62.5,85,40,169.94262295081967,2.518413598,Nov,Dec to Feb,Feb to April,0,rice
Narsingdi,Rabi,Cheena,0,79.89,47.58,39.87,6.43,21.0,17.0,25,62.5,85,40,169.94262295081967,2.518413598,Nov,Dec to Feb,Feb to April,0,rice
Natore,Rabi,Cheena,0,79.89,47.58,39.87,6.43,21.0,17.0,25,62.5,85,40,124.92,2.518413598,Nov,Dec to Feb,Feb to April,0,rice
Netrokona,Rabi,Cheena,0,79.89,47.58,39.87,6.43,21.0,17.0,25,62.5,85,40,181.08838383838383,2.518413598,Nov,Dec to Feb,Feb to April,0,rice
Nilphamari,Rabi,Cheena,9,79.89,47.58,39.87,6.43,21.0,17.0,25,62.5,85,40,179.6013888888889,0.4444444444,Nov,Dec to Feb,Feb to April,4,rice
Noakhali,Rabi,Cheena,3,79.89,47.58,39.87,6.43,21.0,17.0,25,62.5,85,40,185.75631313131316,0.0,Nov,Dec to Feb,Feb to April,0,rice
Pabna,Rabi,Cheena,0,79.89,47.58,39.87,6.43,21.0,17.0,25,62.5,85,40,124.92,2.518413598,Nov,Dec to Feb,Feb to April,0,rice
Panchagar,Rabi,Cheena,30,79.89,47.58,39.87,6.43,21.0,17.0,25,62.5,85,40,154.21843434343435,0.4333333333,Nov,Dec to Feb,Feb to April,13,rice
Patuakhali,Rabi,Cheena,0,79.89,47.58,39.87,6.43,21.0,17.0,25,62.5,85,40,207.8076923076923,2.518413598,Nov,Dec to Feb,Feb to April,0,rice
Pirojpur,Rabi,Cheena,0,79.89,47.58,39.87,6.43,21.0,17.0,25,62.5,85,40,175.42564102564103,2.518413598,Nov,Dec to Feb,Feb to April,0,rice
Rajbari,Rabi,Cheena,0,79.89,47.58,39.87,6.43,21.0,17.0,25,62.5,85,40,155.864898989899,2.518413598,Nov,Dec to Feb,Feb to April,0,rice
Rajshahi,Rabi,Cheena,0,79.89,47.58,39.87,6.43,21.0,17.0,25,62.5,85,40,124.92,2.518413598,Nov,Dec to Feb,Feb to April,0,rice
Rangamati,Rabi,Cheena,82,79.89,47.58,39.87,6.43,21.0,17.0,25,62.5,85,40,204.11111111111111,0.4390243902,Nov,Dec to Feb,Feb to April,36,rice
Rangpur,Rabi,Cheena,15,79.89,47.58,39.87,6.43,21.0,17.0,25,62.5,85,40,179.6013888888889,0.6,Nov,Dec to Feb,Feb to April,9,rice
Satkhira,Rabi,Cheena,0,79.89,47.58,39.87,6.43,21.0,17.0,25,62.5,85,40,140.35353535353536,2.518413598,Nov,Dec to Feb,Feb to April,0,rice
Shariatpur,Rabi,Cheena,0,79.89,47.58,39.87,6.43,21.0,17.0,25,62.5,85,40,155.864898989899,2.518413598,Nov,Dec to Feb,Feb to April,0,rice
Sherpur,Rabi,Cheena,0,79.89,47.58,39.87,6.43,21.0,17.0,25,62.5,85,40,181.08838383838383,2.518413598,Nov,Dec to Feb,Feb to April,0,rice
Sirajganj,Rabi,Cheena,229,79.89,47.58,39.87,6.43,21.0,17.0,25,62.5,85,40,142.85416666666666,0.5414847162,Nov,Dec to Feb,Feb to April,124,rice
Sunamganj,Rabi,Cheena,0,79.89,47.58,39.87,6.43,21.0,17.0,25,62.5,85,40,333.72557471264366,2.518413598,Nov,Dec to Feb,Feb to April,0,rice
Sylhet,Rabi,Cheena,0,79.89,47.58,39.87,6.43,21.0,17.0,25,62.5,85,40,333.72557471264366,2.518413598,Nov,Dec to Feb,Feb to April,0,rice
Tangail,Rabi,Cheena,0,79.89,47.58,39.87,6.43,21.0,17.0,25,62.5,85,40,153.4104938271605,2.518413598,Nov,Dec to Feb,Feb to April,0,rice
Thakurgaon,Rabi,Cheena,111,79.89,47.58,39.87,6.43,21.0,17.0,25,62.5,85,40,154.21843434343435,0.2522522523,Nov,Dec to Feb,Feb to April,28,rice
Bagerhat,Rabi,Chili,854,77.76,48.44,19.79,6.25,22.5,15.0,30,60.0,70,50,144.96843434343435,0.5655737705,Oct,Nov to March,March to April,483,maize
Bandarban,Rabi,Chili,343,77.76,48.44,19.79,6.25,22.5,15.0,30,60.0,70,50,243.94444444444449,0.9212827988,Oct,Nov to March,March to April,316,maize
Barguna,Rabi,Chili,896,77.76,48.44,19.79,6.25,22.5,15.0,30,60.0,70,50,207.8076923076923,1.174107143,Oct,Nov to March,March to April,1052,maize
Barishal,Rabi,Chili,8510,77.76,48.44,19.79,6.25,22.5,15.0,30,60.0,70,50,175.42564102564103,0.4124559342,Oct,Nov to March,March to April,3510,maize
Bhola,Rabi,Chili,23722,77.76,48.44,19.79,6.25,22.5,15.0,30,60.0,70,50,185.23090277777777,0.4255121828,Oct,Nov to March,March to April,10094,maize
Bogura,Rabi,Chili,15749,77.76,48.44,19.79,6.25,22.5,15.0,30,60.0,70,50,142.85416666666666,4.118991682,Oct,Nov to March,March to April,64870,maize
Brahmanbaria,Rabi,Chili,2969,77.76,48.44,19.79,6.25,22.5,15.0,30,60.0,70,50,185.75631313131316,0.535197036,Oct,Nov to March,March to April,1589,maize
Chandpur,Rabi,Chili,5824,77.76,48.44,19.79,6.25,22.5,15.0,30,60.0,70,50,168.796875,0.482657967,Oct,Nov to March,March to April,2811,maize
Chapai Nawabganj,Rabi,Chili,341,77.76,48.44,19.79,6.25,22.5,15.0,30,60.0,70,50,124.92,2.958944282,Oct,Nov to March,March to April,1009,maize
Chattogram,Rabi,Chili,5015,77.76,48.44,19.79,6.25,22.5,15.0,30,60.0,70,50,243.94444444444449,0.4354935194,Oct,Nov to March,March to April,2184,maize
Chuadanga,Rabi,Chili,956,77.76,48.44,19.79,6.25,22.5,15.0,30,60.0,70,50,129.44444444444446,1.05334728,Oct,Nov to March,March to April,1007,maize
CoxsBazar,Rabi,Chili,1899,77.76,48.44,19.79,6.25,22.5,15.0,30,60.0,70,50,303.40277777777777,0.757240653,Oct,Nov to March,March to April,1438,maize
Cumilla,Rabi,Chili,6656,77.76,48.44,19.79,6.25,22.5,15.0,30,60.0,70,50,185.75631313131316,0.603515625,Oct,Nov to March,March to April,4017,maize
Dhaka,Rabi,Chili,1174,77.76,48.44,19.79,6.25,22.5,15.0,30,60.0,70,50,169.94262295081967,1.807495741,Oct,Nov to March,March to April,2122,maize
Dinajpur,Rabi,Chili,2915,77.76,48.44,19.79,6.25,22.5,15.0,30,60.0,70,50,154.21843434343435,5.246998285,Oct,Nov to March,March to April,15295,maize
Faridpur,Rabi,Chili,2572,77.76,48.44,19.79,6.25,22.5,15.0,30,60.0,70,50,155.864898989899,0.9580093313,Oct,Nov to March,March to April,2464,maize
Feni,Rabi,Chili,541,77.76,48.44,19.79,6.25,22.5,15.0,30,60.0,70,50,248.1727642276423,0.3992606285,Oct,Nov to March,March to April,216,maize
Gaibandha,Rabi,Chili,1270,77.76,48.44,19.79,6.25,22.5,15.0,30,60.0,70,50,179.6013888888889,2.909448819,Oct,Nov to March,March to April,3695,maize
Gazipur,Rabi,Chili,1368,77.76,48.44,19.79,6.25,22.5,15.0,30,60.0,70,50,169.94262295081967,0.4342105263,Oct,Nov to March,March to April,594,maize
Gopalganj,Rabi,Chili,905,77.76,48.44,19.79,6.25,22.5,15.0,30,60.0,70,50,155.864898989899,2.036464088,Oct,Nov to March,March to April,1843,maize
Habiganj,Rabi,Chili,519,77.76,48.44,19.79,6.25,22.5,15.0,30,60.0,70,50,333.72557471264366,1.603082852,Oct,Nov to March,March to April,832,maize
Jamalpur,Rabi,Chili,14272,77.76,48.44,19.79,6.25,22.5,15.0,30,60.0,70,50,181.08838383838383,1.475616592,Oct,Nov to March,March to April,21060,maize
Jashore,Rabi,Chili,2054,77.76,48.44,19.79,6.25,22.5,15.0,30,60.0,70,50,134.2247474747475,1.40993184,Oct,Nov to March,March to April,2896,maize
Jhallokati,Rabi,Chili,1391,77.76,48.44,19.79,6.25,22.5,15.0,30,60.0,70,50,175.42564102564103,0.4378145219,Oct,Nov to March,March to April,609,maize
Jhenaidah,Rabi,Chili,1848,77.76,48.44,19.79,6.25,22.5,15.0,30,60.0,70,50,134.2247474747475,1.406385281,Oct,Nov to March,March to April,2599,maize
Joypurhat,Rabi,Chili,553,77.76,48.44,19.79,6.25,22.5,15.0,30,60.0,70,50,142.85416666666666,5.65641953,Oct,Nov to March,March to April,3128,maize
Khagrachari,Rabi,Chili,812,77.76,48.44,19.79,6.25,22.5,15.0,30,60.0,70,50,204.11111111111111,0.3830049261,Oct,Nov to March,March to April,311,maize
Khulna,Rabi,Chili,386,77.76,48.44,19.79,6.25,22.5,15.0,30,60.0,70,50,144.96843434343435,1.733160622,Oct,Nov to March,March to April,669,maize
Kishoreganj,Rabi,Chili,4034,77.76,48.44,19.79,6.25,22.5,15.0,30,60.0,70,50,181.08838383838383,1.683936539,Oct,Nov to March,March to April,6793,maize
Kurigram,Rabi,Chili,1386,77.76,48.44,19.79,6.25,22.5,15.0,30,60.0,70,50,179.6013888888889,2.497835498,Oct,Nov to March,March to April,3462,maize
Kushtia,Rabi,Chili,902,77.76,48.44,19.79,6.25,22.5,15.0,30,60.0,70,50,129.44444444444446,1.272727273,Oct,Nov to March,March to April,1148,maize
Lakshmipur,Rabi,Chili,4000,77.76,48.44,19.79,6.25,22.5,15.0,30,60.0,70,50,185.75631313131316,0.3475,Oct,Nov to March,March to April,1390,maize
Lalmonirhat,Rabi,Chili,600,77.76,48.44,19.79,6.25,22.5,15.0,30,60.0,70,50,179.6013888888889,3.641666667,Oct,Nov to March,March to April,2185,maize
Madaripur,Rabi,Chili,1213,77.76,48.44,19.79,6.25,22.5,15.0,30,60.0,70,50,160.41666666666666,2.615828524,Oct,Nov to March,March to April,3173,maize
Magura,Rabi,Chili,550,77.76,48.44,19.79,6.25,22.5,15.0,30,60.0,70,50,134.2247474747475,0.9690909091,Oct,Nov to March,March to April,533,maize
Manikganj,Rabi,Chili,6794,77.76,48.44,19.79,6.25,22.5,15.0,30,60.0,70,50,169.94262295081967,6.386075949,Oct,Nov to March,March to April,43387,maize
Meherpur,Rabi,Chili,403,77.76,48.44,19.79,6.25,22.5,15.0,30,60.0,70,50,129.44444444444446,0.935483871,Oct,Nov to March,March to April,377,maize
Moulvibazar,Rabi,Chili,315,77.76,48.44,19.79,6.25,22.5,15.0,30,60.0,70,50,333.72557471264366,1.044444444,Oct,Nov to March,March to April,329,maize
Munshiganj,Rabi,Chili,954,77.76,48.44,19.79,6.25,22.5,15.0,30,60.0,70,50,169.94262295081967,1.469601677,Oct,Nov to March,March to April,1402,maize
Mymensingh,Rabi,Chili,3540,77.76,48.44,19.79,6.25,22.5,15.0,30,60.0,70,50,181.08838383838383,1.377966102,Oct,Nov to March,March to April,4878,maize
Naogaon,Rabi,Chili,1493,77.76,48.44,19.79,6.25,22.5,15.0,30,60.0,70,50,124.92,3.261888814,Oct,Nov to March,March to April,4870,maize
Narail,Rabi,Chili,530,77.76,48.44,19.79,6.25,22.5,15.0,30,60.0,70,50,134.2247474747475,2.435849057,Oct,Nov to March,March to April,1291,maize
Narayanganj,Rabi,Chili,539,77.76,48.44,19.79,6.25,22.5,15.0,30,60.0,70,50,169.94262295081967,0.5139146568,Oct,Nov to March,March to April,277,maize
Narsingdi,Rabi,Chili,1912,77.76,48.44,19.79,6.25,22.5,15.0,30,60.0,70,50,169.94262295081967,3.472280335,Oct,Nov to March,March to April,6639,maize
Natore,Rabi,Chili,763,77.76,48.44,19.79,6.25,22.5,15.0,30,60.0,70,50,124.92,3.598951507,Oct,Nov to March,March to April,2746,maize
Netrokona,Rabi,Chili,1011,77.76,48.44,19.79,6.25,22.5,15.0,30,60.0,70,50,181.08838383838383,1.333333333,Oct,Nov to March,March to April,1348,maize
Nilphamari,Rabi,Chili,4526,77.76,48.44,19.79,6.25,22.5,15.0,30,60.0,70,50,179.6013888888889,3.846221829,Oct,Nov to March,March to April,17408,maize
Noakhali,Rabi,Chili,7760,77.76,48.44,19.79,6.25,22.5,15.0,30,60.0,70,50,185.75631313131316,0.4461340206,Oct,Nov to March,March to April,3462,maize
Pabna,Rabi,Chili,1787,77.76,48.44,19.79,6.25,22.5,15.0,30,60.0,70,50,124.92,3.226636821,Oct,Nov to March,March to April,5766,maize
Panchagar,Rabi,Chili,14415,77.76,48.44,19.79,6.25,22.5,15.0,30,60.0,70,50,154.21843434343435,3.610544572,Oct,Nov to March,March to April,52046,maize
Patuakhali,Rabi,Chili,2775,77.76,48.44,19.79,6.25,22.5,15.0,30,60.0,70,50,207.8076923076923,0.3448648649,Oct,Nov to March,March to April,957,maize
Pirojpur,Rabi,Chili,1004,77.76,48.44,19.79,6.25,22.5,15.0,30,60.0,70,50,175.42564102564103,0.3874501992,Oct,Nov to March,March to April,389,maize
Rajbari,Rabi,Chili,618,77.76,48.44,19.79,6.25,22.5,15.0,30,60.0,70,50,155.864898989899,1.213592233,Oct,Nov to March,March to April,750,maize
Rajshahi,Rabi,Chili,1575,77.76,48.44,19.79,6.25,22.5,15.0,30,60.0,70,50,124.92,2.934603175,Oct,Nov to March,March to April,4622,maize
Rangamati,Rabi,Chili,1146,77.76,48.44,19.79,6.25,22.5,15.0,30,60.0,70,50,204.11111111111111,0.5436300175,Oct,Nov to March,March to April,623,maize
Rangpur,Rabi,Chili,3226,77.76,48.44,19.79,6.25,22.5,15.0,30,60.0,70,50,179.6013888888889,2.243645381,Oct,Nov to March,March to April,7238,maize
Satkhira,Rabi,Chili,634,77.76,48.44,19.79,6.25,22.5,15.0,30,60.0,70,50,140.35353535353536,1.246056782,Oct,Nov to March,March to April,790,maize
Shariatpur,Rabi,Chili,10240,77.76,48.44,19.79,6.25,22.5,15.0,30,60.0,70,50,155.864898989899,3.793457031,Oct,Nov to March,March to April,38845,maize
Sherpur,Rabi,Chili,1381,77.76,48.44,19.79,6.25,22.5,15.0,30,60.0,70,50,181.08838383838383,1.171614772,Oct,Nov to March,March to April,1618,maize
Sirajganj,Rabi,Chili,3044,77.76,48.44,19.79,6.25,22.5,15.0,30,60.0,70,50,142.85416666666666,4.08804205,Oct,Nov to March,March to April,12444,maize
Sunamganj,Rabi,Chili,963,77.76,48.44,19.79,6.25,22.5,15.0,30,60.0,70,50,333.72557471264366,1.271028037,Oct,Nov to March,March to April,1224,maize
Sylhet,Rabi,Chili,658,77.76,48.44,19.79,6.25,22.5,15.0,30,60.0,70,50,333.72557471264366,1.361702128,Oct,Nov to March,March to April,896,maize
Tangail,Rabi,Chili,2905,77.76,48.44,19.79,6.25,22.5,15.0,30,60.0,70,50,153.4104938271605,1.33080895,Oct,Nov to March,March to April,3866,maize
Thakurgaon,Rabi,Chili,854,77.76,48.44,19.79,6.25,22.5,15.0,30,60.0,70,50,154.21843434343435,1.950819672,Oct,Nov to March,March to April,1666,maize
Bagerhat,Kharif 2,Cucumber,521,99.42,17.0,50.22,6.5,26.5,18.0,35,75.0,90,60,144.96843434343435,2.476007678,Sep,Nov to March,March to jun,1290,watermelon
Bandarban,Kharif 2,Cucumber,1855,99.42,17.0,50.22,6.5,26.5,18.0,35,75.0,90,60,243.94444444444449,2.689487871,Sep,Nov to March,March to jun,4989,watermelon
Barguna,Kharif 2,Cucumber,136,99.42,17.0,50.22,6.5,26.5,18.0,35,75.0,90,60,207.8076923076923,2.154411765,Sep,Nov to March,March to jun,293,watermelon
Barishal,Kharif 2,Cucumber,317,99.42,17.0,50.22,6.5,26.5,18.0,35,75.0,90,60,175.42564102564103,2.018927445,Sep,Nov to March,March to jun,640,watermelon
Bhola,Kharif 2,Cucumber,416,99.42,17.0,50.22,6.5,26.5,18.0,35,75.0,90,60,185.23090277777777,3.009615385,Sep,Nov to March,March to jun,1252,watermelon
Bogura,Kharif 2,Cucumber,469,99.42,17.0,50.22,6.5,26.5,18.0,35,75.0,90,60,142.85416666666666,2.978678038,Sep,Nov to March,March to jun,1397,watermelon
Brahmanbaria,Kharif 2,Cucumber,296,99.42,17.0,50.22,6.5,26.5,18.0,35,75.0,90,60,185.75631313131316,4.037162162,Sep,Nov to March,March to jun,1195,watermelon
Chandpur,Kharif 2,Cucumber,195,99.42,17.0,50.22,6.5,26.5,18.0,35,75.0,90,60,168.796875,1.98974359,Sep,Nov to March,March to jun,388,watermelon
Chapai Nawabganj,Kharif 2,Cucumber,352,99.42,17.0,50.22,6.5,26.5,18.0,35,75.0,90,60,124.92,1.349431818,Sep,Nov to March,March to jun,475,watermelon
Chattogram,Kharif 2,Cucumber,1156,99.42,17.0,50.22,6.5,26.5,18.0,35,75.0,90,60,243.94444444444449,2.73183391,Sep,Nov to March,March to jun,3158,watermelon
Chuadanga,Kharif 2,Cucumber,399,99.42,17.0,50.22,6.5,26.5,18.0,35,75.0,90,60,129.44444444444446,2.055137845,Sep,Nov to March,March to jun,820,watermelon
CoxsBazar,Kharif 2,Cucumber,210,99.42,17.0,50.22,6.5,26.5,18.0,35,75.0,90,60,303.40277777777777,2.266666667,Sep,Nov to March,March to jun,476,watermelon
Cumilla,Kharif 2,Cucumber,533,99.42,17.0,50.22,6.5,26.5,18.0,35,75.0,90,60,185.75631313131316,3.245778612,Sep,Nov to March,March to jun,1730,watermelon
Dhaka,Kharif 2,Cucumber,611,99.42,17.0,50.22,6.5,26.5,18.0,35,75.0,90,60,169.94262295081967,2.25695581,Sep,Nov to March,March to jun,1379,watermelon
Dinajpur,Kharif 2,Cucumber,413,99.42,17.0,50.22,6.5,26.5,18.0,35,75.0,90,60,154.21843434343435,2.389830508,Sep,Nov to March,March to jun,987,watermelon
Faridpur,Kharif 2,Cucumber,282,99.42,17.0,50.22,6.5,26.5,18.0,35,75.0,90,60,155.864898989899,1.90070922,Sep,Nov to March,March to jun,536,watermelon
Feni,Kharif 2,Cucumber,111,99.42,17.0,50.22,6.5,26.5,18.0,35,75.0,90,60,248.1727642276423,1.495495495,Sep,Nov to March,March to jun,166,watermelon
Gaibandha,Kharif 2,Cucumber,234,99.42,17.0,50.22,6.5,26.5,18.0,35,75.0,90,60,179.6013888888889,2.358974359,Sep,Nov to March,March to jun,552,watermelon
Gazipur,Kharif 2,Cucumber,284,99.42,17.0,50.22,6.5,26.5,18.0,35,75.0,90,60,169.94262295081967,1.693661972,Sep,Nov to March,March to jun,481,watermelon
Gopalganj,Kharif 2,Cucumber,190,99.42,17.0,50.22,6.5,26.5,18.0,35,75.0,90,60,155.864898989899,2.057894737,Sep,Nov to March,March to jun,391,watermelon
Habiganj,Kharif 2,Cucumber,158,99.42,17.0,50.22,6.5,26.5,18.0,35,75.0,90,60,333.72557471264366,2.113924051,Sep,Nov to March,March to jun,334,watermelon
Jamalpur,Kharif 2,Cucumber,698,99.42,17.0,50.22,6.5,26.5,18.0,35,75.0,90,60,181.08838383838383,10.52292264,Sep,Nov to March,March to jun,7345,watermelon
Jashore,Kharif 2,Cucumber,756,99.42,17.0,50.22,6.5,26.5,18.0,35,75.0,90,60,134.2247474747475,4.085978836,Sep,Nov to March,March to jun,3089,watermelon
Jhallokati,Kharif 2,Cucumber,247,99.42,17.0,50.22,6.5,26.5,18.0,35,75.0,90,60,175.42564102564103,2.032388664,Sep,Nov to March,March to jun,502,watermelon
Jhenaidah,Kharif 2,Cucumber,547,99.42,17.0,50.22,6.5,26.5,18.0,35,75.0,90,60,134.2247474747475,3.314442413,Sep,Nov to March,March to jun,1813,watermelon
Joypurhat,Kharif 2,Cucumber,131,99.42,17.0,50.22,6.5,26.5,18.0,35,75.0,90,60,142.85416666666666,4.221374046,Sep,Nov to March,March to jun,553,watermelon
Khagrachari,Kharif 2,Cucumber,479,99.42,17.0,50.22,6.5,26.5,18.0,35,75.0,90,60,204.11111111111111,2.995824635,Sep,Nov to March,March to jun,1435,watermelon
Khulna,Kharif 2,Cucumber,273,99.42,17.0,50.22,6.5,26.5,18.0,35,75.0,90,60,144.96843434343435,1.505494505,Sep,Nov to March,March to jun,411,watermelon
Kishoreganj,Kharif 2,Cucumber,175,99.42,17.0,50.22,6.5,26.5,18.0,35,75.0,90,60,181.08838383838383,6.92,Sep,Nov to March,March to jun,1211,watermelon
Kurigram,Kharif 2,Cucumber,323,99.42,17.0,50.22,6.5,26.5,18.0,35,75.0,90,60,179.6013888888889,4.13003096,Sep,Nov to March,March to jun,1334,watermelon
Kushtia,Kharif 2,Cucumber,378,99.42,17.0,50.22,6.5,26.5,18.0,35,75.0,90,60,129.44444444444446,6.275132275,Sep,Nov to March,March to jun,2372,watermelon
Lakshmipur,Kharif 2,Cucumber,473,99.42,17.0,50.22,6.5,26.5,18.0,35,75.0,90,60,185.75631313131316,1.619450317,Sep,Nov to March,March to jun,766,watermelon
Lalmonirhat,Kharif 2,Cucumber,252,99.42,17.0,50.22,6.5,26.5,18.0,35,75.0,90,60,179.6013888888889,2.472222222,Sep,Nov to March,March to jun,623,watermelon
Madaripur,Kharif 2,Cucumber,144,99.42,17.0,50.22,6.5,26.5,18.0,35,75.0,90,60,160.41666666666666,5.0625,Sep,Nov to March,March to jun,729,watermelon
Magura,Kharif 2,Cucumber,74,99.42,17.0,50.22,6.5,26.5,18.0,35,75.0,90,60,134.2247474747475,2.648648649,Sep,Nov to March,March to jun,196,watermelon
Manikganj,Kharif 2,Cucumber,507,99.42,17.0,50.22,6.5,26.5,18.0,35,75.0,90,60,169.94262295081967,5.605522682,Sep,Nov to March,March to jun,2842,watermelon
Meherpur,Kharif 2,Cucumber,892,99.42,17.0,50.22,6.5,26.5,18.0,35,75.0,90,60,129.44444444444446,10.93721973,Sep,Nov to March,March to jun,9756,watermelon
Moulvibazar,Kharif 2,Cucumber,186,99.42,17.0,50.22,6.5,26.5,18.0,35,75.0,90,60,333.72557471264366,3.596774194,Sep,Nov to March,March to jun,669,watermelon
Munshiganj,Kharif 2,Cucumber,180,99.42,17.0,50.22,6.5,26.5,18.0,35,75.0,90,60,169.94262295081967,5.544444444,Sep,Nov to March,March to jun,998,watermelon
Mymensingh,Kharif 2,Cucumber,1147,99.42,17.0,50.22,6.5,26.5,18.0,35,75.0,90,60,181.08838383838383,6.238012206,Sep,Nov to March,March to jun,7155,watermelon
Naogaon,Kharif 2,Cucumber,286,99.42,17.0,50.22,6.5,26.5,18.0,35,75.0,90,60,124.92,3.405594406,Sep,Nov to March,March to jun,974,watermelon
Narail,Kharif 2,Cucumber,214,99.42,17.0,50.22,6.5,26.5,18.0,35,75.0,90,60,134.2247474747475,3.887850467,Sep,Nov to March,March to jun,832,watermelon
Narayanganj,Kharif 2,Cucumber,221,99.42,17.0,50.22,6.5,26.5,18.0,35,75.0,90,60,169.94262295081967,2.036199095,Sep,Nov to March,March to jun,450,watermelon
Narsingdi,Kharif 2,Cucumber,375,99.42,17.0,50.22,6.5,26.5,18.0,35,75.0,90,60,169.94262295081967,4.181333333,Sep,Nov to March,March to jun,1568,watermelon
Natore,Kharif 2,Cucumber,284,99.42,17.0,50.22,6.5,26.5,18.0,35,75.0,90,60,124.92,2.492957746,Sep,Nov to March,March to jun,708,watermelon
Netrokona,Kharif 2,Cucumber,343,99.42,17.0,50.22,6.5,26.5,18.0,35,75.0,90,60,181.08838383838383,6.533527697,Sep,Nov to March,March to jun,2241,watermelon
Nilphamari,Kharif 2,Cucumber,402,99.42,17.0,50.22,6.5,26.5,18.0,35,75.0,90,60,179.6013888888889,3.082089552,Sep,Nov to March,March to jun,1239,watermelon
Noakhali,Kharif 2,Cucumber,294,99.42,17.0,50.22,6.5,26.5,18.0,35,75.0,90,60,185.75631313131316,2.431972789,Sep,Nov to March,March to jun,715,watermelon
Pabna,Kharif 2,Cucumber,337,99.42,17.0,50.22,6.5,26.5,18.0,35,75.0,90,60,124.92,2.347181009,Sep,Nov to March,March to jun,791,watermelon
Panchagar,Kharif 2,Cucumber,280,99.42,17.0,50.22,6.5,26.5,18.0,35,75.0,90,60,154.21843434343435,2.857142857,Sep,Nov to March,March to jun,800,watermelon
Patuakhali,Kharif 2,Cucumber,146,99.42,17.0,50.22,6.5,26.5,18.0,35,75.0,90,60,207.8076923076923,1.952054795,Sep,Nov to March,March to jun,285,watermelon
Pirojpur,Kharif 2,Cucumber,235,99.42,17.0,50.22,6.5,26.5,18.0,35,75.0,90,60,175.42564102564103,1.774468085,Sep,Nov to March,March to jun,417,watermelon
Rajbari,Kharif 2,Cucumber,179,99.42,17.0,50.22,6.5,26.5,18.0,35,75.0,90,60,155.864898989899,4.491620112,Sep,Nov to March,March to jun,804,watermelon
Rajshahi,Kharif 2,Cucumber,606,99.42,17.0,50.22,6.5,26.5,18.0,35,75.0,90,60,124.92,3.356435644,Sep,Nov to March,March to jun,2034,watermelon
Rangamati,Kharif 2,Cucumber,602,99.42,17.0,50.22,6.5,26.5,18.0,35,75.0,90,60,204.11111111111111,2.061461794,Sep,Nov to March,March to jun,1241,watermelon
Rangpur,Kharif 2,Cucumber,554,99.42,17.0,50.22,6.5,26.5,18.0,35,75.0,90,60,179.6013888888889,2.514440433,Sep,Nov to March,March to jun,1393,watermelon
Satkhira,Kharif 2,Cucumber,246,99.42,17.0,50.22,6.5,26.5,18.0,35,75.0,90,60,140.35353535353536,2.756097561,Sep,Nov to March,March to jun,678,watermelon
Shariatpur,Kharif 2,Cucumber,119,99.42,17.0,50.22,6.5,26.5,18.0,35,75.0,90,60,155.864898989899,6.151260504,Sep,Nov to March,March to jun,732,watermelon
Sherpur,Kharif 2,Cucumber,757,99.42,17.0,50.22,6.5,26.5,18.0,35,75.0,90,60,181.08838383838383,6.747688243,Sep,Nov to March,March to jun,5108,watermelon
Sirajganj,Kharif 2,Cucumber,173,99.42,17.0,50.22,6.5,26.5,18.0,35,75.0,90,60,142.85416666666666,2.595375723,Sep,Nov to March,March to jun,449,watermelon
Sunamganj,Kharif 2,Cucumber,178,99.42,17.0,50.22,6.5,26.5,18.0,35,75.0,90,60,333.72557471264366,3.662921348,Sep,Nov to March,March to jun,652,watermelon
Sylhet,Kharif 2,Cucumber,310,99.42,17.0,50.22,6.5,26.5,18.0,35,75.0,90,60,333.72557471264366,3.8,Sep,Nov to March,March to jun,1178,watermelon
Tangail,Kharif 2,Cucumber,798,99.42,17.0,50.22,6.5,26.5,18.0,35,75.0,90,60,153.4104938271605,2.617794486,Sep,Nov to March,March to jun,2089,watermelon
Thakurgaon,Kharif 2,Cucumber,342,99.42,17.0,50.22,6.5,26.5,18.0,35,75.0,90,60,154.21843434343435,2.289473684,Sep,Nov to March,March to jun,783,watermelon
Bagerhat,Kharif 1,Dalim,0,18.87,18.75,40.21,6.43,21.5,5.0,38,82.5,95,70,144.96843434343435,2.518413598,April,No need to do,Throuout The year,0,pomegranate
Bandarban,Kharif 1,Dalim,21,18.87,18.75,40.21,6.43,21.5,5.0,38,82.5,95,70,243.94444444444449,0.04761904762,April,No need to do,Throuout The year,1,pomegranate
Barguna,Kharif 1,Dalim,0,18.87,18.75,40.21,6.43,21.5,5.0,38,82.5,95,70,207.8076923076923,2.518413598,April,No need to do,Throuout The year,0,pomegranate
Barishal,Kharif 1,Dalim,24,18.87,18.75,40.21,6.43,21.5,5.0,38,82.5,95,70,175.42564102564103,2.583333333,April,No need to do,Throuout The year,62,pomegranate
Bhola,Kharif 1,Dalim,3,18.87,18.75,40.21,6.43,21.5,5.0,38,82.5,95,70,185.23090277777777,0.3333333333,April,No need to do,Throuout The year,1,pomegranate
Bogura,Kharif 1,Dalim,2,18.87,18.75,40.21,6.43,21.5,5.0,38,82.5,95,70,142.85416666666666,4.0,April,No need to do,Throuout The year,8,pomegranate
Brahmanbaria,Kharif 1,Dalim,33,18.87,18.75,40.21,6.43,21.5,5.0,38,82.5,95,70,185.75631313131316,0.8787878788,April,No need to do,Throuout The year,29,pomegranate
Chandpur,Kharif 1,Dalim,6,18.87,18.75,40.21,6.43,21.5,5.0,38,82.5,95,70,168.796875,1.666666667,April,No need to do,Throuout The year,10,pomegranate
Chapai Nawabganj,Kharif 1,Dalim,23,18.87,18.75,40.21,6.43,21.5,5.0,38,82.5,95,70,124.92,2.130434783,April,No need to do,Throuout The year,49,pomegranate
Chattogram,Kharif 1,Dalim,3,18.87,18.75,40.21,6.43,21.5,5.0,38,82.5,95,70,243.94444444444449,2.0,April,No need to do,Throuout The year,6,pomegranate
Chuadanga,Kharif 1,Dalim,5,18.87,18.75,40.21,6.43,21.5,5.0,38,82.5,95,70,129.44444444444446,1.0,April,No need to do,Throuout The year,5,pomegranate
CoxsBazar,Kharif 1,Dalim,6,18.87,18.75,40.21,6.43,21.5,5.0,38,82.5,95,70,303.40277777777777,1.333333333,April,No need to do,Throuout The year,8,pomegranate
Cumilla,Kharif 1,Dalim,44,18.87,18.75,40.21,6.43,21.5,5.0,38,82.5,95,70,185.75631313131316,0.75,April,No need to do,Throuout The year,33,pomegranate
Dhaka,Kharif 1,Dalim,5,18.87,18.75,40.21,6.43,21.5,5.0,38,82.5,95,70,169.94262295081967,3.8,April,No need to do,Throuout The year,19,pomegranate
Dinajpur,Kharif 1,Dalim,26,18.87,18.75,40.21,6.43,21.5,5.0,38,82.5,95,70,154.21843434343435,2.5,April,No need to do,Throuout The year,65,pomegranate
Faridpur,Kharif 1,Dalim,18,18.87,18.75,40.21,6.43,21.5,5.0,38,82.5,95,70,155.864898989899,3.0,April,No need to do,Throuout The year,54,pomegranate
Feni,Kharif 1,Dalim,1,18.87,18.75,40.21,6.43,21.5,5.0,38,82.5,95,70,248.1727642276423,1.0,April,No need to do,Throuout The year,1,pomegranate
Gaibandha,Kharif 1,Dalim,12,18.87,18.75,40.21,6.43,21.5,5.0,38,82.5,95,70,179.6013888888889,1.583333333,April,No need to do,Throuout The year,19,pomegranate
Gazipur,Kharif 1,Dalim,24,18.87,18.75,40.21,6.43,21.5,5.0,38,82.5,95,70,169.94262295081967,0.7083333333,April,No need to do,Throuout The year,17,pomegranate
Gopalganj,Kharif 1,Dalim,4,18.87,18.75,40.21,6.43,21.5,5.0,38,82.5,95,70,155.864898989899,7.25,April,No need to do,Throuout The year,29,pomegranate
Habiganj,Kharif 1,Dalim,0,18.87,18.75,40.21,6.43,21.5,5.0,38,82.5,95,70,333.72557471264366,2.518413598,April,No need to do,Throuout The year,0,pomegranate
Jamalpur,Kharif 1,Dalim,6,18.87,18.75,40.21,6.43,21.5,5.0,38,82.5,95,70,181.08838383838383,1.5,April,No need to do,Throuout The year,9,pomegranate
Jashore,Kharif 1,Dalim,13,18.87,18.75,40.21,6.43,21.5,5.0,38,82.5,95,70,134.2247474747475,8.461538462,April,No need to do,Throuout The year,110,pomegranate
Jhallokati,Kharif 1,Dalim,13,18.87,18.75,40.21,6.43,21.5,5.0,38,82.5,95,70,175.42564102564103,0.7692307692,April,No need to do,Throuout The year,10,pomegranate
Jhenaidah,Kharif 1,Dalim,12,18.87,18.75,40.21,6.43,21.5,5.0,38,82.5,95,70,134.2247474747475,3.833333333,April,No need to do,Throuout The year,46,pomegranate
Joypurhat,Kharif 1,Dalim,5,18.87,18.75,40.21,6.43,21.5,5.0,38,82.5,95,70,142.85416666666666,2.8,April,No need to do,Throuout The year,14,pomegranate
Khagrachari,Kharif 1,Dalim,4,18.87,18.75,40.21,6.43,21.5,5.0,38,82.5,95,70,204.11111111111111,0.5,April,No need to do,Throuout The year,2,pomegranate
Khulna,Kharif 1,Dalim,7,18.87,18.75,40.21,6.43,21.5,5.0,38,82.5,95,70,144.96843434343435,4.714285714,April,No need to do,Throuout The year,33,pomegranate
Kishoreganj,Kharif 1,Dalim,11,18.87,18.75,40.21,6.43,21.5,5.0,38,82.5,95,70,181.08838383838383,1.363636364,April,No need to do,Throuout The year,15,pomegranate
Kurigram,Kharif 1,Dalim,6,18.87,18.75,40.21,6.43,21.5,5.0,38,82.5,95,70,179.6013888888889,5.166666667,April,No need to do,Throuout The year,31,pomegranate
Kushtia,Kharif 1,Dalim,12,18.87,18.75,40.21,6.43,21.5,5.0,38,82.5,95,70,129.44444444444446,2.583333333,April,No need to do,Throuout The year,31,pomegranate
Lakshmipur,Kharif 1,Dalim,8,18.87,18.75,40.21,6.43,21.5,5.0,38,82.5,95,70,185.75631313131316,1.125,April,No need to do,Throuout The year,9,pomegranate
Lalmonirhat,Kharif 1,Dalim,8,18.87,18.75,40.21,6.43,21.5,5.0,38,82.5,95,70,179.6013888888889,2.25,April,No need to do,Throuout The year,18,pomegranate
Madaripur,Kharif 1,Dalim,7,18.87,18.75,40.21,6.43,21.5,5.0,38,82.5,95,70,160.41666666666666,7.0,April,No need to do,Throuout The year,49,pomegranate
Magura,Kharif 1,Dalim,46,18.87,18.75,40.21,6.43,21.5,5.0,38,82.5,95,70,134.2247474747475,1.413043478,April,No need to do,Throuout The year,65,pomegranate
Manikganj,Kharif 1,Dalim,2,18.87,18.75,40.21,6.43,21.5,5.0,38,82.5,95,70,169.94262295081967,2.0,April,No need to do,Throuout The year,4,pomegranate
Meherpur,Kharif 1,Dalim,14,18.87,18.75,40.21,6.43,21.5,5.0,38,82.5,95,70,129.44444444444446,0.6428571429,April,No need to do,Throuout The year,9,pomegranate
Moulvibazar,Kharif 1,Dalim,5,18.87,18.75,40.21,6.43,21.5,5.0,38,82.5,95,70,333.72557471264366,0.8,April,No need to do,Throuout The year,4,pomegranate
Munshiganj,Kharif 1,Dalim,1,18.87,18.75,40.21,6.43,21.5,5.0,38,82.5,95,70,169.94262295081967,4.0,April,No need to do,Throuout The year,4,pomegranate
Mymensingh,Kharif 1,Dalim,18,18.87,18.75,40.21,6.43,21.5,5.0,38,82.5,95,70,181.08838383838383,0.6111111111,April,No need to do,Throuout The year,11,pomegranate
Naogaon,Kharif 1,Dalim,5,18.87,18.75,40.21,6.43,21.5,5.0,38,82.5,95,70,124.92,4.2,April,No need to do,Throuout The year,21,pomegranate
Narail,Kharif 1,Dalim,21,18.87,18.75,40.21,6.43,21.5,5.0,38,82.5,95,70,134.2247474747475,0.380952381,April,No need to do,Throuout The year,8,pomegranate
Narayanganj,Kharif 1,Dalim,4,18.87,18.75,40.21,6.43,21.5,5.0,38,82.5,95,70,169.94262295081967,7.25,April,No need to do,Throuout The year,29,pomegranate
Narsingdi,Kharif 1,Dalim,12,18.87,18.75,40.21,6.43,21.5,5.0,38,82.5,95,70,169.94262295081967,2.416666667,April,No need to do,Throuout The year,29,pomegranate
Natore,Kharif 1,Dalim,8,18.87,18.75,40.21,6.43,21.5,5.0,38,82.5,95,70,124.92,6.375,April,No need to do,Throuout The year,51,pomegranate
Netrokona,Kharif 1,Dalim,15,18.87,18.75,40.21,6.43,21.5,5.0,38,82.5,95,70,181.08838383838383,1.733333333,April,No need to do,Throuout The year,26,pomegranate
Nilphamari,Kharif 1,Dalim,6,18.87,18.75,40.21,6.43,21.5,5.0,38,82.5,95,70,179.6013888888889,3.0,April,No need to do,Throuout The year,18,pomegranate
Noakhali,Kharif 1,Dalim,2,18.87,18.75,40.21,6.43,21.5,5.0,38,82.5,95,70,185.75631313131316,0.5,April,No need to do,Throuout The year,1,pomegranate
Pabna,Kharif 1,Dalim,4,18.87,18.75,40.21,6.43,21.5,5.0,38,82.5,95,70,124.92,2.0,April,No need to do,Throuout The year,8,pomegranate
Panchagar,Kharif 1,Dalim,21,18.87,18.75,40.21,6.43,21.5,5.0,38,82.5,95,70,154.21843434343435,0.7619047619,April,No need to do,Throuout The year,16,pomegranate
Patuakhali,Kharif 1,Dalim,11,18.87,18.75,40.21,6.43,21.5,5.0,38,82.5,95,70,207.8076923076923,0.6363636364,April,No need to do,Throuout The year,7,pomegranate
Pirojpur,Kharif 1,Dalim,1,18.87,18.75,40.21,6.43,21.5,5.0,38,82.5,95,70,175.42564102564103,2.0,April,No need to do,Throuout The year,2,pomegranate
Rajbari,Kharif 1,Dalim,2,18.87,18.75,40.21,6.43,21.5,5.0,38,82.5,95,70,155.864898989899,5.0,April,No need to do,Throuout The year,10,pomegranate
Rajshahi,Kharif 1,Dalim,16,18.87,18.75,40.21,6.43,21.5,5.0,38,82.5,95,70,124.92,5.625,April,No need to do,Throuout The year,90,pomegranate
Rangamati,Kharif 1,Dalim,2,18.87,18.75,40.21,6.43,21.5,5.0,38,82.5,95,70,204.11111111111111,0.5,April,No need to do,Throuout The year,1,pomegranate
Rangpur,Kharif 1,Dalim,7,18.87,18.75,40.21,6.43,21.5,5.0,38,82.5,95,70,179.6013888888889,3.142857143,April,No need to do,Throuout The year,22,pomegranate
Satkhira,Kharif 1,Dalim,0,18.87,18.75,40.21,6.43,21.5,5.0,38,82.5,95,70,140.35353535353536,2.518413598,April,No need to do,Throuout The year,0,pomegranate
Shariatpur,Kharif 1,Dalim,3,18.87,18.75,40.21,6.43,21.5,5.0,38,82.5,95,70,155.864898989899,8.333333333,April,No need to do,Throuout The year,25,pomegranate
Sherpur,Kharif 1,Dalim,3,18.87,18.75,40.21,6.43,21.5,5.0,38,82.5,95,70,181.08838383838383,1.333333333,April,No need to do,Throuout The year,4,pomegranate
Sirajganj,Kharif 1,Dalim,5,18.87,18.75,40.21,6.43,21.5,5.0,38,82.5,95,70,142.85416666666666,2.8,April,No need to do,Throuout The year,14,pomegranate
Sunamganj,Kharif 1,Dalim,4,18.87,18.75,40.21,6.43,21.5,5.0,38,82.5,95,70,333.72557471264366,0.5,April,No need to do,Throuout The year,2,pomegranate
Sylhet,Kharif 1,Dalim,0,18.87,18.75,40.21,6.43,21.5,5.0,38,82.5,95,70,333.72557471264366,2.518413598,April,No need to do,Throuout The year,0,pomegranate
Tangail,Kharif 1,Dalim,24,18.87,18.75,40.21,6.43,21.5,5.0,38,82.5,95,70,153.4104938271605,3.416666667,April,No need to do,Throuout The year,82,pomegranate
Thakurgaon,Kharif 1,Dalim,12,18.87,18.75,40.21,6.43,21.5,5.0,38,82.5,95,70,154.21843434343435,3.0,April,No need to do,Throuout The year,36,pomegranate
Bagerhat,Rabi,Danta,480,77.76,48.44,19.79,6.25,25.0,18.0,32,80.0,85,75,144.96843434343435,2.322916667,March,April to Aug,Sep,1115,maize
Bandarban,Rabi,Danta,98,77.76,48.44,19.79,6.25,25.0,18.0,32,80.0,85,75,243.94444444444449,1.306122449,March,April to Aug,Sep,128,maize
Barguna,Rabi,Danta,95,77.76,48.44,19.79,6.25,25.0,18.0,32,80.0,85,75,207.8076923076923,1.684210526,March,April to Aug,Sep,160,maize
Barishal,Rabi,Danta,355,77.76,48.44,19.79,6.25,25.0,18.0,32,80.0,85,75,175.42564102564103,1.636619718,March,April to Aug,Sep,581,maize
Bhola,Rabi,Danta,244,77.76,48.44,19.79,6.25,25.0,18.0,32,80.0,85,75,185.23090277777777,1.631147541,March,April to Aug,Sep,398,maize
Bogura,Rabi,Danta,325,77.76,48.44,19.79,6.25,25.0,18.0,32,80.0,85,75,142.85416666666666,3.870769231,March,April to Aug,Sep,1258,maize
Brahmanbaria,Rabi,Danta,700,77.76,48.44,19.79,6.25,25.0,18.0,32,80.0,85,75,185.75631313131316,4.314285714,March,April to Aug,Sep,3020,maize
Chandpur,Rabi,Danta,248,77.76,48.44,19.79,6.25,25.0,18.0,32,80.0,85,75,168.796875,2.350806452,March,April to Aug,Sep,583,maize
Chapai Nawabganj,Rabi,Danta,386,77.76,48.44,19.79,6.25,25.0,18.0,32,80.0,85,75,124.92,2.841968912,March,April to Aug,Sep,1097,maize
Chattogram,Rabi,Danta,370,77.76,48.44,19.79,6.25,25.0,18.0,32,80.0,85,75,243.94444444444449,2.794594595,March,April to Aug,Sep,1034,maize
Chuadanga,Rabi,Danta,475,77.76,48.44,19.79,6.25,25.0,18.0,32,80.0,85,75,129.44444444444446,2.275789474,March,April to Aug,Sep,1081,maize
CoxsBazar,Rabi,Danta,79,77.76,48.44,19.79,6.25,25.0,18.0,32,80.0,85,75,303.40277777777777,6.101265823,March,April to Aug,Sep,482,maize
Cumilla,Rabi,Danta,641,77.76,48.44,19.79,6.25,25.0,18.0,32,80.0,85,75,185.75631313131316,2.845553822,March,April to Aug,Sep,1824,maize
Dhaka,Rabi,Danta,694,77.76,48.44,19.79,6.25,25.0,18.0,32,80.0,85,75,169.94262295081967,2.159942363,March,April to Aug,Sep,1499,maize
Dinajpur,Rabi,Danta,440,77.76,48.44,19.79,6.25,25.0,18.0,32,80.0,85,75,154.21843434343435,2.134090909,March,April to Aug,Sep,939,maize
Faridpur,Rabi,Danta,545,77.76,48.44,19.79,6.25,25.0,18.0,32,80.0,85,75,155.864898989899,2.297247706,March,April to Aug,Sep,1252,maize
Feni,Rabi,Danta,141,77.76,48.44,19.79,6.25,25.0,18.0,32,80.0,85,75,248.1727642276423,1.65248227,March,April to Aug,Sep,233,maize
Gaibandha,Rabi,Danta,248,77.76,48.44,19.79,6.25,25.0,18.0,32,80.0,85,75,179.6013888888889,2.814516129,March,April to Aug,Sep,698,maize
Gazipur,Rabi,Danta,359,77.76,48.44,19.79,6.25,25.0,18.0,32,80.0,85,75,169.94262295081967,1.73816156,March,April to Aug,Sep,624,maize
Gopalganj,Rabi,Danta,681,77.76,48.44,19.79,6.25,25.0,18.0,32,80.0,85,75,155.864898989899,3.468428781,March,April to Aug,Sep,2362,maize
Habiganj,Rabi,Danta,216,77.76,48.44,19.79,6.25,25.0,18.0,32,80.0,85,75,333.72557471264366,2.680555556,March,April to Aug,Sep,579,maize
Jamalpur,Rabi,Danta,758,77.76,48.44,19.79,6.25,25.0,18.0,32,80.0,85,75,181.08838383838383,2.774406332,March,April to Aug,Sep,2103,maize
Jashore,Rabi,Danta,1240,77.76,48.44,19.79,6.25,25.0,18.0,32,80.0,85,75,134.2247474747475,4.277419355,March,April to Aug,Sep,5304,maize
Jhallokati,Rabi,Danta,338,77.76,48.44,19.79,6.25,25.0,18.0,32,80.0,85,75,175.42564102564103,1.715976331,March,April to Aug,Sep,580,maize
Jhenaidah,Rabi,Danta,722,77.76,48.44,19.79,6.25,25.0,18.0,32,80.0,85,75,134.2247474747475,4.422437673,March,April to Aug,Sep,3193,maize
Joypurhat,Rabi,Danta,214,77.76,48.44,19.79,6.25,25.0,18.0,32,80.0,85,75,142.85416666666666,2.696261682,March,April to Aug,Sep,577,maize
Khagrachari,Rabi,Danta,362,77.76,48.44,19.79,6.25,25.0,18.0,32,80.0,85,75,204.11111111111111,2.116022099,March,April to Aug,Sep,766,maize
Khulna,Rabi,Danta,373,77.76,48.44,19.79,6.25,25.0,18.0,32,80.0,85,75,144.96843434343435,2.932975871,March,April to Aug,Sep,1094,maize
Kishoreganj,Rabi,Danta,470,77.76,48.44,19.79,6.25,25.0,18.0,32,80.0,85,75,181.08838383838383,3.9,March,April to Aug,Sep,1833,maize
Kurigram,Rabi,Danta,223,77.76,48.44,19.79,6.25,25.0,18.0,32,80.0,85,75,179.6013888888889,2.233183857,March,April to Aug,Sep,498,maize
Kushtia,Rabi,Danta,572,77.76,48.44,19.79,6.25,25.0,18.0,32,80.0,85,75,129.44444444444446,4.956293706,March,April to Aug,Sep,2835,maize
Lakshmipur,Rabi,Danta,185,77.76,48.44,19.79,6.25,25.0,18.0,32,80.0,85,75,185.75631313131316,1.32972973,March,April to Aug,Sep,246,maize
Lalmonirhat,Rabi,Danta,175,77.76,48.44,19.79,6.25,25.0,18.0,32,80.0,85,75,179.6013888888889,2.342857143,March,April to Aug,Sep,410,maize
Madaripur,Rabi,Danta,309,77.76,48.44,19.79,6.25,25.0,18.0,32,80.0,85,75,160.41666666666666,6.478964401,March,April to Aug,Sep,2002,maize
Magura,Rabi,Danta,250,77.76,48.44,19.79,6.25,25.0,18.0,32,80.0,85,75,134.2247474747475,3.832,March,April to Aug,Sep,958,maize
Manikganj,Rabi,Danta,322,77.76,48.44,19.79,6.25,25.0,18.0,32,80.0,85,75,169.94262295081967,2.565217391,March,April to Aug,Sep,826,maize
Meherpur,Rabi,Danta,141,77.76,48.44,19.79,6.25,25.0,18.0,32,80.0,85,75,129.44444444444446,4.808510638,March,April to Aug,Sep,678,maize
Moulvibazar,Rabi,Danta,256,77.76,48.44,19.79,6.25,25.0,18.0,32,80.0,85,75,333.72557471264366,2.05859375,March,April to Aug,Sep,527,maize
Munshiganj,Rabi,Danta,420,77.76,48.44,19.79,6.25,25.0,18.0,32,80.0,85,75,169.94262295081967,1.257142857,March,April to Aug,Sep,528,maize
Mymensingh,Rabi,Danta,1467,77.76,48.44,19.79,6.25,25.0,18.0,32,80.0,85,75,181.08838383838383,3.197682345,March,April to Aug,Sep,4691,maize
Naogaon,Rabi,Danta,344,77.76,48.44,19.79,6.25,25.0,18.0,32,80.0,85,75,124.92,4.316860465,March,April to Aug,Sep,1485,maize
Narail,Rabi,Danta,323,77.76,48.44,19.79,6.25,25.0,18.0,32,80.0,85,75,134.2247474747475,4.284829721,March,April to Aug,Sep,1384,maize
Narayanganj,Rabi,Danta,646,77.76,48.44,19.79,6.25,25.0,18.0,32,80.0,85,75,169.94262295081967,1.944272446,March,April to Aug,Sep,1256,maize
Narsingdi,Rabi,Danta,379,77.76,48.44,19.79,6.25,25.0,18.0,32,80.0,85,75,169.94262295081967,2.656992084,March,April to Aug,Sep,1007,maize
Natore,Rabi,Danta,274,77.76,48.44,19.79,6.25,25.0,18.0,32,80.0,85,75,124.92,4.562043796,March,April to Aug,Sep,1250,maize
Netrokona,Rabi,Danta,396,77.76,48.44,19.79,6.25,25.0,18.0,32,80.0,85,75,181.08838383838383,5.143939394,March,April to Aug,Sep,2037,maize
Nilphamari,Rabi,Danta,187,77.76,48.44,19.79,6.25,25.0,18.0,32,80.0,85,75,179.6013888888889,3.13368984,March,April to Aug,Sep,586,maize
Noakhali,Rabi,Danta,289,77.76,48.44,19.79,6.25,25.0,18.0,32,80.0,85,75,185.75631313131316,1.584775087,March,April to Aug,Sep,458,maize
Pabna,Rabi,Danta,471,77.76,48.44,19.79,6.25,25.0,18.0,32,80.0,85,75,124.92,3.78343949,March,April to Aug,Sep,1782,maize
Panchagar,Rabi,Danta,409,77.76,48.44,19.79,6.25,25.0,18.0,32,80.0,85,75,154.21843434343435,2.41809291,March,April to Aug,Sep,989,maize
Patuakhali,Rabi,Danta,157,77.76,48.44,19.79,6.25,25.0,18.0,32,80.0,85,75,207.8076923076923,1.394904459,March,April to Aug,Sep,219,maize
Pirojpur,Rabi,Danta,227,77.76,48.44,19.79,6.25,25.0,18.0,32,80.0,85,75,175.42564102564103,1.370044053,March,April to Aug,Sep,311,maize
Rajbari,Rabi,Danta,639,77.76,48.44,19.79,6.25,25.0,18.0,32,80.0,85,75,155.864898989899,4.638497653,March,April to Aug,Sep,2964,maize
Rajshahi,Rabi,Danta,728,77.76,48.44,19.79,6.25,25.0,18.0,32,80.0,85,75,124.92,5.302197802,March,April to Aug,Sep,3860,maize
Rangamati,Rabi,Danta,390,77.76,48.44,19.79,6.25,25.0,18.0,32,80.0,85,75,204.11111111111111,1.648717949,March,April to Aug,Sep,643,maize
Rangpur,Rabi,Danta,261,77.76,48.44,19.79,6.25,25.0,18.0,32,80.0,85,75,179.6013888888889,1.708812261,March,April to Aug,Sep,446,maize
Satkhira,Rabi,Danta,551,77.76,48.44,19.79,6.25,25.0,18.0,32,80.0,85,75,140.35353535353536,2.749546279,March,April to Aug,Sep,1515,maize
Shariatpur,Rabi,Danta,210,77.76,48.44,19.79,6.25,25.0,18.0,32,80.0,85,75,155.864898989899,3.814285714,March,April to Aug,Sep,801,maize
Sherpur,Rabi,Danta,875,77.76,48.44,19.79,6.25,25.0,18.0,32,80.0,85,75,181.08838383838383,4.837714286,March,April to Aug,Sep,4233,maize
Sirajganj,Rabi,Danta,290,77.76,48.44,19.79,6.25,25.0,18.0,32,80.0,85,75,142.85416666666666,5.355172414,March,April to Aug,Sep,1553,maize
Sunamganj,Rabi,Danta,246,77.76,48.44,19.79,6.25,25.0,18.0,32,80.0,85,75,333.72557471264366,4.211382114,March,April to Aug,Sep,1036,maize
Sylhet,Rabi,Danta,185,77.76,48.44,19.79,6.25,25.0,18.0,32,80.0,85,75,333.72557471264366,1.983783784,March,April to Aug,Sep,367,maize
Tangail,Rabi,Danta,1906,77.76,48.44,19.79,6.25,25.0,18.0,32,80.0,85,75,153.4104938271605,2.61752361,March,April to Aug,Sep,4989,maize
Thakurgaon,Rabi,Danta,381,77.76,48.44,19.79,6.25,25.0,18.0,32,80.0,85,75,154.21843434343435,1.818897638,March,April to Aug,Sep,693,maize
Bagerhat,Rabi,Danta Shak,164,77.76,48.44,19.79,6.25,25.0,18.0,32,80.0,85,75,144.96843434343435,0.8414634146,March,April to Aug,Sep,138,maize
Bandarban,Rabi,Danta Shak,103,77.76,48.44,19.79,6.25,25.0,18.0,32,80.0,85,75,243.94444444444449,1.145631068,March,April to Aug,Sep,118,maize
Barguna,Rabi,Danta Shak,101,77.76,48.44,19.79,6.25,25.0,18.0,32,80.0,85,75,207.8076923076923,2.217821782,March,April to Aug,Sep,224,maize
Barishal,Rabi,Danta Shak,244,77.76,48.44,19.79,6.25,25.0,18.0,32,80.0,85,75,175.42564102564103,2.057377049,March,April to Aug,Sep,502,maize
Bhola,Rabi,Danta Shak,90,77.76,48.44,19.79,6.25,25.0,18.0,32,80.0,85,75,185.23090277777777,0.9333333333,March,April to Aug,Sep,84,maize
Bogura,Rabi,Danta Shak,141,77.76,48.44,19.79,6.25,25.0,18.0,32,80.0,85,75,142.85416666666666,2.255319149,March,April to Aug,Sep,318,maize
Brahmanbaria,Rabi,Danta Shak,264,77.76,48.44,19.79,6.25,25.0,18.0,32,80.0,85,75,185.75631313131316,2.382575758,March,April to Aug,Sep,629,maize
Chandpur,Rabi,Danta Shak,117,77.76,48.44,19.79,6.25,25.0,18.0,32,80.0,85,75,168.796875,1.205128205,March,April to Aug,Sep,141,maize
Chapai Nawabganj,Rabi,Danta Shak,235,77.76,48.44,19.79,6.25,25.0,18.0,32,80.0,85,75,124.92,1.676595745,March,April to Aug,Sep,394,maize
Chattogram,Rabi,Danta Shak,80,77.76,48.44,19.79,6.25,25.0,18.0,32,80.0,85,75,243.94444444444449,2.0,March,April to Aug,Sep,160,maize
Chuadanga,Rabi,Danta Shak,80,77.76,48.44,19.79,6.25,25.0,18.0,32,80.0,85,75,129.44444444444446,2.5125,March,April to Aug,Sep,201,maize
CoxsBazar,Rabi,Danta Shak,15,77.76,48.44,19.79,6.25,25.0,18.0,32,80.0,85,75,303.40277777777777,1.333333333,March,April to Aug,Sep,20,maize
Cumilla,Rabi,Danta Shak,372,77.76,48.44,19.79,6.25,25.0,18.0,32,80.0,85,75,185.75631313131316,2.099462366,March,April to Aug,Sep,781,maize
Dhaka,Rabi,Danta Shak,385,77.76,48.44,19.79,6.25,25.0,18.0,32,80.0,85,75,169.94262295081967,2.012987013,March,April to Aug,Sep,775,maize
Dinajpur,Rabi,Danta Shak,289,77.76,48.44,19.79,6.25,25.0,18.0,32,80.0,85,75,154.21843434343435,1.705882353,March,April to Aug,Sep,493,maize
Faridpur,Rabi,Danta Shak,542,77.76,48.44,19.79,6.25,25.0,18.0,32,80.0,85,75,155.864898989899,2.333948339,March,April to Aug,Sep,1265,maize
Feni,Rabi,Danta Shak,50,77.76,48.44,19.79,6.25,25.0,18.0,32,80.0,85,75,248.1727642276423,1.18,March,April to Aug,Sep,59,maize
Gaibandha,Rabi,Danta Shak,169,77.76,48.44,19.79,6.25,25.0,18.0,32,80.0,85,75,179.6013888888889,1.485207101,March,April to Aug,Sep,251,maize
Gazipur,Rabi,Danta Shak,157,77.76,48.44,19.79,6.25,25.0,18.0,32,80.0,85,75,169.94262295081967,1.50955414,March,April to Aug,Sep,237,maize
Gopalganj,Rabi,Danta Shak,357,77.76,48.44,19.79,6.25,25.0,18.0,32,80.0,85,75,155.864898989899,1.826330532,March,April to Aug,Sep,652,maize
Habiganj,Rabi,Danta Shak,177,77.76,48.44,19.79,6.25,25.0,18.0,32,80.0,85,75,333.72557471264366,2.807909605,March,April to Aug,Sep,497,maize
Jamalpur,Rabi,Danta Shak,408,77.76,48.44,19.79,6.25,25.0,18.0,32,80.0,85,75,181.08838383838383,2.892156863,March,April to Aug,Sep,1180,maize
Jashore,Rabi,Danta Shak,871,77.76,48.44,19.79,6.25,25.0,18.0,32,80.0,85,75,134.2247474747475,1.756601607,March,April to Aug,Sep,1530,maize
Jhallokati,Rabi,Danta Shak,37,77.76,48.44,19.79,6.25,25.0,18.0,32,80.0,85,75,175.42564102564103,1.081081081,March,April to Aug,Sep,40,maize
Jhenaidah,Rabi,Danta Shak,401,77.76,48.44,19.79,6.25,25.0,18.0,32,80.0,85,75,134.2247474747475,3.478802993,March,April to Aug,Sep,1395,maize
Joypurhat,Rabi,Danta Shak,56,77.76,48.44,19.79,6.25,25.0,18.0,32,80.0,85,75,142.85416666666666,2.535714286,March,April to Aug,Sep,142,maize
Khagrachari,Rabi,Danta Shak,232,77.76,48.44,19.79,6.25,25.0,18.0,32,80.0,85,75,204.11111111111111,1.74137931,March,April to Aug,Sep,404,maize
Khulna,Rabi,Danta Shak,598,77.76,48.44,19.79,6.25,25.0,18.0,32,80.0,85,75,144.96843434343435,1.287625418,March,April to Aug,Sep,770,maize
Kishoreganj,Rabi,Danta Shak,251,77.76,48.44,19.79,6.25,25.0,18.0,32,80.0,85,75,181.08838383838383,2.358565737,March,April to Aug,Sep,592,maize
Kurigram,Rabi,Danta Shak,261,77.76,48.44,19.79,6.25,25.0,18.0,32,80.0,85,75,179.6013888888889,1.597701149,March,April to Aug,Sep,417,maize
Kushtia,Rabi,Danta Shak,525,77.76,48.44,19.79,6.25,25.0,18.0,32,80.0,85,75,129.44444444444446,3.763809524,March,April to Aug,Sep,1976,maize
Lakshmipur,Rabi,Danta Shak,140,77.76,48.44,19.79,6.25,25.0,18.0,32,80.0,85,75,185.75631313131316,2.578571429,March,April to Aug,Sep,361,maize
Lalmonirhat,Rabi,Danta Shak,95,77.76,48.44,19.79,6.25,25.0,18.0,32,80.0,85,75,179.6013888888889,1.642105263,March,April to Aug,Sep,156,maize
Madaripur,Rabi,Danta Shak,12,77.76,48.44,19.79,6.25,25.0,18.0,32,80.0,85,75,160.41666666666666,1.166666667,March,April to Aug,Sep,14,maize
Magura,Rabi,Danta Shak,94,77.76,48.44,19.79,6.25,25.0,18.0,32,80.0,85,75,134.2247474747475,1.680851064,March,April to Aug,Sep,158,maize
Manikganj,Rabi,Danta Shak,93,77.76,48.44,19.79,6.25,25.0,18.0,32,80.0,85,75,169.94262295081967,2.548387097,March,April to Aug,Sep,237,maize
Meherpur,Rabi,Danta Shak,77,77.76,48.44,19.79,6.25,25.0,18.0,32,80.0,85,75,129.44444444444446,4.545454545,March,April to Aug,Sep,350,maize
Moulvibazar,Rabi,Danta Shak,256,77.76,48.44,19.79,6.25,25.0,18.0,32,80.0,85,75,333.72557471264366,2.05859375,March,April to Aug,Sep,527,maize
Munshiganj,Rabi,Danta Shak,132,77.76,48.44,19.79,6.25,25.0,18.0,32,80.0,85,75,169.94262295081967,2.28030303,March,April to Aug,Sep,301,maize
Mymensingh,Rabi,Danta Shak,666,77.76,48.44,19.79,6.25,25.0,18.0,32,80.0,85,75,181.08838383838383,2.896396396,March,April to Aug,Sep,1929,maize
Naogaon,Rabi,Danta Shak,130,77.76,48.44,19.79,6.25,25.0,18.0,32,80.0,85,75,124.92,2.546153846,March,April to Aug,Sep,331,maize
Narail,Rabi,Danta Shak,123,77.76,48.44,19.79,6.25,25.0,18.0,32,80.0,85,75,134.2247474747475,2.0,March,April to Aug,Sep,246,maize
Narayanganj,Rabi,Danta Shak,56,77.76,48.44,19.79,6.25,25.0,18.0,32,80.0,85,75,169.94262295081967,1.410714286,March,April to Aug,Sep,79,maize
Narsingdi,Rabi,Danta Shak,141,77.76,48.44,19.79,6.25,25.0,18.0,32,80.0,85,75,169.94262295081967,1.645390071,March,April to Aug,Sep,232,maize
Natore,Rabi,Danta Shak,227,77.76,48.44,19.79,6.25,25.0,18.0,32,80.0,85,75,124.92,1.876651982,March,April to Aug,Sep,426,maize
Netrokona,Rabi,Danta Shak,170,77.76,48.44,19.79,6.25,25.0,18.0,32,80.0,85,75,181.08838383838383,1.476470588,March,April to Aug,Sep,251,maize
Nilphamari,Rabi,Danta Shak,110,77.76,48.44,19.79,6.25,25.0,18.0,32,80.0,85,75,179.6013888888889,2.754545455,March,April to Aug,Sep,303,maize
Noakhali,Rabi,Danta Shak,116,77.76,48.44,19.79,6.25,25.0,18.0,32,80.0,85,75,185.75631313131316,1.620689655,March,April to Aug,Sep,188,maize
Pabna,Rabi,Danta Shak,388,77.76,48.44,19.79,6.25,25.0,18.0,32,80.0,85,75,124.92,1.729381443,March,April to Aug,Sep,671,maize
Panchagar,Rabi,Danta Shak,219,77.76,48.44,19.79,6.25,25.0,18.0,32,80.0,85,75,154.21843434343435,2.178082192,March,April to Aug,Sep,477,maize
Patuakhali,Rabi,Danta Shak,51,77.76,48.44,19.79,6.25,25.0,18.0,32,80.0,85,75,207.8076923076923,1.215686275,March,April to Aug,Sep,62,maize
Pirojpur,Rabi,Danta Shak,124,77.76,48.44,19.79,6.25,25.0,18.0,32,80.0,85,75,175.42564102564103,1.508064516,March,April to Aug,Sep,187,maize
Rajbari,Rabi,Danta Shak,519,77.76,48.44,19.79,6.25,25.0,18.0,32,80.0,85,75,155.864898989899,3.33911368,March,April to Aug,Sep,1733,maize
Rajshahi,Rabi,Danta Shak,125,77.76,48.44,19.79,6.25,25.0,18.0,32,80.0,85,75,124.92,2.84,March,April to Aug,Sep,355,maize
Rangamati,Rabi,Danta Shak,125,77.76,48.44,19.79,6.25,25.0,18.0,32,80.0,85,75,204.11111111111111,2.056,March,April to Aug,Sep,257,maize
Rangpur,Rabi,Danta Shak,313,77.76,48.44,19.79,6.25,25.0,18.0,32,80.0,85,75,179.6013888888889,1.584664537,March,April to Aug,Sep,496,maize
Satkhira,Rabi,Danta Shak,233,77.76,48.44,19.79,6.25,25.0,18.0,32,80.0,85,75,140.35353535353536,1.905579399,March,April to Aug,Sep,444,maize
Shariatpur,Rabi,Danta Shak,317,77.76,48.44,19.79,6.25,25.0,18.0,32,80.0,85,75,155.864898989899,2.299684543,March,April to Aug,Sep,729,maize
Sherpur,Rabi,Danta Shak,45,77.76,48.44,19.79,6.25,25.0,18.0,32,80.0,85,75,181.08838383838383,2.044444444,March,April to Aug,Sep,92,maize
Sirajganj,Rabi,Danta Shak,173,77.76,48.44,19.79,6.25,25.0,18.0,32,80.0,85,75,142.85416666666666,1.797687861,March,April to Aug,Sep,311,maize
Sunamganj,Rabi,Danta Shak,98,77.76,48.44,19.79,6.25,25.0,18.0,32,80.0,85,75,333.72557471264366,3.06122449,March,April to Aug,Sep,300,maize
Sylhet,Rabi,Danta Shak,224,77.76,48.44,19.79,6.25,25.0,18.0,32,80.0,85,75,333.72557471264366,1.736607143,March,April to Aug,Sep,389,maize
Tangail,Rabi,Danta Shak,477,77.76,48.44,19.79,6.25,25.0,18.0,32,80.0,85,75,153.4104938271605,2.320754717,March,April to Aug,Sep,1107,maize
Thakurgaon,Rabi,Danta Shak,187,77.76,48.44,19.79,6.25,25.0,18.0,32,80.0,85,75,154.21843434343435,1.475935829,March,April to Aug,Sep,276,maize
Bagerhat,Kharif 1,Date Palm,2070,21.98,16.93,30.59,5.98,20.5,6.0,35,72.5,85,60,144.96843434343435,1.075362319,April,No need to do,Feb to March,2226,coconut
Bandarban,Kharif 1,Date Palm,0,21.98,16.93,30.59,5.98,20.5,6.0,35,72.5,85,60,243.94444444444449,2.518413598,April,No need to do,Feb to March,0,coconut
Barguna,Kharif 1,Date Palm,2215,21.98,16.93,30.59,5.98,20.5,6.0,35,72.5,85,60,207.8076923076923,0.376523702,April,No need to do,Feb to March,834,coconut
Barishal,Kharif 1,Date Palm,823,21.98,16.93,30.59,5.98,20.5,6.0,35,72.5,85,60,175.42564102564103,2.430133657,April,No need to do,Feb to March,2000,coconut
Bhola,Kharif 1,Date Palm,1020,21.98,16.93,30.59,5.98,20.5,6.0,35,72.5,85,60,185.23090277777777,1.060784314,April,No need to do,Feb to March,1082,coconut
Bogura,Kharif 1,Date Palm,1550,21.98,16.93,30.59,5.98,20.5,6.0,35,72.5,85,60,142.85416666666666,3.38,April,No need to do,Feb to March,5239,coconut
Brahmanbaria,Kharif 1,Date Palm,42,21.98,16.93,30.59,5.98,20.5,6.0,35,72.5,85,60,185.75631313131316,2.5,April,No need to do,Feb to March,105,coconut
Chandpur,Kharif 1,Date Palm,1266,21.98,16.93,30.59,5.98,20.5,6.0,35,72.5,85,60,168.796875,3.132701422,April,No need to do,Feb to March,3966,coconut
Chapai Nawabganj,Kharif 1,Date Palm,52,21.98,16.93,30.59,5.98,20.5,6.0,35,72.5,85,60,124.92,10.05769231,April,No need to do,Feb to March,523,coconut
Chattogram,Kharif 1,Date Palm,831,21.98,16.93,30.59,5.98,20.5,6.0,35,72.5,85,60,243.94444444444449,3.530685921,April,No need to do,Feb to March,2934,coconut
Chuadanga,Kharif 1,Date Palm,1350,21.98,16.93,30.59,5.98,20.5,6.0,35,72.5,85,60,129.44444444444446,3.862962963,April,No need to do,Feb to March,5215,coconut
CoxsBazar,Kharif 1,Date Palm,80,21.98,16.93,30.59,5.98,20.5,6.0,35,72.5,85,60,303.40277777777777,4.225,April,No need to do,Feb to March,338,coconut
Cumilla,Kharif 1,Date Palm,934,21.98,16.93,30.59,5.98,20.5,6.0,35,72.5,85,60,185.75631313131316,0.5471092077,April,No need to do,Feb to March,511,coconut
Dhaka,Kharif 1,Date Palm,100,21.98,16.93,30.59,5.98,20.5,6.0,35,72.5,85,60,169.94262295081967,2.36,April,No need to do,Feb to March,236,coconut
Dinajpur,Kharif 1,Date Palm,300,21.98,16.93,30.59,5.98,20.5,6.0,35,72.5,85,60,154.21843434343435,1.676666667,April,No need to do,Feb to March,503,coconut
Faridpur,Kharif 1,Date Palm,2250,21.98,16.93,30.59,5.98,20.5,6.0,35,72.5,85,60,155.864898989899,1.876888889,April,No need to do,Feb to March,4223,coconut
Feni,Kharif 1,Date Palm,600,21.98,16.93,30.59,5.98,20.5,6.0,35,72.5,85,60,248.1727642276423,3.236666667,April,No need to do,Feb to March,1942,coconut
Gaibandha,Kharif 1,Date Palm,351,21.98,16.93,30.59,5.98,20.5,6.0,35,72.5,85,60,179.6013888888889,0.6296296296,April,No need to do,Feb to March,221,coconut
Gazipur,Kharif 1,Date Palm,525,21.98,16.93,30.59,5.98,20.5,6.0,35,72.5,85,60,169.94262295081967,2.502857143,April,No need to do,Feb to March,1314,coconut
Gopalganj,Kharif 1,Date Palm,2319,21.98,16.93,30.59,5.98,20.5,6.0,35,72.5,85,60,155.864898989899,1.278568348,April,No need to do,Feb to March,2965,coconut
Habiganj,Kharif 1,Date Palm,0,21.98,16.93,30.59,5.98,20.5,6.0,35,72.5,85,60,333.72557471264366,2.518413598,April,No need to do,Feb to March,0,coconut
Jamalpur,Kharif 1,Date Palm,60,21.98,16.93,30.59,5.98,20.5,6.0,35,72.5,85,60,181.08838383838383,1.683333333,April,No need to do,Feb to March,101,coconut
Jashore,Kharif 1,Date Palm,5025,21.98,16.93,30.59,5.98,20.5,6.0,35,72.5,85,60,134.2247474747475,1.91880597,April,No need to do,Feb to March,9642,coconut
Jhallokati,Kharif 1,Date Palm,800,21.98,16.93,30.59,5.98,20.5,6.0,35,72.5,85,60,175.42564102564103,1.055,April,No need to do,Feb to March,844,coconut
Jhenaidah,Kharif 1,Date Palm,4430,21.98,16.93,30.59,5.98,20.5,6.0,35,72.5,85,60,134.2247474747475,2.12979684,April,No need to do,Feb to March,9435,coconut
Joypurhat,Kharif 1,Date Palm,340,21.98,16.93,30.59,5.98,20.5,6.0,35,72.5,85,60,142.85416666666666,3.182352941,April,No need to do,Feb to March,1082,coconut
Khagrachari,Kharif 1,Date Palm,110,21.98,16.93,30.59,5.98,20.5,6.0,35,72.5,85,60,204.11111111111111,3.436363636,April,No need to do,Feb to March,378,coconut
Khulna,Kharif 1,Date Palm,2450,21.98,16.93,30.59,5.98,20.5,6.0,35,72.5,85,60,144.96843434343435,1.186530612,April,No need to do,Feb to March,2907,coconut
Kishoreganj,Kharif 1,Date Palm,94,21.98,16.93,30.59,5.98,20.5,6.0,35,72.5,85,60,181.08838383838383,0.5,April,No need to do,Feb to March,47,coconut
Kurigram,Kharif 1,Date Palm,100,21.98,16.93,30.59,5.98,20.5,6.0,35,72.5,85,60,179.6013888888889,2.37,April,No need to do,Feb to March,237,coconut
Kushtia,Kharif 1,Date Palm,940,21.98,16.93,30.59,5.98,20.5,6.0,35,72.5,85,60,129.44444444444446,3.836170213,April,No need to do,Feb to March,3606,coconut
Lakshmipur,Kharif 1,Date Palm,1350,21.98,16.93,30.59,5.98,20.5,6.0,35,72.5,85,60,185.75631313131316,2.622222222,April,No need to do,Feb to March,3540,coconut
Lalmonirhat,Kharif 1,Date Palm,40,21.98,16.93,30.59,5.98,20.5,6.0,35,72.5,85,60,179.6013888888889,3.525,April,No need to do,Feb to March,141,coconut
Madaripur,Kharif 1,Date Palm,2670,21.98,16.93,30.59,5.98,20.5,6.0,35,72.5,85,60,160.41666666666666,2.178651685,April,No need to do,Feb to March,5817,coconut
Magura,Kharif 1,Date Palm,1000,21.98,16.93,30.59,5.98,20.5,6.0,35,72.5,85,60,134.2247474747475,1.652,April,No need to do,Feb to March,1652,coconut
Manikganj,Kharif 1,Date Palm,1100,21.98,16.93,30.59,5.98,20.5,6.0,35,72.5,85,60,169.94262295081967,2.475454545,April,No need to do,Feb to March,2723,coconut
Meherpur,Kharif 1,Date Palm,160,21.98,16.93,30.59,5.98,20.5,6.0,35,72.5,85,60,129.44444444444446,1.6125,April,No need to do,Feb to March,258,coconut
Moulvibazar,Kharif 1,Date Palm,0,21.98,16.93,30.59,5.98,20.5,6.0,35,72.5,85,60,333.72557471264366,2.518413598,April,No need to do,Feb to March,0,coconut
Munshiganj,Kharif 1,Date Palm,270,21.98,16.93,30.59,5.98,20.5,6.0,35,72.5,85,60,169.94262295081967,1.314814815,April,No need to do,Feb to March,355,coconut
Mymensingh,Kharif 1,Date Palm,2016,21.98,16.93,30.59,5.98,20.5,6.0,35,72.5,85,60,181.08838383838383,1.437003968,April,No need to do,Feb to March,2897,coconut
Naogaon,Kharif 1,Date Palm,1584,21.98,16.93,30.59,5.98,20.5,6.0,35,72.5,85,60,124.92,2.331439394,April,No need to do,Feb to March,3693,coconut
Narail,Kharif 1,Date Palm,1000,21.98,16.93,30.59,5.98,20.5,6.0,35,72.5,85,60,134.2247474747475,1.076,April,No need to do,Feb to March,1076,coconut
Narayanganj,Kharif 1,Date Palm,90,21.98,16.93,30.59,5.98,20.5,6.0,35,72.5,85,60,169.94262295081967,3.022222222,April,No need to do,Feb to March,272,coconut
Narsingdi,Kharif 1,Date Palm,150,21.98,16.93,30.59,5.98,20.5,6.0,35,72.5,85,60,169.94262295081967,1.74,April,No need to do,Feb to March,261,coconut
Natore,Kharif 1,Date Palm,406,21.98,16.93,30.59,5.98,20.5,6.0,35,72.5,85,60,124.92,58.55665025,April,No need to do,Feb to March,23774,coconut
Netrokona,Kharif 1,Date Palm,10,21.98,16.93,30.59,5.98,20.5,6.0,35,72.5,85,60,181.08838383838383,1.1,April,No need to do,Feb to March,11,coconut
Nilphamari,Kharif 1,Date Palm,50,21.98,16.93,30.59,5.98,20.5,6.0,35,72.5,85,60,179.6013888888889,2.12,April,No need to do,Feb to March,106,coconut
Noakhali,Kharif 1,Date Palm,625,21.98,16.93,30.59,5.98,20.5,6.0,35,72.5,85,60,185.75631313131316,2.4176,April,No need to do,Feb to March,1511,coconut
Pabna,Kharif 1,Date Palm,1500,21.98,16.93,30.59,5.98,20.5,6.0,35,72.5,85,60,124.92,2.006,April,No need to do,Feb to March,3009,coconut
Panchagar,Kharif 1,Date Palm,20,21.98,16.93,30.59,5.98,20.5,6.0,35,72.5,85,60,154.21843434343435,1.05,April,No need to do,Feb to March,21,coconut
Patuakhali,Kharif 1,Date Palm,751,21.98,16.93,30.59,5.98,20.5,6.0,35,72.5,85,60,207.8076923076923,3.525965379,April,No need to do,Feb to March,2648,coconut
Pirojpur,Kharif 1,Date Palm,2169,21.98,16.93,30.59,5.98,20.5,6.0,35,72.5,85,60,175.42564102564103,1.087597971,April,No need to do,Feb to March,2359,coconut
Rajbari,Kharif 1,Date Palm,9772,21.98,16.93,30.59,5.98,20.5,6.0,35,72.5,85,60,155.864898989899,0.3104789194,April,No need to do,Feb to March,3034,coconut
Rajshahi,Kharif 1,Date Palm,2831,21.98,16.93,30.59,5.98,20.5,6.0,35,72.5,85,60,124.92,5.708583539,April,No need to do,Feb to March,16161,coconut
Rangamati,Kharif 1,Date Palm,232,21.98,16.93,30.59,5.98,20.5,6.0,35,72.5,85,60,204.11111111111111,1.284482759,April,No need to do,Feb to March,298,coconut
Rangpur,Kharif 1,Date Palm,100,21.98,16.93,30.59,5.98,20.5,6.0,35,72.5,85,60,179.6013888888889,3.76,April,No need to do,Feb to March,376,coconut
Satkhira,Kharif 1,Date Palm,3250,21.98,16.93,30.59,5.98,20.5,6.0,35,72.5,85,60,140.35353535353536,1.236923077,April,No need to do,Feb to March,4020,coconut
Shariatpur,Kharif 1,Date Palm,1092,21.98,16.93,30.59,5.98,20.5,6.0,35,72.5,85,60,155.864898989899,2.317765568,April,No need to do,Feb to March,2531,coconut
Sherpur,Kharif 1,Date Palm,40,21.98,16.93,30.59,5.98,20.5,6.0,35,72.5,85,60,181.08838383838383,4.525,April,No need to do,Feb to March,181,coconut
Sirajganj,Kharif 1,Date Palm,44,21.98,16.93,30.59,5.98,20.5,6.0,35,72.5,85,60,142.85416666666666,11.25,April,No need to do,Feb to March,495,coconut
Sunamganj,Kharif 1,Date Palm,0,21.98,16.93,30.59,5.98,20.5,6.0,35,72.5,85,60,333.72557471264366,2.518413598,April,No need to do,Feb to March,0,coconut
Sylhet,Kharif 1,Date Palm,1,21.98,16.93,30.59,5.98,20.5,6.0,35,72.5,85,60,333.72557471264366,12.0,April,No need to do,Feb to March,12,coconut
Tangail,Kharif 1,Date Palm,750,21.98,16.93,30.59,5.98,20.5,6.0,35,72.5,85,60,153.4104938271605,2.38,April,No need to do,Feb to March,1785,coconut
Thakurgaon,Kharif 1,Date Palm,300,21.98,16.93,30.59,5.98,20.5,6.0,35,72.5,85,60,154.21843434343435,0.2933333333,April,No need to do,Feb to March,88,coconut
Bagerhat,Kharif 2,Garlic,149,77.76,48.44,19.79,6.25,25.0,20.0,30,67.5,70,65,144.96843434343435,1.355704698,Oct,Nov to Jan,Feb,202,maize
Bandarban,Kharif 2,Garlic,72,77.76,48.44,19.79,6.25,25.0,20.0,30,67.5,70,65,243.94444444444449,1.902777778,Oct,Nov to Jan,Feb,137,maize
Barguna,Kharif 2,Garlic,32,77.76,48.44,19.79,6.25,25.0,20.0,30,67.5,70,65,207.8076923076923,1.03125,Oct,Nov to Jan,Feb,33,maize
Barishal,Kharif 2,Garlic,328,77.76,48.44,19.79,6.25,25.0,20.0,30,67.5,70,65,175.42564102564103,1.384146341,Oct,Nov to Jan,Feb,454,maize
Bhola,Kharif 2,Garlic,1359,77.76,48.44,19.79,6.25,25.0,20.0,30,67.5,70,65,185.23090277777777,1.818984547,Oct,Nov to Jan,Feb,2472,maize
Bogura,Kharif 2,Garlic,856,77.76,48.44,19.79,6.25,25.0,20.0,30,67.5,70,65,142.85416666666666,1.73364486,Oct,Nov to Jan,Feb,1484,maize
Brahmanbaria,Kharif 2,Garlic,809,77.76,48.44,19.79,6.25,25.0,20.0,30,67.5,70,65,185.75631313131316,1.556242274,Oct,Nov to Jan,Feb,1259,maize
Chandpur,Kharif 2,Garlic,1069,77.76,48.44,19.79,6.25,25.0,20.0,30,67.5,70,65,168.796875,1.768007484,Oct,Nov to Jan,Feb,1890,maize
Chapai Nawabganj,Kharif 2,Garlic,6068,77.76,48.44,19.79,6.25,25.0,20.0,30,67.5,70,65,124.92,1.802735662,Oct,Nov to Jan,Feb,10939,maize
Chattogram,Kharif 2,Garlic,94,77.76,48.44,19.79,6.25,25.0,20.0,30,67.5,70,65,243.94444444444449,1.042553191,Oct,Nov to Jan,Feb,98,maize
Chuadanga,Kharif 2,Garlic,796,77.76,48.44,19.79,6.25,25.0,20.0,30,67.5,70,65,129.44444444444446,2.971105528,Oct,Nov to Jan,Feb,2365,maize
CoxsBazar,Kharif 2,Garlic,12,77.76,48.44,19.79,6.25,25.0,20.0,30,67.5,70,65,303.40277777777777,0.75,Oct,Nov to Jan,Feb,9,maize
Cumilla,Kharif 2,Garlic,698,77.76,48.44,19.79,6.25,25.0,20.0,30,67.5,70,65,185.75631313131316,1.893982808,Oct,Nov to Jan,Feb,1322,maize
Dhaka,Kharif 2,Garlic,1673,77.76,48.44,19.79,6.25,25.0,20.0,30,67.5,70,65,169.94262295081967,2.571428571,Oct,Nov to Jan,Feb,4302,maize
Dinajpur,Kharif 2,Garlic,11051,77.76,48.44,19.79,6.25,25.0,20.0,30,67.5,70,65,154.21843434343435,3.114378789,Oct,Nov to Jan,Feb,34417,maize
Faridpur,Kharif 2,Garlic,5801,77.76,48.44,19.79,6.25,25.0,20.0,30,67.5,70,65,155.864898989899,1.564040683,Oct,Nov to Jan,Feb,9073,maize
Feni,Kharif 2,Garlic,28,77.76,48.44,19.79,6.25,25.0,20.0,30,67.5,70,65,248.1727642276423,2.25,Oct,Nov to Jan,Feb,63,maize
Gaibandha,Kharif 2,Garlic,729,77.76,48.44,19.79,6.25,25.0,20.0,30,67.5,70,65,179.6013888888889,1.249657064,Oct,Nov to Jan,Feb,911,maize
Gazipur,Kharif 2,Garlic,358,77.76,48.44,19.79,6.25,25.0,20.0,30,67.5,70,65,169.94262295081967,0.7737430168,Oct,Nov to Jan,Feb,277,maize
Gopalganj,Kharif 2,Garlic,403,77.76,48.44,19.79,6.25,25.0,20.0,30,67.5,70,65,155.864898989899,2.744416873,Oct,Nov to Jan,Feb,1106,maize
Habiganj,Kharif 2,Garlic,93,77.76,48.44,19.79,6.25,25.0,20.0,30,67.5,70,65,333.72557471264366,2.053763441,Oct,Nov to Jan,Feb,191,maize
Jamalpur,Kharif 2,Garlic,1207,77.76,48.44,19.79,6.25,25.0,20.0,30,67.5,70,65,181.08838383838383,1.965202983,Oct,Nov to Jan,Feb,2372,maize
Jashore,Kharif 2,Garlic,1320,77.76,48.44,19.79,6.25,25.0,20.0,30,67.5,70,65,134.2247474747475,2.806060606,Oct,Nov to Jan,Feb,3704,maize
Jhallokati,Kharif 2,Garlic,27,77.76,48.44,19.79,6.25,25.0,20.0,30,67.5,70,65,175.42564102564103,0.8148148148,Oct,Nov to Jan,Feb,22,maize
Jhenaidah,Kharif 2,Garlic,3936,77.76,48.44,19.79,6.25,25.0,20.0,30,67.5,70,65,134.2247474747475,2.854166667,Oct,Nov to Jan,Feb,11234,maize
Joypurhat,Kharif 2,Garlic,304,77.76,48.44,19.79,6.25,25.0,20.0,30,67.5,70,65,142.85416666666666,2.552631579,Oct,Nov to Jan,Feb,776,maize
Khagrachari,Kharif 2,Garlic,48,77.76,48.44,19.79,6.25,25.0,20.0,30,67.5,70,65,204.11111111111111,0.9375,Oct,Nov to Jan,Feb,45,maize
Khulna,Kharif 2,Garlic,133,77.76,48.44,19.79,6.25,25.0,20.0,30,67.5,70,65,144.96843434343435,1.714285714,Oct,Nov to Jan,Feb,228,maize
Kishoreganj,Kharif 2,Garlic,1062,77.76,48.44,19.79,6.25,25.0,20.0,30,67.5,70,65,181.08838383838383,2.531073446,Oct,Nov to Jan,Feb,2688,maize
Kurigram,Kharif 2,Garlic,588,77.76,48.44,19.79,6.25,25.0,20.0,30,67.5,70,65,179.6013888888889,1.411564626,Oct,Nov to Jan,Feb,830,maize
Kushtia,Kharif 2,Garlic,3518,77.76,48.44,19.79,6.25,25.0,20.0,30,67.5,70,65,129.44444444444446,2.637293917,Oct,Nov to Jan,Feb,9278,maize
Lakshmipur,Kharif 2,Garlic,213,77.76,48.44,19.79,6.25,25.0,20.0,30,67.5,70,65,185.75631313131316,0.9577464789,Oct,Nov to Jan,Feb,204,maize
Lalmonirhat,Kharif 2,Garlic,623,77.76,48.44,19.79,6.25,25.0,20.0,30,67.5,70,65,179.6013888888889,1.898876404,Oct,Nov to Jan,Feb,1183,maize
Madaripur,Kharif 2,Garlic,7523,77.76,48.44,19.79,6.25,25.0,20.0,30,67.5,70,65,160.41666666666666,2.997341486,Oct,Nov to Jan,Feb,22549,maize
Magura,Kharif 2,Garlic,2649,77.76,48.44,19.79,6.25,25.0,20.0,30,67.5,70,65,134.2247474747475,3.234428086,Oct,Nov to Jan,Feb,8568,maize
Manikganj,Kharif 2,Garlic,1543,77.76,48.44,19.79,6.25,25.0,20.0,30,67.5,70,65,169.94262295081967,1.458846403,Oct,Nov to Jan,Feb,2251,maize
Meherpur,Kharif 2,Garlic,1553,77.76,48.44,19.79,6.25,25.0,20.0,30,67.5,70,65,129.44444444444446,3.748229234,Oct,Nov to Jan,Feb,5821,maize
Moulvibazar,Kharif 2,Garlic,55,77.76,48.44,19.79,6.25,25.0,20.0,30,67.5,70,65,333.72557471264366,1.781818182,Oct,Nov to Jan,Feb,98,maize
Munshiganj,Kharif 2,Garlic,277,77.76,48.44,19.79,6.25,25.0,20.0,30,67.5,70,65,169.94262295081967,1.498194946,Oct,Nov to Jan,Feb,415,maize
Mymensingh,Kharif 2,Garlic,1020,77.76,48.44,19.79,6.25,25.0,20.0,30,67.5,70,65,181.08838383838383,2.123529412,Oct,Nov to Jan,Feb,2166,maize
Naogaon,Kharif 2,Garlic,2762,77.76,48.44,19.79,6.25,25.0,20.0,30,67.5,70,65,124.92,2.691527878,Oct,Nov to Jan,Feb,7434,maize
Narail,Kharif 2,Garlic,353,77.76,48.44,19.79,6.25,25.0,20.0,30,67.5,70,65,134.2247474747475,2.518413598,Oct,Nov to Jan,Feb,889,maize
Narayanganj,Kharif 2,Garlic,170,77.76,48.44,19.79,6.25,25.0,20.0,30,67.5,70,65,169.94262295081967,1.005882353,Oct,Nov to Jan,Feb,171,maize
Narsingdi,Kharif 2,Garlic,163,77.76,48.44,19.79,6.25,25.0,20.0,30,67.5,70,65,169.94262295081967,1.128834356,Oct,Nov to Jan,Feb,184,maize
Natore,Kharif 2,Garlic,48842,77.76,48.44,19.79,6.25,25.0,20.0,30,67.5,70,65,124.92,3.022705868,Oct,Nov to Jan,Feb,147635,maize
Netrokona,Kharif 2,Garlic,735,77.76,48.44,19.79,6.25,25.0,20.0,30,67.5,70,65,181.08838383838383,2.402721088,Oct,Nov to Jan,Feb,1766,maize
Nilphamari,Kharif 2,Garlic,1231,77.76,48.44,19.79,6.25,25.0,20.0,30,67.5,70,65,179.6013888888889,2.776604387,Oct,Nov to Jan,Feb,3418,maize
Noakhali,Kharif 2,Garlic,272,77.76,48.44,19.79,6.25,25.0,20.0,30,67.5,70,65,185.75631313131316,2.161764706,Oct,Nov to Jan,Feb,588,maize
Pabna,Kharif 2,Garlic,24559,77.76,48.44,19.79,6.25,25.0,20.0,30,67.5,70,65,124.92,2.829268293,Oct,Nov to Jan,Feb,69484,maize
Panchagar,Kharif 2,Garlic,1667,77.76,48.44,19.79,6.25,25.0,20.0,30,67.5,70,65,154.21843434343435,2.778644271,Oct,Nov to Jan,Feb,4632,maize
Patuakhali,Kharif 2,Garlic,305,77.76,48.44,19.79,6.25,25.0,20.0,30,67.5,70,65,207.8076923076923,0.8196721311,Oct,Nov to Jan,Feb,250,maize
Pirojpur,Kharif 2,Garlic,66,77.76,48.44,19.79,6.25,25.0,20.0,30,67.5,70,65,175.42564102564103,1.242424242,Oct,Nov to Jan,Feb,82,maize
Rajbari,Kharif 2,Garlic,14460,77.76,48.44,19.79,6.25,25.0,20.0,30,67.5,70,65,155.864898989899,2.543706777,Oct,Nov to Jan,Feb,36782,maize
Rajshahi,Kharif 2,Garlic,12373,77.76,48.44,19.79,6.25,25.0,20.0,30,67.5,70,65,124.92,4.176351734,Oct,Nov to Jan,Feb,51674,maize
Rangamati,Kharif 2,Garlic,49,77.76,48.44,19.79,6.25,25.0,20.0,30,67.5,70,65,204.11111111111111,1.673469388,Oct,Nov to Jan,Feb,82,maize
Rangpur,Kharif 2,Garlic,2077,77.76,48.44,19.79,6.25,25.0,20.0,30,67.5,70,65,179.6013888888889,1.962927299,Oct,Nov to Jan,Feb,4077,maize
Satkhira,Kharif 2,Garlic,647,77.76,48.44,19.79,6.25,25.0,20.0,30,67.5,70,65,140.35353535353536,2.591962906,Oct,Nov to Jan,Feb,1677,maize
Shariatpur,Kharif 2,Garlic,2835,77.76,48.44,19.79,6.25,25.0,20.0,30,67.5,70,65,155.864898989899,2.77989418,Oct,Nov to Jan,Feb,7881,maize
Sherpur,Kharif 2,Garlic,449,77.76,48.44,19.79,6.25,25.0,20.0,30,67.5,70,65,181.08838383838383,1.844097996,Oct,Nov to Jan,Feb,828,maize
Sirajganj,Kharif 2,Garlic,2060,77.76,48.44,19.79,6.25,25.0,20.0,30,67.5,70,65,142.85416666666666,2.194174757,Oct,Nov to Jan,Feb,4520,maize
Sunamganj,Kharif 2,Garlic,197,77.76,48.44,19.79,6.25,25.0,20.0,30,67.5,70,65,333.72557471264366,2.720812183,Oct,Nov to Jan,Feb,536,maize
Sylhet,Kharif 2,Garlic,108,77.76,48.44,19.79,6.25,25.0,20.0,30,67.5,70,65,333.72557471264366,1.444444444,Oct,Nov to Jan,Feb,156,maize
Tangail,Kharif 2,Garlic,2835,77.76,48.44,19.79,6.25,25.0,20.0,30,67.5,70,65,153.4104938271605,2.77989418,Oct,Nov to Jan,Feb,7881,maize
Thakurgaon,Kharif 2,Garlic,739,77.76,48.44,19.79,6.25,25.0,20.0,30,67.5,70,65,154.21843434343435,2.090663058,Oct,Nov to Jan,Feb,1545,maize
Bagerhat,Rabi,Ginger,18,77.76,48.44,19.79,6.25,20.0,15.0,25,67.5,75,60,144.96843434343435,1.555555556,Oct,Nov to March,March to April,28,maize
Bandarban,Rabi,Ginger,1553,77.76,48.44,19.79,6.25,20.0,15.0,25,67.5,75,60,243.94444444444449,2.542820348,Oct,Nov to March,March to April,3949,maize
Barguna,Rabi,Ginger,0,77.76,48.44,19.79,6.25,20.0,15.0,25,67.5,75,60,207.8076923076923,2.518413598,Oct,Nov to March,March to April,0,maize
Barishal,Rabi,Ginger,0,77.76,48.44,19.79,6.25,20.0,15.0,25,67.5,75,60,175.42564102564103,2.518413598,Oct,Nov to March,March to April,0,maize
Bhola,Rabi,Ginger,0,77.76,48.44,19.79,6.25,20.0,15.0,25,67.5,75,60,185.23090277777777,2.518413598,Oct,Nov to March,March to April,0,maize
Bogura,Rabi,Ginger,361,77.76,48.44,19.79,6.25,20.0,15.0,25,67.5,75,60,142.85416666666666,4.216066482,Oct,Nov to March,March to April,1522,maize
Brahmanbaria,Rabi,Ginger,76,77.76,48.44,19.79,6.25,20.0,15.0,25,67.5,75,60,185.75631313131316,2.092105263,Oct,Nov to March,March to April,159,maize
Chandpur,Rabi,Ginger,2,77.76,48.44,19.79,6.25,20.0,15.0,25,67.5,75,60,168.796875,3.0,Oct,Nov to March,March to April,6,maize
Chapai Nawabganj,Rabi,Ginger,0,77.76,48.44,19.79,6.25,20.0,15.0,25,67.5,75,60,124.92,2.518413598,Oct,Nov to March,March to April,0,maize
Chattogram,Rabi,Ginger,1750,77.76,48.44,19.79,6.25,20.0,15.0,25,67.5,75,60,243.94444444444449,4.733142857,Oct,Nov to March,March to April,8283,maize
Chuadanga,Rabi,Ginger,30,77.76,48.44,19.79,6.25,20.0,15.0,25,67.5,75,60,129.44444444444446,2.633333333,Oct,Nov to March,March to April,79,maize
CoxsBazar,Rabi,Ginger,160,77.76,48.44,19.79,6.25,20.0,15.0,25,67.5,75,60,303.40277777777777,2.4125,Oct,Nov to March,March to April,386,maize
Cumilla,Rabi,Ginger,112,77.76,48.44,19.79,6.25,20.0,15.0,25,67.5,75,60,185.75631313131316,1.8125,Oct,Nov to March,March to April,203,maize
Dhaka,Rabi,Ginger,16,77.76,48.44,19.79,6.25,20.0,15.0,25,67.5,75,60,169.94262295081967,5.375,Oct,Nov to March,March to April,86,maize
Dinajpur,Rabi,Ginger,315,77.76,48.44,19.79,6.25,20.0,15.0,25,67.5,75,60,154.21843434343435,3.117460317,Oct,Nov to March,March to April,982,maize
Faridpur,Rabi,Ginger,26,77.76,48.44,19.79,6.25,20.0,15.0,25,67.5,75,60,155.864898989899,1.5,Oct,Nov to March,March to April,39,maize
Feni,Rabi,Ginger,14,77.76,48.44,19.79,6.25,20.0,15.0,25,67.5,75,60,248.1727642276423,1.214285714,Oct,Nov to March,March to April,17,maize
Gaibandha,Rabi,Ginger,394,77.76,48.44,19.79,6.25,20.0,15.0,25,67.5,75,60,179.6013888888889,1.92893401,Oct,Nov to March,March to April,760,maize
Gazipur,Rabi,Ginger,587,77.76,48.44,19.79,6.25,20.0,15.0,25,67.5,75,60,169.94262295081967,2.173764906,Oct,Nov to March,March to April,1276,maize
Gopalganj,Rabi,Ginger,31,77.76,48.44,19.79,6.25,20.0,15.0,25,67.5,75,60,155.864898989899,1.387096774,Oct,Nov to March,March to April,43,maize
Habiganj,Rabi,Ginger,120,77.76,48.44,19.79,6.25,20.0,15.0,25,67.5,75,60,333.72557471264366,2.841666667,Oct,Nov to March,March to April,341,maize
Jamalpur,Rabi,Ginger,493,77.76,48.44,19.79,6.25,20.0,15.0,25,67.5,75,60,181.08838383838383,3.894523327,Oct,Nov to March,March to April,1920,maize
Jashore,Rabi,Ginger,58,77.76,48.44,19.79,6.25,20.0,15.0,25,67.5,75,60,134.2247474747475,2.810344828,Oct,Nov to March,March to April,163,maize
Jhallokati,Rabi,Ginger,0,77.76,48.44,19.79,6.25,20.0,15.0,25,67.5,75,60,175.42564102564103,2.518413598,Oct,Nov to March,March to April,0,maize
Jhenaidah,Rabi,Ginger,91,77.76,48.44,19.79,6.25,20.0,15.0,25,67.5,75,60,134.2247474747475,2.791208791,Oct,Nov to March,March to April,254,maize
Joypurhat,Rabi,Ginger,111,77.76,48.44,19.79,6.25,20.0,15.0,25,67.5,75,60,142.85416666666666,3.297297297,Oct,Nov to March,March to April,366,maize
Khagrachari,Rabi,Ginger,4346,77.76,48.44,19.79,6.25,20.0,15.0,25,67.5,75,60,204.11111111111111,2.783939254,Oct,Nov to March,March to April,12099,maize
Khulna,Rabi,Ginger,55,77.76,48.44,19.79,6.25,20.0,15.0,25,67.5,75,60,144.96843434343435,1.727272727,Oct,Nov to March,March to April,95,maize
Kishoreganj,Rabi,Ginger,199,77.76,48.44,19.79,6.25,20.0,15.0,25,67.5,75,60,181.08838383838383,2.537688442,Oct,Nov to March,March to April,505,maize
Kurigram,Rabi,Ginger,454,77.76,48.44,19.79,6.25,20.0,15.0,25,67.5,75,60,179.6013888888889,2.850220264,Oct,Nov to March,March to April,1294,maize
Kushtia,Rabi,Ginger,76,77.76,48.44,19.79,6.25,20.0,15.0,25,67.5,75,60,129.44444444444446,3.907894737,Oct,Nov to March,March to April,297,maize
Lakshmipur,Rabi,Ginger,5,77.76,48.44,19.79,6.25,20.0,15.0,25,67.5,75,60,185.75631313131316,1.0,Oct,Nov to March,March to April,5,maize
Lalmonirhat,Rabi,Ginger,528,77.76,48.44,19.79,6.25,20.0,15.0,25,67.5,75,60,179.6013888888889,4.857954545,Oct,Nov to March,March to April,2565,maize
Madaripur,Rabi,Ginger,0,77.76,48.44,19.79,6.25,20.0,15.0,25,67.5,75,60,160.41666666666666,2.518413598,Oct,Nov to March,March to April,0,maize
Magura,Rabi,Ginger,25,77.76,48.44,19.79,6.25,20.0,15.0,25,67.5,75,60,134.2247474747475,2.72,Oct,Nov to March,March to April,68,maize
Manikganj,Rabi,Ginger,171,77.76,48.44,19.79,6.25,20.0,15.0,25,67.5,75,60,169.94262295081967,1.50877193,Oct,Nov to March,March to April,258,maize
Meherpur,Rabi,Ginger,15,77.76,48.44,19.79,6.25,20.0,15.0,25,67.5,75,60,129.44444444444446,2.0,Oct,Nov to March,March to April,30,maize
Moulvibazar,Rabi,Ginger,233,77.76,48.44,19.79,6.25,20.0,15.0,25,67.5,75,60,333.72557471264366,3.201716738,Oct,Nov to March,March to April,746,maize
Munshiganj,Rabi,Ginger,0,77.76,48.44,19.79,6.25,20.0,15.0,25,67.5,75,60,169.94262295081967,2.518413598,Oct,Nov to March,March to April,0,maize
Mymensingh,Rabi,Ginger,918,77.76,48.44,19.79,6.25,20.0,15.0,25,67.5,75,60,181.08838383838383,2.540305011,Oct,Nov to March,March to April,2332,maize
Naogaon,Rabi,Ginger,188,77.76,48.44,19.79,6.25,20.0,15.0,25,67.5,75,60,124.92,3.468085106,Oct,Nov to March,March to April,652,maize
Narail,Rabi,Ginger,66,77.76,48.44,19.79,6.25,20.0,15.0,25,67.5,75,60,134.2247474747475,2.393939394,Oct,Nov to March,March to April,158,maize
Narayanganj,Rabi,Ginger,18,77.76,48.44,19.79,6.25,20.0,15.0,25,67.5,75,60,169.94262295081967,1.055555556,Oct,Nov to March,March to April,19,maize
Narsingdi,Rabi,Ginger,205,77.76,48.44,19.79,6.25,20.0,15.0,25,67.5,75,60,169.94262295081967,1.32195122,Oct,Nov to March,March to April,271,maize
Natore,Rabi,Ginger,63,77.76,48.44,19.79,6.25,20.0,15.0,25,67.5,75,60,124.92,1.666666667,Oct,Nov to March,March to April,105,maize
Netrokona,Rabi,Ginger,130,77.76,48.44,19.79,6.25,20.0,15.0,25,67.5,75,60,181.08838383838383,2.338461538,Oct,Nov to March,March to April,304,maize
Nilphamari,Rabi,Ginger,2820,77.76,48.44,19.79,6.25,20.0,15.0,25,67.5,75,60,179.6013888888889,3.50035461,Oct,Nov to March,March to April,9871,maize
Noakhali,Rabi,Ginger,0,77.76,48.44,19.79,6.25,20.0,15.0,25,67.5,75,60,185.75631313131316,2.518413598,Oct,Nov to March,March to April,0,maize
Pabna,Rabi,Ginger,23,77.76,48.44,19.79,6.25,20.0,15.0,25,67.5,75,60,124.92,1.826086957,Oct,Nov to March,March to April,42,maize
Panchagar,Rabi,Ginger,1001,77.76,48.44,19.79,6.25,20.0,15.0,25,67.5,75,60,154.21843434343435,3.21978022,Oct,Nov to March,March to April,3223,maize
Patuakhali,Rabi,Ginger,0,77.76,48.44,19.79,6.25,20.0,15.0,25,67.5,75,60,207.8076923076923,2.518413598,Oct,Nov to March,March to April,0,maize
Pirojpur,Rabi,Ginger,0,77.76,48.44,19.79,6.25,20.0,15.0,25,67.5,75,60,175.42564102564103,2.518413598,Oct,Nov to March,March to April,0,maize
Rajbari,Rabi,Ginger,5,77.76,48.44,19.79,6.25,20.0,15.0,25,67.5,75,60,155.864898989899,1.6,Oct,Nov to March,March to April,8,maize
Rajshahi,Rabi,Ginger,2,77.76,48.44,19.79,6.25,20.0,15.0,25,67.5,75,60,124.92,3.5,Oct,Nov to March,March to April,7,maize
Rangamati,Rabi,Ginger,3686,77.76,48.44,19.79,6.25,20.0,15.0,25,67.5,75,60,204.11111111111111,4.177428106,Oct,Nov to March,March to April,15398,maize
Rangpur,Rabi,Ginger,1006,77.76,48.44,19.79,6.25,20.0,15.0,25,67.5,75,60,179.6013888888889,3.174950298,Oct,Nov to March,March to April,3194,maize
Satkhira,Rabi,Ginger,77,77.76,48.44,19.79,6.25,20.0,15.0,25,67.5,75,60,140.35353535353536,4.688311688,Oct,Nov to March,March to April,361,maize
Shariatpur,Rabi,Ginger,0,77.76,48.44,19.79,6.25,20.0,15.0,25,67.5,75,60,155.864898989899,2.518413598,Oct,Nov to March,March to April,0,maize
Sherpur,Rabi,Ginger,223,77.76,48.44,19.79,6.25,20.0,15.0,25,67.5,75,60,181.08838383838383,3.278026906,Oct,Nov to March,March to April,731,maize
Sirajganj,Rabi,Ginger,153,77.76,48.44,19.79,6.25,20.0,15.0,25,67.5,75,60,142.85416666666666,2.150326797,Oct,Nov to March,March to April,329,maize
Sunamganj,Rabi,Ginger,47,77.76,48.44,19.79,6.25,20.0,15.0,25,67.5,75,60,333.72557471264366,5.659574468,Oct,Nov to March,March to April,266,maize
Sylhet,Rabi,Ginger,79,77.76,48.44,19.79,6.25,20.0,15.0,25,67.5,75,60,333.72557471264366,1.278481013,Oct,Nov to March,March to April,101,maize
Tangail,Rabi,Ginger,2123,77.76,48.44,19.79,6.25,20.0,15.0,25,67.5,75,60,153.4104938271605,2.474799812,Oct,Nov to March,March to April,5254,maize
Thakurgaon,Rabi,Ginger,128,77.76,48.44,19.79,6.25,20.0,15.0,25,67.5,75,60,154.21843434343435,1.9921875,Oct,Nov to March,March to April,255,maize
Bagerhat,Kharif 2,Gourd,636,99.42,17.0,50.22,6.5,26.5,18.0,35,80.0,85,75,144.96843434343435,3.940251572,July,Aug to Jan,Jan to March,2506,watermelon
Bandarban,Kharif 2,Gourd,796,99.42,17.0,50.22,6.5,26.5,18.0,35,80.0,85,75,243.94444444444449,3.619346734,July,Aug to Jan,Jan to March,2881,watermelon
Barguna,Kharif 2,Gourd,147,99.42,17.0,50.22,6.5,26.5,18.0,35,80.0,85,75,207.8076923076923,3.19047619,July,Aug to Jan,Jan to March,469,watermelon
Barishal,Kharif 2,Gourd,790,99.42,17.0,50.22,6.5,26.5,18.0,35,80.0,85,75,175.42564102564103,4.658227848,July,Aug to Jan,Jan to March,3680,watermelon
Bhola,Kharif 2,Gourd,659,99.42,17.0,50.22,6.5,26.5,18.0,35,80.0,85,75,185.23090277777777,2.71168437,July,Aug to Jan,Jan to March,1787,watermelon
Bogura,Kharif 2,Gourd,744,99.42,17.0,50.22,6.5,26.5,18.0,35,80.0,85,75,142.85416666666666,5.275537634,July,Aug to Jan,Jan to March,3925,watermelon
Brahmanbaria,Kharif 2,Gourd,827,99.42,17.0,50.22,6.5,26.5,18.0,35,80.0,85,75,185.75631313131316,4.38694075,July,Aug to Jan,Jan to March,3628,watermelon
Chandpur,Kharif 2,Gourd,985,99.42,17.0,50.22,6.5,26.5,18.0,35,80.0,85,75,168.796875,5.900507614,July,Aug to Jan,Jan to March,5812,watermelon
Chapai Nawabganj,Kharif 2,Gourd,307,99.42,17.0,50.22,6.5,26.5,18.0,35,80.0,85,75,124.92,3.429967427,July,Aug to Jan,Jan to March,1053,watermelon
Chattogram,Kharif 2,Gourd,1264,99.42,17.0,50.22,6.5,26.5,18.0,35,80.0,85,75,243.94444444444449,5.180379747,July,Aug to Jan,Jan to March,6548,watermelon
Chuadanga,Kharif 2,Gourd,847,99.42,17.0,50.22,6.5,26.5,18.0,35,80.0,85,75,129.44444444444446,4.867768595,July,Aug to Jan,Jan to March,4123,watermelon
CoxsBazar,Kharif 2,Gourd,297,99.42,17.0,50.22,6.5,26.5,18.0,35,80.0,85,75,303.40277777777777,6.050505051,July,Aug to Jan,Jan to March,1797,watermelon
Cumilla,Kharif 2,Gourd,1635,99.42,17.0,50.22,6.5,26.5,18.0,35,80.0,85,75,185.75631313131316,6.297859327,July,Aug to Jan,Jan to March,10297,watermelon
Dhaka,Kharif 2,Gourd,1953,99.42,17.0,50.22,6.5,26.5,18.0,35,80.0,85,75,169.94262295081967,6.874551971,July,Aug to Jan,Jan to March,13426,watermelon
Dinajpur,Kharif 2,Gourd,655,99.42,17.0,50.22,6.5,26.5,18.0,35,80.0,85,75,154.21843434343435,6.497709924,July,Aug to Jan,Jan to March,4256,watermelon
Faridpur,Kharif 2,Gourd,939,99.42,17.0,50.22,6.5,26.5,18.0,35,80.0,85,75,155.864898989899,4.113951012,July,Aug to Jan,Jan to March,3863,watermelon
Feni,Kharif 2,Gourd,379,99.42,17.0,50.22,6.5,26.5,18.0,35,80.0,85,75,248.1727642276423,7.071240106,July,Aug to Jan,Jan to March,2680,watermelon
Gaibandha,Kharif 2,Gourd,411,99.42,17.0,50.22,6.5,26.5,18.0,35,80.0,85,75,179.6013888888889,2.761557178,July,Aug to Jan,Jan to March,1135,watermelon
Gazipur,Kharif 2,Gourd,2585,99.42,17.0,50.22,6.5,26.5,18.0,35,80.0,85,75,169.94262295081967,2.945067698,July,Aug to Jan,Jan to March,7613,watermelon
Gopalganj,Kharif 2,Gourd,701,99.42,17.0,50.22,6.5,26.5,18.0,35,80.0,85,75,155.864898989899,6.530670471,July,Aug to Jan,Jan to March,4578,watermelon
Habiganj,Kharif 2,Gourd,805,99.42,17.0,50.22,6.5,26.5,18.0,35,80.0,85,75,333.72557471264366,9.934161491,July,Aug to Jan,Jan to March,7997,watermelon
Jamalpur,Kharif 2,Gourd,2166,99.42,17.0,50.22,6.5,26.5,18.0,35,80.0,85,75,181.08838383838383,4.070175439,July,Aug to Jan,Jan to March,8816,watermelon
Jashore,Kharif 2,Gourd,1013,99.42,17.0,50.22,6.5,26.5,18.0,35,80.0,85,75,134.2247474747475,5.449160908,July,Aug to Jan,Jan to March,5520,watermelon
Jhallokati,Kharif 2,Gourd,901,99.42,17.0,50.22,6.5,26.5,18.0,35,80.0,85,75,175.42564102564103,6.992230855,July,Aug to Jan,Jan to March,6300,watermelon
Jhenaidah,Kharif 2,Gourd,923,99.42,17.0,50.22,6.5,26.5,18.0,35,80.0,85,75,134.2247474747475,4.997833153,July,Aug to Jan,Jan to March,4613,watermelon
Joypurhat,Kharif 2,Gourd,216,99.42,17.0,50.22,6.5,26.5,18.0,35,80.0,85,75,142.85416666666666,5.087962963,July,Aug to Jan,Jan to March,1099,watermelon
Khagrachari,Kharif 2,Gourd,796,99.42,17.0,50.22,6.5,26.5,18.0,35,80.0,85,75,204.11111111111111,3.619346734,July,Aug to Jan,Jan to March,2881,watermelon
Khulna,Kharif 2,Gourd,497,99.42,17.0,50.22,6.5,26.5,18.0,35,80.0,85,75,144.96843434343435,2.6861167,July,Aug to Jan,Jan to March,1335,watermelon
Kishoreganj,Kharif 2,Gourd,681,99.42,17.0,50.22,6.5,26.5,18.0,35,80.0,85,75,181.08838383838383,7.585903084,July,Aug to Jan,Jan to March,5166,watermelon
Kurigram,Kharif 2,Gourd,482,99.42,17.0,50.22,6.5,26.5,18.0,35,80.0,85,75,179.6013888888889,4.468879668,July,Aug to Jan,Jan to March,2154,watermelon
Kushtia,Kharif 2,Gourd,477,99.42,17.0,50.22,6.5,26.5,18.0,35,80.0,85,75,129.44444444444446,4.830188679,July,Aug to Jan,Jan to March,2304,watermelon
Lakshmipur,Kharif 2,Gourd,682,99.42,17.0,50.22,6.5,26.5,18.0,35,80.0,85,75,185.75631313131316,4.159824047,July,Aug to Jan,Jan to March,2837,watermelon
Lalmonirhat,Kharif 2,Gourd,309,99.42,17.0,50.22,6.5,26.5,18.0,35,80.0,85,75,179.6013888888889,8.482200647,July,Aug to Jan,Jan to March,2621,watermelon
Madaripur,Kharif 2,Gourd,726,99.42,17.0,50.22,6.5,26.5,18.0,35,80.0,85,75,160.41666666666666,4.867768595,July,Aug to Jan,Jan to March,3534,watermelon
Magura,Kharif 2,Gourd,235,99.42,17.0,50.22,6.5,26.5,18.0,35,80.0,85,75,134.2247474747475,5.114893617,July,Aug to Jan,Jan to March,1202,watermelon
Manikganj,Kharif 2,Gourd,784,99.42,17.0,50.22,6.5,26.5,18.0,35,80.0,85,75,169.94262295081967,3.955357143,July,Aug to Jan,Jan to March,3101,watermelon
Meherpur,Kharif 2,Gourd,302,99.42,17.0,50.22,6.5,26.5,18.0,35,80.0,85,75,129.44444444444446,9.278145695,July,Aug to Jan,Jan to March,2802,watermelon
Moulvibazar,Kharif 2,Gourd,580,99.42,17.0,50.22,6.5,26.5,18.0,35,80.0,85,75,333.72557471264366,6.960344828,July,Aug to Jan,Jan to March,4037,watermelon
Munshiganj,Kharif 2,Gourd,561,99.42,17.0,50.22,6.5,26.5,18.0,35,80.0,85,75,169.94262295081967,5.386809269,July,Aug to Jan,Jan to March,3022,watermelon
Mymensingh,Kharif 2,Gourd,1825,99.42,17.0,50.22,6.5,26.5,18.0,35,80.0,85,75,181.08838383838383,5.979726027,July,Aug to Jan,Jan to March,10913,watermelon
Naogaon,Kharif 2,Gourd,413,99.42,17.0,50.22,6.5,26.5,18.0,35,80.0,85,75,124.92,4.128329298,July,Aug to Jan,Jan to March,1705,watermelon
Narail,Kharif 2,Gourd,439,99.42,17.0,50.22,6.5,26.5,18.0,35,80.0,85,75,134.2247474747475,4.952164009,July,Aug to Jan,Jan to March,2174,watermelon
Narayanganj,Kharif 2,Gourd,1361,99.42,17.0,50.22,6.5,26.5,18.0,35,80.0,85,75,169.94262295081967,4.157972079,July,Aug to Jan,Jan to March,5659,watermelon
Narsingdi,Kharif 2,Gourd,989,99.42,17.0,50.22,6.5,26.5,18.0,35,80.0,85,75,169.94262295081967,7.700707786,July,Aug to Jan,Jan to March,7616,watermelon
Natore,Kharif 2,Gourd,395,99.42,17.0,50.22,6.5,26.5,18.0,35,80.0,85,75,124.92,3.562025316,July,Aug to Jan,Jan to March,1407,watermelon
Netrokona,Kharif 2,Gourd,598,99.42,17.0,50.22,6.5,26.5,18.0,35,80.0,85,75,181.08838383838383,3.913043478,July,Aug to Jan,Jan to March,2340,watermelon
Nilphamari,Kharif 2,Gourd,328,99.42,17.0,50.22,6.5,26.5,18.0,35,80.0,85,75,179.6013888888889,6.777439024,July,Aug to Jan,Jan to March,2223,watermelon
Noakhali,Kharif 2,Gourd,968,99.42,17.0,50.22,6.5,26.5,18.0,35,80.0,85,75,185.75631313131316,3.723140496,July,Aug to Jan,Jan to March,3604,watermelon
Pabna,Kharif 2,Gourd,588,99.42,17.0,50.22,6.5,26.5,18.0,35,80.0,85,75,124.92,2.409863946,July,Aug to Jan,Jan to March,1417,watermelon
Panchagar,Kharif 2,Gourd,554,99.42,17.0,50.22,6.5,26.5,18.0,35,80.0,85,75,154.21843434343435,6.657039711,July,Aug to Jan,Jan to March,3688,watermelon
Patuakhali,Kharif 2,Gourd,297,99.42,17.0,50.22,6.5,26.5,18.0,35,80.0,85,75,207.8076923076923,2.185185185,July,Aug to Jan,Jan to March,649,watermelon
Pirojpur,Kharif 2,Gourd,671,99.42,17.0,50.22,6.5,26.5,18.0,35,80.0,85,75,175.42564102564103,3.123695976,July,Aug to Jan,Jan to March,2096,watermelon
Rajbari,Kharif 2,Gourd,833,99.42,17.0,50.22,6.5,26.5,18.0,35,80.0,85,75,155.864898989899,5.43817527,July,Aug to Jan,Jan to March,4530,watermelon
Rajshahi,Kharif 2,Gourd,1160,99.42,17.0,50.22,6.5,26.5,18.0,35,80.0,85,75,124.92,6.374137931,July,Aug to Jan,Jan to March,7394,watermelon
Rangamati,Kharif 2,Gourd,594,99.42,17.0,50.22,6.5,26.5,18.0,35,80.0,85,75,204.11111111111111,3.808080808,July,Aug to Jan,Jan to March,2262,watermelon
Rangpur,Kharif 2,Gourd,565,99.42,17.0,50.22,6.5,26.5,18.0,35,80.0,85,75,179.6013888888889,4.099115044,July,Aug to Jan,Jan to March,2316,watermelon
Satkhira,Kharif 2,Gourd,552,99.42,17.0,50.22,6.5,26.5,18.0,35,80.0,85,75,140.35353535353536,6.190217391,July,Aug to Jan,Jan to March,3417,watermelon
Shariatpur,Kharif 2,Gourd,458,99.42,17.0,50.22,6.5,26.5,18.0,35,80.0,85,75,155.864898989899,5.989082969,July,Aug to Jan,Jan to March,2743,watermelon
Sherpur,Kharif 2,Gourd,465,99.42,17.0,50.22,6.5,26.5,18.0,35,80.0,85,75,181.08838383838383,5.929032258,July,Aug to Jan,Jan to March,2757,watermelon
Sirajganj,Kharif 2,Gourd,616,99.42,17.0,50.22,6.5,26.5,18.0,35,80.0,85,75,142.85416666666666,5.793831169,July,Aug to Jan,Jan to March,3569,watermelon
Sunamganj,Kharif 2,Gourd,1215,99.42,17.0,50.22,6.5,26.5,18.0,35,80.0,85,75,333.72557471264366,3.281481481,July,Aug to Jan,Jan to March,3987,watermelon
Sylhet,Kharif 2,Gourd,1070,99.42,17.0,50.22,6.5,26.5,18.0,35,80.0,85,75,333.72557471264366,4.401869159,July,Aug to Jan,Jan to March,4710,watermelon
Tangail,Kharif 2,Gourd,2252,99.42,17.0,50.22,6.5,26.5,18.0,35,80.0,85,75,153.4104938271605,4.553730018,July,Aug to Jan,Jan to March,10255,watermelon
Thakurgaon,Kharif 2,Gourd,256,99.42,17.0,50.22,6.5,26.5,18.0,35,80.0,85,75,154.21843434343435,3.609375,July,Aug to Jan,Jan to March,924,watermelon
Bagerhat,Kharif 2,Gram,7,40.09,67.79,79.92,7.34,27.5,20.0,35,35.0,45,25,144.96843434343435,0.2857142857,Aug,Sep to Oct,Nov,2,chickpea
Bandarban,Kharif 2,Gram,7,40.09,67.79,79.92,7.34,27.5,20.0,35,35.0,45,25,243.94444444444449,0.4285714286,Aug,Sep to Oct,Nov,3,chickpea
Barguna,Kharif 2,Gram,42,40.09,67.79,79.92,7.34,27.5,20.0,35,35.0,45,25,207.8076923076923,0.3571428571,Aug,Sep to Oct,Nov,15,chickpea
Barishal,Kharif 2,Gram,959,40.09,67.79,79.92,7.34,27.5,20.0,35,35.0,45,25,175.42564102564103,0.3993743483,Aug,Sep to Oct,Nov,383,chickpea
Bhola,Kharif 2,Gram,74,40.09,67.79,79.92,7.34,27.5,20.0,35,35.0,45,25,185.23090277777777,0.6891891892,Aug,Sep to Oct,Nov,51,chickpea
Bogura,Kharif 2,Gram,8,40.09,67.79,79.92,7.34,27.5,20.0,35,35.0,45,25,142.85416666666666,0.375,Aug,Sep to Oct,Nov,3,chickpea
Brahmanbaria,Kharif 2,Gram,0,40.09,67.79,79.92,7.34,27.5,20.0,35,35.0,45,25,185.75631313131316,2.518413598,Aug,Sep to Oct,Nov,0,chickpea
Chandpur,Kharif 2,Gram,0,40.09,67.79,79.92,7.34,27.5,20.0,35,35.0,45,25,168.796875,2.518413598,Aug,Sep to Oct,Nov,0,chickpea
Chapai Nawabganj,Kharif 2,Gram,1798,40.09,67.79,79.92,7.34,27.5,20.0,35,35.0,45,25,124.92,0.3820912125,Aug,Sep to Oct,Nov,687,chickpea
Chattogram,Kharif 2,Gram,26,40.09,67.79,79.92,7.34,27.5,20.0,35,35.0,45,25,243.94444444444449,0.3076923077,Aug,Sep to Oct,Nov,8,chickpea
Chuadanga,Kharif 2,Gram,144,40.09,67.79,79.92,7.34,27.5,20.0,35,35.0,45,25,129.44444444444446,0.3680555556,Aug,Sep to Oct,Nov,53,chickpea
CoxsBazar,Kharif 2,Gram,0,40.09,67.79,79.92,7.34,27.5,20.0,35,35.0,45,25,303.40277777777777,2.518413598,Aug,Sep to Oct,Nov,0,chickpea
Cumilla,Kharif 2,Gram,0,40.09,67.79,79.92,7.34,27.5,20.0,35,35.0,45,25,185.75631313131316,2.518413598,Aug,Sep to Oct,Nov,0,chickpea
Dhaka,Kharif 2,Gram,7,40.09,67.79,79.92,7.34,27.5,20.0,35,35.0,45,25,169.94262295081967,0.2857142857,Aug,Sep to Oct,Nov,2,chickpea
Dinajpur,Kharif 2,Gram,9,40.09,67.79,79.92,7.34,27.5,20.0,35,35.0,45,25,154.21843434343435,0.3333333333,Aug,Sep to Oct,Nov,3,chickpea
Faridpur,Kharif 2,Gram,210,40.09,67.79,79.92,7.34,27.5,20.0,35,35.0,45,25,155.864898989899,0.4047619048,Aug,Sep to Oct,Nov,85,chickpea
Feni,Kharif 2,Gram,38,40.09,67.79,79.92,7.34,27.5,20.0,35,35.0,45,25,248.1727642276423,0.4473684211,Aug,Sep to Oct,Nov,17,chickpea
Gaibandha,Kharif 2,Gram,31,40.09,67.79,79.92,7.34,27.5,20.0,35,35.0,45,25,179.6013888888889,0.5806451613,Aug,Sep to Oct,Nov,18,chickpea
Gazipur,Kharif 2,Gram,38,40.09,67.79,79.92,7.34,27.5,20.0,35,35.0,45,25,169.94262295081967,0.5,Aug,Sep to Oct,Nov,19,chickpea
Gopalganj,Kharif 2,Gram,103,40.09,67.79,79.92,7.34,27.5,20.0,35,35.0,45,25,155.864898989899,0.1941747573,Aug,Sep to Oct,Nov,20,chickpea
Habiganj,Kharif 2,Gram,0,40.09,67.79,79.92,7.34,27.5,20.0,35,35.0,45,25,333.72557471264366,2.518413598,Aug,Sep to Oct,Nov,0,chickpea
Jamalpur,Kharif 2,Gram,90,40.09,67.79,79.92,7.34,27.5,20.0,35,35.0,45,25,181.08838383838383,0.3777777778,Aug,Sep to Oct,Nov,34,chickpea
Jashore,Kharif 2,Gram,234,40.09,67.79,79.92,7.34,27.5,20.0,35,35.0,45,25,134.2247474747475,0.4444444444,Aug,Sep to Oct,Nov,104,chickpea
Jhallokati,Kharif 2,Gram,255,40.09,67.79,79.92,7.34,27.5,20.0,35,35.0,45,25,175.42564102564103,0.3725490196,Aug,Sep to Oct,Nov,95,chickpea
Jhenaidah,Kharif 2,Gram,89,40.09,67.79,79.92,7.34,27.5,20.0,35,35.0,45,25,134.2247474747475,0.5056179775,Aug,Sep to Oct,Nov,45,chickpea
Joypurhat,Kharif 2,Gram,0,40.09,67.79,79.92,7.34,27.5,20.0,35,35.0,45,25,142.85416666666666,2.518413598,Aug,Sep to Oct,Nov,0,chickpea
Khagrachari,Kharif 2,Gram,0,40.09,67.79,79.92,7.34,27.5,20.0,35,35.0,45,25,204.11111111111111,2.518413598,Aug,Sep to Oct,Nov,0,chickpea
Khulna,Kharif 2,Gram,3,40.09,67.79,79.92,7.34,27.5,20.0,35,35.0,45,25,144.96843434343435,0.3333333333,Aug,Sep to Oct,Nov,1,chickpea
Kishoreganj,Kharif 2,Gram,5,40.09,67.79,79.92,7.34,27.5,20.0,35,35.0,45,25,181.08838383838383,0.2,Aug,Sep to Oct,Nov,1,chickpea
Kurigram,Kharif 2,Gram,242,40.09,67.79,79.92,7.34,27.5,20.0,35,35.0,45,25,179.6013888888889,0.4380165289,Aug,Sep to Oct,Nov,106,chickpea
Kushtia,Kharif 2,Gram,164,40.09,67.79,79.92,7.34,27.5,20.0,35,35.0,45,25,129.44444444444446,0.4817073171,Aug,Sep to Oct,Nov,79,chickpea
Lakshmipur,Kharif 2,Gram,11,40.09,67.79,79.92,7.34,27.5,20.0,35,35.0,45,25,185.75631313131316,0.5454545455,Aug,Sep to Oct,Nov,6,chickpea
Lalmonirhat,Kharif 2,Gram,11,40.09,67.79,79.92,7.34,27.5,20.0,35,35.0,45,25,179.6013888888889,0.8181818182,Aug,Sep to Oct,Nov,9,chickpea
Madaripur,Kharif 2,Gram,965,40.09,67.79,79.92,7.34,27.5,20.0,35,35.0,45,25,160.41666666666666,0.4165803109,Aug,Sep to Oct,Nov,402,chickpea
Magura,Kharif 2,Gram,257,40.09,67.79,79.92,7.34,27.5,20.0,35,35.0,45,25,134.2247474747475,0.2918287938,Aug,Sep to Oct,Nov,75,chickpea
Manikganj,Kharif 2,Gram,4,40.09,67.79,79.92,7.34,27.5,20.0,35,35.0,45,25,169.94262295081967,0.25,Aug,Sep to Oct,Nov,1,chickpea
Meherpur,Kharif 2,Gram,16,40.09,67.79,79.92,7.34,27.5,20.0,35,35.0,45,25,129.44444444444446,0.375,Aug,Sep to Oct,Nov,6,chickpea
Moulvibazar,Kharif 2,Gram,1,40.09,67.79,79.92,7.34,27.5,20.0,35,35.0,45,25,333.72557471264366,1.0,Aug,Sep to Oct,Nov,1,chickpea
Munshiganj,Kharif 2,Gram,0,40.09,67.79,79.92,7.34,27.5,20.0,35,35.0,45,25,169.94262295081967,2.518413598,Aug,Sep to Oct,Nov,0,chickpea
Mymensingh,Kharif 2,Gram,45,40.09,67.79,79.92,7.34,27.5,20.0,35,35.0,45,25,181.08838383838383,0.5111111111,Aug,Sep to Oct,Nov,23,chickpea
Naogaon,Kharif 2,Gram,190,40.09,67.79,79.92,7.34,27.5,20.0,35,35.0,45,25,124.92,0.3736842105,Aug,Sep to Oct,Nov,71,chickpea
Narail,Kharif 2,Gram,43,40.09,67.79,79.92,7.34,27.5,20.0,35,35.0,45,25,134.2247474747475,0.4418604651,Aug,Sep to Oct,Nov,19,chickpea
Narayanganj,Kharif 2,Gram,0,40.09,67.79,79.92,7.34,27.5,20.0,35,35.0,45,25,169.94262295081967,2.518413598,Aug,Sep to Oct,Nov,0,chickpea
Narsingdi,Kharif 2,Gram,3,40.09,67.79,79.92,7.34,27.5,20.0,35,35.0,45,25,169.94262295081967,1.666666667,Aug,Sep to Oct,Nov,5,chickpea
Natore,Kharif 2,Gram,66,40.09,67.79,79.92,7.34,27.5,20.0,35,35.0,45,25,124.92,0.4090909091,Aug,Sep to Oct,Nov,27,chickpea
Netrokona,Kharif 2,Gram,0,40.09,67.79,79.92,7.34,27.5,20.0,35,35.0,45,25,181.08838383838383,2.518413598,Aug,Sep to Oct,Nov,0,chickpea
Nilphamari,Kharif 2,Gram,0,40.09,67.79,79.92,7.34,27.5,20.0,35,35.0,45,25,179.6013888888889,2.518413598,Aug,Sep to Oct,Nov,0,chickpea
Noakhali,Kharif 2,Gram,7,40.09,67.79,79.92,7.34,27.5,20.0,35,35.0,45,25,185.75631313131316,0.1428571429,Aug,Sep to Oct,Nov,1,chickpea
Pabna,Kharif 2,Gram,161,40.09,67.79,79.92,7.34,27.5,20.0,35,35.0,45,25,124.92,0.6459627329,Aug,Sep to Oct,Nov,104,chickpea
Panchagar,Kharif 2,Gram,40,40.09,67.79,79.92,7.34,27.5,20.0,35,35.0,45,25,154.21843434343435,0.325,Aug,Sep to Oct,Nov,13,chickpea
Patuakhali,Kharif 2,Gram,1242,40.09,67.79,79.92,7.34,27.5,20.0,35,35.0,45,25,207.8076923076923,0.4347826087,Aug,Sep to Oct,Nov,540,chickpea
Pirojpur,Kharif 2,Gram,0,40.09,67.79,79.92,7.34,27.5,20.0,35,35.0,45,25,175.42564102564103,2.518413598,Aug,Sep to Oct,Nov,0,chickpea
Rajbari,Kharif 2,Gram,61,40.09,67.79,79.92,7.34,27.5,20.0,35,35.0,45,25,155.864898989899,0.5081967213,Aug,Sep to Oct,Nov,31,chickpea
Rajshahi,Kharif 2,Gram,3101,40.09,67.79,79.92,7.34,27.5,20.0,35,35.0,45,25,124.92,0.4898419865,Aug,Sep to Oct,Nov,1519,chickpea
Rangamati,Kharif 2,Gram,0,40.09,67.79,79.92,7.34,27.5,20.0,35,35.0,45,25,204.11111111111111,2.518413598,Aug,Sep to Oct,Nov,0,chickpea
Rangpur,Kharif 2,Gram,24,40.09,67.79,79.92,7.34,27.5,20.0,35,35.0,45,25,179.6013888888889,0.4583333333,Aug,Sep to Oct,Nov,11,chickpea
Satkhira,Kharif 2,Gram,0,40.09,67.79,79.92,7.34,27.5,20.0,35,35.0,45,25,140.35353535353536,2.518413598,Aug,Sep to Oct,Nov,0,chickpea
Shariatpur,Kharif 2,Gram,273,40.09,67.79,79.92,7.34,27.5,20.0,35,35.0,45,25,155.864898989899,0.7032967033,Aug,Sep to Oct,Nov,192,chickpea
Sherpur,Kharif 2,Gram,58,40.09,67.79,79.92,7.34,27.5,20.0,35,35.0,45,25,181.08838383838383,0.6896551724,Aug,Sep to Oct,Nov,40,chickpea
Sirajganj,Kharif 2,Gram,52,40.09,67.79,79.92,7.34,27.5,20.0,35,35.0,45,25,142.85416666666666,0.5192307692,Aug,Sep to Oct,Nov,27,chickpea
Sunamganj,Kharif 2,Gram,0,40.09,67.79,79.92,7.34,27.5,20.0,35,35.0,45,25,333.72557471264366,2.518413598,Aug,Sep to Oct,Nov,0,chickpea
Sylhet,Kharif 2,Gram,7,40.09,67.79,79.92,7.34,27.5,20.0,35,35.0,45,25,333.72557471264366,0.2857142857,Aug,Sep to Oct,Nov,2,chickpea
Tangail,Kharif 2,Gram,3,40.09,67.79,79.92,7.34,27.5,20.0,35,35.0,45,25,153.4104938271605,0.3333333333,Aug,Sep to Oct,Nov,1,chickpea
Thakurgaon,Kharif 2,Gram,82,40.09,67.79,79.92,7.34,27.5,20.0,35,35.0,45,25,154.21843434343435,0.4390243902,Aug,Sep to Oct,Nov,36,chickpea
Bagerhat,Kharif 1,Green Coconut,1007,21.98,16.93,30.59,5.98,25.0,20.0,30,70.0,80,60,144.96843434343435,28.86097319,May,June to August,August to September,29063,coconut
Bandarban,Kharif 1,Green Coconut,134,21.98,16.93,30.59,5.98,25.0,20.0,30,70.0,80,60,243.94444444444449,6.111940299,May,June to August,August to September,819,coconut
Barguna,Kharif 1,Green Coconut,8120,21.98,16.93,30.59,5.98,25.0,20.0,30,70.0,80,60,207.8076923076923,1.116871921,May,June to August,August to September,9069,coconut
Barishal,Kharif 1,Green Coconut,6623,21.98,16.93,30.59,5.98,25.0,20.0,30,70.0,80,60,175.42564102564103,2.039710101,May,June to August,August to September,13509,coconut
Bhola,Kharif 1,Green Coconut,1346,21.98,16.93,30.59,5.98,25.0,20.0,30,70.0,80,60,185.23090277777777,10.50742942,May,June to August,August to September,14143,coconut
Bogura,Kharif 1,Green Coconut,328,21.98,16.93,30.59,5.98,25.0,20.0,30,70.0,80,60,142.85416666666666,24.33231707,May,June to August,August to September,7981,coconut
Brahmanbaria,Kharif 1,Green Coconut,400,21.98,16.93,30.59,5.98,25.0,20.0,30,70.0,80,60,185.75631313131316,16.7225,May,June to August,August to September,6689,coconut
Chandpur,Kharif 1,Green Coconut,394,21.98,16.93,30.59,5.98,25.0,20.0,30,70.0,80,60,168.796875,9.984771574,May,June to August,August to September,3934,coconut
Chapai Nawabganj,Kharif 1,Green Coconut,106,21.98,16.93,30.59,5.98,25.0,20.0,30,70.0,80,60,124.92,7.594339623,May,June to August,August to September,805,coconut
Chattogram,Kharif 1,Green Coconut,5826,21.98,16.93,30.59,5.98,25.0,20.0,30,70.0,80,60,243.94444444444449,1.490902849,May,June to August,August to September,8686,coconut
Chuadanga,Kharif 1,Green Coconut,179,21.98,16.93,30.59,5.98,25.0,20.0,30,70.0,80,60,129.44444444444446,21.46368715,May,June to August,August to September,3842,coconut
CoxsBazar,Kharif 1,Green Coconut,426,21.98,16.93,30.59,5.98,25.0,20.0,30,70.0,80,60,303.40277777777777,15.43661972,May,June to August,August to September,6576,coconut
Cumilla,Kharif 1,Green Coconut,1228,21.98,16.93,30.59,5.98,25.0,20.0,30,70.0,80,60,185.75631313131316,4.802117264,May,June to August,August to September,5897,coconut
Dhaka,Kharif 1,Green Coconut,145,21.98,16.93,30.59,5.98,25.0,20.0,30,70.0,80,60,169.94262295081967,22.42068966,May,June to August,August to September,3251,coconut
Dinajpur,Kharif 1,Green Coconut,260,21.98,16.93,30.59,5.98,25.0,20.0,30,70.0,80,60,154.21843434343435,8.053846154,May,June to August,August to September,2094,coconut
Faridpur,Kharif 1,Green Coconut,544,21.98,16.93,30.59,5.98,25.0,20.0,30,70.0,80,60,155.864898989899,9.648897059,May,June to August,August to September,5249,coconut
Feni,Kharif 1,Green Coconut,915,21.98,16.93,30.59,5.98,25.0,20.0,30,70.0,80,60,248.1727642276423,2.170491803,May,June to August,August to September,1986,coconut
Gaibandha,Kharif 1,Green Coconut,584,21.98,16.93,30.59,5.98,25.0,20.0,30,70.0,80,60,179.6013888888889,3.782534247,May,June to August,August to September,2209,coconut
Gazipur,Kharif 1,Green Coconut,393,21.98,16.93,30.59,5.98,25.0,20.0,30,70.0,80,60,169.94262295081967,3.893129771,May,June to August,August to September,1530,coconut
Gopalganj,Kharif 1,Green Coconut,333,21.98,16.93,30.59,5.98,25.0,20.0,30,70.0,80,60,155.864898989899,10.44744745,May,June to August,August to September,3479,coconut
Habiganj,Kharif 1,Green Coconut,731,21.98,16.93,30.59,5.98,25.0,20.0,30,70.0,80,60,333.72557471264366,7.452804378,May,June to August,August to September,5448,coconut
Jamalpur,Kharif 1,Green Coconut,512,21.98,16.93,30.59,5.98,25.0,20.0,30,70.0,80,60,181.08838383838383,9.53515625,May,June to August,August to September,4882,coconut
Jashore,Kharif 1,Green Coconut,1164,21.98,16.93,30.59,5.98,25.0,20.0,30,70.0,80,60,134.2247474747475,11.21993127,May,June to August,August to September,13060,coconut
Jhallokati,Kharif 1,Green Coconut,2444,21.98,16.93,30.59,5.98,25.0,20.0,30,70.0,80,60,175.42564102564103,3.273322422,May,June to August,August to September,8000,coconut
Jhenaidah,Kharif 1,Green Coconut,378,21.98,16.93,30.59,5.98,25.0,20.0,30,70.0,80,60,134.2247474747475,32.25132275,May,June to August,August to September,12191,coconut
Joypurhat,Kharif 1,Green Coconut,134,21.98,16.93,30.59,5.98,25.0,20.0,30,70.0,80,60,142.85416666666666,1.380597015,May,June to August,August to September,185,coconut
Khagrachari,Kharif 1,Green Coconut,656,21.98,16.93,30.59,5.98,25.0,20.0,30,70.0,80,60,204.11111111111111,2.364329268,May,June to August,August to September,1551,coconut
Khulna,Kharif 1,Green Coconut,1518,21.98,16.93,30.59,5.98,25.0,20.0,30,70.0,80,60,144.96843434343435,7.009881423,May,June to August,August to September,10641,coconut
Kishoreganj,Kharif 1,Green Coconut,313,21.98,16.93,30.59,5.98,25.0,20.0,30,70.0,80,60,181.08838383838383,24.11182109,May,June to August,August to September,7547,coconut
Kurigram,Kharif 1,Green Coconut,90,21.98,16.93,30.59,5.98,25.0,20.0,30,70.0,80,60,179.6013888888889,5.944444444,May,June to August,August to September,535,coconut
Kushtia,Kharif 1,Green Coconut,1286,21.98,16.93,30.59,5.98,25.0,20.0,30,70.0,80,60,129.44444444444446,13.03810264,May,June to August,August to September,16767,coconut
Lakshmipur,Kharif 1,Green Coconut,107,21.98,16.93,30.59,5.98,25.0,20.0,30,70.0,80,60,185.75631313131316,98.99065421,May,June to August,August to September,10592,coconut
Lalmonirhat,Kharif 1,Green Coconut,82,21.98,16.93,30.59,5.98,25.0,20.0,30,70.0,80,60,179.6013888888889,7.951219512,May,June to August,August to September,652,coconut
Madaripur,Kharif 1,Green Coconut,940,21.98,16.93,30.59,5.98,25.0,20.0,30,70.0,80,60,160.41666666666666,12.53510638,May,June to August,August to September,11783,coconut
Magura,Kharif 1,Green Coconut,695,21.98,16.93,30.59,5.98,25.0,20.0,30,70.0,80,60,134.2247474747475,7.732374101,May,June to August,August to September,5374,coconut
Manikganj,Kharif 1,Green Coconut,1533,21.98,16.93,30.59,5.98,25.0,20.0,30,70.0,80,60,169.94262295081967,9.075016308,May,June to August,August to September,13912,coconut
Meherpur,Kharif 1,Green Coconut,129,21.98,16.93,30.59,5.98,25.0,20.0,30,70.0,80,60,129.44444444444446,10.60465116,May,June to August,August to September,1368,coconut
Moulvibazar,Kharif 1,Green Coconut,269,21.98,16.93,30.59,5.98,25.0,20.0,30,70.0,80,60,333.72557471264366,16.28624535,May,June to August,August to September,4381,coconut
Munshiganj,Kharif 1,Green Coconut,67,21.98,16.93,30.59,5.98,25.0,20.0,30,70.0,80,60,169.94262295081967,14.23880597,May,June to August,August to September,954,coconut
Mymensingh,Kharif 1,Green Coconut,1667,21.98,16.93,30.59,5.98,25.0,20.0,30,70.0,80,60,181.08838383838383,6.588482304,May,June to August,August to September,10983,coconut
Naogaon,Kharif 1,Green Coconut,285,21.98,16.93,30.59,5.98,25.0,20.0,30,70.0,80,60,124.92,8.614035088,May,June to August,August to September,2455,coconut
Narail,Kharif 1,Green Coconut,943,21.98,16.93,30.59,5.98,25.0,20.0,30,70.0,80,60,134.2247474747475,9.19088017,May,June to August,August to September,8667,coconut
Narayanganj,Kharif 1,Green Coconut,43,21.98,16.93,30.59,5.98,25.0,20.0,30,70.0,80,60,169.94262295081967,48.60465116,May,June to August,August to September,2090,coconut
Narsingdi,Kharif 1,Green Coconut,84,21.98,16.93,30.59,5.98,25.0,20.0,30,70.0,80,60,169.94262295081967,17.92857143,May,June to August,August to September,1506,coconut
Natore,Kharif 1,Green Coconut,667,21.98,16.93,30.59,5.98,25.0,20.0,30,70.0,80,60,124.92,14.54572714,May,June to August,August to September,9702,coconut
Netrokona,Kharif 1,Green Coconut,521,21.98,16.93,30.59,5.98,25.0,20.0,30,70.0,80,60,181.08838383838383,9.451055662,May,June to August,August to September,4924,coconut
Nilphamari,Kharif 1,Green Coconut,103,21.98,16.93,30.59,5.98,25.0,20.0,30,70.0,80,60,179.6013888888889,15.31067961,May,June to August,August to September,1577,coconut
Noakhali,Kharif 1,Green Coconut,1694,21.98,16.93,30.59,5.98,25.0,20.0,30,70.0,80,60,185.75631313131316,14.84946871,May,June to August,August to September,25155,coconut
Pabna,Kharif 1,Green Coconut,725,21.98,16.93,30.59,5.98,25.0,20.0,30,70.0,80,60,124.92,16.29517241,May,June to August,August to September,11814,coconut
Panchagar,Kharif 1,Green Coconut,126,21.98,16.93,30.59,5.98,25.0,20.0,30,70.0,80,60,154.21843434343435,16.53968254,May,June to August,August to September,2084,coconut
Patuakhali,Kharif 1,Green Coconut,1779,21.98,16.93,30.59,5.98,25.0,20.0,30,70.0,80,60,207.8076923076923,7.897133221,May,June to August,August to September,14049,coconut
Pirojpur,Kharif 1,Green Coconut,3250,21.98,16.93,30.59,5.98,25.0,20.0,30,70.0,80,60,175.42564102564103,4.780923077,May,June to August,August to September,15538,coconut
Rajbari,Kharif 1,Green Coconut,350,21.98,16.93,30.59,5.98,25.0,20.0,30,70.0,80,60,155.864898989899,27.58857143,May,June to August,August to September,9656,coconut
Rajshahi,Kharif 1,Green Coconut,860,21.98,16.93,30.59,5.98,25.0,20.0,30,70.0,80,60,124.92,13.59534884,May,June to August,August to September,11692,coconut
Rangamati,Kharif 1,Green Coconut,1858,21.98,16.93,30.59,5.98,25.0,20.0,30,70.0,80,60,204.11111111111111,1.701829925,May,June to August,August to September,3162,coconut
Rangpur,Kharif 1,Green Coconut,153,21.98,16.93,30.59,5.98,25.0,20.0,30,70.0,80,60,179.6013888888889,15.83660131,May,June to August,August to September,2423,coconut
Satkhira,Kharif 1,Green Coconut,1741,21.98,16.93,30.59,5.98,25.0,20.0,30,70.0,80,60,140.35353535353536,9.78518093,May,June to August,August to September,17036,coconut
Shariatpur,Kharif 1,Green Coconut,313,21.98,16.93,30.59,5.98,25.0,20.0,30,70.0,80,60,155.864898989899,38.1629393,May,June to August,August to September,11945,coconut
Sherpur,Kharif 1,Green Coconut,199,21.98,16.93,30.59,5.98,25.0,20.0,30,70.0,80,60,181.08838383838383,10.10552764,May,June to August,August to September,2011,coconut
Sirajganj,Kharif 1,Green Coconut,172,21.98,16.93,30.59,5.98,25.0,20.0,30,70.0,80,60,142.85416666666666,21.3255814,May,June to August,August to September,3668,coconut
Sunamganj,Kharif 1,Green Coconut,182,21.98,16.93,30.59,5.98,25.0,20.0,30,70.0,80,60,333.72557471264366,16.51648352,May,June to August,August to September,3006,coconut
Sylhet,Kharif 1,Green Coconut,2191,21.98,16.93,30.59,5.98,25.0,20.0,30,70.0,80,60,333.72557471264366,0.6458238247,May,June to August,August to September,1415,coconut
Tangail,Kharif 1,Green Coconut,272,21.98,16.93,30.59,5.98,25.0,20.0,30,70.0,80,60,153.4104938271605,17.72794118,May,June to August,August to September,4822,coconut
Thakurgaon,Kharif 1,Green Coconut,59,21.98,16.93,30.59,5.98,25.0,20.0,30,70.0,80,60,154.21843434343435,11.76271186,May,June to August,August to September,694,coconut
Bagerhat,Kharif 2,Green Palmyra,90,21.98,16.93,30.59,5.98,30.0,25.0,35,75.0,90,60,144.96843434343435,36.31111111,April,No need to do,May,3268,coconut
Bandarban,Kharif 2,Green Palmyra,131,21.98,16.93,30.59,5.98,30.0,25.0,35,75.0,90,60,243.94444444444449,0.2900763359,April,No need to do,May,38,coconut
Barguna,Kharif 2,Green Palmyra,2120,21.98,16.93,30.59,5.98,30.0,25.0,35,75.0,90,60,207.8076923076923,2.035849057,April,No need to do,May,4316,coconut
Barishal,Kharif 2,Green Palmyra,1200,21.98,16.93,30.59,5.98,30.0,25.0,35,75.0,90,60,175.42564102564103,1.25,April,No need to do,May,1500,coconut
Bhola,Kharif 2,Green Palmyra,31,21.98,16.93,30.59,5.98,30.0,25.0,35,75.0,90,60,185.23090277777777,7.612903226,April,No need to do,May,236,coconut
Bogura,Kharif 2,Green Palmyra,223,21.98,16.93,30.59,5.98,30.0,25.0,35,75.0,90,60,142.85416666666666,15.02242152,April,No need to do,May,3350,coconut
Brahmanbaria,Kharif 2,Green Palmyra,66,21.98,16.93,30.59,5.98,30.0,25.0,35,75.0,90,60,185.75631313131316,4.545454545,April,No need to do,May,300,coconut
Chandpur,Kharif 2,Green Palmyra,218,21.98,16.93,30.59,5.98,30.0,25.0,35,75.0,90,60,168.796875,15.65137615,April,No need to do,May,3412,coconut
Chapai Nawabganj,Kharif 2,Green Palmyra,73,21.98,16.93,30.59,5.98,30.0,25.0,35,75.0,90,60,124.92,2.506849315,April,No need to do,May,183,coconut
Chattogram,Kharif 2,Green Palmyra,116,21.98,16.93,30.59,5.98,30.0,25.0,35,75.0,90,60,243.94444444444449,14.59482759,April,No need to do,May,1693,coconut
Chuadanga,Kharif 2,Green Palmyra,41,21.98,16.93,30.59,5.98,30.0,25.0,35,75.0,90,60,129.44444444444446,6.365853659,April,No need to do,May,261,coconut
CoxsBazar,Kharif 2,Green Palmyra,4,21.98,16.93,30.59,5.98,30.0,25.0,35,75.0,90,60,303.40277777777777,28.25,April,No need to do,May,113,coconut
Cumilla,Kharif 2,Green Palmyra,1002,21.98,16.93,30.59,5.98,30.0,25.0,35,75.0,90,60,185.75631313131316,1.830339321,April,No need to do,May,1834,coconut
Dhaka,Kharif 2,Green Palmyra,20,21.98,16.93,30.59,5.98,30.0,25.0,35,75.0,90,60,169.94262295081967,9.7,April,No need to do,May,194,coconut
Dinajpur,Kharif 2,Green Palmyra,69,21.98,16.93,30.59,5.98,30.0,25.0,35,75.0,90,60,154.21843434343435,5.333333333,April,No need to do,May,368,coconut
Faridpur,Kharif 2,Green Palmyra,117,21.98,16.93,30.59,5.98,30.0,25.0,35,75.0,90,60,155.864898989899,27.79487179,April,No need to do,May,3252,coconut
Feni,Kharif 2,Green Palmyra,130,21.98,16.93,30.59,5.98,30.0,25.0,35,75.0,90,60,248.1727642276423,2.530769231,April,No need to do,May,329,coconut
Gaibandha,Kharif 2,Green Palmyra,17,21.98,16.93,30.59,5.98,30.0,25.0,35,75.0,90,60,179.6013888888889,3.176470588,April,No need to do,May,54,coconut
Gazipur,Kharif 2,Green Palmyra,210,21.98,16.93,30.59,5.98,30.0,25.0,35,75.0,90,60,169.94262295081967,5.480952381,April,No need to do,May,1151,coconut
Gopalganj,Kharif 2,Green Palmyra,308,21.98,16.93,30.59,5.98,30.0,25.0,35,75.0,90,60,155.864898989899,22.18831169,April,No need to do,May,6834,coconut
Habiganj,Kharif 2,Green Palmyra,149,21.98,16.93,30.59,5.98,30.0,25.0,35,75.0,90,60,333.72557471264366,1.395973154,April,No need to do,May,208,coconut
Jamalpur,Kharif 2,Green Palmyra,45,21.98,16.93,30.59,5.98,30.0,25.0,35,75.0,90,60,181.08838383838383,11.0,April,No need to do,May,495,coconut
Jashore,Kharif 2,Green Palmyra,205,21.98,16.93,30.59,5.98,30.0,25.0,35,75.0,90,60,134.2247474747475,5.424390244,April,No need to do,May,1112,coconut
Jhallokati,Kharif 2,Green Palmyra,503,21.98,16.93,30.59,5.98,30.0,25.0,35,75.0,90,60,175.42564102564103,1.888667992,April,No need to do,May,950,coconut
Jhenaidah,Kharif 2,Green Palmyra,145,21.98,16.93,30.59,5.98,30.0,25.0,35,75.0,90,60,134.2247474747475,6.427586207,April,No need to do,May,932,coconut
Joypurhat,Kharif 2,Green Palmyra,51,21.98,16.93,30.59,5.98,30.0,25.0,35,75.0,90,60,142.85416666666666,8.392156863,April,No need to do,May,428,coconut
Khagrachari,Kharif 2,Green Palmyra,15,21.98,16.93,30.59,5.98,30.0,25.0,35,75.0,90,60,204.11111111111111,2.266666667,April,No need to do,May,34,coconut
Khulna,Kharif 2,Green Palmyra,98,21.98,16.93,30.59,5.98,30.0,25.0,35,75.0,90,60,144.96843434343435,15.23469388,April,No need to do,May,1493,coconut
Kishoreganj,Kharif 2,Green Palmyra,34,21.98,16.93,30.59,5.98,30.0,25.0,35,75.0,90,60,181.08838383838383,13.11764706,April,No need to do,May,446,coconut
Kurigram,Kharif 2,Green Palmyra,1,21.98,16.93,30.59,5.98,30.0,25.0,35,75.0,90,60,179.6013888888889,4.0,April,No need to do,May,4,coconut
Kushtia,Kharif 2,Green Palmyra,104,21.98,16.93,30.59,5.98,30.0,25.0,35,75.0,90,60,129.44444444444446,10.26923077,April,No need to do,May,1068,coconut
Lakshmipur,Kharif 2,Green Palmyra,43,21.98,16.93,30.59,5.98,30.0,25.0,35,75.0,90,60,185.75631313131316,24.0,April,No need to do,May,1032,coconut
Lalmonirhat,Kharif 2,Green Palmyra,11,21.98,16.93,30.59,5.98,30.0,25.0,35,75.0,90,60,179.6013888888889,3.454545455,April,No need to do,May,38,coconut
Madaripur,Kharif 2,Green Palmyra,174,21.98,16.93,30.59,5.98,30.0,25.0,35,75.0,90,60,160.41666666666666,54.56896552,April,No need to do,May,9495,coconut
Magura,Kharif 2,Green Palmyra,120,21.98,16.93,30.59,5.98,30.0,25.0,35,75.0,90,60,134.2247474747475,8.458333333,April,No need to do,May,1015,coconut
Manikganj,Kharif 2,Green Palmyra,43,21.98,16.93,30.59,5.98,30.0,25.0,35,75.0,90,60,169.94262295081967,8.023255814,April,No need to do,May,345,coconut
Meherpur,Kharif 2,Green Palmyra,39,21.98,16.93,30.59,5.98,30.0,25.0,35,75.0,90,60,129.44444444444446,3.128205128,April,No need to do,May,122,coconut
Moulvibazar,Kharif 2,Green Palmyra,1,21.98,16.93,30.59,5.98,30.0,25.0,35,75.0,90,60,333.72557471264366,20.0,April,No need to do,May,20,coconut
Munshiganj,Kharif 2,Green Palmyra,17,21.98,16.93,30.59,5.98,30.0,25.0,35,75.0,90,60,169.94262295081967,17.52941176,April,No need to do,May,298,coconut
Mymensingh,Kharif 2,Green Palmyra,536,21.98,16.93,30.59,5.98,30.0,25.0,35,75.0,90,60,181.08838383838383,4.222014925,April,No need to do,May,2263,coconut
Naogaon,Kharif 2,Green Palmyra,595,21.98,16.93,30.59,5.98,30.0,25.0,35,75.0,90,60,124.92,3.18487395,April,No need to do,May,1895,coconut
Narail,Kharif 2,Green Palmyra,165,21.98,16.93,30.59,5.98,30.0,25.0,35,75.0,90,60,134.2247474747475,3.709090909,April,No need to do,May,612,coconut
Narayanganj,Kharif 2,Green Palmyra,10,21.98,16.93,30.59,5.98,30.0,25.0,35,75.0,90,60,169.94262295081967,11.1,April,No need to do,May,111,coconut
Narsingdi,Kharif 2,Green Palmyra,53,21.98,16.93,30.59,5.98,30.0,25.0,35,75.0,90,60,169.94262295081967,16.71698113,April,No need to do,May,886,coconut
Natore,Kharif 2,Green Palmyra,125,21.98,16.93,30.59,5.98,30.0,25.0,35,75.0,90,60,124.92,18.872,April,No need to do,May,2359,coconut
Netrokona,Kharif 2,Green Palmyra,8,21.98,16.93,30.59,5.98,30.0,25.0,35,75.0,90,60,181.08838383838383,11.25,April,No need to do,May,90,coconut
Nilphamari,Kharif 2,Green Palmyra,4,21.98,16.93,30.59,5.98,30.0,25.0,35,75.0,90,60,179.6013888888889,4.0,April,No need to do,May,16,coconut
Noakhali,Kharif 2,Green Palmyra,422,21.98,16.93,30.59,5.98,30.0,25.0,35,75.0,90,60,185.75631313131316,4.398104265,April,No need to do,May,1856,coconut
Pabna,Kharif 2,Green Palmyra,102,21.98,16.93,30.59,5.98,30.0,25.0,35,75.0,90,60,124.92,12.64705882,April,No need to do,May,1290,coconut
Panchagar,Kharif 2,Green Palmyra,4,21.98,16.93,30.59,5.98,30.0,25.0,35,75.0,90,60,154.21843434343435,0.0,April,No need to do,May,0,coconut
Patuakhali,Kharif 2,Green Palmyra,468,21.98,16.93,30.59,5.98,30.0,25.0,35,75.0,90,60,207.8076923076923,6.615384615,April,No need to do,May,3096,coconut
Pirojpur,Kharif 2,Green Palmyra,646,21.98,16.93,30.59,5.98,30.0,25.0,35,75.0,90,60,175.42564102564103,3.529411765,April,No need to do,May,2280,coconut
Rajbari,Kharif 2,Green Palmyra,67,21.98,16.93,30.59,5.98,30.0,25.0,35,75.0,90,60,155.864898989899,27.14925373,April,No need to do,May,1819,coconut
Rajshahi,Kharif 2,Green Palmyra,151,21.98,16.93,30.59,5.98,30.0,25.0,35,75.0,90,60,124.92,7.039735099,April,No need to do,May,1063,coconut
Rangamati,Kharif 2,Green Palmyra,16,21.98,16.93,30.59,5.98,30.0,25.0,35,75.0,90,60,204.11111111111111,2.625,April,No need to do,May,42,coconut
Rangpur,Kharif 2,Green Palmyra,21,21.98,16.93,30.59,5.98,30.0,25.0,35,75.0,90,60,179.6013888888889,19.23809524,April,No need to do,May,404,coconut
Satkhira,Kharif 2,Green Palmyra,397,21.98,16.93,30.59,5.98,30.0,25.0,35,75.0,90,60,140.35353535353536,5.64231738,April,No need to do,May,2240,coconut
Shariatpur,Kharif 2,Green Palmyra,118,21.98,16.93,30.59,5.98,30.0,25.0,35,75.0,90,60,155.864898989899,6.338983051,April,No need to do,May,748,coconut
Sherpur,Kharif 2,Green Palmyra,54,21.98,16.93,30.59,5.98,30.0,25.0,35,75.0,90,60,181.08838383838383,5.222222222,April,No need to do,May,282,coconut
Sirajganj,Kharif 2,Green Palmyra,64,21.98,16.93,30.59,5.98,30.0,25.0,35,75.0,90,60,142.85416666666666,17.953125,April,No need to do,May,1149,coconut
Sunamganj,Kharif 2,Green Palmyra,85,21.98,16.93,30.59,5.98,30.0,25.0,35,75.0,90,60,333.72557471264366,7.129411765,April,No need to do,May,606,coconut
Sylhet,Kharif 2,Green Palmyra,0,21.98,16.93,30.59,5.98,30.0,25.0,35,75.0,90,60,333.72557471264366,2.518413598,April,No need to do,May,4,coconut
Tangail,Kharif 2,Green Palmyra,87,21.98,16.93,30.59,5.98,30.0,25.0,35,75.0,90,60,153.4104938271605,19.5862069,April,No need to do,May,1704,coconut
Thakurgaon,Kharif 2,Green Palmyra,3,21.98,16.93,30.59,5.98,30.0,25.0,35,75.0,90,60,154.21843434343435,2.0,April,No need to do,May,6,coconut
Bagerhat,Kharif 1,Green Papaya,83,49.88,59.05,50.04,6.74,25.0,20.0,30,70.0,80,60,144.96843434343435,17.27710843,June,June to August,August to September,1434,papaya
Bandarban,Kharif 1,Green Papaya,276,49.88,59.05,50.04,6.74,25.0,20.0,30,70.0,80,60,243.94444444444449,5.916666667,June,June to August,August to September,1633,papaya
Barguna,Kharif 1,Green Papaya,3169,49.88,59.05,50.04,6.74,25.0,20.0,30,70.0,80,60,207.8076923076923,0.8094035973,June,June to August,August to September,2565,papaya
Barishal,Kharif 1,Green Papaya,1373,49.88,59.05,50.04,6.74,25.0,20.0,30,70.0,80,60,175.42564102564103,3.510560816,June,June to August,August to September,4820,papaya
Bhola,Kharif 1,Green Papaya,207,49.88,59.05,50.04,6.74,25.0,20.0,30,70.0,80,60,185.23090277777777,6.202898551,June,June to August,August to September,1284,papaya
Bogura,Kharif 1,Green Papaya,436,49.88,59.05,50.04,6.74,25.0,20.0,30,70.0,80,60,142.85416666666666,16.28669725,June,June to August,August to September,7101,papaya
Brahmanbaria,Kharif 1,Green Papaya,176,49.88,59.05,50.04,6.74,25.0,20.0,30,70.0,80,60,185.75631313131316,7.079545455,June,June to August,August to September,1246,papaya
Chandpur,Kharif 1,Green Papaya,102,49.88,59.05,50.04,6.74,25.0,20.0,30,70.0,80,60,168.796875,25.56862745,June,June to August,August to September,2608,papaya
Chapai Nawabganj,Kharif 1,Green Papaya,244,49.88,59.05,50.04,6.74,25.0,20.0,30,70.0,80,60,124.92,12.95081967,June,June to August,August to September,3160,papaya
Chattogram,Kharif 1,Green Papaya,321,49.88,59.05,50.04,6.74,25.0,20.0,30,70.0,80,60,243.94444444444449,12.08099688,June,June to August,August to September,3878,papaya
Chuadanga,Kharif 1,Green Papaya,142,49.88,59.05,50.04,6.74,25.0,20.0,30,70.0,80,60,129.44444444444446,25.4084507,June,June to August,August to September,3608,papaya
CoxsBazar,Kharif 1,Green Papaya,300,49.88,59.05,50.04,6.74,25.0,20.0,30,70.0,80,60,303.40277777777777,7.816666667,June,June to August,August to September,2345,papaya
Cumilla,Kharif 1,Green Papaya,457,49.88,59.05,50.04,6.74,25.0,20.0,30,70.0,80,60,185.75631313131316,5.238512035,June,June to August,August to September,2394,papaya
Dhaka,Kharif 1,Green Papaya,118,49.88,59.05,50.04,6.74,25.0,20.0,30,70.0,80,60,169.94262295081967,21.1779661,June,June to August,August to September,2499,papaya
Dinajpur,Kharif 1,Green Papaya,437,49.88,59.05,50.04,6.74,25.0,20.0,30,70.0,80,60,154.21843434343435,8.782608696,June,June to August,August to September,3838,papaya
Faridpur,Kharif 1,Green Papaya,473,49.88,59.05,50.04,6.74,25.0,20.0,30,70.0,80,60,155.864898989899,26.82663848,June,June to August,August to September,12689,papaya
Feni,Kharif 1,Green Papaya,495,49.88,59.05,50.04,6.74,25.0,20.0,30,70.0,80,60,248.1727642276423,1.113131313,June,June to August,August to September,551,papaya
Gaibandha,Kharif 1,Green Papaya,177,49.88,59.05,50.04,6.74,25.0,20.0,30,70.0,80,60,179.6013888888889,10.33333333,June,June to August,August to September,1829,papaya
Gazipur,Kharif 1,Green Papaya,2715,49.88,59.05,50.04,6.74,25.0,20.0,30,70.0,80,60,169.94262295081967,1.303867403,June,June to August,August to September,3540,papaya
Gopalganj,Kharif 1,Green Papaya,464,49.88,59.05,50.04,6.74,25.0,20.0,30,70.0,80,60,155.864898989899,4.588362069,June,June to August,August to September,2129,papaya
Habiganj,Kharif 1,Green Papaya,8,49.88,59.05,50.04,6.74,25.0,20.0,30,70.0,80,60,333.72557471264366,90.0,June,June to August,August to September,720,papaya
Jamalpur,Kharif 1,Green Papaya,304,49.88,59.05,50.04,6.74,25.0,20.0,30,70.0,80,60,181.08838383838383,17.44736842,June,June to August,August to September,5304,papaya
Jashore,Kharif 1,Green Papaya,841,49.88,59.05,50.04,6.74,25.0,20.0,30,70.0,80,60,134.2247474747475,20.23662307,June,June to August,August to September,17019,papaya
Jhallokati,Kharif 1,Green Papaya,436,49.88,59.05,50.04,6.74,25.0,20.0,30,70.0,80,60,175.42564102564103,2.866972477,June,June to August,August to September,1250,papaya
Jhenaidah,Kharif 1,Green Papaya,489,49.88,59.05,50.04,6.74,25.0,20.0,30,70.0,80,60,134.2247474747475,12.98364008,June,June to August,August to September,6349,papaya
Joypurhat,Kharif 1,Green Papaya,62,49.88,59.05,50.04,6.74,25.0,20.0,30,70.0,80,60,142.85416666666666,28.43548387,June,June to August,August to September,1763,papaya
Khagrachari,Kharif 1,Green Papaya,300,49.88,59.05,50.04,6.74,25.0,20.0,30,70.0,80,60,204.11111111111111,8.11,June,June to August,August to September,2433,papaya
Khulna,Kharif 1,Green Papaya,171,49.88,59.05,50.04,6.74,25.0,20.0,30,70.0,80,60,144.96843434343435,15.05263158,June,June to August,August to September,2574,papaya
Kishoreganj,Kharif 1,Green Papaya,108,49.88,59.05,50.04,6.74,25.0,20.0,30,70.0,80,60,181.08838383838383,37.91666667,June,June to August,August to September,4095,papaya
Kurigram,Kharif 1,Green Papaya,184,49.88,59.05,50.04,6.74,25.0,20.0,30,70.0,80,60,179.6013888888889,11.88586957,June,June to August,August to September,2187,papaya
Kushtia,Kharif 1,Green Papaya,300,49.88,59.05,50.04,6.74,25.0,20.0,30,70.0,80,60,129.44444444444446,16.88666667,June,June to August,August to September,5066,papaya
Lakshmipur,Kharif 1,Green Papaya,95,49.88,59.05,50.04,6.74,25.0,20.0,30,70.0,80,60,185.75631313131316,41.62105263,June,June to August,August to September,3954,papaya
Lalmonirhat,Kharif 1,Green Papaya,168,49.88,59.05,50.04,6.74,25.0,20.0,30,70.0,80,60,179.6013888888889,9.214285714,June,June to August,August to September,1548,papaya
Madaripur,Kharif 1,Green Papaya,252,49.88,59.05,50.04,6.74,25.0,20.0,30,70.0,80,60,160.41666666666666,8.777777778,June,June to August,August to September,2212,papaya
Magura,Kharif 1,Green Papaya,752,49.88,59.05,50.04,6.74,25.0,20.0,30,70.0,80,60,134.2247474747475,8.829787234,June,June to August,August to September,6640,papaya
Manikganj,Kharif 1,Green Papaya,181,49.88,59.05,50.04,6.74,25.0,20.0,30,70.0,80,60,169.94262295081967,14.35911602,June,June to August,August to September,2599,papaya
Meherpur,Kharif 1,Green Papaya,85,49.88,59.05,50.04,6.74,25.0,20.0,30,70.0,80,60,129.44444444444446,21.23529412,June,June to August,August to September,1805,papaya
Moulvibazar,Kharif 1,Green Papaya,263,49.88,59.05,50.04,6.74,25.0,20.0,30,70.0,80,60,333.72557471264366,5.338403042,June,June to August,August to September,1404,papaya
Munshiganj,Kharif 1,Green Papaya,97,49.88,59.05,50.04,6.74,25.0,20.0,30,70.0,80,60,169.94262295081967,6.18556701,June,June to August,August to September,600,papaya
Mymensingh,Kharif 1,Green Papaya,1234,49.88,59.05,50.04,6.74,25.0,20.0,30,70.0,80,60,181.08838383838383,18.47082658,June,June to August,August to September,22793,papaya
Naogaon,Kharif 1,Green Papaya,142,49.88,59.05,50.04,6.74,25.0,20.0,30,70.0,80,60,124.92,13.43661972,June,June to August,August to September,1908,papaya
Narail,Kharif 1,Green Papaya,365,49.88,59.05,50.04,6.74,25.0,20.0,30,70.0,80,60,134.2247474747475,10.36438356,June,June to August,August to September,3783,papaya
Narayanganj,Kharif 1,Green Papaya,48,49.88,59.05,50.04,6.74,25.0,20.0,30,70.0,80,60,169.94262295081967,21.375,June,June to August,August to September,1026,papaya
Narsingdi,Kharif 1,Green Papaya,293,49.88,59.05,50.04,6.74,25.0,20.0,30,70.0,80,60,169.94262295081967,18.97952218,June,June to August,August to September,5561,papaya
Natore,Kharif 1,Green Papaya,313,49.88,59.05,50.04,6.74,25.0,20.0,30,70.0,80,60,124.92,19.14057508,June,June to August,August to September,5991,papaya
Netrokona,Kharif 1,Green Papaya,191,49.88,59.05,50.04,6.74,25.0,20.0,30,70.0,80,60,181.08838383838383,18.41361257,June,June to August,August to September,3517,papaya
Nilphamari,Kharif 1,Green Papaya,69,49.88,59.05,50.04,6.74,25.0,20.0,30,70.0,80,60,179.6013888888889,29.24637681,June,June to August,August to September,2018,papaya
Noakhali,Kharif 1,Green Papaya,190,49.88,59.05,50.04,6.74,25.0,20.0,30,70.0,80,60,185.75631313131316,7.821052632,June,June to August,August to September,1486,papaya
Pabna,Kharif 1,Green Papaya,495,49.88,59.05,50.04,6.74,25.0,20.0,30,70.0,80,60,124.92,14.93737374,June,June to August,August to September,7394,papaya
Panchagar,Kharif 1,Green Papaya,74,49.88,59.05,50.04,6.74,25.0,20.0,30,70.0,80,60,154.21843434343435,23.43243243,June,June to August,August to September,1734,papaya
Patuakhali,Kharif 1,Green Papaya,753,49.88,59.05,50.04,6.74,25.0,20.0,30,70.0,80,60,207.8076923076923,4.887118194,June,June to August,August to September,3680,papaya
Pirojpur,Kharif 1,Green Papaya,438,49.88,59.05,50.04,6.74,25.0,20.0,30,70.0,80,60,175.42564102564103,3.46347032,June,June to August,August to September,1517,papaya
Rajbari,Kharif 1,Green Papaya,513,49.88,59.05,50.04,6.74,25.0,20.0,30,70.0,80,60,155.864898989899,11.94346979,June,June to August,August to September,6127,papaya
Rajshahi,Kharif 1,Green Papaya,1476,49.88,59.05,50.04,6.74,25.0,20.0,30,70.0,80,60,124.92,40.41531165,June,June to August,August to September,59653,papaya
Rangamati,Kharif 1,Green Papaya,498,49.88,59.05,50.04,6.74,25.0,20.0,30,70.0,80,60,204.11111111111111,15.42570281,June,June to August,August to September,7682,papaya
Rangpur,Kharif 1,Green Papaya,234,49.88,59.05,50.04,6.74,25.0,20.0,30,70.0,80,60,179.6013888888889,14.70512821,June,June to August,August to September,3441,papaya
Satkhira,Kharif 1,Green Papaya,341,49.88,59.05,50.04,6.74,25.0,20.0,30,70.0,80,60,140.35353535353536,8.95601173,June,June to August,August to September,3054,papaya
Shariatpur,Kharif 1,Green Papaya,98,49.88,59.05,50.04,6.74,25.0,20.0,30,70.0,80,60,155.864898989899,11.42857143,June,June to August,August to September,1120,papaya
Sherpur,Kharif 1,Green Papaya,217,49.88,59.05,50.04,6.74,25.0,20.0,30,70.0,80,60,181.08838383838383,13.17511521,June,June to August,August to September,2859,papaya
Sirajganj,Kharif 1,Green Papaya,297,49.88,59.05,50.04,6.74,25.0,20.0,30,70.0,80,60,142.85416666666666,13.30976431,June,June to August,August to September,3953,papaya
Sunamganj,Kharif 1,Green Papaya,74,49.88,59.05,50.04,6.74,25.0,20.0,30,70.0,80,60,333.72557471264366,1.027027027,June,June to August,August to September,76,papaya
Sylhet,Kharif 1,Green Papaya,278,49.88,59.05,50.04,6.74,25.0,20.0,30,70.0,80,60,333.72557471264366,3.654676259,June,June to August,August to September,1016,papaya
Tangail,Kharif 1,Green Papaya,394,49.88,59.05,50.04,6.74,25.0,20.0,30,70.0,80,60,153.4104938271605,12.64974619,June,June to August,August to September,4984,papaya
Thakurgaon,Kharif 1,Green Papaya,91,49.88,59.05,50.04,6.74,25.0,20.0,30,70.0,80,60,154.21843434343435,14.20879121,June,June to August,August to September,1293,papaya
Bagerhat,Rabi,Groundnut,46,21.44,48.01,20.23,6.83,27.5,20.0,35,85.0,90,80,144.96843434343435,0.6086956522,Oct,Nov to March,March to April,28,mothbeans
Bandarban,Rabi,Groundnut,213,21.44,48.01,20.23,6.83,27.5,20.0,35,85.0,90,80,243.94444444444449,0.6948356808,Oct,Nov to March,March to April,148,mothbeans
Barguna,Rabi,Groundnut,189,21.44,48.01,20.23,6.83,27.5,20.0,35,85.0,90,80,207.8076923076923,1.296296296,Oct,Nov to March,March to April,245,mothbeans
Barishal,Rabi,Groundnut,77,21.44,48.01,20.23,6.83,27.5,20.0,35,85.0,90,80,175.42564102564103,0.8831168831,Oct,Nov to March,March to April,68,mothbeans
Bhola,Rabi,Groundnut,4716,21.44,48.01,20.23,6.83,27.5,20.0,35,85.0,90,80,185.23090277777777,0.7873197625,Oct,Nov to March,March to April,3713,mothbeans
Bogura,Rabi,Groundnut,553,21.44,48.01,20.23,6.83,27.5,20.0,35,85.0,90,80,142.85416666666666,0.5352622061,Oct,Nov to March,March to April,296,mothbeans
Brahmanbaria,Rabi,Groundnut,392,21.44,48.01,20.23,6.83,27.5,20.0,35,85.0,90,80,185.75631313131316,0.5994897959,Oct,Nov to March,March to April,235,mothbeans
Chandpur,Rabi,Groundnut,265,21.44,48.01,20.23,6.83,27.5,20.0,35,85.0,90,80,168.796875,0.5924528302,Oct,Nov to March,March to April,157,mothbeans
Chapai Nawabganj,Rabi,Groundnut,0,21.44,48.01,20.23,6.83,27.5,20.0,35,85.0,90,80,124.92,2.518413598,Oct,Nov to March,March to April,0,mothbeans
Chattogram,Rabi,Groundnut,1905,21.44,48.01,20.23,6.83,27.5,20.0,35,85.0,90,80,243.94444444444449,0.9081364829,Oct,Nov to March,March to April,1730,mothbeans
Chuadanga,Rabi,Groundnut,52,21.44,48.01,20.23,6.83,27.5,20.0,35,85.0,90,80,129.44444444444446,0.5961538462,Oct,Nov to March,March to April,31,mothbeans
CoxsBazar,Rabi,Groundnut,626,21.44,48.01,20.23,6.83,27.5,20.0,35,85.0,90,80,303.40277777777777,1.255591054,Oct,Nov to March,March to April,786,mothbeans
Cumilla,Rabi,Groundnut,323,21.44,48.01,20.23,6.83,27.5,20.0,35,85.0,90,80,185.75631313131316,0.959752322,Oct,Nov to March,March to April,310,mothbeans
Dhaka,Rabi,Groundnut,261,21.44,48.01,20.23,6.83,27.5,20.0,35,85.0,90,80,169.94262295081967,0.6704980843,Oct,Nov to March,March to April,175,mothbeans
Dinajpur,Rabi,Groundnut,62,21.44,48.01,20.23,6.83,27.5,20.0,35,85.0,90,80,154.21843434343435,0.8225806452,Oct,Nov to March,March to April,51,mothbeans
Faridpur,Rabi,Groundnut,5330,21.44,48.01,20.23,6.83,27.5,20.0,35,85.0,90,80,155.864898989899,1.139774859,Oct,Nov to March,March to April,6075,mothbeans
Feni,Rabi,Groundnut,1943,21.44,48.01,20.23,6.83,27.5,20.0,35,85.0,90,80,248.1727642276423,0.7153885744,Oct,Nov to March,March to April,1390,mothbeans
Gaibandha,Rabi,Groundnut,1313,21.44,48.01,20.23,6.83,27.5,20.0,35,85.0,90,80,179.6013888888889,0.9025133283,Oct,Nov to March,March to April,1185,mothbeans
Gazipur,Rabi,Groundnut,32,21.44,48.01,20.23,6.83,27.5,20.0,35,85.0,90,80,169.94262295081967,0.375,Oct,Nov to March,March to April,12,mothbeans
Gopalganj,Rabi,Groundnut,1477,21.44,48.01,20.23,6.83,27.5,20.0,35,85.0,90,80,155.864898989899,0.8896411645,Oct,Nov to March,March to April,1314,mothbeans
Habiganj,Rabi,Groundnut,15,21.44,48.01,20.23,6.83,27.5,20.0,35,85.0,90,80,333.72557471264366,0.4666666667,Oct,Nov to March,March to April,7,mothbeans
Jamalpur,Rabi,Groundnut,304,21.44,48.01,20.23,6.83,27.5,20.0,35,85.0,90,80,181.08838383838383,0.6710526316,Oct,Nov to March,March to April,204,mothbeans
Jashore,Rabi,Groundnut,17,21.44,48.01,20.23,6.83,27.5,20.0,35,85.0,90,80,134.2247474747475,0.5294117647,Oct,Nov to March,March to April,9,mothbeans
Jhallokati,Rabi,Groundnut,25,21.44,48.01,20.23,6.83,27.5,20.0,35,85.0,90,80,175.42564102564103,0.44,Oct,Nov to March,March to April,11,mothbeans
Jhenaidah,Rabi,Groundnut,711,21.44,48.01,20.23,6.83,27.5,20.0,35,85.0,90,80,134.2247474747475,1.196905767,Oct,Nov to March,March to April,851,mothbeans
Joypurhat,Rabi,Groundnut,0,21.44,48.01,20.23,6.83,27.5,20.0,35,85.0,90,80,142.85416666666666,2.518413598,Oct,Nov to March,March to April,0,mothbeans
Khagrachari,Rabi,Groundnut,129,21.44,48.01,20.23,6.83,27.5,20.0,35,85.0,90,80,204.11111111111111,1.054263566,Oct,Nov to March,March to April,136,mothbeans
Khulna,Rabi,Groundnut,0,21.44,48.01,20.23,6.83,27.5,20.0,35,85.0,90,80,144.96843434343435,2.518413598,Oct,Nov to March,March to April,0,mothbeans
Kishoreganj,Rabi,Groundnut,1914,21.44,48.01,20.23,6.83,27.5,20.0,35,85.0,90,80,181.08838383838383,0.8092998955,Oct,Nov to March,March to April,1549,mothbeans
Kurigram,Rabi,Groundnut,2274,21.44,48.01,20.23,6.83,27.5,20.0,35,85.0,90,80,179.6013888888889,0.672823219,Oct,Nov to March,March to April,1530,mothbeans
Kushtia,Rabi,Groundnut,495,21.44,48.01,20.23,6.83,27.5,20.0,35,85.0,90,80,129.44444444444446,0.6262626263,Oct,Nov to March,March to April,310,mothbeans
Lakshmipur,Rabi,Groundnut,211,21.44,48.01,20.23,6.83,27.5,20.0,35,85.0,90,80,185.75631313131316,1.184834123,Oct,Nov to March,March to April,250,mothbeans
Lalmonirhat,Rabi,Groundnut,409,21.44,48.01,20.23,6.83,27.5,20.0,35,85.0,90,80,179.6013888888889,0.9095354523,Oct,Nov to March,March to April,372,mothbeans
Madaripur,Rabi,Groundnut,295,21.44,48.01,20.23,6.83,27.5,20.0,35,85.0,90,80,160.41666666666666,0.7288135593,Oct,Nov to March,March to April,215,mothbeans
Magura,Rabi,Groundnut,65,21.44,48.01,20.23,6.83,27.5,20.0,35,85.0,90,80,134.2247474747475,2.061538462,Oct,Nov to March,March to April,134,mothbeans
Manikganj,Rabi,Groundnut,2121,21.44,48.01,20.23,6.83,27.5,20.0,35,85.0,90,80,169.94262295081967,0.6949552098,Oct,Nov to March,March to April,1474,mothbeans
Meherpur,Rabi,Groundnut,21,21.44,48.01,20.23,6.83,27.5,20.0,35,85.0,90,80,129.44444444444446,0.8571428571,Oct,Nov to March,March to April,18,mothbeans
Moulvibazar,Rabi,Groundnut,20,21.44,48.01,20.23,6.83,27.5,20.0,35,85.0,90,80,333.72557471264366,0.45,Oct,Nov to March,March to April,9,mothbeans
Munshiganj,Rabi,Groundnut,145,21.44,48.01,20.23,6.83,27.5,20.0,35,85.0,90,80,169.94262295081967,0.7517241379,Oct,Nov to March,March to April,109,mothbeans
Mymensingh,Rabi,Groundnut,649,21.44,48.01,20.23,6.83,27.5,20.0,35,85.0,90,80,181.08838383838383,0.562403698,Oct,Nov to March,March to April,365,mothbeans
Naogaon,Rabi,Groundnut,213,21.44,48.01,20.23,6.83,27.5,20.0,35,85.0,90,80,124.92,0.6995305164,Oct,Nov to March,March to April,149,mothbeans
Narail,Rabi,Groundnut,976,21.44,48.01,20.23,6.83,27.5,20.0,35,85.0,90,80,134.2247474747475,0.9293032787,Oct,Nov to March,March to April,907,mothbeans
Narayanganj,Rabi,Groundnut,525,21.44,48.01,20.23,6.83,27.5,20.0,35,85.0,90,80,169.94262295081967,0.5295238095,Oct,Nov to March,March to April,278,mothbeans
Narsingdi,Rabi,Groundnut,566,21.44,48.01,20.23,6.83,27.5,20.0,35,85.0,90,80,169.94262295081967,0.5318021201,Oct,Nov to March,March to April,301,mothbeans
Natore,Rabi,Groundnut,1091,21.44,48.01,20.23,6.83,27.5,20.0,35,85.0,90,80,124.92,0.4500458295,Oct,Nov to March,March to April,491,mothbeans
Netrokona,Rabi,Groundnut,313,21.44,48.01,20.23,6.83,27.5,20.0,35,85.0,90,80,181.08838383838383,0.8083067093,Oct,Nov to March,March to April,253,mothbeans
Nilphamari,Rabi,Groundnut,224,21.44,48.01,20.23,6.83,27.5,20.0,35,85.0,90,80,179.6013888888889,0.5669642857,Oct,Nov to March,March to April,127,mothbeans
Noakhali,Rabi,Groundnut,11215,21.44,48.01,20.23,6.83,27.5,20.0,35,85.0,90,80,185.75631313131316,0.6782880071,Oct,Nov to March,March to April,7607,mothbeans
Pabna,Rabi,Groundnut,637,21.44,48.01,20.23,6.83,27.5,20.0,35,85.0,90,80,124.92,0.748822606,Oct,Nov to March,March to April,477,mothbeans
Panchagar,Rabi,Groundnut,19561,21.44,48.01,20.23,6.83,27.5,20.0,35,85.0,90,80,154.21843434343435,0.7584990542,Oct,Nov to March,March to April,14837,mothbeans
Patuakhali,Rabi,Groundnut,1204,21.44,48.01,20.23,6.83,27.5,20.0,35,85.0,90,80,207.8076923076923,0.4144518272,Oct,Nov to March,March to April,499,mothbeans
Pirojpur,Rabi,Groundnut,13,21.44,48.01,20.23,6.83,27.5,20.0,35,85.0,90,80,175.42564102564103,0.6923076923,Oct,Nov to March,March to April,9,mothbeans
Rajbari,Rabi,Groundnut,290,21.44,48.01,20.23,6.83,27.5,20.0,35,85.0,90,80,155.864898989899,1.634482759,Oct,Nov to March,March to April,474,mothbeans
Rajshahi,Rabi,Groundnut,703,21.44,48.01,20.23,6.83,27.5,20.0,35,85.0,90,80,124.92,0.8677098151,Oct,Nov to March,March to April,610,mothbeans
Rangamati,Rabi,Groundnut,54,21.44,48.01,20.23,6.83,27.5,20.0,35,85.0,90,80,204.11111111111111,0.5740740741,Oct,Nov to March,March to April,31,mothbeans
Rangpur,Rabi,Groundnut,119,21.44,48.01,20.23,6.83,27.5,20.0,35,85.0,90,80,179.6013888888889,0.7394957983,Oct,Nov to March,March to April,88,mothbeans
Satkhira,Rabi,Groundnut,0,21.44,48.01,20.23,6.83,27.5,20.0,35,85.0,90,80,140.35353535353536,2.518413598,Oct,Nov to March,March to April,0,mothbeans
Shariatpur,Rabi,Groundnut,646,21.44,48.01,20.23,6.83,27.5,20.0,35,85.0,90,80,155.864898989899,1.044891641,Oct,Nov to March,March to April,675,mothbeans
Sherpur,Rabi,Groundnut,103,21.44,48.01,20.23,6.83,27.5,20.0,35,85.0,90,80,181.08838383838383,0.9708737864,Oct,Nov to March,March to April,100,mothbeans
Sirajganj,Rabi,Groundnut,3169,21.44,48.01,20.23,6.83,27.5,20.0,35,85.0,90,80,142.85416666666666,0.7639633954,Oct,Nov to March,March to April,2421,mothbeans
Sunamganj,Rabi,Groundnut,2769,21.44,48.01,20.23,6.83,27.5,20.0,35,85.0,90,80,333.72557471264366,0.7273383893,Oct,Nov to March,March to April,2014,mothbeans
Sylhet,Rabi,Groundnut,12,21.44,48.01,20.23,6.83,27.5,20.0,35,85.0,90,80,333.72557471264366,0.75,Oct,Nov to March,March to April,9,mothbeans
Tangail,Rabi,Groundnut,2924,21.44,48.01,20.23,6.83,27.5,20.0,35,85.0,90,80,153.4104938271605,0.5523255814,Oct,Nov to March,March to April,1615,mothbeans
Thakurgaon,Rabi,Groundnut,81,21.44,48.01,20.23,6.83,27.5,20.0,35,85.0,90,80,154.21843434343435,0.6172839506,Oct,Nov to March,March to April,50,mothbeans
Bagerhat,Kharif 1,Guava,176,49.88,59.05,50.04,6.74,29.0,23.0,35,67.5,85,50,144.96843434343435,8.454545455,April,No need to do,Throuout The year,1488,papaya
Bandarban,Kharif 1,Guava,843,49.88,59.05,50.04,6.74,29.0,23.0,35,67.5,85,50,243.94444444444449,0.4223013049,April,No need to do,Throuout The year,356,papaya
Barguna,Kharif 1,Guava,1462,49.88,59.05,50.04,6.74,29.0,23.0,35,67.5,85,50,207.8076923076923,0.53625171,April,No need to do,Throuout The year,784,papaya
Barishal,Kharif 1,Guava,3601,49.88,59.05,50.04,6.74,29.0,23.0,35,67.5,85,50,175.42564102564103,2.709802833,April,No need to do,Throuout The year,9758,papaya
Bhola,Kharif 1,Guava,155,49.88,59.05,50.04,6.74,29.0,23.0,35,67.5,85,50,185.23090277777777,7.587096774,April,No need to do,Throuout The year,1176,papaya
Bogura,Kharif 1,Guava,364,49.88,59.05,50.04,6.74,29.0,23.0,35,67.5,85,50,142.85416666666666,12.37087912,April,No need to do,Throuout The year,4503,papaya
Brahmanbaria,Kharif 1,Guava,653,49.88,59.05,50.04,6.74,29.0,23.0,35,67.5,85,50,185.75631313131316,1.998468606,April,No need to do,Throuout The year,1305,papaya
Chandpur,Kharif 1,Guava,176,49.88,59.05,50.04,6.74,29.0,23.0,35,67.5,85,50,168.796875,14.40909091,April,No need to do,Throuout The year,2536,papaya
Chapai Nawabganj,Kharif 1,Guava,818,49.88,59.05,50.04,6.74,29.0,23.0,35,67.5,85,50,124.92,4.880195599,April,No need to do,Throuout The year,3992,papaya
Chattogram,Kharif 1,Guava,5327,49.88,59.05,50.04,6.74,29.0,23.0,35,67.5,85,50,243.94444444444449,7.900131406,April,No need to do,Throuout The year,42084,papaya
Chuadanga,Kharif 1,Guava,203,49.88,59.05,50.04,6.74,29.0,23.0,35,67.5,85,50,129.44444444444446,9.581280788,April,No need to do,Throuout The year,1945,papaya
CoxsBazar,Kharif 1,Guava,4941,49.88,59.05,50.04,6.74,29.0,23.0,35,67.5,85,50,303.40277777777777,0.3523578223,April,No need to do,Throuout The year,1741,papaya
Cumilla,Kharif 1,Guava,1518,49.88,59.05,50.04,6.74,29.0,23.0,35,67.5,85,50,185.75631313131316,3.889986825,April,No need to do,Throuout The year,5905,papaya
Dhaka,Kharif 1,Guava,272,49.88,59.05,50.04,6.74,29.0,23.0,35,67.5,85,50,169.94262295081967,14.70955882,April,No need to do,Throuout The year,4001,papaya
Dinajpur,Kharif 1,Guava,468,49.88,59.05,50.04,6.74,29.0,23.0,35,67.5,85,50,154.21843434343435,5.126068376,April,No need to do,Throuout The year,2399,papaya
Faridpur,Kharif 1,Guava,241,49.88,59.05,50.04,6.74,29.0,23.0,35,67.5,85,50,155.864898989899,5.647302905,April,No need to do,Throuout The year,1361,papaya
Feni,Kharif 1,Guava,189,49.88,59.05,50.04,6.74,29.0,23.0,35,67.5,85,50,248.1727642276423,3.613756614,April,No need to do,Throuout The year,683,papaya
Gaibandha,Kharif 1,Guava,288,49.88,59.05,50.04,6.74,29.0,23.0,35,67.5,85,50,179.6013888888889,4.489583333,April,No need to do,Throuout The year,1293,papaya
Gazipur,Kharif 1,Guava,6943,49.88,59.05,50.04,6.74,29.0,23.0,35,67.5,85,50,169.94262295081967,0.8492006337,April,No need to do,Throuout The year,5896,papaya
Gopalganj,Kharif 1,Guava,277,49.88,59.05,50.04,6.74,29.0,23.0,35,67.5,85,50,155.864898989899,6.303249097,April,No need to do,Throuout The year,1746,papaya
Habiganj,Kharif 1,Guava,513,49.88,59.05,50.04,6.74,29.0,23.0,35,67.5,85,50,333.72557471264366,6.799220273,April,No need to do,Throuout The year,3488,papaya
Jamalpur,Kharif 1,Guava,646,49.88,59.05,50.04,6.74,29.0,23.0,35,67.5,85,50,181.08838383838383,5.724458204,April,No need to do,Throuout The year,3698,papaya
Jashore,Kharif 1,Guava,1025,49.88,59.05,50.04,6.74,29.0,23.0,35,67.5,85,50,134.2247474747475,7.287804878,April,No need to do,Throuout The year,7470,papaya
Jhallokati,Kharif 1,Guava,3006,49.88,59.05,50.04,6.74,29.0,23.0,35,67.5,85,50,175.42564102564103,1.825016633,April,No need to do,Throuout The year,5486,papaya
Jhenaidah,Kharif 1,Guava,388,49.88,59.05,50.04,6.74,29.0,23.0,35,67.5,85,50,134.2247474747475,12.70103093,April,No need to do,Throuout The year,4928,papaya
Joypurhat,Kharif 1,Guava,105,49.88,59.05,50.04,6.74,29.0,23.0,35,67.5,85,50,142.85416666666666,7.647619048,April,No need to do,Throuout The year,803,papaya
Khagrachari,Kharif 1,Guava,607,49.88,59.05,50.04,6.74,29.0,23.0,35,67.5,85,50,204.11111111111111,2.434925865,April,No need to do,Throuout The year,1478,papaya
Khulna,Kharif 1,Guava,357,49.88,59.05,50.04,6.74,29.0,23.0,35,67.5,85,50,144.96843434343435,7.557422969,April,No need to do,Throuout The year,2698,papaya
Kishoreganj,Kharif 1,Guava,157,49.88,59.05,50.04,6.74,29.0,23.0,35,67.5,85,50,181.08838383838383,7.853503185,April,No need to do,Throuout The year,1233,papaya
Kurigram,Kharif 1,Guava,178,49.88,59.05,50.04,6.74,29.0,23.0,35,67.5,85,50,179.6013888888889,5.191011236,April,No need to do,Throuout The year,924,papaya
Kushtia,Kharif 1,Guava,427,49.88,59.05,50.04,6.74,29.0,23.0,35,67.5,85,50,129.44444444444446,16.9882904,April,No need to do,Throuout The year,7254,papaya
Lakshmipur,Kharif 1,Guava,66,49.88,59.05,50.04,6.74,29.0,23.0,35,67.5,85,50,185.75631313131316,15.21212121,April,No need to do,Throuout The year,1004,papaya
Lalmonirhat,Kharif 1,Guava,345,49.88,59.05,50.04,6.74,29.0,23.0,35,67.5,85,50,179.6013888888889,4.223188406,April,No need to do,Throuout The year,1457,papaya
Madaripur,Kharif 1,Guava,110,49.88,59.05,50.04,6.74,29.0,23.0,35,67.5,85,50,160.41666666666666,4.7,April,No need to do,Throuout The year,517,papaya
Magura,Kharif 1,Guava,280,49.88,59.05,50.04,6.74,29.0,23.0,35,67.5,85,50,134.2247474747475,8.857142857,April,No need to do,Throuout The year,2480,papaya
Manikganj,Kharif 1,Guava,193,49.88,59.05,50.04,6.74,29.0,23.0,35,67.5,85,50,169.94262295081967,7.316062176,April,No need to do,Throuout The year,1412,papaya
Meherpur,Kharif 1,Guava,261,49.88,59.05,50.04,6.74,29.0,23.0,35,67.5,85,50,129.44444444444446,4.551724138,April,No need to do,Throuout The year,1188,papaya
Moulvibazar,Kharif 1,Guava,322,49.88,59.05,50.04,6.74,29.0,23.0,35,67.5,85,50,333.72557471264366,8.341614907,April,No need to do,Throuout The year,2686,papaya
Munshiganj,Kharif 1,Guava,87,49.88,59.05,50.04,6.74,29.0,23.0,35,67.5,85,50,169.94262295081967,6.655172414,April,No need to do,Throuout The year,579,papaya
Mymensingh,Kharif 1,Guava,1428,49.88,59.05,50.04,6.74,29.0,23.0,35,67.5,85,50,181.08838383838383,2.899159664,April,No need to do,Throuout The year,4140,papaya
Naogaon,Kharif 1,Guava,403,49.88,59.05,50.04,6.74,29.0,23.0,35,67.5,85,50,124.92,4.258064516,April,No need to do,Throuout The year,1716,papaya
Narail,Kharif 1,Guava,386,49.88,59.05,50.04,6.74,29.0,23.0,35,67.5,85,50,134.2247474747475,5.121761658,April,No need to do,Throuout The year,1977,papaya
Narayanganj,Kharif 1,Guava,46,49.88,59.05,50.04,6.74,29.0,23.0,35,67.5,85,50,169.94262295081967,19.69565217,April,No need to do,Throuout The year,906,papaya
Narsingdi,Kharif 1,Guava,280,49.88,59.05,50.04,6.74,29.0,23.0,35,67.5,85,50,169.94262295081967,15.28214286,April,No need to do,Throuout The year,4279,papaya
Natore,Kharif 1,Guava,520,49.88,59.05,50.04,6.74,29.0,23.0,35,67.5,85,50,124.92,10.37884615,April,No need to do,Throuout The year,5397,papaya
Netrokona,Kharif 1,Guava,348,49.88,59.05,50.04,6.74,29.0,23.0,35,67.5,85,50,181.08838383838383,5.74137931,April,No need to do,Throuout The year,1998,papaya
Nilphamari,Kharif 1,Guava,137,49.88,59.05,50.04,6.74,29.0,23.0,35,67.5,85,50,179.6013888888889,11.3649635,April,No need to do,Throuout The year,1557,papaya
Noakhali,Kharif 1,Guava,361,49.88,59.05,50.04,6.74,29.0,23.0,35,67.5,85,50,185.75631313131316,4.933518006,April,No need to do,Throuout The year,1781,papaya
Pabna,Kharif 1,Guava,532,49.88,59.05,50.04,6.74,29.0,23.0,35,67.5,85,50,124.92,12.81390977,April,No need to do,Throuout The year,6817,papaya
Panchagar,Kharif 1,Guava,228,49.88,59.05,50.04,6.74,29.0,23.0,35,67.5,85,50,154.21843434343435,6.495614035,April,No need to do,Throuout The year,1481,papaya
Patuakhali,Kharif 1,Guava,640,49.88,59.05,50.04,6.74,29.0,23.0,35,67.5,85,50,207.8076923076923,2.00625,April,No need to do,Throuout The year,1284,papaya
Pirojpur,Kharif 1,Guava,2694,49.88,59.05,50.04,6.74,29.0,23.0,35,67.5,85,50,175.42564102564103,11.39161099,April,No need to do,Throuout The year,30689,papaya
Rajbari,Kharif 1,Guava,300,49.88,59.05,50.04,6.74,29.0,23.0,35,67.5,85,50,155.864898989899,5.85,April,No need to do,Throuout The year,1755,papaya
Rajshahi,Kharif 1,Guava,1510,49.88,59.05,50.04,6.74,29.0,23.0,35,67.5,85,50,124.92,5.878807947,April,No need to do,Throuout The year,8877,papaya
Rangamati,Kharif 1,Guava,1051,49.88,59.05,50.04,6.74,29.0,23.0,35,67.5,85,50,204.11111111111111,6.141769743,April,No need to do,Throuout The year,6455,papaya
Rangpur,Kharif 1,Guava,193,49.88,59.05,50.04,6.74,29.0,23.0,35,67.5,85,50,179.6013888888889,8.880829016,April,No need to do,Throuout The year,1714,papaya
Satkhira,Kharif 1,Guava,676,49.88,59.05,50.04,6.74,29.0,23.0,35,67.5,85,50,140.35353535353536,3.627218935,April,No need to do,Throuout The year,2452,papaya
Shariatpur,Kharif 1,Guava,280,49.88,59.05,50.04,6.74,29.0,23.0,35,67.5,85,50,155.864898989899,4.403571429,April,No need to do,Throuout The year,1233,papaya
Sherpur,Kharif 1,Guava,304,49.88,59.05,50.04,6.74,29.0,23.0,35,67.5,85,50,181.08838383838383,3.878289474,April,No need to do,Throuout The year,1179,papaya
Sirajganj,Kharif 1,Guava,136,49.88,59.05,50.04,6.74,29.0,23.0,35,67.5,85,50,142.85416666666666,23.36764706,April,No need to do,Throuout The year,3178,papaya
Sunamganj,Kharif 1,Guava,1318,49.88,59.05,50.04,6.74,29.0,23.0,35,67.5,85,50,333.72557471264366,0.4218512898,April,No need to do,Throuout The year,556,papaya
Sylhet,Kharif 1,Guava,462,49.88,59.05,50.04,6.74,29.0,23.0,35,67.5,85,50,333.72557471264366,3.385281385,April,No need to do,Throuout The year,1564,papaya
Tangail,Kharif 1,Guava,6251,49.88,59.05,50.04,6.74,29.0,23.0,35,67.5,85,50,153.4104938271605,0.6608542633,April,No need to do,Throuout The year,4131,papaya
Thakurgaon,Kharif 1,Guava,146,49.88,59.05,50.04,6.74,29.0,23.0,35,67.5,85,50,154.21843434343435,7.575342466,April,No need to do,Throuout The year,1106,papaya
Bagerhat,Kharif 1,Jack Fruit,95,20.07,27.18,29.92,5.77,34.5,22.0,47,82.5,95,70,144.96843434343435,26.71578947,April,No need to do,April to June,2538,mango
Bandarban,Kharif 1,Jack Fruit,300,20.07,27.18,29.92,5.77,34.5,22.0,47,82.5,95,70,243.94444444444449,12.53,April,No need to do,April to June,3759,mango
Barguna,Kharif 1,Jack Fruit,600,20.07,27.18,29.92,5.77,34.5,22.0,47,82.5,95,70,207.8076923076923,3.945,April,No need to do,April to June,2367,mango
Barishal,Kharif 1,Jack Fruit,500,20.07,27.18,29.92,5.77,34.5,22.0,47,82.5,95,70,175.42564102564103,17.202,April,No need to do,April to June,8601,mango
Bhola,Kharif 1,Jack Fruit,600,20.07,27.18,29.92,5.77,34.5,22.0,47,82.5,95,70,185.23090277777777,23.33333333,April,No need to do,April to June,14000,mango
Bogura,Kharif 1,Jack Fruit,690,20.07,27.18,29.92,5.77,34.5,22.0,47,82.5,95,70,142.85416666666666,34.65942029,April,No need to do,April to June,23915,mango
Brahmanbaria,Kharif 1,Jack Fruit,150,20.07,27.18,29.92,5.77,34.5,22.0,47,82.5,95,70,185.75631313131316,139.38,April,No need to do,April to June,20907,mango
Chandpur,Kharif 1,Jack Fruit,480,20.07,27.18,29.92,5.77,34.5,22.0,47,82.5,95,70,168.796875,22.54583333,April,No need to do,April to June,10822,mango
Chapai Nawabganj,Kharif 1,Jack Fruit,170,20.07,27.18,29.92,5.77,34.5,22.0,47,82.5,95,70,124.92,17.48823529,April,No need to do,April to June,2973,mango
Chattogram,Kharif 1,Jack Fruit,998,20.07,27.18,29.92,5.77,34.5,22.0,47,82.5,95,70,243.94444444444449,34.12825651,April,No need to do,April to June,34060,mango
Chuadanga,Kharif 1,Jack Fruit,70,20.07,27.18,29.92,5.77,34.5,22.0,47,82.5,95,70,129.44444444444446,79.42857143,April,No need to do,April to June,5560,mango
CoxsBazar,Kharif 1,Jack Fruit,240,20.07,27.18,29.92,5.77,34.5,22.0,47,82.5,95,70,303.40277777777777,30.82083333,April,No need to do,April to June,7397,mango
Cumilla,Kharif 1,Jack Fruit,800,20.07,27.18,29.92,5.77,34.5,22.0,47,82.5,95,70,185.75631313131316,24.8875,April,No need to do,April to June,19910,mango
Dhaka,Kharif 1,Jack Fruit,213,20.07,27.18,29.92,5.77,34.5,22.0,47,82.5,95,70,169.94262295081967,16.67605634,April,No need to do,April to June,3552,mango
Dinajpur,Kharif 1,Jack Fruit,1590,20.07,27.18,29.92,5.77,34.5,22.0,47,82.5,95,70,154.21843434343435,22.23836478,April,No need to do,April to June,35359,mango
Faridpur,Kharif 1,Jack Fruit,663,20.07,27.18,29.92,5.77,34.5,22.0,47,82.5,95,70,155.864898989899,19.60030166,April,No need to do,April to June,12995,mango
Feni,Kharif 1,Jack Fruit,100,20.07,27.18,29.92,5.77,34.5,22.0,47,82.5,95,70,248.1727642276423,23.61,April,No need to do,April to June,2361,mango
Gaibandha,Kharif 1,Jack Fruit,643,20.07,27.18,29.92,5.77,34.5,22.0,47,82.5,95,70,179.6013888888889,18.36858476,April,No need to do,April to June,11811,mango
Gazipur,Kharif 1,Jack Fruit,6573,20.07,27.18,29.92,5.77,34.5,22.0,47,82.5,95,70,169.94262295081967,14.57416705,April,No need to do,April to June,95796,mango
Gopalganj,Kharif 1,Jack Fruit,184,20.07,27.18,29.92,5.77,34.5,22.0,47,82.5,95,70,155.864898989899,12.36956522,April,No need to do,April to June,2276,mango
Habiganj,Kharif 1,Jack Fruit,650,20.07,27.18,29.92,5.77,34.5,22.0,47,82.5,95,70,333.72557471264366,30.9,April,No need to do,April to June,20085,mango
Jamalpur,Kharif 1,Jack Fruit,100,20.07,27.18,29.92,5.77,34.5,22.0,47,82.5,95,70,181.08838383838383,286.81,April,No need to do,April to June,28681,mango
Jashore,Kharif 1,Jack Fruit,100,20.07,27.18,29.92,5.77,34.5,22.0,47,82.5,95,70,134.2247474747475,113.11,April,No need to do,April to June,11311,mango
Jhallokati,Kharif 1,Jack Fruit,700,20.07,27.18,29.92,5.77,34.5,22.0,47,82.5,95,70,175.42564102564103,3.57,April,No need to do,April to June,2499,mango
Jhenaidah,Kharif 1,Jack Fruit,600,20.07,27.18,29.92,5.77,34.5,22.0,47,82.5,95,70,134.2247474747475,21.55666667,April,No need to do,April to June,12934,mango
Joypurhat,Kharif 1,Jack Fruit,95,20.07,27.18,29.92,5.77,34.5,22.0,47,82.5,95,70,142.85416666666666,29.47368421,April,No need to do,April to June,2800,mango
Khagrachari,Kharif 1,Jack Fruit,5426,20.07,27.18,29.92,5.77,34.5,22.0,47,82.5,95,70,204.11111111111111,7.908956874,April,No need to do,April to June,42914,mango
Khulna,Kharif 1,Jack Fruit,202,20.07,27.18,29.92,5.77,34.5,22.0,47,82.5,95,70,144.96843434343435,20.69306931,April,No need to do,April to June,4180,mango
Kishoreganj,Kharif 1,Jack Fruit,200,20.07,27.18,29.92,5.77,34.5,22.0,47,82.5,95,70,181.08838383838383,128.59,April,No need to do,April to June,25718,mango
Kurigram,Kharif 1,Jack Fruit,737,20.07,27.18,29.92,5.77,34.5,22.0,47,82.5,95,70,179.6013888888889,13.27137042,April,No need to do,April to June,9781,mango
Kushtia,Kharif 1,Jack Fruit,300,20.07,27.18,29.92,5.77,34.5,22.0,47,82.5,95,70,129.44444444444446,275.8533333,April,No need to do,April to June,82756,mango
Lakshmipur,Kharif 1,Jack Fruit,154,20.07,27.18,29.92,5.77,34.5,22.0,47,82.5,95,70,185.75631313131316,9.636363636,April,No need to do,April to June,1484,mango
Lalmonirhat,Kharif 1,Jack Fruit,380,20.07,27.18,29.92,5.77,34.5,22.0,47,82.5,95,70,179.6013888888889,18.87631579,April,No need to do,April to June,7173,mango
Madaripur,Kharif 1,Jack Fruit,190,20.07,27.18,29.92,5.77,34.5,22.0,47,82.5,95,70,160.41666666666666,10.70526316,April,No need to do,April to June,2034,mango
Magura,Kharif 1,Jack Fruit,300,20.07,27.18,29.92,5.77,34.5,22.0,47,82.5,95,70,134.2247474747475,5.62,April,No need to do,April to June,1686,mango
Manikganj,Kharif 1,Jack Fruit,850,20.07,27.18,29.92,5.77,34.5,22.0,47,82.5,95,70,169.94262295081967,6.881176471,April,No need to do,April to June,5849,mango
Meherpur,Kharif 1,Jack Fruit,116,20.07,27.18,29.92,5.77,34.5,22.0,47,82.5,95,70,129.44444444444446,83.75862069,April,No need to do,April to June,9716,mango
Moulvibazar,Kharif 1,Jack Fruit,1366,20.07,27.18,29.92,5.77,34.5,22.0,47,82.5,95,70,333.72557471264366,6.139824305,April,No need to do,April to June,8387,mango
Munshiganj,Kharif 1,Jack Fruit,58,20.07,27.18,29.92,5.77,34.5,22.0,47,82.5,95,70,169.94262295081967,13.46551724,April,No need to do,April to June,781,mango
Mymensingh,Kharif 1,Jack Fruit,600,20.07,27.18,29.92,5.77,34.5,22.0,47,82.5,95,70,181.08838383838383,42.32333333,April,No need to do,April to June,25394,mango
Naogaon,Kharif 1,Jack Fruit,170,20.07,27.18,29.92,5.77,34.5,22.0,47,82.5,95,70,124.92,36.67647059,April,No need to do,April to June,6235,mango
Narail,Kharif 1,Jack Fruit,815,20.07,27.18,29.92,5.77,34.5,22.0,47,82.5,95,70,134.2247474747475,9.607361963,April,No need to do,April to June,7830,mango
Narayanganj,Kharif 1,Jack Fruit,30,20.07,27.18,29.92,5.77,34.5,22.0,47,82.5,95,70,169.94262295081967,67.0,April,No need to do,April to June,2010,mango
Narsingdi,Kharif 1,Jack Fruit,1175,20.07,27.18,29.92,5.77,34.5,22.0,47,82.5,95,70,169.94262295081967,23.13531915,April,No need to do,April to June,27184,mango
Natore,Kharif 1,Jack Fruit,680,20.07,27.18,29.92,5.77,34.5,22.0,47,82.5,95,70,124.92,34.19411765,April,No need to do,April to June,23252,mango
Netrokona,Kharif 1,Jack Fruit,60,20.07,27.18,29.92,5.77,34.5,22.0,47,82.5,95,70,181.08838383838383,951.2166667,April,No need to do,April to June,57073,mango
Nilphamari,Kharif 1,Jack Fruit,170,20.07,27.18,29.92,5.77,34.5,22.0,47,82.5,95,70,179.6013888888889,189.4058824,April,No need to do,April to June,32199,mango
Noakhali,Kharif 1,Jack Fruit,147,20.07,27.18,29.92,5.77,34.5,22.0,47,82.5,95,70,185.75631313131316,10.23809524,April,No need to do,April to June,1505,mango
Pabna,Kharif 1,Jack Fruit,1333,20.07,27.18,29.92,5.77,34.5,22.0,47,82.5,95,70,124.92,21.87471868,April,No need to do,April to June,29159,mango
Panchagar,Kharif 1,Jack Fruit,250,20.07,27.18,29.92,5.77,34.5,22.0,47,82.5,95,70,154.21843434343435,104.576,April,No need to do,April to June,26144,mango
Patuakhali,Kharif 1,Jack Fruit,750,20.07,27.18,29.92,5.77,34.5,22.0,47,82.5,95,70,207.8076923076923,20.612,April,No need to do,April to June,15459,mango
Pirojpur,Kharif 1,Jack Fruit,800,20.07,27.18,29.92,5.77,34.5,22.0,47,82.5,95,70,175.42564102564103,8.4875,April,No need to do,April to June,6790,mango
Rajbari,Kharif 1,Jack Fruit,574,20.07,27.18,29.92,5.77,34.5,22.0,47,82.5,95,70,155.864898989899,45.07839721,April,No need to do,April to June,25875,mango
Rajshahi,Kharif 1,Jack Fruit,400,20.07,27.18,29.92,5.77,34.5,22.0,47,82.5,95,70,124.92,25.9675,April,No need to do,April to June,10387,mango
Rangamati,Kharif 1,Jack Fruit,3380,20.07,27.18,29.92,5.77,34.5,22.0,47,82.5,95,70,204.11111111111111,13.87573964,April,No need to do,April to June,46900,mango
Rangpur,Kharif 1,Jack Fruit,300,20.07,27.18,29.92,5.77,34.5,22.0,47,82.5,95,70,179.6013888888889,57.18333333,April,No need to do,April to June,17155,mango
Satkhira,Kharif 1,Jack Fruit,250,20.07,27.18,29.92,5.77,34.5,22.0,47,82.5,95,70,140.35353535353536,23.34,April,No need to do,April to June,5835,mango
Shariatpur,Kharif 1,Jack Fruit,167,20.07,27.18,29.92,5.77,34.5,22.0,47,82.5,95,70,155.864898989899,7.598802395,April,No need to do,April to June,1269,mango
Sherpur,Kharif 1,Jack Fruit,80,20.07,27.18,29.92,5.77,34.5,22.0,47,82.5,95,70,181.08838383838383,152.05,April,No need to do,April to June,12164,mango
Sirajganj,Kharif 1,Jack Fruit,94,20.07,27.18,29.92,5.77,34.5,22.0,47,82.5,95,70,142.85416666666666,201.7978723,April,No need to do,April to June,18969,mango
Sunamganj,Kharif 1,Jack Fruit,400,20.07,27.18,29.92,5.77,34.5,22.0,47,82.5,95,70,333.72557471264366,13.33,April,No need to do,April to June,5332,mango
Sylhet,Kharif 1,Jack Fruit,450,20.07,27.18,29.92,5.77,34.5,22.0,47,82.5,95,70,333.72557471264366,15.89555556,April,No need to do,April to June,7153,mango
Tangail,Kharif 1,Jack Fruit,2386,20.07,27.18,29.92,5.77,34.5,22.0,47,82.5,95,70,153.4104938271605,31.35498743,April,No need to do,April to June,74813,mango
Thakurgaon,Kharif 1,Jack Fruit,986,20.07,27.18,29.92,5.77,34.5,22.0,47,82.5,95,70,154.21843434343435,9.317444219,April,No need to do,April to June,9187,mango
Bagerhat,Kharif 1,Jambura,84,19.58,16.55,10.01,7.02,27.5,25.0,30,80.0,90,70,144.96843434343435,8.607142857,April,No need to do,May to June,723,orange
Bandarban,Kharif 1,Jambura,989,19.58,16.55,10.01,7.02,27.5,25.0,30,80.0,90,70,243.94444444444449,0.8695652174,April,No need to do,May to June,860,orange
Barguna,Kharif 1,Jambura,373,19.58,16.55,10.01,7.02,27.5,25.0,30,80.0,90,70,207.8076923076923,0.691689008,April,No need to do,May to June,258,orange
Barishal,Kharif 1,Jambura,405,19.58,16.55,10.01,7.02,27.5,25.0,30,80.0,90,70,175.42564102564103,3.414814815,April,No need to do,May to June,1383,orange
Bhola,Kharif 1,Jambura,273,19.58,16.55,10.01,7.02,27.5,25.0,30,80.0,90,70,185.23090277777777,1.582417582,April,No need to do,May to June,432,orange
Bogura,Kharif 1,Jambura,190,19.58,16.55,10.01,7.02,27.5,25.0,30,80.0,90,70,142.85416666666666,9.626315789,April,No need to do,May to June,1829,orange
Brahmanbaria,Kharif 1,Jambura,178,19.58,16.55,10.01,7.02,27.5,25.0,30,80.0,90,70,185.75631313131316,6.668539326,April,No need to do,May to June,1187,orange
Chandpur,Kharif 1,Jambura,22,19.58,16.55,10.01,7.02,27.5,25.0,30,80.0,90,70,168.796875,19.90909091,April,No need to do,May to June,438,orange
Chapai Nawabganj,Kharif 1,Jambura,109,19.58,16.55,10.01,7.02,27.5,25.0,30,80.0,90,70,124.92,3.651376147,April,No need to do,May to June,398,orange
Chattogram,Kharif 1,Jambura,556,19.58,16.55,10.01,7.02,27.5,25.0,30,80.0,90,70,243.94444444444449,10.38489209,April,No need to do,May to June,5774,orange
Chuadanga,Kharif 1,Jambura,51,19.58,16.55,10.01,7.02,27.5,25.0,30,80.0,90,70,129.44444444444446,3.941176471,April,No need to do,May to June,201,orange
CoxsBazar,Kharif 1,Jambura,157,19.58,16.55,10.01,7.02,27.5,25.0,30,80.0,90,70,303.40277777777777,14.63694268,April,No need to do,May to June,2298,orange
Cumilla,Kharif 1,Jambura,316,19.58,16.55,10.01,7.02,27.5,25.0,30,80.0,90,70,185.75631313131316,6.693037975,April,No need to do,May to June,2115,orange
Dhaka,Kharif 1,Jambura,70,19.58,16.55,10.01,7.02,27.5,25.0,30,80.0,90,70,169.94262295081967,17.35714286,April,No need to do,May to June,1215,orange
Dinajpur,Kharif 1,Jambura,141,19.58,16.55,10.01,7.02,27.5,25.0,30,80.0,90,70,154.21843434343435,8.156028369,April,No need to do,May to June,1150,orange
Faridpur,Kharif 1,Jambura,100,19.58,16.55,10.01,7.02,27.5,25.0,30,80.0,90,70,155.864898989899,6.4,April,No need to do,May to June,640,orange
Feni,Kharif 1,Jambura,59,19.58,16.55,10.01,7.02,27.5,25.0,30,80.0,90,70,248.1727642276423,2.661016949,April,No need to do,May to June,157,orange
Gaibandha,Kharif 1,Jambura,64,19.58,16.55,10.01,7.02,27.5,25.0,30,80.0,90,70,179.6013888888889,7.078125,April,No need to do,May to June,453,orange
Gazipur,Kharif 1,Jambura,191,19.58,16.55,10.01,7.02,27.5,25.0,30,80.0,90,70,169.94262295081967,4.434554974,April,No need to do,May to June,847,orange
Gopalganj,Kharif 1,Jambura,64,19.58,16.55,10.01,7.02,27.5,25.0,30,80.0,90,70,155.864898989899,10.765625,April,No need to do,May to June,689,orange
Habiganj,Kharif 1,Jambura,375,19.58,16.55,10.01,7.02,27.5,25.0,30,80.0,90,70,333.72557471264366,3.797333333,April,No need to do,May to June,1424,orange
Jamalpur,Kharif 1,Jambura,189,19.58,16.55,10.01,7.02,27.5,25.0,30,80.0,90,70,181.08838383838383,6.248677249,April,No need to do,May to June,1181,orange
Jashore,Kharif 1,Jambura,392,19.58,16.55,10.01,7.02,27.5,25.0,30,80.0,90,70,134.2247474747475,5.918367347,April,No need to do,May to June,2320,orange
Jhallokati,Kharif 1,Jambura,336,19.58,16.55,10.01,7.02,27.5,25.0,30,80.0,90,70,175.42564102564103,4.425595238,April,No need to do,May to June,1487,orange
Jhenaidah,Kharif 1,Jambura,114,19.58,16.55,10.01,7.02,27.5,25.0,30,80.0,90,70,134.2247474747475,12.66666667,April,No need to do,May to June,1444,orange
Joypurhat,Kharif 1,Jambura,25,19.58,16.55,10.01,7.02,27.5,25.0,30,80.0,90,70,142.85416666666666,8.76,April,No need to do,May to June,219,orange
Khagrachari,Kharif 1,Jambura,494,19.58,16.55,10.01,7.02,27.5,25.0,30,80.0,90,70,204.11111111111111,2.101214575,April,No need to do,May to June,1038,orange
Khulna,Kharif 1,Jambura,221,19.58,16.55,10.01,7.02,27.5,25.0,30,80.0,90,70,144.96843434343435,6.131221719,April,No need to do,May to June,1355,orange
Kishoreganj,Kharif 1,Jambura,150,19.58,16.55,10.01,7.02,27.5,25.0,30,80.0,90,70,181.08838383838383,10.76666667,April,No need to do,May to June,1615,orange
Kurigram,Kharif 1,Jambura,48,19.58,16.55,10.01,7.02,27.5,25.0,30,80.0,90,70,179.6013888888889,8.5625,April,No need to do,May to June,411,orange
Kushtia,Kharif 1,Jambura,91,19.58,16.55,10.01,7.02,27.5,25.0,30,80.0,90,70,129.44444444444446,19.17582418,April,No need to do,May to June,1745,orange
Lakshmipur,Kharif 1,Jambura,476,19.58,16.55,10.01,7.02,27.5,25.0,30,80.0,90,70,185.75631313131316,1.159663866,April,No need to do,May to June,552,orange
Lalmonirhat,Kharif 1,Jambura,180,19.58,16.55,10.01,7.02,27.5,25.0,30,80.0,90,70,179.6013888888889,3.566666667,April,No need to do,May to June,642,orange
Madaripur,Kharif 1,Jambura,63,19.58,16.55,10.01,7.02,27.5,25.0,30,80.0,90,70,160.41666666666666,7.603174603,April,No need to do,May to June,479,orange
Magura,Kharif 1,Jambura,136,19.58,16.55,10.01,7.02,27.5,25.0,30,80.0,90,70,134.2247474747475,11.875,April,No need to do,May to June,1615,orange
Manikganj,Kharif 1,Jambura,106,19.58,16.55,10.01,7.02,27.5,25.0,30,80.0,90,70,169.94262295081967,6.688679245,April,No need to do,May to June,709,orange
Meherpur,Kharif 1,Jambura,117,19.58,16.55,10.01,7.02,27.5,25.0,30,80.0,90,70,129.44444444444446,6.008547009,April,No need to do,May to June,703,orange
Moulvibazar,Kharif 1,Jambura,285,19.58,16.55,10.01,7.02,27.5,25.0,30,80.0,90,70,333.72557471264366,13.24210526,April,No need to do,May to June,3774,orange
Munshiganj,Kharif 1,Jambura,25,19.58,16.55,10.01,7.02,27.5,25.0,30,80.0,90,70,169.94262295081967,6.32,April,No need to do,May to June,158,orange
Mymensingh,Kharif 1,Jambura,1257,19.58,16.55,10.01,7.02,27.5,25.0,30,80.0,90,70,181.08838383838383,3.180588703,April,No need to do,May to June,3998,orange
Naogaon,Kharif 1,Jambura,182,19.58,16.55,10.01,7.02,27.5,25.0,30,80.0,90,70,124.92,3.5,April,No need to do,May to June,637,orange
Narail,Kharif 1,Jambura,227,19.58,16.55,10.01,7.02,27.5,25.0,30,80.0,90,70,134.2247474747475,5.797356828,April,No need to do,May to June,1316,orange
Narayanganj,Kharif 1,Jambura,14,19.58,16.55,10.01,7.02,27.5,25.0,30,80.0,90,70,169.94262295081967,10.0,April,No need to do,May to June,140,orange
Narsingdi,Kharif 1,Jambura,80,19.58,16.55,10.01,7.02,27.5,25.0,30,80.0,90,70,169.94262295081967,11.1375,April,No need to do,May to June,891,orange
Natore,Kharif 1,Jambura,229,19.58,16.55,10.01,7.02,27.5,25.0,30,80.0,90,70,124.92,14.95196507,April,No need to do,May to June,3424,orange
Netrokona,Kharif 1,Jambura,242,19.58,16.55,10.01,7.02,27.5,25.0,30,80.0,90,70,181.08838383838383,6.17768595,April,No need to do,May to June,1495,orange
Nilphamari,Kharif 1,Jambura,88,19.58,16.55,10.01,7.02,27.5,25.0,30,80.0,90,70,179.6013888888889,17.0,April,No need to do,May to June,1496,orange
Noakhali,Kharif 1,Jambura,45,19.58,16.55,10.01,7.02,27.5,25.0,30,80.0,90,70,185.75631313131316,6.511111111,April,No need to do,May to June,293,orange
Pabna,Kharif 1,Jambura,66,19.58,16.55,10.01,7.02,27.5,25.0,30,80.0,90,70,124.92,9.181818182,April,No need to do,May to June,606,orange
Panchagar,Kharif 1,Jambura,185,19.58,16.55,10.01,7.02,27.5,25.0,30,80.0,90,70,154.21843434343435,8.540540541,April,No need to do,May to June,1580,orange
Patuakhali,Kharif 1,Jambura,219,19.58,16.55,10.01,7.02,27.5,25.0,30,80.0,90,70,207.8076923076923,1.02283105,April,No need to do,May to June,224,orange
Pirojpur,Kharif 1,Jambura,251,19.58,16.55,10.01,7.02,27.5,25.0,30,80.0,90,70,175.42564102564103,3.346613546,April,No need to do,May to June,840,orange
Rajbari,Kharif 1,Jambura,373,19.58,16.55,10.01,7.02,27.5,25.0,30,80.0,90,70,155.864898989899,3.54691689,April,No need to do,May to June,1323,orange
Rajshahi,Kharif 1,Jambura,256,19.58,16.55,10.01,7.02,27.5,25.0,30,80.0,90,70,124.92,5.28125,April,No need to do,May to June,1352,orange
Rangamati,Kharif 1,Jambura,380,19.58,16.55,10.01,7.02,27.5,25.0,30,80.0,90,70,204.11111111111111,7.397368421,April,No need to do,May to June,2811,orange
Rangpur,Kharif 1,Jambura,114,19.58,16.55,10.01,7.02,27.5,25.0,30,80.0,90,70,179.6013888888889,11.4122807,April,No need to do,May to June,1301,orange
Satkhira,Kharif 1,Jambura,189,19.58,16.55,10.01,7.02,27.5,25.0,30,80.0,90,70,140.35353535353536,4.301587302,April,No need to do,May to June,813,orange
Shariatpur,Kharif 1,Jambura,292,19.58,16.55,10.01,7.02,27.5,25.0,30,80.0,90,70,155.864898989899,3.626712329,April,No need to do,May to June,1059,orange
Sherpur,Kharif 1,Jambura,115,19.58,16.55,10.01,7.02,27.5,25.0,30,80.0,90,70,181.08838383838383,4.686956522,April,No need to do,May to June,539,orange
Sirajganj,Kharif 1,Jambura,42,19.58,16.55,10.01,7.02,27.5,25.0,30,80.0,90,70,142.85416666666666,15.42857143,April,No need to do,May to June,648,orange
Sunamganj,Kharif 1,Jambura,107,19.58,16.55,10.01,7.02,27.5,25.0,30,80.0,90,70,333.72557471264366,29.14018692,April,No need to do,May to June,3118,orange
Sylhet,Kharif 1,Jambura,516,19.58,16.55,10.01,7.02,27.5,25.0,30,80.0,90,70,333.72557471264366,0.8178294574,April,No need to do,May to June,422,orange
Tangail,Kharif 1,Jambura,155,19.58,16.55,10.01,7.02,27.5,25.0,30,80.0,90,70,153.4104938271605,12.26451613,April,No need to do,May to June,1901,orange
Thakurgaon,Kharif 1,Jambura,105,19.58,16.55,10.01,7.02,27.5,25.0,30,80.0,90,70,154.21843434343435,4.79047619,April,No need to do,May to June,503,orange
Bagerhat,Kharif 2,Jamrul,63,20.07,27.18,29.92,5.77,30.0,25.0,35,80.0,90,70,144.96843434343435,4.793650794,June,July to August,June  to September,302,mango
Bandarban,Kharif 2,Jamrul,0,20.07,27.18,29.92,5.77,30.0,25.0,35,80.0,90,70,243.94444444444449,2.518413598,June,July to August,June  to September,0,mango
Barguna,Kharif 2,Jamrul,268,20.07,27.18,29.92,5.77,30.0,25.0,35,80.0,90,70,207.8076923076923,1.194029851,June,July to August,June  to September,320,mango
Barishal,Kharif 2,Jamrul,841,20.07,27.18,29.92,5.77,30.0,25.0,35,80.0,90,70,175.42564102564103,1.118906064,June,July to August,June  to September,941,mango
Bhola,Kharif 2,Jamrul,138,20.07,27.18,29.92,5.77,30.0,25.0,35,80.0,90,70,185.23090277777777,1.456521739,June,July to August,June  to September,201,mango
Bogura,Kharif 2,Jamrul,6,20.07,27.18,29.92,5.77,30.0,25.0,35,80.0,90,70,142.85416666666666,6.666666667,June,July to August,June  to September,40,mango
Brahmanbaria,Kharif 2,Jamrul,10,20.07,27.18,29.92,5.77,30.0,25.0,35,80.0,90,70,185.75631313131316,2.6,June,July to August,June  to September,26,mango
Chandpur,Kharif 2,Jamrul,23,20.07,27.18,29.92,5.77,30.0,25.0,35,80.0,90,70,168.796875,7.086956522,June,July to August,June  to September,163,mango
Chapai Nawabganj,Kharif 2,Jamrul,8,20.07,27.18,29.92,5.77,30.0,25.0,35,80.0,90,70,124.92,0.375,June,July to August,June  to September,3,mango
Chattogram,Kharif 2,Jamrul,1198,20.07,27.18,29.92,5.77,30.0,25.0,35,80.0,90,70,243.94444444444449,0.1919866444,June,July to August,June  to September,230,mango
Chuadanga,Kharif 2,Jamrul,11,20.07,27.18,29.92,5.77,30.0,25.0,35,80.0,90,70,129.44444444444446,3.545454545,June,July to August,June  to September,39,mango
CoxsBazar,Kharif 2,Jamrul,628,20.07,27.18,29.92,5.77,30.0,25.0,35,80.0,90,70,303.40277777777777,0.949044586,June,July to August,June  to September,596,mango
Cumilla,Kharif 2,Jamrul,99,20.07,27.18,29.92,5.77,30.0,25.0,35,80.0,90,70,185.75631313131316,2.98989899,June,July to August,June  to September,296,mango
Dhaka,Kharif 2,Jamrul,23,20.07,27.18,29.92,5.77,30.0,25.0,35,80.0,90,70,169.94262295081967,5.217391304,June,July to August,June  to September,120,mango
Dinajpur,Kharif 2,Jamrul,0,20.07,27.18,29.92,5.77,30.0,25.0,35,80.0,90,70,154.21843434343435,2.518413598,June,July to August,June  to September,11,mango
Faridpur,Kharif 2,Jamrul,71,20.07,27.18,29.92,5.77,30.0,25.0,35,80.0,90,70,155.864898989899,4.901408451,June,July to August,June  to September,348,mango
Feni,Kharif 2,Jamrul,18,20.07,27.18,29.92,5.77,30.0,25.0,35,80.0,90,70,248.1727642276423,4.0,June,July to August,June  to September,72,mango
Gaibandha,Kharif 2,Jamrul,4,20.07,27.18,29.92,5.77,30.0,25.0,35,80.0,90,70,179.6013888888889,0.0,June,July to August,June  to September,0,mango
Gazipur,Kharif 2,Jamrul,19,20.07,27.18,29.92,5.77,30.0,25.0,35,80.0,90,70,169.94262295081967,3.631578947,June,July to August,June  to September,69,mango
Gopalganj,Kharif 2,Jamrul,23,20.07,27.18,29.92,5.77,30.0,25.0,35,80.0,90,70,155.864898989899,25.56521739,June,July to August,June  to September,588,mango
Habiganj,Kharif 2,Jamrul,7,20.07,27.18,29.92,5.77,30.0,25.0,35,80.0,90,70,333.72557471264366,0.0,June,July to August,June  to September,0,mango
Jamalpur,Kharif 2,Jamrul,4,20.07,27.18,29.92,5.77,30.0,25.0,35,80.0,90,70,181.08838383838383,2.75,June,July to August,June  to September,11,mango
Jashore,Kharif 2,Jamrul,188,20.07,27.18,29.92,5.77,30.0,25.0,35,80.0,90,70,134.2247474747475,4.510638298,June,July to August,June  to September,848,mango
Jhallokati,Kharif 2,Jamrul,220,20.07,27.18,29.92,5.77,30.0,25.0,35,80.0,90,70,175.42564102564103,1.104545455,June,July to August,June  to September,243,mango
Jhenaidah,Kharif 2,Jamrul,47,20.07,27.18,29.92,5.77,30.0,25.0,35,80.0,90,70,134.2247474747475,15.55319149,June,July to August,June  to September,731,mango
Joypurhat,Kharif 2,Jamrul,24,20.07,27.18,29.92,5.77,30.0,25.0,35,80.0,90,70,142.85416666666666,1.333333333,June,July to August,June  to September,32,mango
Khagrachari,Kharif 2,Jamrul,23,20.07,27.18,29.92,5.77,30.0,25.0,35,80.0,90,70,204.11111111111111,1.130434783,June,July to August,June  to September,26,mango
Khulna,Kharif 2,Jamrul,912,20.07,27.18,29.92,5.77,30.0,25.0,35,80.0,90,70,144.96843434343435,0.6348684211,June,July to August,June  to September,579,mango
Kishoreganj,Kharif 2,Jamrul,8,20.07,27.18,29.92,5.77,30.0,25.0,35,80.0,90,70,181.08838383838383,6.125,June,July to August,June  to September,49,mango
Kurigram,Kharif 2,Jamrul,3,20.07,27.18,29.92,5.77,30.0,25.0,35,80.0,90,70,179.6013888888889,5.666666667,June,July to August,June  to September,17,mango
Kushtia,Kharif 2,Jamrul,26,20.07,27.18,29.92,5.77,30.0,25.0,35,80.0,90,70,129.44444444444446,14.26923077,June,July to August,June  to September,371,mango
Lakshmipur,Kharif 2,Jamrul,13,20.07,27.18,29.92,5.77,30.0,25.0,35,80.0,90,70,185.75631313131316,3.230769231,June,July to August,June  to September,42,mango
Lalmonirhat,Kharif 2,Jamrul,4,20.07,27.18,29.92,5.77,30.0,25.0,35,80.0,90,70,179.6013888888889,1.75,June,July to August,June  to September,7,mango
Madaripur,Kharif 2,Jamrul,23,20.07,27.18,29.92,5.77,30.0,25.0,35,80.0,90,70,160.41666666666666,8.260869565,June,July to August,June  to September,190,mango
Magura,Kharif 2,Jamrul,17,20.07,27.18,29.92,5.77,30.0,25.0,35,80.0,90,70,134.2247474747475,63.23529412,June,July to August,June  to September,1075,mango
Manikganj,Kharif 2,Jamrul,17,20.07,27.18,29.92,5.77,30.0,25.0,35,80.0,90,70,169.94262295081967,2.764705882,June,July to August,June  to September,47,mango
Meherpur,Kharif 2,Jamrul,65,20.07,27.18,29.92,5.77,30.0,25.0,35,80.0,90,70,129.44444444444446,0.4615384615,June,July to August,June  to September,30,mango
Moulvibazar,Kharif 2,Jamrul,277,20.07,27.18,29.92,5.77,30.0,25.0,35,80.0,90,70,333.72557471264366,0.1010830325,June,July to August,June  to September,28,mango
Munshiganj,Kharif 2,Jamrul,6,20.07,27.18,29.92,5.77,30.0,25.0,35,80.0,90,70,169.94262295081967,4.5,June,July to August,June  to September,27,mango
Mymensingh,Kharif 2,Jamrul,1,20.07,27.18,29.92,5.77,30.0,25.0,35,80.0,90,70,181.08838383838383,6.0,June,July to August,June  to September,6,mango
Naogaon,Kharif 2,Jamrul,4,20.07,27.18,29.92,5.77,30.0,25.0,35,80.0,90,70,124.92,11.75,June,July to August,June  to September,47,mango
Narail,Kharif 2,Jamrul,226,20.07,27.18,29.92,5.77,30.0,25.0,35,80.0,90,70,134.2247474747475,1.42920354,June,July to August,June  to September,323,mango
Narayanganj,Kharif 2,Jamrul,9,20.07,27.18,29.92,5.77,30.0,25.0,35,80.0,90,70,169.94262295081967,13.88888889,June,July to August,June  to September,125,mango
Narsingdi,Kharif 2,Jamrul,4,20.07,27.18,29.92,5.77,30.0,25.0,35,80.0,90,70,169.94262295081967,11.0,June,July to August,June  to September,44,mango
Natore,Kharif 2,Jamrul,0,20.07,27.18,29.92,5.77,30.0,25.0,35,80.0,90,70,124.92,2.518413598,June,July to August,June  to September,27,mango
Netrokona,Kharif 2,Jamrul,4,20.07,27.18,29.92,5.77,30.0,25.0,35,80.0,90,70,181.08838383838383,2.5,June,July to August,June  to September,10,mango
Nilphamari,Kharif 2,Jamrul,20,20.07,27.18,29.92,5.77,30.0,25.0,35,80.0,90,70,179.6013888888889,0.9,June,July to August,June  to September,18,mango
Noakhali,Kharif 2,Jamrul,61,20.07,27.18,29.92,5.77,30.0,25.0,35,80.0,90,70,185.75631313131316,10.16393443,June,July to August,June  to September,620,mango
Pabna,Kharif 2,Jamrul,15,20.07,27.18,29.92,5.77,30.0,25.0,35,80.0,90,70,124.92,5.133333333,June,July to August,June  to September,77,mango
Panchagar,Kharif 2,Jamrul,6,20.07,27.18,29.92,5.77,30.0,25.0,35,80.0,90,70,154.21843434343435,22.5,June,July to August,June  to September,135,mango
Patuakhali,Kharif 2,Jamrul,263,20.07,27.18,29.92,5.77,30.0,25.0,35,80.0,90,70,207.8076923076923,2.47148289,June,July to August,June  to September,650,mango
Pirojpur,Kharif 2,Jamrul,73,20.07,27.18,29.92,5.77,30.0,25.0,35,80.0,90,70,175.42564102564103,2.904109589,June,July to August,June  to September,212,mango
Rajbari,Kharif 2,Jamrul,74,20.07,27.18,29.92,5.77,30.0,25.0,35,80.0,90,70,155.864898989899,3.986486486,June,July to August,June  to September,295,mango
Rajshahi,Kharif 2,Jamrul,4,20.07,27.18,29.92,5.77,30.0,25.0,35,80.0,90,70,124.92,20.5,June,July to August,June  to September,82,mango
Rangamati,Kharif 2,Jamrul,105,20.07,27.18,29.92,5.77,30.0,25.0,35,80.0,90,70,204.11111111111111,3.285714286,June,July to August,June  to September,345,mango
Rangpur,Kharif 2,Jamrul,0,20.07,27.18,29.92,5.77,30.0,25.0,35,80.0,90,70,179.6013888888889,2.518413598,June,July to August,June  to September,16,mango
Satkhira,Kharif 2,Jamrul,1859,20.07,27.18,29.92,5.77,30.0,25.0,35,80.0,90,70,140.35353535353536,0.238838085,June,July to August,June  to September,444,mango
Shariatpur,Kharif 2,Jamrul,87,20.07,27.18,29.92,5.77,30.0,25.0,35,80.0,90,70,155.864898989899,4.471264368,June,July to August,June  to September,389,mango
Sherpur,Kharif 2,Jamrul,13,20.07,27.18,29.92,5.77,30.0,25.0,35,80.0,90,70,181.08838383838383,0.5384615385,June,July to August,June  to September,7,mango
Sirajganj,Kharif 2,Jamrul,72,20.07,27.18,29.92,5.77,30.0,25.0,35,80.0,90,70,142.85416666666666,0.6805555556,June,July to August,June  to September,49,mango
Sunamganj,Kharif 2,Jamrul,2,20.07,27.18,29.92,5.77,30.0,25.0,35,80.0,90,70,333.72557471264366,13.0,June,July to August,June  to September,26,mango
Sylhet,Kharif 2,Jamrul,286,20.07,27.18,29.92,5.77,30.0,25.0,35,80.0,90,70,333.72557471264366,0.02097902098,June,July to August,June  to September,6,mango
Tangail,Kharif 2,Jamrul,13,20.07,27.18,29.92,5.77,30.0,25.0,35,80.0,90,70,153.4104938271605,5.153846154,June,July to August,June  to September,67,mango
Thakurgaon,Kharif 2,Jamrul,45,20.07,27.18,29.92,5.77,30.0,25.0,35,80.0,90,70,154.21843434343435,0.08888888889,June,July to August,June  to September,4,mango
Bagerhat,Kharif 1,Jhinga,316,99.42,17.0,50.22,6.5,23.0,18.0,28,80.0,90,70,144.96843434343435,1.775316456,April,May to June,June to Aug,561,watermelon
Bandarban,Kharif 1,Jhinga,412,99.42,17.0,50.22,6.5,23.0,18.0,28,80.0,90,70,243.94444444444449,1.86407767,April,May to June,June to Aug,768,watermelon
Barguna,Kharif 1,Jhinga,323,99.42,17.0,50.22,6.5,23.0,18.0,28,80.0,90,70,207.8076923076923,1.222910217,April,May to June,June to Aug,395,watermelon
Barishal,Kharif 1,Jhinga,334,99.42,17.0,50.22,6.5,23.0,18.0,28,80.0,90,70,175.42564102564103,1.856287425,April,May to June,June to Aug,620,watermelon
Bhola,Kharif 1,Jhinga,260,99.42,17.0,50.22,6.5,23.0,18.0,28,80.0,90,70,185.23090277777777,2.057692308,April,May to June,June to Aug,535,watermelon
Bogura,Kharif 1,Jhinga,276,99.42,17.0,50.22,6.5,23.0,18.0,28,80.0,90,70,142.85416666666666,2.815217391,April,May to June,June to Aug,777,watermelon
Brahmanbaria,Kharif 1,Jhinga,288,99.42,17.0,50.22,6.5,23.0,18.0,28,80.0,90,70,185.75631313131316,2.590277778,April,May to June,June to Aug,746,watermelon
Chandpur,Kharif 1,Jhinga,177,99.42,17.0,50.22,6.5,23.0,18.0,28,80.0,90,70,168.796875,1.548022599,April,May to June,June to Aug,274,watermelon
Chapai Nawabganj,Kharif 1,Jhinga,498,99.42,17.0,50.22,6.5,23.0,18.0,28,80.0,90,70,124.92,2.204819277,April,May to June,June to Aug,1098,watermelon
Chattogram,Kharif 1,Jhinga,1590,99.42,17.0,50.22,6.5,23.0,18.0,28,80.0,90,70,243.94444444444449,2.450943396,April,May to June,June to Aug,3897,watermelon
Chuadanga,Kharif 1,Jhinga,499,99.42,17.0,50.22,6.5,23.0,18.0,28,80.0,90,70,129.44444444444446,2.174348697,April,May to June,June to Aug,1085,watermelon
CoxsBazar,Kharif 1,Jhinga,483,99.42,17.0,50.22,6.5,23.0,18.0,28,80.0,90,70,303.40277777777777,1.879917184,April,May to June,June to Aug,908,watermelon
Cumilla,Kharif 1,Jhinga,548,99.42,17.0,50.22,6.5,23.0,18.0,28,80.0,90,70,185.75631313131316,1.890510949,April,May to June,June to Aug,1036,watermelon
Dhaka,Kharif 1,Jhinga,709,99.42,17.0,50.22,6.5,23.0,18.0,28,80.0,90,70,169.94262295081967,1.715091678,April,May to June,June to Aug,1216,watermelon
Dinajpur,Kharif 1,Jhinga,450,99.42,17.0,50.22,6.5,23.0,18.0,28,80.0,90,70,154.21843434343435,1.591111111,April,May to June,June to Aug,716,watermelon
Faridpur,Kharif 1,Jhinga,399,99.42,17.0,50.22,6.5,23.0,18.0,28,80.0,90,70,155.864898989899,2.102756892,April,May to June,June to Aug,839,watermelon
Feni,Kharif 1,Jhinga,133,99.42,17.0,50.22,6.5,23.0,18.0,28,80.0,90,70,248.1727642276423,1.015037594,April,May to June,June to Aug,135,watermelon
Gaibandha,Kharif 1,Jhinga,273,99.42,17.0,50.22,6.5,23.0,18.0,28,80.0,90,70,179.6013888888889,1.787545788,April,May to June,June to Aug,488,watermelon
Gazipur,Kharif 1,Jhinga,363,99.42,17.0,50.22,6.5,23.0,18.0,28,80.0,90,70,169.94262295081967,1.027548209,April,May to June,June to Aug,373,watermelon
Gopalganj,Kharif 1,Jhinga,160,99.42,17.0,50.22,6.5,23.0,18.0,28,80.0,90,70,155.864898989899,1.05625,April,May to June,June to Aug,169,watermelon
Habiganj,Kharif 1,Jhinga,313,99.42,17.0,50.22,6.5,23.0,18.0,28,80.0,90,70,333.72557471264366,2.402555911,April,May to June,June to Aug,752,watermelon
Jamalpur,Kharif 1,Jhinga,442,99.42,17.0,50.22,6.5,23.0,18.0,28,80.0,90,70,181.08838383838383,2.393665158,April,May to June,June to Aug,1058,watermelon
Jashore,Kharif 1,Jhinga,683,99.42,17.0,50.22,6.5,23.0,18.0,28,80.0,90,70,134.2247474747475,1.844802343,April,May to June,June to Aug,1260,watermelon
Jhallokati,Kharif 1,Jhinga,211,99.42,17.0,50.22,6.5,23.0,18.0,28,80.0,90,70,175.42564102564103,1.753554502,April,May to June,June to Aug,370,watermelon
Jhenaidah,Kharif 1,Jhinga,468,99.42,17.0,50.22,6.5,23.0,18.0,28,80.0,90,70,134.2247474747475,2.602564103,April,May to June,June to Aug,1218,watermelon
Joypurhat,Kharif 1,Jhinga,199,99.42,17.0,50.22,6.5,23.0,18.0,28,80.0,90,70,142.85416666666666,3.206030151,April,May to June,June to Aug,638,watermelon
Khagrachari,Kharif 1,Jhinga,722,99.42,17.0,50.22,6.5,23.0,18.0,28,80.0,90,70,204.11111111111111,1.837950139,April,May to June,June to Aug,1327,watermelon
Khulna,Kharif 1,Jhinga,381,99.42,17.0,50.22,6.5,23.0,18.0,28,80.0,90,70,144.96843434343435,2.338582677,April,May to June,June to Aug,891,watermelon
Kishoreganj,Kharif 1,Jhinga,476,99.42,17.0,50.22,6.5,23.0,18.0,28,80.0,90,70,181.08838383838383,2.785714286,April,May to June,June to Aug,1326,watermelon
Kurigram,Kharif 1,Jhinga,342,99.42,17.0,50.22,6.5,23.0,18.0,28,80.0,90,70,179.6013888888889,2.312865497,April,May to June,June to Aug,791,watermelon
Kushtia,Kharif 1,Jhinga,554,99.42,17.0,50.22,6.5,23.0,18.0,28,80.0,90,70,129.44444444444446,2.678700361,April,May to June,June to Aug,1484,watermelon
Lakshmipur,Kharif 1,Jhinga,136,99.42,17.0,50.22,6.5,23.0,18.0,28,80.0,90,70,185.75631313131316,1.176470588,April,May to June,June to Aug,160,watermelon
Lalmonirhat,Kharif 1,Jhinga,263,99.42,17.0,50.22,6.5,23.0,18.0,28,80.0,90,70,179.6013888888889,2.190114068,April,May to June,June to Aug,576,watermelon
Madaripur,Kharif 1,Jhinga,235,99.42,17.0,50.22,6.5,23.0,18.0,28,80.0,90,70,160.41666666666666,3.54893617,April,May to June,June to Aug,834,watermelon
Magura,Kharif 1,Jhinga,120,99.42,17.0,50.22,6.5,23.0,18.0,28,80.0,90,70,134.2247474747475,2.308333333,April,May to June,June to Aug,277,watermelon
Manikganj,Kharif 1,Jhinga,419,99.42,17.0,50.22,6.5,23.0,18.0,28,80.0,90,70,169.94262295081967,1.357995227,April,May to June,June to Aug,569,watermelon
Meherpur,Kharif 1,Jhinga,224,99.42,17.0,50.22,6.5,23.0,18.0,28,80.0,90,70,129.44444444444446,3.058035714,April,May to June,June to Aug,685,watermelon
Moulvibazar,Kharif 1,Jhinga,327,99.42,17.0,50.22,6.5,23.0,18.0,28,80.0,90,70,333.72557471264366,2.079510703,April,May to June,June to Aug,680,watermelon
Munshiganj,Kharif 1,Jhinga,354,99.42,17.0,50.22,6.5,23.0,18.0,28,80.0,90,70,169.94262295081967,1.220338983,April,May to June,June to Aug,432,watermelon
Mymensingh,Kharif 1,Jhinga,1037,99.42,17.0,50.22,6.5,23.0,18.0,28,80.0,90,70,181.08838383838383,2.366441659,April,May to June,June to Aug,2454,watermelon
Naogaon,Kharif 1,Jhinga,450,99.42,17.0,50.22,6.5,23.0,18.0,28,80.0,90,70,124.92,2.886666667,April,May to June,June to Aug,1299,watermelon
Narail,Kharif 1,Jhinga,127,99.42,17.0,50.22,6.5,23.0,18.0,28,80.0,90,70,134.2247474747475,2.559055118,April,May to June,June to Aug,325,watermelon
Narayanganj,Kharif 1,Jhinga,197,99.42,17.0,50.22,6.5,23.0,18.0,28,80.0,90,70,169.94262295081967,1.538071066,April,May to June,June to Aug,303,watermelon
Narsingdi,Kharif 1,Jhinga,280,99.42,17.0,50.22,6.5,23.0,18.0,28,80.0,90,70,169.94262295081967,1.446428571,April,May to June,June to Aug,405,watermelon
Natore,Kharif 1,Jhinga,458,99.42,17.0,50.22,6.5,23.0,18.0,28,80.0,90,70,124.92,1.855895197,April,May to June,June to Aug,850,watermelon
Netrokona,Kharif 1,Jhinga,242,99.42,17.0,50.22,6.5,23.0,18.0,28,80.0,90,70,181.08838383838383,1.987603306,April,May to June,June to Aug,481,watermelon
Nilphamari,Kharif 1,Jhinga,350,99.42,17.0,50.22,6.5,23.0,18.0,28,80.0,90,70,179.6013888888889,2.568571429,April,May to June,June to Aug,899,watermelon
Noakhali,Kharif 1,Jhinga,215,99.42,17.0,50.22,6.5,23.0,18.0,28,80.0,90,70,185.75631313131316,1.009302326,April,May to June,June to Aug,217,watermelon
Pabna,Kharif 1,Jhinga,510,99.42,17.0,50.22,6.5,23.0,18.0,28,80.0,90,70,124.92,2.37254902,April,May to June,June to Aug,1210,watermelon
Panchagar,Kharif 1,Jhinga,412,99.42,17.0,50.22,6.5,23.0,18.0,28,80.0,90,70,154.21843434343435,3.667475728,April,May to June,June to Aug,1511,watermelon
Patuakhali,Kharif 1,Jhinga,173,99.42,17.0,50.22,6.5,23.0,18.0,28,80.0,90,70,207.8076923076923,1.61849711,April,May to June,June to Aug,280,watermelon
Pirojpur,Kharif 1,Jhinga,240,99.42,17.0,50.22,6.5,23.0,18.0,28,80.0,90,70,175.42564102564103,1.75,April,May to June,June to Aug,420,watermelon
Rajbari,Kharif 1,Jhinga,1080,99.42,17.0,50.22,6.5,23.0,18.0,28,80.0,90,70,155.864898989899,3.477777778,April,May to June,June to Aug,3756,watermelon
Rajshahi,Kharif 1,Jhinga,581,99.42,17.0,50.22,6.5,23.0,18.0,28,80.0,90,70,124.92,2.511187608,April,May to June,June to Aug,1459,watermelon
Rangamati,Kharif 1,Jhinga,771,99.42,17.0,50.22,6.5,23.0,18.0,28,80.0,90,70,204.11111111111111,1.740596628,April,May to June,June to Aug,1342,watermelon
Rangpur,Kharif 1,Jhinga,720,99.42,17.0,50.22,6.5,23.0,18.0,28,80.0,90,70,179.6013888888889,1.972222222,April,May to June,June to Aug,1420,watermelon
Satkhira,Kharif 1,Jhinga,253,99.42,17.0,50.22,6.5,23.0,18.0,28,80.0,90,70,140.35353535353536,2.588932806,April,May to June,June to Aug,655,watermelon
Shariatpur,Kharif 1,Jhinga,220,99.42,17.0,50.22,6.5,23.0,18.0,28,80.0,90,70,155.864898989899,3.181818182,April,May to June,June to Aug,700,watermelon
Sherpur,Kharif 1,Jhinga,300,99.42,17.0,50.22,6.5,23.0,18.0,28,80.0,90,70,181.08838383838383,2.856666667,April,May to June,June to Aug,857,watermelon
Sirajganj,Kharif 1,Jhinga,286,99.42,17.0,50.22,6.5,23.0,18.0,28,80.0,90,70,142.85416666666666,2.192307692,April,May to June,June to Aug,627,watermelon
Sunamganj,Kharif 1,Jhinga,244,99.42,17.0,50.22,6.5,23.0,18.0,28,80.0,90,70,333.72557471264366,2.483606557,April,May to June,June to Aug,606,watermelon
Sylhet,Kharif 1,Jhinga,425,99.42,17.0,50.22,6.5,23.0,18.0,28,80.0,90,70,333.72557471264366,1.305882353,April,May to June,June to Aug,555,watermelon
Tangail,Kharif 1,Jhinga,403,99.42,17.0,50.22,6.5,23.0,18.0,28,80.0,90,70,153.4104938271605,1.739454094,April,May to June,June to Aug,701,watermelon
Thakurgaon,Kharif 1,Jhinga,445,99.42,17.0,50.22,6.5,23.0,18.0,28,80.0,90,70,154.21843434343435,1.395505618,April,May to June,June to Aug,621,watermelon
Bagerhat,Kharif 1,Jute,3603,78.4,46.86,39.99,6.73,30.0,20.0,40,75.0,80,70,144.96843434343435,5.070496808,March,April to Aug,Sep,18269,jute
Bandarban,Kharif 1,Jute,0,78.4,46.86,39.99,6.73,30.0,20.0,40,75.0,80,70,243.94444444444449,2.518413598,March,April to Aug,Sep,0,jute
Barguna,Kharif 1,Jute,0,78.4,46.86,39.99,6.73,30.0,20.0,40,75.0,80,70,207.8076923076923,2.518413598,March,April to Aug,Sep,0,jute
Barishal,Kharif 1,Jute,33909,78.4,46.86,39.99,6.73,30.0,20.0,40,75.0,80,70,175.42564102564103,2.410009142,March,April to Aug,Sep,81721,jute
Bhola,Kharif 1,Jute,0,78.4,46.86,39.99,6.73,30.0,20.0,40,75.0,80,70,185.23090277777777,2.518413598,March,April to Aug,Sep,0,jute
Bogura,Kharif 1,Jute,18175,78.4,46.86,39.99,6.73,30.0,20.0,40,75.0,80,70,142.85416666666666,5.469876204,March,April to Aug,Sep,99415,jute
Brahmanbaria,Kharif 1,Jute,5559,78.4,46.86,39.99,6.73,30.0,20.0,40,75.0,80,70,185.75631313131316,5.329555675,March,April to Aug,Sep,29627,jute
Chandpur,Kharif 1,Jute,12001,78.4,46.86,39.99,6.73,30.0,20.0,40,75.0,80,70,168.796875,3.930005833,March,April to Aug,Sep,47164,jute
Chapai Nawabganj,Kharif 1,Jute,3099,78.4,46.86,39.99,6.73,30.0,20.0,40,75.0,80,70,124.92,5.020006454,March,April to Aug,Sep,15557,jute
Chattogram,Kharif 1,Jute,0,78.4,46.86,39.99,6.73,30.0,20.0,40,75.0,80,70,243.94444444444449,2.518413598,March,April to Aug,Sep,0,jute
Chuadanga,Kharif 1,Jute,43540,78.4,46.86,39.99,6.73,30.0,20.0,40,75.0,80,70,129.44444444444446,5.670004593,March,April to Aug,Sep,246872,jute
CoxsBazar,Kharif 1,Jute,0,78.4,46.86,39.99,6.73,30.0,20.0,40,75.0,80,70,303.40277777777777,2.518413598,March,April to Aug,Sep,0,jute
Cumilla,Kharif 1,Jute,818,78.4,46.86,39.99,6.73,30.0,20.0,40,75.0,80,70,185.75631313131316,4.371638142,March,April to Aug,Sep,3576,jute
Dhaka,Kharif 1,Jute,7754,78.4,46.86,39.99,6.73,30.0,20.0,40,75.0,80,70,169.94262295081967,4.409724013,March,April to Aug,Sep,34193,jute
Dinajpur,Kharif 1,Jute,9383,78.4,46.86,39.99,6.73,30.0,20.0,40,75.0,80,70,154.21843434343435,5.149952041,March,April to Aug,Sep,48322,jute
Faridpur,Kharif 1,Jute,209824,78.4,46.86,39.99,6.73,30.0,20.0,40,75.0,80,70,155.864898989899,3.519997712,March,April to Aug,Sep,738580,jute
Feni,Kharif 1,Jute,0,78.4,46.86,39.99,6.73,30.0,20.0,40,75.0,80,70,248.1727642276423,2.518413598,March,April to Aug,Sep,0,jute
Gaibandha,Kharif 1,Jute,32621,78.4,46.86,39.99,6.73,30.0,20.0,40,75.0,80,70,179.6013888888889,4.330002146,March,April to Aug,Sep,141249,jute
Gazipur,Kharif 1,Jute,3712,78.4,46.86,39.99,6.73,30.0,20.0,40,75.0,80,70,169.94262295081967,3.480064655,March,April to Aug,Sep,12918,jute
Gopalganj,Kharif 1,Jute,59408,78.4,46.86,39.99,6.73,30.0,20.0,40,75.0,80,70,155.864898989899,5.460005386,March,April to Aug,Sep,324368,jute
Habiganj,Kharif 1,Jute,745,78.4,46.86,39.99,6.73,30.0,20.0,40,75.0,80,70,333.72557471264366,5.420134228,March,April to Aug,Sep,4038,jute
Jamalpur,Kharif 1,Jute,60887,78.4,46.86,39.99,6.73,30.0,20.0,40,75.0,80,70,181.08838383838383,3.919999343,March,April to Aug,Sep,238677,jute
Jashore,Kharif 1,Jute,57823,78.4,46.86,39.99,6.73,30.0,20.0,40,75.0,80,70,134.2247474747475,5.240008301,March,April to Aug,Sep,302993,jute
Jhallokati,Kharif 1,Jute,0,78.4,46.86,39.99,6.73,30.0,20.0,40,75.0,80,70,175.42564102564103,2.518413598,March,April to Aug,Sep,0,jute
Jhenaidah,Kharif 1,Jute,53557,78.4,46.86,39.99,6.73,30.0,20.0,40,75.0,80,70,134.2247474747475,5.719999253,March,April to Aug,Sep,306346,jute
Joypurhat,Kharif 1,Jute,4339,78.4,46.86,39.99,6.73,30.0,20.0,40,75.0,80,70,142.85416666666666,5.410002305,March,April to Aug,Sep,23474,jute
Khagrachari,Kharif 1,Jute,0,78.4,46.86,39.99,6.73,30.0,20.0,40,75.0,80,70,204.11111111111111,2.518413598,March,April to Aug,Sep,0,jute
Khulna,Kharif 1,Jute,3181,78.4,46.86,39.99,6.73,30.0,20.0,40,75.0,80,70,144.96843434343435,5.149952845,March,April to Aug,Sep,16382,jute
Kishoreganj,Kharif 1,Jute,40682,78.4,46.86,39.99,6.73,30.0,20.0,40,75.0,80,70,181.08838383838383,4.559952805,March,April to Aug,Sep,185508,jute
Kurigram,Kharif 1,Jute,46093,78.4,46.86,39.99,6.73,30.0,20.0,40,75.0,80,70,179.6013888888889,5.040006075,March,April to Aug,Sep,232309,jute
Kushtia,Kharif 1,Jute,98413,78.4,46.86,39.99,6.73,30.0,20.0,40,75.0,80,70,129.44444444444446,5.019997358,March,April to Aug,Sep,494033,jute
Lakshmipur,Kharif 1,Jute,484,78.4,46.86,39.99,6.73,30.0,20.0,40,75.0,80,70,185.75631313131316,3.840909091,March,April to Aug,Sep,1859,jute
Lalmonirhat,Kharif 1,Jute,8165,78.4,46.86,39.99,6.73,30.0,20.0,40,75.0,80,70,179.6013888888889,5.8,March,April to Aug,Sep,47357,jute
Madaripur,Kharif 1,Jute,78336,78.4,46.86,39.99,6.73,30.0,20.0,40,75.0,80,70,160.41666666666666,4.210005617,March,April to Aug,Sep,329795,jute
Magura,Kharif 1,Jute,85406,78.4,46.86,39.99,6.73,30.0,20.0,40,75.0,80,70,134.2247474747475,4.120003278,March,April to Aug,Sep,351873,jute
Manikganj,Kharif 1,Jute,8914,78.4,46.86,39.99,6.73,30.0,20.0,40,75.0,80,70,169.94262295081967,4.130020193,March,April to Aug,Sep,36815,jute
Meherpur,Kharif 1,Jute,48911,78.4,46.86,39.99,6.73,30.0,20.0,40,75.0,80,70,129.44444444444446,6.420007769,March,April to Aug,Sep,314009,jute
Moulvibazar,Kharif 1,Jute,0,78.4,46.86,39.99,6.73,30.0,20.0,40,75.0,80,70,333.72557471264366,2.518413598,March,April to Aug,Sep,0,jute
Munshiganj,Kharif 1,Jute,7320,78.4,46.86,39.99,6.73,30.0,20.0,40,75.0,80,70,169.94262295081967,3.9,March,April to Aug,Sep,28548,jute
Mymensingh,Kharif 1,Jute,13251,78.4,46.86,39.99,6.73,30.0,20.0,40,75.0,80,70,181.08838383838383,3.940004528,March,April to Aug,Sep,52209,jute
Naogaon,Kharif 1,Jute,13828,78.4,46.86,39.99,6.73,30.0,20.0,40,75.0,80,70,124.92,5.829982644,March,April to Aug,Sep,80617,jute
Narail,Kharif 1,Jute,52484,78.4,46.86,39.99,6.73,30.0,20.0,40,75.0,80,70,134.2247474747475,5.080005335,March,April to Aug,Sep,266619,jute
Narayanganj,Kharif 1,Jute,720,78.4,46.86,39.99,6.73,30.0,20.0,40,75.0,80,70,169.94262295081967,4.816666667,March,April to Aug,Sep,3468,jute
Narsingdi,Kharif 1,Jute,6636,78.4,46.86,39.99,6.73,30.0,20.0,40,75.0,80,70,169.94262295081967,4.889993972,March,April to Aug,Sep,32450,jute
Natore,Kharif 1,Jute,59968,78.4,46.86,39.99,6.73,30.0,20.0,40,75.0,80,70,124.92,4.119997332,March,April to Aug,Sep,247068,jute
Netrokona,Kharif 1,Jute,11562,78.4,46.86,39.99,6.73,30.0,20.0,40,75.0,80,70,181.08838383838383,4.279968864,March,April to Aug,Sep,49485,jute
Nilphamari,Kharif 1,Jute,17177,78.4,46.86,39.99,6.73,30.0,20.0,40,75.0,80,70,179.6013888888889,5.350002911,March,April to Aug,Sep,91897,jute
Noakhali,Kharif 1,Jute,0,78.4,46.86,39.99,6.73,30.0,20.0,40,75.0,80,70,185.75631313131316,2.518413598,March,April to Aug,Sep,0,jute
Pabna,Kharif 1,Jute,102319,78.4,46.86,39.99,6.73,30.0,20.0,40,75.0,80,70,124.92,5.009998143,March,April to Aug,Sep,512618,jute
Panchagar,Kharif 1,Jute,21056,78.4,46.86,39.99,6.73,30.0,20.0,40,75.0,80,70,154.21843434343435,4.940017097,March,April to Aug,Sep,104017,jute
Patuakhali,Kharif 1,Jute,0,78.4,46.86,39.99,6.73,30.0,20.0,40,75.0,80,70,207.8076923076923,2.518413598,March,April to Aug,Sep,0,jute
Pirojpur,Kharif 1,Jute,900,78.4,46.86,39.99,6.73,30.0,20.0,40,75.0,80,70,175.42564102564103,2.31,March,April to Aug,Sep,2079,jute
Rajbari,Kharif 1,Jute,118952,78.4,46.86,39.99,6.73,30.0,20.0,40,75.0,80,70,155.864898989899,4.070003026,March,April to Aug,Sep,484135,jute
Rajshahi,Kharif 1,Jute,35401,78.4,46.86,39.99,6.73,30.0,20.0,40,75.0,80,70,124.92,5.349990113,March,April to Aug,Sep,189395,jute
Rangamati,Kharif 1,Jute,0,78.4,46.86,39.99,6.73,30.0,20.0,40,75.0,80,70,204.11111111111111,2.518413598,March,April to Aug,Sep,0,jute
Rangpur,Kharif 1,Jute,19997,78.4,46.86,39.99,6.73,30.0,20.0,40,75.0,80,70,179.6013888888889,6.400010002,March,April to Aug,Sep,127981,jute
Satkhira,Kharif 1,Jute,25378,78.4,46.86,39.99,6.73,30.0,20.0,40,75.0,80,70,140.35353535353536,4.970013397,March,April to Aug,Sep,126129,jute
Shariatpur,Kharif 1,Jute,57084,78.4,46.86,39.99,6.73,30.0,20.0,40,75.0,80,70,155.864898989899,4.090007708,March,April to Aug,Sep,233474,jute
Sherpur,Kharif 1,Jute,3302,78.4,46.86,39.99,6.73,30.0,20.0,40,75.0,80,70,181.08838383838383,5.350090854,March,April to Aug,Sep,17666,jute
Sirajganj,Kharif 1,Jute,28308,78.4,46.86,39.99,6.73,30.0,20.0,40,75.0,80,70,142.85416666666666,4.139995761,March,April to Aug,Sep,117195,jute
Sunamganj,Kharif 1,Jute,821,78.4,46.86,39.99,6.73,30.0,20.0,40,75.0,80,70,333.72557471264366,4.790499391,March,April to Aug,Sep,3933,jute
Sylhet,Kharif 1,Jute,0,78.4,46.86,39.99,6.73,30.0,20.0,40,75.0,80,70,333.72557471264366,2.518413598,March,April to Aug,Sep,0,jute
Tangail,Kharif 1,Jute,35993,78.4,46.86,39.99,6.73,30.0,20.0,40,75.0,80,70,153.4104938271605,4.209985275,March,April to Aug,Sep,151530,jute
Thakurgaon,Kharif 1,Jute,13914,78.4,46.86,39.99,6.73,30.0,20.0,40,75.0,80,70,154.21843434343435,5.410018686,March,April to Aug,Sep,75275,jute
Bagerhat,Kharif 1,Kakrol,160,99.42,17.0,50.22,6.5,25.0,20.0,30,72.5,85,60,144.96843434343435,1.6125,April,May to July,July to Sep,258,watermelon
Bandarban,Kharif 1,Kakrol,240,99.42,17.0,50.22,6.5,25.0,20.0,30,72.5,85,60,243.94444444444449,1.641666667,April,May to July,July to Sep,394,watermelon
Barguna,Kharif 1,Kakrol,33,99.42,17.0,50.22,6.5,25.0,20.0,30,72.5,85,60,207.8076923076923,1.272727273,April,May to July,July to Sep,42,watermelon
Barishal,Kharif 1,Kakrol,288,99.42,17.0,50.22,6.5,25.0,20.0,30,72.5,85,60,175.42564102564103,1.402777778,April,May to July,July to Sep,404,watermelon
Bhola,Kharif 1,Kakrol,158,99.42,17.0,50.22,6.5,25.0,20.0,30,72.5,85,60,185.23090277777777,1.405063291,April,May to July,July to Sep,222,watermelon
Bogura,Kharif 1,Kakrol,101,99.42,17.0,50.22,6.5,25.0,20.0,30,72.5,85,60,142.85416666666666,1.871287129,April,May to July,July to Sep,189,watermelon
Brahmanbaria,Kharif 1,Kakrol,195,99.42,17.0,50.22,6.5,25.0,20.0,30,72.5,85,60,185.75631313131316,1.574358974,April,May to July,July to Sep,307,watermelon
Chandpur,Kharif 1,Kakrol,72,99.42,17.0,50.22,6.5,25.0,20.0,30,72.5,85,60,168.796875,1.055555556,April,May to July,July to Sep,76,watermelon
Chapai Nawabganj,Kharif 1,Kakrol,0,99.42,17.0,50.22,6.5,25.0,20.0,30,72.5,85,60,124.92,2.518413598,April,May to July,July to Sep,0,watermelon
Chattogram,Kharif 1,Kakrol,836,99.42,17.0,50.22,6.5,25.0,20.0,30,72.5,85,60,243.94444444444449,3.107655502,April,May to July,July to Sep,2598,watermelon
Chuadanga,Kharif 1,Kakrol,56,99.42,17.0,50.22,6.5,25.0,20.0,30,72.5,85,60,129.44444444444446,1.267857143,April,May to July,July to Sep,71,watermelon
CoxsBazar,Kharif 1,Kakrol,229,99.42,17.0,50.22,6.5,25.0,20.0,30,72.5,85,60,303.40277777777777,1.698689956,April,May to July,July to Sep,389,watermelon
Cumilla,Kharif 1,Kakrol,300,99.42,17.0,50.22,6.5,25.0,20.0,30,72.5,85,60,185.75631313131316,6.85,April,May to July,July to Sep,2055,watermelon
Dhaka,Kharif 1,Kakrol,179,99.42,17.0,50.22,6.5,25.0,20.0,30,72.5,85,60,169.94262295081967,1.083798883,April,May to July,July to Sep,194,watermelon
Dinajpur,Kharif 1,Kakrol,120,99.42,17.0,50.22,6.5,25.0,20.0,30,72.5,85,60,154.21843434343435,1.65,April,May to July,July to Sep,198,watermelon
Faridpur,Kharif 1,Kakrol,28,99.42,17.0,50.22,6.5,25.0,20.0,30,72.5,85,60,155.864898989899,1.607142857,April,May to July,July to Sep,45,watermelon
Feni,Kharif 1,Kakrol,21,99.42,17.0,50.22,6.5,25.0,20.0,30,72.5,85,60,248.1727642276423,1.047619048,April,May to July,July to Sep,22,watermelon
Gaibandha,Kharif 1,Kakrol,160,99.42,17.0,50.22,6.5,25.0,20.0,30,72.5,85,60,179.6013888888889,1.7375,April,May to July,July to Sep,278,watermelon
Gazipur,Kharif 1,Kakrol,354,99.42,17.0,50.22,6.5,25.0,20.0,30,72.5,85,60,169.94262295081967,1.033898305,April,May to July,July to Sep,366,watermelon
Gopalganj,Kharif 1,Kakrol,42,99.42,17.0,50.22,6.5,25.0,20.0,30,72.5,85,60,155.864898989899,1.714285714,April,May to July,July to Sep,72,watermelon
Habiganj,Kharif 1,Kakrol,80,99.42,17.0,50.22,6.5,25.0,20.0,30,72.5,85,60,333.72557471264366,1.15,April,May to July,July to Sep,92,watermelon
Jamalpur,Kharif 1,Kakrol,123,99.42,17.0,50.22,6.5,25.0,20.0,30,72.5,85,60,181.08838383838383,1.504065041,April,May to July,July to Sep,185,watermelon
Jashore,Kharif 1,Kakrol,357,99.42,17.0,50.22,6.5,25.0,20.0,30,72.5,85,60,134.2247474747475,4.532212885,April,May to July,July to Sep,1618,watermelon
Jhallokati,Kharif 1,Kakrol,131,99.42,17.0,50.22,6.5,25.0,20.0,30,72.5,85,60,175.42564102564103,1.038167939,April,May to July,July to Sep,136,watermelon
Jhenaidah,Kharif 1,Kakrol,220,99.42,17.0,50.22,6.5,25.0,20.0,30,72.5,85,60,134.2247474747475,2.745454545,April,May to July,July to Sep,604,watermelon
Joypurhat,Kharif 1,Kakrol,115,99.42,17.0,50.22,6.5,25.0,20.0,30,72.5,85,60,142.85416666666666,4.947826087,April,May to July,July to Sep,569,watermelon
Khagrachari,Kharif 1,Kakrol,1098,99.42,17.0,50.22,6.5,25.0,20.0,30,72.5,85,60,204.11111111111111,2.193078324,April,May to July,July to Sep,2408,watermelon
Khulna,Kharif 1,Kakrol,54,99.42,17.0,50.22,6.5,25.0,20.0,30,72.5,85,60,144.96843434343435,1.777777778,April,May to July,July to Sep,96,watermelon
Kishoreganj,Kharif 1,Kakrol,220,99.42,17.0,50.22,6.5,25.0,20.0,30,72.5,85,60,181.08838383838383,2.795454545,April,May to July,July to Sep,615,watermelon
Kurigram,Kharif 1,Kakrol,92,99.42,17.0,50.22,6.5,25.0,20.0,30,72.5,85,60,179.6013888888889,1.945652174,April,May to July,July to Sep,179,watermelon
Kushtia,Kharif 1,Kakrol,20,99.42,17.0,50.22,6.5,25.0,20.0,30,72.5,85,60,129.44444444444446,5.0,April,May to July,July to Sep,100,watermelon
Lakshmipur,Kharif 1,Kakrol,102,99.42,17.0,50.22,6.5,25.0,20.0,30,72.5,85,60,185.75631313131316,2.225490196,April,May to July,July to Sep,227,watermelon
Lalmonirhat,Kharif 1,Kakrol,187,99.42,17.0,50.22,6.5,25.0,20.0,30,72.5,85,60,179.6013888888889,1.636363636,April,May to July,July to Sep,306,watermelon
Madaripur,Kharif 1,Kakrol,22,99.42,17.0,50.22,6.5,25.0,20.0,30,72.5,85,60,160.41666666666666,5.136363636,April,May to July,July to Sep,113,watermelon
Magura,Kharif 1,Kakrol,57,99.42,17.0,50.22,6.5,25.0,20.0,30,72.5,85,60,134.2247474747475,2.385964912,April,May to July,July to Sep,136,watermelon
Manikganj,Kharif 1,Kakrol,83,99.42,17.0,50.22,6.5,25.0,20.0,30,72.5,85,60,169.94262295081967,2.096385542,April,May to July,July to Sep,174,watermelon
Meherpur,Kharif 1,Kakrol,18,99.42,17.0,50.22,6.5,25.0,20.0,30,72.5,85,60,129.44444444444446,6.166666667,April,May to July,July to Sep,111,watermelon
Moulvibazar,Kharif 1,Kakrol,68,99.42,17.0,50.22,6.5,25.0,20.0,30,72.5,85,60,333.72557471264366,3.367647059,April,May to July,July to Sep,229,watermelon
Munshiganj,Kharif 1,Kakrol,63,99.42,17.0,50.22,6.5,25.0,20.0,30,72.5,85,60,169.94262295081967,1.079365079,April,May to July,July to Sep,68,watermelon
Mymensingh,Kharif 1,Kakrol,438,99.42,17.0,50.22,6.5,25.0,20.0,30,72.5,85,60,181.08838383838383,1.714611872,April,May to July,July to Sep,751,watermelon
Naogaon,Kharif 1,Kakrol,125,99.42,17.0,50.22,6.5,25.0,20.0,30,72.5,85,60,124.92,2.736,April,May to July,July to Sep,342,watermelon
Narail,Kharif 1,Kakrol,94,99.42,17.0,50.22,6.5,25.0,20.0,30,72.5,85,60,134.2247474747475,4.638297872,April,May to July,July to Sep,436,watermelon
Narayanganj,Kharif 1,Kakrol,156,99.42,17.0,50.22,6.5,25.0,20.0,30,72.5,85,60,169.94262295081967,1.782051282,April,May to July,July to Sep,278,watermelon
Narsingdi,Kharif 1,Kakrol,1835,99.42,17.0,50.22,6.5,25.0,20.0,30,72.5,85,60,169.94262295081967,4.530245232,April,May to July,July to Sep,8313,watermelon
Natore,Kharif 1,Kakrol,223,99.42,17.0,50.22,6.5,25.0,20.0,30,72.5,85,60,124.92,2.233183857,April,May to July,July to Sep,498,watermelon
Netrokona,Kharif 1,Kakrol,113,99.42,17.0,50.22,6.5,25.0,20.0,30,72.5,85,60,181.08838383838383,2.389380531,April,May to July,July to Sep,270,watermelon
Nilphamari,Kharif 1,Kakrol,161,99.42,17.0,50.22,6.5,25.0,20.0,30,72.5,85,60,179.6013888888889,2.51552795,April,May to July,July to Sep,405,watermelon
Noakhali,Kharif 1,Kakrol,57,99.42,17.0,50.22,6.5,25.0,20.0,30,72.5,85,60,185.75631313131316,1.736842105,April,May to July,July to Sep,99,watermelon
Pabna,Kharif 1,Kakrol,35,99.42,17.0,50.22,6.5,25.0,20.0,30,72.5,85,60,124.92,1.914285714,April,May to July,July to Sep,67,watermelon
Panchagar,Kharif 1,Kakrol,92,99.42,17.0,50.22,6.5,25.0,20.0,30,72.5,85,60,154.21843434343435,2.423913043,April,May to July,July to Sep,223,watermelon
Patuakhali,Kharif 1,Kakrol,18,99.42,17.0,50.22,6.5,25.0,20.0,30,72.5,85,60,207.8076923076923,1.277777778,April,May to July,July to Sep,23,watermelon
Pirojpur,Kharif 1,Kakrol,204,99.42,17.0,50.22,6.5,25.0,20.0,30,72.5,85,60,175.42564102564103,1.681372549,April,May to July,July to Sep,343,watermelon
Rajbari,Kharif 1,Kakrol,77,99.42,17.0,50.22,6.5,25.0,20.0,30,72.5,85,60,155.864898989899,1.61038961,April,May to July,July to Sep,124,watermelon
Rajshahi,Kharif 1,Kakrol,41,99.42,17.0,50.22,6.5,25.0,20.0,30,72.5,85,60,124.92,2.634146341,April,May to July,July to Sep,108,watermelon
Rangamati,Kharif 1,Kakrol,2123,99.42,17.0,50.22,6.5,25.0,20.0,30,72.5,85,60,204.11111111111111,1.564766839,April,May to July,July to Sep,3322,watermelon
Rangpur,Kharif 1,Kakrol,317,99.42,17.0,50.22,6.5,25.0,20.0,30,72.5,85,60,179.6013888888889,1.548895899,April,May to July,July to Sep,491,watermelon
Satkhira,Kharif 1,Kakrol,71,99.42,17.0,50.22,6.5,25.0,20.0,30,72.5,85,60,140.35353535353536,2.647887324,April,May to July,July to Sep,188,watermelon
Shariatpur,Kharif 1,Kakrol,39,99.42,17.0,50.22,6.5,25.0,20.0,30,72.5,85,60,155.864898989899,5.41025641,April,May to July,July to Sep,211,watermelon
Sherpur,Kharif 1,Kakrol,139,99.42,17.0,50.22,6.5,25.0,20.0,30,72.5,85,60,181.08838383838383,1.928057554,April,May to July,July to Sep,268,watermelon
Sirajganj,Kharif 1,Kakrol,37,99.42,17.0,50.22,6.5,25.0,20.0,30,72.5,85,60,142.85416666666666,1.459459459,April,May to July,July to Sep,54,watermelon
Sunamganj,Kharif 1,Kakrol,89,99.42,17.0,50.22,6.5,25.0,20.0,30,72.5,85,60,333.72557471264366,3.02247191,April,May to July,July to Sep,269,watermelon
Sylhet,Kharif 1,Kakrol,87,99.42,17.0,50.22,6.5,25.0,20.0,30,72.5,85,60,333.72557471264366,1.402298851,April,May to July,July to Sep,122,watermelon
Tangail,Kharif 1,Kakrol,194,99.42,17.0,50.22,6.5,25.0,20.0,30,72.5,85,60,153.4104938271605,2.149484536,April,May to July,July to Sep,417,watermelon
Thakurgaon,Kharif 1,Kakrol,71,99.42,17.0,50.22,6.5,25.0,20.0,30,72.5,85,60,154.21843434343435,1.23943662,April,May to July,July to Sep,88,watermelon
Bagerhat,Rabi,Karala,880,99.42,17.0,50.22,6.5,25.5,24.0,27,87.5,90,85,144.96843434343435,1.386363636,Feb,March to July,Aug to Sep,1220,watermelon
Bandarban,Rabi,Karala,334,99.42,17.0,50.22,6.5,25.5,24.0,27,87.5,90,85,243.94444444444449,1.613772455,Feb,March to July,Aug to Sep,539,watermelon
Barguna,Rabi,Karala,125,99.42,17.0,50.22,6.5,25.5,24.0,27,87.5,90,85,207.8076923076923,1.248,Feb,March to July,Aug to Sep,156,watermelon
Barishal,Rabi,Karala,416,99.42,17.0,50.22,6.5,25.5,24.0,27,87.5,90,85,175.42564102564103,1.514423077,Feb,March to July,Aug to Sep,630,watermelon
Bhola,Rabi,Karala,411,99.42,17.0,50.22,6.5,25.5,24.0,27,87.5,90,85,185.23090277777777,2.126520681,Feb,March to July,Aug to Sep,874,watermelon
Bogura,Rabi,Karala,792,99.42,17.0,50.22,6.5,25.5,24.0,27,87.5,90,85,142.85416666666666,3.512626263,Feb,March to July,Aug to Sep,2782,watermelon
Brahmanbaria,Rabi,Karala,206,99.42,17.0,50.22,6.5,25.5,24.0,27,87.5,90,85,185.75631313131316,1.946601942,Feb,March to July,Aug to Sep,401,watermelon
Chandpur,Rabi,Karala,197,99.42,17.0,50.22,6.5,25.5,24.0,27,87.5,90,85,168.796875,1.512690355,Feb,March to July,Aug to Sep,298,watermelon
Chapai Nawabganj,Rabi,Karala,257,99.42,17.0,50.22,6.5,25.5,24.0,27,87.5,90,85,124.92,1.949416342,Feb,March to July,Aug to Sep,501,watermelon
Chattogram,Rabi,Karala,259,99.42,17.0,50.22,6.5,25.5,24.0,27,87.5,90,85,243.94444444444449,1.918918919,Feb,March to July,Aug to Sep,497,watermelon
Chuadanga,Rabi,Karala,426,99.42,17.0,50.22,6.5,25.5,24.0,27,87.5,90,85,129.44444444444446,2.021126761,Feb,March to July,Aug to Sep,861,watermelon
CoxsBazar,Rabi,Karala,343,99.42,17.0,50.22,6.5,25.5,24.0,27,87.5,90,85,303.40277777777777,1.766763848,Feb,March to July,Aug to Sep,606,watermelon
Cumilla,Rabi,Karala,591,99.42,17.0,50.22,6.5,25.5,24.0,27,87.5,90,85,185.75631313131316,2.676818951,Feb,March to July,Aug to Sep,1582,watermelon
Dhaka,Rabi,Karala,448,99.42,17.0,50.22,6.5,25.5,24.0,27,87.5,90,85,169.94262295081967,2.011160714,Feb,March to July,Aug to Sep,901,watermelon
Dinajpur,Rabi,Karala,646,99.42,17.0,50.22,6.5,25.5,24.0,27,87.5,90,85,154.21843434343435,2.113003096,Feb,March to July,Aug to Sep,1365,watermelon
Faridpur,Rabi,Karala,330,99.42,17.0,50.22,6.5,25.5,24.0,27,87.5,90,85,155.864898989899,1.212121212,Feb,March to July,Aug to Sep,400,watermelon
Feni,Rabi,Karala,123,99.42,17.0,50.22,6.5,25.5,24.0,27,87.5,90,85,248.1727642276423,1.577235772,Feb,March to July,Aug to Sep,194,watermelon
Gaibandha,Rabi,Karala,393,99.42,17.0,50.22,6.5,25.5,24.0,27,87.5,90,85,179.6013888888889,1.842239186,Feb,March to July,Aug to Sep,724,watermelon
Gazipur,Rabi,Karala,353,99.42,17.0,50.22,6.5,25.5,24.0,27,87.5,90,85,169.94262295081967,1.036827195,Feb,March to July,Aug to Sep,366,watermelon
Gopalganj,Rabi,Karala,192,99.42,17.0,50.22,6.5,25.5,24.0,27,87.5,90,85,155.864898989899,3.197916667,Feb,March to July,Aug to Sep,614,watermelon
Habiganj,Rabi,Karala,182,99.42,17.0,50.22,6.5,25.5,24.0,27,87.5,90,85,333.72557471264366,2.175824176,Feb,March to July,Aug to Sep,396,watermelon
Jamalpur,Rabi,Karala,417,99.42,17.0,50.22,6.5,25.5,24.0,27,87.5,90,85,181.08838383838383,2.139088729,Feb,March to July,Aug to Sep,892,watermelon
Jashore,Rabi,Karala,923,99.42,17.0,50.22,6.5,25.5,24.0,27,87.5,90,85,134.2247474747475,3.178764897,Feb,March to July,Aug to Sep,2934,watermelon
Jhallokati,Rabi,Karala,335,99.42,17.0,50.22,6.5,25.5,24.0,27,87.5,90,85,175.42564102564103,1.820895522,Feb,March to July,Aug to Sep,610,watermelon
Jhenaidah,Rabi,Karala,639,99.42,17.0,50.22,6.5,25.5,24.0,27,87.5,90,85,134.2247474747475,2.419405321,Feb,March to July,Aug to Sep,1546,watermelon
Joypurhat,Rabi,Karala,542,99.42,17.0,50.22,6.5,25.5,24.0,27,87.5,90,85,142.85416666666666,4.494464945,Feb,March to July,Aug to Sep,2436,watermelon
Khagrachari,Rabi,Karala,625,99.42,17.0,50.22,6.5,25.5,24.0,27,87.5,90,85,204.11111111111111,1.9168,Feb,March to July,Aug to Sep,1198,watermelon
Khulna,Rabi,Karala,253,99.42,17.0,50.22,6.5,25.5,24.0,27,87.5,90,85,144.96843434343435,1.071146245,Feb,March to July,Aug to Sep,271,watermelon
Kishoreganj,Rabi,Karala,519,99.42,17.0,50.22,6.5,25.5,24.0,27,87.5,90,85,181.08838383838383,2.597302505,Feb,March to July,Aug to Sep,1348,watermelon
Kurigram,Rabi,Karala,410,99.42,17.0,50.22,6.5,25.5,24.0,27,87.5,90,85,179.6013888888889,2.117073171,Feb,March to July,Aug to Sep,868,watermelon
Kushtia,Rabi,Karala,380,99.42,17.0,50.22,6.5,25.5,24.0,27,87.5,90,85,129.44444444444446,2.360526316,Feb,March to July,Aug to Sep,897,watermelon
Lakshmipur,Rabi,Karala,139,99.42,17.0,50.22,6.5,25.5,24.0,27,87.5,90,85,185.75631313131316,1.165467626,Feb,March to July,Aug to Sep,162,watermelon
Lalmonirhat,Rabi,Karala,288,99.42,17.0,50.22,6.5,25.5,24.0,27,87.5,90,85,179.6013888888889,2.194444444,Feb,March to July,Aug to Sep,632,watermelon
Madaripur,Rabi,Karala,191,99.42,17.0,50.22,6.5,25.5,24.0,27,87.5,90,85,160.41666666666666,2.251308901,Feb,March to July,Aug to Sep,430,watermelon
Magura,Rabi,Karala,114,99.42,17.0,50.22,6.5,25.5,24.0,27,87.5,90,85,134.2247474747475,2.631578947,Feb,March to July,Aug to Sep,300,watermelon
Manikganj,Rabi,Karala,305,99.42,17.0,50.22,6.5,25.5,24.0,27,87.5,90,85,169.94262295081967,5.704918033,Feb,March to July,Aug to Sep,1740,watermelon
Meherpur,Rabi,Karala,238,99.42,17.0,50.22,6.5,25.5,24.0,27,87.5,90,85,129.44444444444446,3.054621849,Feb,March to July,Aug to Sep,727,watermelon
Moulvibazar,Rabi,Karala,192,99.42,17.0,50.22,6.5,25.5,24.0,27,87.5,90,85,333.72557471264366,1.90625,Feb,March to July,Aug to Sep,366,watermelon
Munshiganj,Rabi,Karala,522,99.42,17.0,50.22,6.5,25.5,24.0,27,87.5,90,85,169.94262295081967,1.068965517,Feb,March to July,Aug to Sep,558,watermelon
Mymensingh,Rabi,Karala,1166,99.42,17.0,50.22,6.5,25.5,24.0,27,87.5,90,85,181.08838383838383,2.20754717,Feb,March to July,Aug to Sep,2574,watermelon
Naogaon,Rabi,Karala,1600,99.42,17.0,50.22,6.5,25.5,24.0,27,87.5,90,85,124.92,2.3975,Feb,March to July,Aug to Sep,3836,watermelon
Narail,Rabi,Karala,207,99.42,17.0,50.22,6.5,25.5,24.0,27,87.5,90,85,134.2247474747475,2.937198068,Feb,March to July,Aug to Sep,608,watermelon
Narayanganj,Rabi,Karala,232,99.42,17.0,50.22,6.5,25.5,24.0,27,87.5,90,85,169.94262295081967,1.271551724,Feb,March to July,Aug to Sep,295,watermelon
Narsingdi,Rabi,Karala,317,99.42,17.0,50.22,6.5,25.5,24.0,27,87.5,90,85,169.94262295081967,2.123028391,Feb,March to July,Aug to Sep,673,watermelon
Natore,Rabi,Karala,456,99.42,17.0,50.22,6.5,25.5,24.0,27,87.5,90,85,124.92,1.890350877,Feb,March to July,Aug to Sep,862,watermelon
Netrokona,Rabi,Karala,255,99.42,17.0,50.22,6.5,25.5,24.0,27,87.5,90,85,181.08838383838383,2.02745098,Feb,March to July,Aug to Sep,517,watermelon
Nilphamari,Rabi,Karala,290,99.42,17.0,50.22,6.5,25.5,24.0,27,87.5,90,85,179.6013888888889,2.85862069,Feb,March to July,Aug to Sep,829,watermelon
Noakhali,Rabi,Karala,213,99.42,17.0,50.22,6.5,25.5,24.0,27,87.5,90,85,185.75631313131316,1.535211268,Feb,March to July,Aug to Sep,327,watermelon
Pabna,Rabi,Karala,813,99.42,17.0,50.22,6.5,25.5,24.0,27,87.5,90,85,124.92,1.6900369,Feb,March to July,Aug to Sep,1374,watermelon
Panchagar,Rabi,Karala,461,99.42,17.0,50.22,6.5,25.5,24.0,27,87.5,90,85,154.21843434343435,2.830802603,Feb,March to July,Aug to Sep,1305,watermelon
Patuakhali,Rabi,Karala,139,99.42,17.0,50.22,6.5,25.5,24.0,27,87.5,90,85,207.8076923076923,1.690647482,Feb,March to July,Aug to Sep,235,watermelon
Pirojpur,Rabi,Karala,417,99.42,17.0,50.22,6.5,25.5,24.0,27,87.5,90,85,175.42564102564103,1.980815348,Feb,March to July,Aug to Sep,826,watermelon
Rajbari,Rabi,Karala,329,99.42,17.0,50.22,6.5,25.5,24.0,27,87.5,90,85,155.864898989899,1.872340426,Feb,March to July,Aug to Sep,616,watermelon
Rajshahi,Rabi,Karala,872,99.42,17.0,50.22,6.5,25.5,24.0,27,87.5,90,85,124.92,2.591743119,Feb,March to July,Aug to Sep,2260,watermelon
Rangamati,Rabi,Karala,519,99.42,17.0,50.22,6.5,25.5,24.0,27,87.5,90,85,204.11111111111111,1.518304432,Feb,March to July,Aug to Sep,788,watermelon
Rangpur,Rabi,Karala,932,99.42,17.0,50.22,6.5,25.5,24.0,27,87.5,90,85,179.6013888888889,2.001072961,Feb,March to July,Aug to Sep,1865,watermelon
Satkhira,Rabi,Karala,197,99.42,17.0,50.22,6.5,25.5,24.0,27,87.5,90,85,140.35353535353536,2.705583756,Feb,March to July,Aug to Sep,533,watermelon
Shariatpur,Rabi,Karala,314,99.42,17.0,50.22,6.5,25.5,24.0,27,87.5,90,85,155.864898989899,3.812101911,Feb,March to July,Aug to Sep,1197,watermelon
Sherpur,Rabi,Karala,269,99.42,17.0,50.22,6.5,25.5,24.0,27,87.5,90,85,181.08838383838383,2.780669145,Feb,March to July,Aug to Sep,748,watermelon
Sirajganj,Rabi,Karala,324,99.42,17.0,50.22,6.5,25.5,24.0,27,87.5,90,85,142.85416666666666,2.163580247,Feb,March to July,Aug to Sep,701,watermelon
Sunamganj,Rabi,Karala,221,99.42,17.0,50.22,6.5,25.5,24.0,27,87.5,90,85,333.72557471264366,1.787330317,Feb,March to July,Aug to Sep,395,watermelon
Sylhet,Rabi,Karala,349,99.42,17.0,50.22,6.5,25.5,24.0,27,87.5,90,85,333.72557471264366,1.303724928,Feb,March to July,Aug to Sep,455,watermelon
Tangail,Rabi,Karala,497,99.42,17.0,50.22,6.5,25.5,24.0,27,87.5,90,85,153.4104938271605,1.883299799,Feb,March to July,Aug to Sep,936,watermelon
Thakurgaon,Rabi,Karala,470,99.42,17.0,50.22,6.5,25.5,24.0,27,87.5,90,85,154.21843434343435,1.531914894,Feb,March to July,Aug to Sep,720,watermelon
Bagerhat,Kharif 1,Kolmi Shak,51,77.76,48.44,19.79,6.25,27.5,20.0,35,90.0,100,80,144.96843434343435,0.5294117647,March,April to Aug,Sep to Oct,27,maize
Bandarban,Kharif 1,Kolmi Shak,105,77.76,48.44,19.79,6.25,27.5,20.0,35,90.0,100,80,243.94444444444449,1.238095238,March,April to Aug,Sep to Oct,130,maize
Barguna,Kharif 1,Kolmi Shak,23,77.76,48.44,19.79,6.25,27.5,20.0,35,90.0,100,80,207.8076923076923,1.695652174,March,April to Aug,Sep to Oct,39,maize
Barishal,Kharif 1,Kolmi Shak,228,77.76,48.44,19.79,6.25,27.5,20.0,35,90.0,100,80,175.42564102564103,1.157894737,March,April to Aug,Sep to Oct,264,maize
Bhola,Kharif 1,Kolmi Shak,171,77.76,48.44,19.79,6.25,27.5,20.0,35,90.0,100,80,185.23090277777777,1.421052632,March,April to Aug,Sep to Oct,243,maize
Bogura,Kharif 1,Kolmi Shak,53,77.76,48.44,19.79,6.25,27.5,20.0,35,90.0,100,80,142.85416666666666,3.018867925,March,April to Aug,Sep to Oct,160,maize
Brahmanbaria,Kharif 1,Kolmi Shak,151,77.76,48.44,19.79,6.25,27.5,20.0,35,90.0,100,80,185.75631313131316,2.437086093,March,April to Aug,Sep to Oct,368,maize
Chandpur,Kharif 1,Kolmi Shak,71,77.76,48.44,19.79,6.25,27.5,20.0,35,90.0,100,80,168.796875,1.901408451,March,April to Aug,Sep to Oct,135,maize
Chapai Nawabganj,Kharif 1,Kolmi Shak,6,77.76,48.44,19.79,6.25,27.5,20.0,35,90.0,100,80,124.92,0.6666666667,March,April to Aug,Sep to Oct,4,maize
Chattogram,Kharif 1,Kolmi Shak,143,77.76,48.44,19.79,6.25,27.5,20.0,35,90.0,100,80,243.94444444444449,1.566433566,March,April to Aug,Sep to Oct,224,maize
Chuadanga,Kharif 1,Kolmi Shak,71,77.76,48.44,19.79,6.25,27.5,20.0,35,90.0,100,80,129.44444444444446,2.549295775,March,April to Aug,Sep to Oct,181,maize
CoxsBazar,Kharif 1,Kolmi Shak,81,77.76,48.44,19.79,6.25,27.5,20.0,35,90.0,100,80,303.40277777777777,2.790123457,March,April to Aug,Sep to Oct,226,maize
Cumilla,Kharif 1,Kolmi Shak,236,77.76,48.44,19.79,6.25,27.5,20.0,35,90.0,100,80,185.75631313131316,3.279661017,March,April to Aug,Sep to Oct,774,maize
Dhaka,Kharif 1,Kolmi Shak,133,77.76,48.44,19.79,6.25,27.5,20.0,35,90.0,100,80,169.94262295081967,2.887218045,March,April to Aug,Sep to Oct,384,maize
Dinajpur,Kharif 1,Kolmi Shak,106,77.76,48.44,19.79,6.25,27.5,20.0,35,90.0,100,80,154.21843434343435,1.273584906,March,April to Aug,Sep to Oct,135,maize
Faridpur,Kharif 1,Kolmi Shak,137,77.76,48.44,19.79,6.25,27.5,20.0,35,90.0,100,80,155.864898989899,2.854014599,March,April to Aug,Sep to Oct,391,maize
Feni,Kharif 1,Kolmi Shak,42,77.76,48.44,19.79,6.25,27.5,20.0,35,90.0,100,80,248.1727642276423,2.357142857,March,April to Aug,Sep to Oct,99,maize
Gaibandha,Kharif 1,Kolmi Shak,84,77.76,48.44,19.79,6.25,27.5,20.0,35,90.0,100,80,179.6013888888889,1.845238095,March,April to Aug,Sep to Oct,155,maize
Gazipur,Kharif 1,Kolmi Shak,37,77.76,48.44,19.79,6.25,27.5,20.0,35,90.0,100,80,169.94262295081967,1.189189189,March,April to Aug,Sep to Oct,44,maize
Gopalganj,Kharif 1,Kolmi Shak,60,77.76,48.44,19.79,6.25,27.5,20.0,35,90.0,100,80,155.864898989899,1.283333333,March,April to Aug,Sep to Oct,77,maize
Habiganj,Kharif 1,Kolmi Shak,35,77.76,48.44,19.79,6.25,27.5,20.0,35,90.0,100,80,333.72557471264366,1.085714286,March,April to Aug,Sep to Oct,38,maize
Jamalpur,Kharif 1,Kolmi Shak,190,77.76,48.44,19.79,6.25,27.5,20.0,35,90.0,100,80,181.08838383838383,1.742105263,March,April to Aug,Sep to Oct,331,maize
Jashore,Kharif 1,Kolmi Shak,0,77.76,48.44,19.79,6.25,27.5,20.0,35,90.0,100,80,134.2247474747475,2.518413598,March,April to Aug,Sep to Oct,0,maize
Jhallokati,Kharif 1,Kolmi Shak,103,77.76,48.44,19.79,6.25,27.5,20.0,35,90.0,100,80,175.42564102564103,1.203883495,March,April to Aug,Sep to Oct,124,maize
Jhenaidah,Kharif 1,Kolmi Shak,57,77.76,48.44,19.79,6.25,27.5,20.0,35,90.0,100,80,134.2247474747475,1.333333333,March,April to Aug,Sep to Oct,76,maize
Joypurhat,Kharif 1,Kolmi Shak,59,77.76,48.44,19.79,6.25,27.5,20.0,35,90.0,100,80,142.85416666666666,1.86440678,March,April to Aug,Sep to Oct,110,maize
Khagrachari,Kharif 1,Kolmi Shak,205,77.76,48.44,19.79,6.25,27.5,20.0,35,90.0,100,80,204.11111111111111,1.687804878,March,April to Aug,Sep to Oct,346,maize
Khulna,Kharif 1,Kolmi Shak,29,77.76,48.44,19.79,6.25,27.5,20.0,35,90.0,100,80,144.96843434343435,1.103448276,March,April to Aug,Sep to Oct,32,maize
Kishoreganj,Kharif 1,Kolmi Shak,11,77.76,48.44,19.79,6.25,27.5,20.0,35,90.0,100,80,181.08838383838383,2.272727273,March,April to Aug,Sep to Oct,25,maize
Kurigram,Kharif 1,Kolmi Shak,154,77.76,48.44,19.79,6.25,27.5,20.0,35,90.0,100,80,179.6013888888889,1.597402597,March,April to Aug,Sep to Oct,246,maize
Kushtia,Kharif 1,Kolmi Shak,0,77.76,48.44,19.79,6.25,27.5,20.0,35,90.0,100,80,129.44444444444446,2.518413598,March,April to Aug,Sep to Oct,0,maize
Lakshmipur,Kharif 1,Kolmi Shak,138,77.76,48.44,19.79,6.25,27.5,20.0,35,90.0,100,80,185.75631313131316,2.847826087,March,April to Aug,Sep to Oct,393,maize
Lalmonirhat,Kharif 1,Kolmi Shak,96,77.76,48.44,19.79,6.25,27.5,20.0,35,90.0,100,80,179.6013888888889,1.864583333,March,April to Aug,Sep to Oct,179,maize
Madaripur,Kharif 1,Kolmi Shak,41,77.76,48.44,19.79,6.25,27.5,20.0,35,90.0,100,80,160.41666666666666,1.487804878,March,April to Aug,Sep to Oct,61,maize
Magura,Kharif 1,Kolmi Shak,12,77.76,48.44,19.79,6.25,27.5,20.0,35,90.0,100,80,134.2247474747475,1.083333333,March,April to Aug,Sep to Oct,13,maize
Manikganj,Kharif 1,Kolmi Shak,0,77.76,48.44,19.79,6.25,27.5,20.0,35,90.0,100,80,169.94262295081967,2.518413598,March,April to Aug,Sep to Oct,0,maize
Meherpur,Kharif 1,Kolmi Shak,24,77.76,48.44,19.79,6.25,27.5,20.0,35,90.0,100,80,129.44444444444446,2.708333333,March,April to Aug,Sep to Oct,65,maize
Moulvibazar,Kharif 1,Kolmi Shak,68,77.76,48.44,19.79,6.25,27.5,20.0,35,90.0,100,80,333.72557471264366,0.9411764706,March,April to Aug,Sep to Oct,64,maize
Munshiganj,Kharif 1,Kolmi Shak,52,77.76,48.44,19.79,6.25,27.5,20.0,35,90.0,100,80,169.94262295081967,1.480769231,March,April to Aug,Sep to Oct,77,maize
Mymensingh,Kharif 1,Kolmi Shak,238,77.76,48.44,19.79,6.25,27.5,20.0,35,90.0,100,80,181.08838383838383,2.571428571,March,April to Aug,Sep to Oct,612,maize
Naogaon,Kharif 1,Kolmi Shak,61,77.76,48.44,19.79,6.25,27.5,20.0,35,90.0,100,80,124.92,2.295081967,March,April to Aug,Sep to Oct,140,maize
Narail,Kharif 1,Kolmi Shak,37,77.76,48.44,19.79,6.25,27.5,20.0,35,90.0,100,80,134.2247474747475,1.108108108,March,April to Aug,Sep to Oct,41,maize
Narayanganj,Kharif 1,Kolmi Shak,61,77.76,48.44,19.79,6.25,27.5,20.0,35,90.0,100,80,169.94262295081967,1.524590164,March,April to Aug,Sep to Oct,93,maize
Narsingdi,Kharif 1,Kolmi Shak,4,77.76,48.44,19.79,6.25,27.5,20.0,35,90.0,100,80,169.94262295081967,2.75,March,April to Aug,Sep to Oct,11,maize
Natore,Kharif 1,Kolmi Shak,33,77.76,48.44,19.79,6.25,27.5,20.0,35,90.0,100,80,124.92,1.727272727,March,April to Aug,Sep to Oct,57,maize
Netrokona,Kharif 1,Kolmi Shak,71,77.76,48.44,19.79,6.25,27.5,20.0,35,90.0,100,80,181.08838383838383,1.76056338,March,April to Aug,Sep to Oct,125,maize
Nilphamari,Kharif 1,Kolmi Shak,147,77.76,48.44,19.79,6.25,27.5,20.0,35,90.0,100,80,179.6013888888889,1.816326531,March,April to Aug,Sep to Oct,267,maize
Noakhali,Kharif 1,Kolmi Shak,175,77.76,48.44,19.79,6.25,27.5,20.0,35,90.0,100,80,185.75631313131316,1.925714286,March,April to Aug,Sep to Oct,337,maize
Pabna,Kharif 1,Kolmi Shak,26,77.76,48.44,19.79,6.25,27.5,20.0,35,90.0,100,80,124.92,1.807692308,March,April to Aug,Sep to Oct,47,maize
Panchagar,Kharif 1,Kolmi Shak,186,77.76,48.44,19.79,6.25,27.5,20.0,35,90.0,100,80,154.21843434343435,1.258064516,March,April to Aug,Sep to Oct,234,maize
Patuakhali,Kharif 1,Kolmi Shak,72,77.76,48.44,19.79,6.25,27.5,20.0,35,90.0,100,80,207.8076923076923,1.180555556,March,April to Aug,Sep to Oct,85,maize
Pirojpur,Kharif 1,Kolmi Shak,0,77.76,48.44,19.79,6.25,27.5,20.0,35,90.0,100,80,175.42564102564103,2.518413598,March,April to Aug,Sep to Oct,0,maize
Rajbari,Kharif 1,Kolmi Shak,0,77.76,48.44,19.79,6.25,27.5,20.0,35,90.0,100,80,155.864898989899,2.518413598,March,April to Aug,Sep to Oct,0,maize
Rajshahi,Kharif 1,Kolmi Shak,50,77.76,48.44,19.79,6.25,27.5,20.0,35,90.0,100,80,124.92,1.68,March,April to Aug,Sep to Oct,84,maize
Rangamati,Kharif 1,Kolmi Shak,99,77.76,48.44,19.79,6.25,27.5,20.0,35,90.0,100,80,204.11111111111111,2.292929293,March,April to Aug,Sep to Oct,227,maize
Rangpur,Kharif 1,Kolmi Shak,290,77.76,48.44,19.79,6.25,27.5,20.0,35,90.0,100,80,179.6013888888889,2.0,March,April to Aug,Sep to Oct,580,maize
Satkhira,Kharif 1,Kolmi Shak,30,77.76,48.44,19.79,6.25,27.5,20.0,35,90.0,100,80,140.35353535353536,0.8333333333,March,April to Aug,Sep to Oct,25,maize
Shariatpur,Kharif 1,Kolmi Shak,32,77.76,48.44,19.79,6.25,27.5,20.0,35,90.0,100,80,155.864898989899,1.375,March,April to Aug,Sep to Oct,44,maize
Sherpur,Kharif 1,Kolmi Shak,108,77.76,48.44,19.79,6.25,27.5,20.0,35,90.0,100,80,181.08838383838383,3.157407407,March,April to Aug,Sep to Oct,341,maize
Sirajganj,Kharif 1,Kolmi Shak,102,77.76,48.44,19.79,6.25,27.5,20.0,35,90.0,100,80,142.85416666666666,1.705882353,March,April to Aug,Sep to Oct,174,maize
Sunamganj,Kharif 1,Kolmi Shak,32,77.76,48.44,19.79,6.25,27.5,20.0,35,90.0,100,80,333.72557471264366,1.9375,March,April to Aug,Sep to Oct,62,maize
Sylhet,Kharif 1,Kolmi Shak,60,77.76,48.44,19.79,6.25,27.5,20.0,35,90.0,100,80,333.72557471264366,1.5,March,April to Aug,Sep to Oct,90,maize
Tangail,Kharif 1,Kolmi Shak,226,77.76,48.44,19.79,6.25,27.5,20.0,35,90.0,100,80,153.4104938271605,4.026548673,March,April to Aug,Sep to Oct,910,maize
Thakurgaon,Kharif 1,Kolmi Shak,58,77.76,48.44,19.79,6.25,27.5,20.0,35,90.0,100,80,154.21843434343435,1.189655172,March,April to Aug,Sep to Oct,69,maize
Bagerhat,Kharif 1,Lady’s Finger,454,50.55181818181818,53.36272727272726,48.149090909090894,6.47,20.0,10.0,30,80.0,85,75,144.96843434343435,1.36123348,April,May to June,June to Sep,618,
Bandarban,Kharif 1,Lady’s Finger,226,50.55181818181818,53.36272727272726,48.149090909090894,6.47,20.0,10.0,30,80.0,85,75,243.94444444444449,2.362831858,April,May to June,June to Sep,534,
Barguna,Kharif 1,Lady’s Finger,120,50.55181818181818,53.36272727272726,48.149090909090894,6.47,20.0,10.0,30,80.0,85,75,207.8076923076923,2.025,April,May to June,June to Sep,243,
Barishal,Kharif 1,Lady’s Finger,423,50.55181818181818,53.36272727272726,48.149090909090894,6.47,20.0,10.0,30,80.0,85,75,175.42564102564103,1.628841608,April,May to June,June to Sep,689,
Bhola,Kharif 1,Lady’s Finger,307,50.55181818181818,53.36272727272726,48.149090909090894,6.47,20.0,10.0,30,80.0,85,75,185.23090277777777,2.315960912,April,May to June,June to Sep,711,
Bogura,Kharif 1,Lady’s Finger,359,50.55181818181818,53.36272727272726,48.149090909090894,6.47,20.0,10.0,30,80.0,85,75,142.85416666666666,2.883008357,April,May to June,June to Sep,1035,
Brahmanbaria,Kharif 1,Lady’s Finger,1047,50.55181818181818,53.36272727272726,48.149090909090894,6.47,20.0,10.0,30,80.0,85,75,185.75631313131316,3.11843362,April,May to June,June to Sep,3265,
Chandpur,Kharif 1,Lady’s Finger,261,50.55181818181818,53.36272727272726,48.149090909090894,6.47,20.0,10.0,30,80.0,85,75,168.796875,1.295019157,April,May to June,June to Sep,338,
Chapai Nawabganj,Kharif 1,Lady’s Finger,347,50.55181818181818,53.36272727272726,48.149090909090894,6.47,20.0,10.0,30,80.0,85,75,124.92,1.492795389,April,May to June,June to Sep,518,
Chattogram,Kharif 1,Lady’s Finger,1341,50.55181818181818,53.36272727272726,48.149090909090894,6.47,20.0,10.0,30,80.0,85,75,243.94444444444449,1.625652498,April,May to June,June to Sep,2180,
Chuadanga,Kharif 1,Lady’s Finger,602,50.55181818181818,53.36272727272726,48.149090909090894,6.47,20.0,10.0,30,80.0,85,75,129.44444444444446,2.99833887,April,May to June,June to Sep,1805,
CoxsBazar,Kharif 1,Lady’s Finger,421,50.55181818181818,53.36272727272726,48.149090909090894,6.47,20.0,10.0,30,80.0,85,75,303.40277777777777,2.095011876,April,May to June,June to Sep,882,
Cumilla,Kharif 1,Lady’s Finger,548,50.55181818181818,53.36272727272726,48.149090909090894,6.47,20.0,10.0,30,80.0,85,75,185.75631313131316,1.888686131,April,May to June,June to Sep,1035,
Dhaka,Kharif 1,Lady’s Finger,779,50.55181818181818,53.36272727272726,48.149090909090894,6.47,20.0,10.0,30,80.0,85,75,169.94262295081967,1.779204108,April,May to June,June to Sep,1386,
Dinajpur,Kharif 1,Lady’s Finger,577,50.55181818181818,53.36272727272726,48.149090909090894,6.47,20.0,10.0,30,80.0,85,75,154.21843434343435,1.710571924,April,May to June,June to Sep,987,
Faridpur,Kharif 1,Lady’s Finger,483,50.55181818181818,53.36272727272726,48.149090909090894,6.47,20.0,10.0,30,80.0,85,75,155.864898989899,1.507246377,April,May to June,June to Sep,728,
Feni,Kharif 1,Lady’s Finger,120,50.55181818181818,53.36272727272726,48.149090909090894,6.47,20.0,10.0,30,80.0,85,75,248.1727642276423,1.033333333,April,May to June,June to Sep,124,
Gaibandha,Kharif 1,Lady’s Finger,255,50.55181818181818,53.36272727272726,48.149090909090894,6.47,20.0,10.0,30,80.0,85,75,179.6013888888889,1.823529412,April,May to June,June to Sep,465,
Gazipur,Kharif 1,Lady’s Finger,305,50.55181818181818,53.36272727272726,48.149090909090894,6.47,20.0,10.0,30,80.0,85,75,169.94262295081967,1.31147541,April,May to June,June to Sep,400,
Gopalganj,Kharif 1,Lady’s Finger,209,50.55181818181818,53.36272727272726,48.149090909090894,6.47,20.0,10.0,30,80.0,85,75,155.864898989899,1.196172249,April,May to June,June to Sep,250,
Habiganj,Kharif 1,Lady’s Finger,255,50.55181818181818,53.36272727272726,48.149090909090894,6.47,20.0,10.0,30,80.0,85,75,333.72557471264366,1.717647059,April,May to June,June to Sep,438,
Jamalpur,Kharif 1,Lady’s Finger,604,50.55181818181818,53.36272727272726,48.149090909090894,6.47,20.0,10.0,30,80.0,85,75,181.08838383838383,1.740066225,April,May to June,June to Sep,1051,
Jashore,Kharif 1,Lady’s Finger,943,50.55181818181818,53.36272727272726,48.149090909090894,6.47,20.0,10.0,30,80.0,85,75,134.2247474747475,3.20678685,April,May to June,June to Sep,3024,
Jhallokati,Kharif 1,Lady’s Finger,273,50.55181818181818,53.36272727272726,48.149090909090894,6.47,20.0,10.0,30,80.0,85,75,175.42564102564103,1.838827839,April,May to June,June to Sep,502,
Jhenaidah,Kharif 1,Lady’s Finger,533,50.55181818181818,53.36272727272726,48.149090909090894,6.47,20.0,10.0,30,80.0,85,75,134.2247474747475,2.82739212,April,May to June,June to Sep,1507,
Joypurhat,Kharif 1,Lady’s Finger,185,50.55181818181818,53.36272727272726,48.149090909090894,6.47,20.0,10.0,30,80.0,85,75,142.85416666666666,2.448648649,April,May to June,June to Sep,453,
Khagrachari,Kharif 1,Lady’s Finger,546,50.55181818181818,53.36272727272726,48.149090909090894,6.47,20.0,10.0,30,80.0,85,75,204.11111111111111,1.875457875,April,May to June,June to Sep,1024,
Khulna,Kharif 1,Lady’s Finger,351,50.55181818181818,53.36272727272726,48.149090909090894,6.47,20.0,10.0,30,80.0,85,75,144.96843434343435,1.521367521,April,May to June,June to Sep,534,
Kishoreganj,Kharif 1,Lady’s Finger,361,50.55181818181818,53.36272727272726,48.149090909090894,6.47,20.0,10.0,30,80.0,85,75,181.08838383838383,2.831024931,April,May to June,June to Sep,1022,
Kurigram,Kharif 1,Lady’s Finger,434,50.55181818181818,53.36272727272726,48.149090909090894,6.47,20.0,10.0,30,80.0,85,75,179.6013888888889,1.744239631,April,May to June,June to Sep,757,
Kushtia,Kharif 1,Lady’s Finger,653,50.55181818181818,53.36272727272726,48.149090909090894,6.47,20.0,10.0,30,80.0,85,75,129.44444444444446,4.457886677,April,May to June,June to Sep,2911,
Lakshmipur,Kharif 1,Lady’s Finger,642,50.55181818181818,53.36272727272726,48.149090909090894,6.47,20.0,10.0,30,80.0,85,75,185.75631313131316,3.199376947,April,May to June,June to Sep,2054,
Lalmonirhat,Kharif 1,Lady’s Finger,316,50.55181818181818,53.36272727272726,48.149090909090894,6.47,20.0,10.0,30,80.0,85,75,179.6013888888889,2.212025316,April,May to June,June to Sep,699,
Madaripur,Kharif 1,Lady’s Finger,275,50.55181818181818,53.36272727272726,48.149090909090894,6.47,20.0,10.0,30,80.0,85,75,160.41666666666666,3.181818182,April,May to June,June to Sep,875,
Magura,Kharif 1,Lady’s Finger,129,50.55181818181818,53.36272727272726,48.149090909090894,6.47,20.0,10.0,30,80.0,85,75,134.2247474747475,2.635658915,April,May to June,June to Sep,340,
Manikganj,Kharif 1,Lady’s Finger,372,50.55181818181818,53.36272727272726,48.149090909090894,6.47,20.0,10.0,30,80.0,85,75,169.94262295081967,3.333333333,April,May to June,June to Sep,1240,
Meherpur,Kharif 1,Lady’s Finger,272,50.55181818181818,53.36272727272726,48.149090909090894,6.47,20.0,10.0,30,80.0,85,75,129.44444444444446,3.455882353,April,May to June,June to Sep,940,
Moulvibazar,Kharif 1,Lady’s Finger,303,50.55181818181818,53.36272727272726,48.149090909090894,6.47,20.0,10.0,30,80.0,85,75,333.72557471264366,1.330033003,April,May to June,June to Sep,403,
Munshiganj,Kharif 1,Lady’s Finger,496,50.55181818181818,53.36272727272726,48.149090909090894,6.47,20.0,10.0,30,80.0,85,75,169.94262295081967,3.377016129,April,May to June,June to Sep,1675,
Mymensingh,Kharif 1,Lady’s Finger,1105,50.55181818181818,53.36272727272726,48.149090909090894,6.47,20.0,10.0,30,80.0,85,75,181.08838383838383,2.014479638,April,May to June,June to Sep,2226,
Naogaon,Kharif 1,Lady’s Finger,427,50.55181818181818,53.36272727272726,48.149090909090894,6.47,20.0,10.0,30,80.0,85,75,124.92,1.826697892,April,May to June,June to Sep,780,
Narail,Kharif 1,Lady’s Finger,324,50.55181818181818,53.36272727272726,48.149090909090894,6.47,20.0,10.0,30,80.0,85,75,134.2247474747475,3.475308642,April,May to June,June to Sep,1126,
Narayanganj,Kharif 1,Lady’s Finger,428,50.55181818181818,53.36272727272726,48.149090909090894,6.47,20.0,10.0,30,80.0,85,75,169.94262295081967,1.679906542,April,May to June,June to Sep,719,
Narsingdi,Kharif 1,Lady’s Finger,332,50.55181818181818,53.36272727272726,48.149090909090894,6.47,20.0,10.0,30,80.0,85,75,169.94262295081967,2.271084337,April,May to June,June to Sep,754,
Natore,Kharif 1,Lady’s Finger,666,50.55181818181818,53.36272727272726,48.149090909090894,6.47,20.0,10.0,30,80.0,85,75,124.92,1.238738739,April,May to June,June to Sep,825,
Netrokona,Kharif 1,Lady’s Finger,410,50.55181818181818,53.36272727272726,48.149090909090894,6.47,20.0,10.0,30,80.0,85,75,181.08838383838383,2.546341463,April,May to June,June to Sep,1044,
Nilphamari,Kharif 1,Lady’s Finger,226,50.55181818181818,53.36272727272726,48.149090909090894,6.47,20.0,10.0,30,80.0,85,75,179.6013888888889,2.411504425,April,May to June,June to Sep,545,
Noakhali,Kharif 1,Lady’s Finger,330,50.55181818181818,53.36272727272726,48.149090909090894,6.47,20.0,10.0,30,80.0,85,75,185.75631313131316,2.475757576,April,May to June,June to Sep,817,
Pabna,Kharif 1,Lady’s Finger,1055,50.55181818181818,53.36272727272726,48.149090909090894,6.47,20.0,10.0,30,80.0,85,75,124.92,2.15450237,April,May to June,June to Sep,2273,
Panchagar,Kharif 1,Lady’s Finger,490,50.55181818181818,53.36272727272726,48.149090909090894,6.47,20.0,10.0,30,80.0,85,75,154.21843434343435,2.953061224,April,May to June,June to Sep,1447,
Patuakhali,Kharif 1,Lady’s Finger,117,50.55181818181818,53.36272727272726,48.149090909090894,6.47,20.0,10.0,30,80.0,85,75,207.8076923076923,1.666666667,April,May to June,June to Sep,195,
Pirojpur,Kharif 1,Lady’s Finger,217,50.55181818181818,53.36272727272726,48.149090909090894,6.47,20.0,10.0,30,80.0,85,75,175.42564102564103,1.31797235,April,May to June,June to Sep,286,
Rajbari,Kharif 1,Lady’s Finger,761,50.55181818181818,53.36272727272726,48.149090909090894,6.47,20.0,10.0,30,80.0,85,75,155.864898989899,4.403416557,April,May to June,June to Sep,3351,
Rajshahi,Kharif 1,Lady’s Finger,646,50.55181818181818,53.36272727272726,48.149090909090894,6.47,20.0,10.0,30,80.0,85,75,124.92,3.417956656,April,May to June,June to Sep,2208,
Rangamati,Kharif 1,Lady’s Finger,542,50.55181818181818,53.36272727272726,48.149090909090894,6.47,20.0,10.0,30,80.0,85,75,204.11111111111111,1.477859779,April,May to June,June to Sep,801,
Rangpur,Kharif 1,Lady’s Finger,441,50.55181818181818,53.36272727272726,48.149090909090894,6.47,20.0,10.0,30,80.0,85,75,179.6013888888889,1.675736961,April,May to June,June to Sep,739,
Satkhira,Kharif 1,Lady’s Finger,781,50.55181818181818,53.36272727272726,48.149090909090894,6.47,20.0,10.0,30,80.0,85,75,140.35353535353536,2.733674776,April,May to June,June to Sep,2135,
Shariatpur,Kharif 1,Lady’s Finger,233,50.55181818181818,53.36272727272726,48.149090909090894,6.47,20.0,10.0,30,80.0,85,75,155.864898989899,5.055793991,April,May to June,June to Sep,1178,
Sherpur,Kharif 1,Lady’s Finger,680,50.55181818181818,53.36272727272726,48.149090909090894,6.47,20.0,10.0,30,80.0,85,75,181.08838383838383,2.517647059,April,May to June,June to Sep,1712,
Sirajganj,Kharif 1,Lady’s Finger,484,50.55181818181818,53.36272727272726,48.149090909090894,6.47,20.0,10.0,30,80.0,85,75,142.85416666666666,1.564049587,April,May to June,June to Sep,757,
Sunamganj,Kharif 1,Lady’s Finger,424,50.55181818181818,53.36272727272726,48.149090909090894,6.47,20.0,10.0,30,80.0,85,75,333.72557471264366,2.891509434,April,May to June,June to Sep,1226,
Sylhet,Kharif 1,Lady’s Finger,248,50.55181818181818,53.36272727272726,48.149090909090894,6.47,20.0,10.0,30,80.0,85,75,333.72557471264366,1.076612903,April,May to June,June to Sep,267,
Tangail,Kharif 1,Lady’s Finger,1138,50.55181818181818,53.36272727272726,48.149090909090894,6.47,20.0,10.0,30,80.0,85,75,153.4104938271605,1.98857645,April,May to June,June to Sep,2263,
Thakurgaon,Kharif 1,Lady’s Finger,480,50.55181818181818,53.36272727272726,48.149090909090894,6.47,20.0,10.0,30,80.0,85,75,154.21843434343435,1.908333333,April,May to June,June to Sep,916,
Bagerhat,Rabi,Lal Shak,559,77.76,48.44,19.79,6.25,20.0,15.0,25,75.0,80,70,144.96843434343435,1.516994633,Sep,Oct to Nov,Nov to Feb,848,maize
Bandarban,Rabi,Lal Shak,190,77.76,48.44,19.79,6.25,20.0,15.0,25,75.0,80,70,243.94444444444449,2.284210526,Sep,Oct to Nov,Nov to Feb,434,maize
Barguna,Rabi,Lal Shak,238,77.76,48.44,19.79,6.25,20.0,15.0,25,75.0,80,70,207.8076923076923,1.62605042,Sep,Oct to Nov,Nov to Feb,387,maize
Barishal,Rabi,Lal Shak,761,77.76,48.44,19.79,6.25,20.0,15.0,25,75.0,80,70,175.42564102564103,1.534822602,Sep,Oct to Nov,Nov to Feb,1168,maize
Bhola,Rabi,Lal Shak,439,77.76,48.44,19.79,6.25,20.0,15.0,25,75.0,80,70,185.23090277777777,1.633257403,Sep,Oct to Nov,Nov to Feb,717,maize
Bogura,Rabi,Lal Shak,357,77.76,48.44,19.79,6.25,20.0,15.0,25,75.0,80,70,142.85416666666666,1.81512605,Sep,Oct to Nov,Nov to Feb,648,maize
Brahmanbaria,Rabi,Lal Shak,720,77.76,48.44,19.79,6.25,20.0,15.0,25,75.0,80,70,185.75631313131316,1.790277778,Sep,Oct to Nov,Nov to Feb,1289,maize
Chandpur,Rabi,Lal Shak,466,77.76,48.44,19.79,6.25,20.0,15.0,25,75.0,80,70,168.796875,1.9527897,Sep,Oct to Nov,Nov to Feb,910,maize
Chapai Nawabganj,Rabi,Lal Shak,358,77.76,48.44,19.79,6.25,20.0,15.0,25,75.0,80,70,124.92,1.972067039,Sep,Oct to Nov,Nov to Feb,706,maize
Chattogram,Rabi,Lal Shak,1105,77.76,48.44,19.79,6.25,20.0,15.0,25,75.0,80,70,243.94444444444449,1.81719457,Sep,Oct to Nov,Nov to Feb,2008,maize
Chuadanga,Rabi,Lal Shak,503,77.76,48.44,19.79,6.25,20.0,15.0,25,75.0,80,70,129.44444444444446,2.252485089,Sep,Oct to Nov,Nov to Feb,1133,maize
CoxsBazar,Rabi,Lal Shak,188,77.76,48.44,19.79,6.25,20.0,15.0,25,75.0,80,70,303.40277777777777,2.79787234,Sep,Oct to Nov,Nov to Feb,526,maize
Cumilla,Rabi,Lal Shak,1293,77.76,48.44,19.79,6.25,20.0,15.0,25,75.0,80,70,185.75631313131316,2.174787316,Sep,Oct to Nov,Nov to Feb,2812,maize
Dhaka,Rabi,Lal Shak,704,77.76,48.44,19.79,6.25,20.0,15.0,25,75.0,80,70,169.94262295081967,4.96875,Sep,Oct to Nov,Nov to Feb,3498,maize
Dinajpur,Rabi,Lal Shak,427,77.76,48.44,19.79,6.25,20.0,15.0,25,75.0,80,70,154.21843434343435,1.43559719,Sep,Oct to Nov,Nov to Feb,613,maize
Faridpur,Rabi,Lal Shak,261,77.76,48.44,19.79,6.25,20.0,15.0,25,75.0,80,70,155.864898989899,2.095785441,Sep,Oct to Nov,Nov to Feb,547,maize
Feni,Rabi,Lal Shak,527,77.76,48.44,19.79,6.25,20.0,15.0,25,75.0,80,70,248.1727642276423,1.89373814,Sep,Oct to Nov,Nov to Feb,998,maize
Gaibandha,Rabi,Lal Shak,315,77.76,48.44,19.79,6.25,20.0,15.0,25,75.0,80,70,179.6013888888889,1.412698413,Sep,Oct to Nov,Nov to Feb,445,maize
Gazipur,Rabi,Lal Shak,336,77.76,48.44,19.79,6.25,20.0,15.0,25,75.0,80,70,169.94262295081967,1.485119048,Sep,Oct to Nov,Nov to Feb,499,maize
Gopalganj,Rabi,Lal Shak,287,77.76,48.44,19.79,6.25,20.0,15.0,25,75.0,80,70,155.864898989899,2.069686411,Sep,Oct to Nov,Nov to Feb,594,maize
Habiganj,Rabi,Lal Shak,253,77.76,48.44,19.79,6.25,20.0,15.0,25,75.0,80,70,333.72557471264366,1.786561265,Sep,Oct to Nov,Nov to Feb,452,maize
Jamalpur,Rabi,Lal Shak,845,77.76,48.44,19.79,6.25,20.0,15.0,25,75.0,80,70,181.08838383838383,1.821301775,Sep,Oct to Nov,Nov to Feb,1539,maize
Jashore,Rabi,Lal Shak,1123,77.76,48.44,19.79,6.25,20.0,15.0,25,75.0,80,70,134.2247474747475,2.310774711,Sep,Oct to Nov,Nov to Feb,2595,maize
Jhallokati,Rabi,Lal Shak,487,77.76,48.44,19.79,6.25,20.0,15.0,25,75.0,80,70,175.42564102564103,1.176591376,Sep,Oct to Nov,Nov to Feb,573,maize
Jhenaidah,Rabi,Lal Shak,729,77.76,48.44,19.79,6.25,20.0,15.0,25,75.0,80,70,134.2247474747475,2.288065844,Sep,Oct to Nov,Nov to Feb,1668,maize
Joypurhat,Rabi,Lal Shak,198,77.76,48.44,19.79,6.25,20.0,15.0,25,75.0,80,70,142.85416666666666,2.04040404,Sep,Oct to Nov,Nov to Feb,404,maize
Khagrachari,Rabi,Lal Shak,363,77.76,48.44,19.79,6.25,20.0,15.0,25,75.0,80,70,204.11111111111111,1.889807163,Sep,Oct to Nov,Nov to Feb,686,maize
Khulna,Rabi,Lal Shak,502,77.76,48.44,19.79,6.25,20.0,15.0,25,75.0,80,70,144.96843434343435,1.639442231,Sep,Oct to Nov,Nov to Feb,823,maize
Kishoreganj,Rabi,Lal Shak,365,77.76,48.44,19.79,6.25,20.0,15.0,25,75.0,80,70,181.08838383838383,1.690410959,Sep,Oct to Nov,Nov to Feb,617,maize
Kurigram,Rabi,Lal Shak,394,77.76,48.44,19.79,6.25,20.0,15.0,25,75.0,80,70,179.6013888888889,1.870558376,Sep,Oct to Nov,Nov to Feb,737,maize
Kushtia,Rabi,Lal Shak,629,77.76,48.44,19.79,6.25,20.0,15.0,25,75.0,80,70,129.44444444444446,3.162162162,Sep,Oct to Nov,Nov to Feb,1989,maize
Lakshmipur,Rabi,Lal Shak,530,77.76,48.44,19.79,6.25,20.0,15.0,25,75.0,80,70,185.75631313131316,1.279245283,Sep,Oct to Nov,Nov to Feb,678,maize
Lalmonirhat,Rabi,Lal Shak,387,77.76,48.44,19.79,6.25,20.0,15.0,25,75.0,80,70,179.6013888888889,1.84754522,Sep,Oct to Nov,Nov to Feb,715,maize
Madaripur,Rabi,Lal Shak,481,77.76,48.44,19.79,6.25,20.0,15.0,25,75.0,80,70,160.41666666666666,1.85031185,Sep,Oct to Nov,Nov to Feb,890,maize
Magura,Rabi,Lal Shak,118,77.76,48.44,19.79,6.25,20.0,15.0,25,75.0,80,70,134.2247474747475,2.033898305,Sep,Oct to Nov,Nov to Feb,240,maize
Manikganj,Rabi,Lal Shak,278,77.76,48.44,19.79,6.25,20.0,15.0,25,75.0,80,70,169.94262295081967,1.755395683,Sep,Oct to Nov,Nov to Feb,488,maize
Meherpur,Rabi,Lal Shak,244,77.76,48.44,19.79,6.25,20.0,15.0,25,75.0,80,70,129.44444444444446,4.028688525,Sep,Oct to Nov,Nov to Feb,983,maize
Moulvibazar,Rabi,Lal Shak,560,77.76,48.44,19.79,6.25,20.0,15.0,25,75.0,80,70,333.72557471264366,2.005357143,Sep,Oct to Nov,Nov to Feb,1123,maize
Munshiganj,Rabi,Lal Shak,414,77.76,48.44,19.79,6.25,20.0,15.0,25,75.0,80,70,169.94262295081967,2.299516908,Sep,Oct to Nov,Nov to Feb,952,maize
Mymensingh,Rabi,Lal Shak,729,77.76,48.44,19.79,6.25,20.0,15.0,25,75.0,80,70,181.08838383838383,2.368998628,Sep,Oct to Nov,Nov to Feb,1727,maize
Naogaon,Rabi,Lal Shak,535,77.76,48.44,19.79,6.25,20.0,15.0,25,75.0,80,70,124.92,1.794392523,Sep,Oct to Nov,Nov to Feb,960,maize
Narail,Rabi,Lal Shak,390,77.76,48.44,19.79,6.25,20.0,15.0,25,75.0,80,70,134.2247474747475,1.905128205,Sep,Oct to Nov,Nov to Feb,743,maize
Narayanganj,Rabi,Lal Shak,560,77.76,48.44,19.79,6.25,20.0,15.0,25,75.0,80,70,169.94262295081967,1.982142857,Sep,Oct to Nov,Nov to Feb,1110,maize
Narsingdi,Rabi,Lal Shak,257,77.76,48.44,19.79,6.25,20.0,15.0,25,75.0,80,70,169.94262295081967,1.260700389,Sep,Oct to Nov,Nov to Feb,324,maize
Natore,Rabi,Lal Shak,513,77.76,48.44,19.79,6.25,20.0,15.0,25,75.0,80,70,124.92,1.980506823,Sep,Oct to Nov,Nov to Feb,1016,maize
Netrokona,Rabi,Lal Shak,187,77.76,48.44,19.79,6.25,20.0,15.0,25,75.0,80,70,181.08838383838383,2.122994652,Sep,Oct to Nov,Nov to Feb,397,maize
Nilphamari,Rabi,Lal Shak,290,77.76,48.44,19.79,6.25,20.0,15.0,25,75.0,80,70,179.6013888888889,2.031034483,Sep,Oct to Nov,Nov to Feb,589,maize
Noakhali,Rabi,Lal Shak,583,77.76,48.44,19.79,6.25,20.0,15.0,25,75.0,80,70,185.75631313131316,1.231560892,Sep,Oct to Nov,Nov to Feb,718,maize
Pabna,Rabi,Lal Shak,620,77.76,48.44,19.79,6.25,20.0,15.0,25,75.0,80,70,124.92,2.472580645,Sep,Oct to Nov,Nov to Feb,1533,maize
Panchagar,Rabi,Lal Shak,534,77.76,48.44,19.79,6.25,20.0,15.0,25,75.0,80,70,154.21843434343435,1.754681648,Sep,Oct to Nov,Nov to Feb,937,maize
Patuakhali,Rabi,Lal Shak,156,77.76,48.44,19.79,6.25,20.0,15.0,25,75.0,80,70,207.8076923076923,0.858974359,Sep,Oct to Nov,Nov to Feb,134,maize
Pirojpur,Rabi,Lal Shak,336,77.76,48.44,19.79,6.25,20.0,15.0,25,75.0,80,70,175.42564102564103,1.014880952,Sep,Oct to Nov,Nov to Feb,341,maize
Rajbari,Rabi,Lal Shak,780,77.76,48.44,19.79,6.25,20.0,15.0,25,75.0,80,70,155.864898989899,3.966666667,Sep,Oct to Nov,Nov to Feb,3094,maize
Rajshahi,Rabi,Lal Shak,1364,77.76,48.44,19.79,6.25,20.0,15.0,25,75.0,80,70,124.92,2.500733138,Sep,Oct to Nov,Nov to Feb,3411,maize
Rangamati,Rabi,Lal Shak,294,77.76,48.44,19.79,6.25,20.0,15.0,25,75.0,80,70,204.11111111111111,1.258503401,Sep,Oct to Nov,Nov to Feb,370,maize
Rangpur,Rabi,Lal Shak,980,77.76,48.44,19.79,6.25,20.0,15.0,25,75.0,80,70,179.6013888888889,1.535714286,Sep,Oct to Nov,Nov to Feb,1505,maize
Satkhira,Rabi,Lal Shak,760,77.76,48.44,19.79,6.25,20.0,15.0,25,75.0,80,70,140.35353535353536,2.005263158,Sep,Oct to Nov,Nov to Feb,1524,maize
Shariatpur,Rabi,Lal Shak,179,77.76,48.44,19.79,6.25,20.0,15.0,25,75.0,80,70,155.864898989899,3.016759777,Sep,Oct to Nov,Nov to Feb,540,maize
Sherpur,Rabi,Lal Shak,364,77.76,48.44,19.79,6.25,20.0,15.0,25,75.0,80,70,181.08838383838383,2.046703297,Sep,Oct to Nov,Nov to Feb,745,maize
Sirajganj,Rabi,Lal Shak,463,77.76,48.44,19.79,6.25,20.0,15.0,25,75.0,80,70,142.85416666666666,2.103671706,Sep,Oct to Nov,Nov to Feb,974,maize
Sunamganj,Rabi,Lal Shak,483,77.76,48.44,19.79,6.25,20.0,15.0,25,75.0,80,70,333.72557471264366,2.991718427,Sep,Oct to Nov,Nov to Feb,1445,maize
Sylhet,Rabi,Lal Shak,460,77.76,48.44,19.79,6.25,20.0,15.0,25,75.0,80,70,333.72557471264366,1.310869565,Sep,Oct to Nov,Nov to Feb,603,maize
Tangail,Rabi,Lal Shak,486,77.76,48.44,19.79,6.25,20.0,15.0,25,75.0,80,70,153.4104938271605,1.927983539,Sep,Oct to Nov,Nov to Feb,937,maize
Thakurgaon,Rabi,Lal Shak,426,77.76,48.44,19.79,6.25,20.0,15.0,25,75.0,80,70,154.21843434343435,1.70657277,Sep,Oct to Nov,Nov to Feb,727,maize
Bagerhat,Rabi,Laushak,611,77.76,48.44,19.79,6.25,20.0,15.0,25,80.0,90,70,144.96843434343435,1.139116203,Sep,Oct to Nov,Nov to Feb,696,maize
Bandarban,Rabi,Laushak,182,77.76,48.44,19.79,6.25,20.0,15.0,25,80.0,90,70,243.94444444444449,1.098901099,Sep,Oct to Nov,Nov to Feb,200,maize
Barguna,Rabi,Laushak,227,77.76,48.44,19.79,6.25,20.0,15.0,25,80.0,90,70,207.8076923076923,1.105726872,Sep,Oct to Nov,Nov to Feb,251,maize
Barishal,Rabi,Laushak,941,77.76,48.44,19.79,6.25,20.0,15.0,25,80.0,90,70,175.42564102564103,1.339001063,Sep,Oct to Nov,Nov to Feb,1260,maize
Bhola,Rabi,Laushak,452,77.76,48.44,19.79,6.25,20.0,15.0,25,80.0,90,70,185.23090277777777,2.880530973,Sep,Oct to Nov,Nov to Feb,1302,maize
Bogura,Rabi,Laushak,168,77.76,48.44,19.79,6.25,20.0,15.0,25,80.0,90,70,142.85416666666666,1.678571429,Sep,Oct to Nov,Nov to Feb,282,maize
Brahmanbaria,Rabi,Laushak,246,77.76,48.44,19.79,6.25,20.0,15.0,25,80.0,90,70,185.75631313131316,1.317073171,Sep,Oct to Nov,Nov to Feb,324,maize
Chandpur,Rabi,Laushak,553,77.76,48.44,19.79,6.25,20.0,15.0,25,80.0,90,70,168.796875,0.9403254973,Sep,Oct to Nov,Nov to Feb,520,maize
Chapai Nawabganj,Rabi,Laushak,5,77.76,48.44,19.79,6.25,20.0,15.0,25,80.0,90,70,124.92,0.6,Sep,Oct to Nov,Nov to Feb,3,maize
Chattogram,Rabi,Laushak,288,77.76,48.44,19.79,6.25,20.0,15.0,25,80.0,90,70,243.94444444444449,2.208333333,Sep,Oct to Nov,Nov to Feb,636,maize
Chuadanga,Rabi,Laushak,44,77.76,48.44,19.79,6.25,20.0,15.0,25,80.0,90,70,129.44444444444446,3.409090909,Sep,Oct to Nov,Nov to Feb,150,maize
CoxsBazar,Rabi,Laushak,120,77.76,48.44,19.79,6.25,20.0,15.0,25,80.0,90,70,303.40277777777777,1.116666667,Sep,Oct to Nov,Nov to Feb,134,maize
Cumilla,Rabi,Laushak,667,77.76,48.44,19.79,6.25,20.0,15.0,25,80.0,90,70,185.75631313131316,2.026986507,Sep,Oct to Nov,Nov to Feb,1352,maize
Dhaka,Rabi,Laushak,628,77.76,48.44,19.79,6.25,20.0,15.0,25,80.0,90,70,169.94262295081967,3.621019108,Sep,Oct to Nov,Nov to Feb,2274,maize
Dinajpur,Rabi,Laushak,209,77.76,48.44,19.79,6.25,20.0,15.0,25,80.0,90,70,154.21843434343435,1.578947368,Sep,Oct to Nov,Nov to Feb,330,maize
Faridpur,Rabi,Laushak,161,77.76,48.44,19.79,6.25,20.0,15.0,25,80.0,90,70,155.864898989899,1.242236025,Sep,Oct to Nov,Nov to Feb,200,maize
Feni,Rabi,Laushak,111,77.76,48.44,19.79,6.25,20.0,15.0,25,80.0,90,70,248.1727642276423,1.261261261,Sep,Oct to Nov,Nov to Feb,140,maize
Gaibandha,Rabi,Laushak,280,77.76,48.44,19.79,6.25,20.0,15.0,25,80.0,90,70,179.6013888888889,1.464285714,Sep,Oct to Nov,Nov to Feb,410,maize
Gazipur,Rabi,Laushak,318,77.76,48.44,19.79,6.25,20.0,15.0,25,80.0,90,70,169.94262295081967,1.823899371,Sep,Oct to Nov,Nov to Feb,580,maize
Gopalganj,Rabi,Laushak,319,77.76,48.44,19.79,6.25,20.0,15.0,25,80.0,90,70,155.864898989899,1.912225705,Sep,Oct to Nov,Nov to Feb,610,maize
Habiganj,Rabi,Laushak,64,77.76,48.44,19.79,6.25,20.0,15.0,25,80.0,90,70,333.72557471264366,1.59375,Sep,Oct to Nov,Nov to Feb,102,maize
Jamalpur,Rabi,Laushak,667,77.76,48.44,19.79,6.25,20.0,15.0,25,80.0,90,70,181.08838383838383,2.775112444,Sep,Oct to Nov,Nov to Feb,1851,maize
Jashore,Rabi,Laushak,180,77.76,48.44,19.79,6.25,20.0,15.0,25,80.0,90,70,134.2247474747475,2.527777778,Sep,Oct to Nov,Nov to Feb,455,maize
Jhallokati,Rabi,Laushak,350,77.76,48.44,19.79,6.25,20.0,15.0,25,80.0,90,70,175.42564102564103,3.56,Sep,Oct to Nov,Nov to Feb,1246,maize
Jhenaidah,Rabi,Laushak,188,77.76,48.44,19.79,6.25,20.0,15.0,25,80.0,90,70,134.2247474747475,2.015957447,Sep,Oct to Nov,Nov to Feb,379,maize
Joypurhat,Rabi,Laushak,23,77.76,48.44,19.79,6.25,20.0,15.0,25,80.0,90,70,142.85416666666666,1.782608696,Sep,Oct to Nov,Nov to Feb,41,maize
Khagrachari,Rabi,Laushak,433,77.76,48.44,19.79,6.25,20.0,15.0,25,80.0,90,70,204.11111111111111,1.240184758,Sep,Oct to Nov,Nov to Feb,537,maize
Khulna,Rabi,Laushak,243,77.76,48.44,19.79,6.25,20.0,15.0,25,80.0,90,70,144.96843434343435,1.613168724,Sep,Oct to Nov,Nov to Feb,392,maize
Kishoreganj,Rabi,Laushak,146,77.76,48.44,19.79,6.25,20.0,15.0,25,80.0,90,70,181.08838383838383,1.602739726,Sep,Oct to Nov,Nov to Feb,234,maize
Kurigram,Rabi,Laushak,363,77.76,48.44,19.79,6.25,20.0,15.0,25,80.0,90,70,179.6013888888889,2.482093664,Sep,Oct to Nov,Nov to Feb,901,maize
Kushtia,Rabi,Laushak,25,77.76,48.44,19.79,6.25,20.0,15.0,25,80.0,90,70,129.44444444444446,2.2,Sep,Oct to Nov,Nov to Feb,55,maize
Lakshmipur,Rabi,Laushak,621,77.76,48.44,19.79,6.25,20.0,15.0,25,80.0,90,70,185.75631313131316,1.037037037,Sep,Oct to Nov,Nov to Feb,644,maize
Lalmonirhat,Rabi,Laushak,265,77.76,48.44,19.79,6.25,20.0,15.0,25,80.0,90,70,179.6013888888889,2.973584906,Sep,Oct to Nov,Nov to Feb,788,maize
Madaripur,Rabi,Laushak,122,77.76,48.44,19.79,6.25,20.0,15.0,25,80.0,90,70,160.41666666666666,1.352459016,Sep,Oct to Nov,Nov to Feb,165,maize
Magura,Rabi,Laushak,44,77.76,48.44,19.79,6.25,20.0,15.0,25,80.0,90,70,134.2247474747475,3.477272727,Sep,Oct to Nov,Nov to Feb,153,maize
Manikganj,Rabi,Laushak,71,77.76,48.44,19.79,6.25,20.0,15.0,25,80.0,90,70,169.94262295081967,2.352112676,Sep,Oct to Nov,Nov to Feb,167,maize
Meherpur,Rabi,Laushak,3,77.76,48.44,19.79,6.25,20.0,15.0,25,80.0,90,70,129.44444444444446,5.666666667,Sep,Oct to Nov,Nov to Feb,17,maize
Moulvibazar,Rabi,Laushak,57,77.76,48.44,19.79,6.25,20.0,15.0,25,80.0,90,70,333.72557471264366,2.228070175,Sep,Oct to Nov,Nov to Feb,127,maize
Munshiganj,Rabi,Laushak,378,77.76,48.44,19.79,6.25,20.0,15.0,25,80.0,90,70,169.94262295081967,1.031746032,Sep,Oct to Nov,Nov to Feb,390,maize
Mymensingh,Rabi,Laushak,863,77.76,48.44,19.79,6.25,20.0,15.0,25,80.0,90,70,181.08838383838383,2.701042874,Sep,Oct to Nov,Nov to Feb,2331,maize
Naogaon,Rabi,Laushak,76,77.76,48.44,19.79,6.25,20.0,15.0,25,80.0,90,70,124.92,0.75,Sep,Oct to Nov,Nov to Feb,57,maize
Narail,Rabi,Laushak,133,77.76,48.44,19.79,6.25,20.0,15.0,25,80.0,90,70,134.2247474747475,3.22556391,Sep,Oct to Nov,Nov to Feb,429,maize
Narayanganj,Rabi,Laushak,590,77.76,48.44,19.79,6.25,20.0,15.0,25,80.0,90,70,169.94262295081967,1.659322034,Sep,Oct to Nov,Nov to Feb,979,maize
Narsingdi,Rabi,Laushak,125,77.76,48.44,19.79,6.25,20.0,15.0,25,80.0,90,70,169.94262295081967,0.84,Sep,Oct to Nov,Nov to Feb,105,maize
Natore,Rabi,Laushak,203,77.76,48.44,19.79,6.25,20.0,15.0,25,80.0,90,70,124.92,1.177339901,Sep,Oct to Nov,Nov to Feb,239,maize
Netrokona,Rabi,Laushak,177,77.76,48.44,19.79,6.25,20.0,15.0,25,80.0,90,70,181.08838383838383,1.920903955,Sep,Oct to Nov,Nov to Feb,340,maize
Nilphamari,Rabi,Laushak,191,77.76,48.44,19.79,6.25,20.0,15.0,25,80.0,90,70,179.6013888888889,3.382198953,Sep,Oct to Nov,Nov to Feb,646,maize
Noakhali,Rabi,Laushak,438,77.76,48.44,19.79,6.25,20.0,15.0,25,80.0,90,70,185.75631313131316,1.296803653,Sep,Oct to Nov,Nov to Feb,568,maize
Pabna,Rabi,Laushak,126,77.76,48.44,19.79,6.25,20.0,15.0,25,80.0,90,70,124.92,1.03968254,Sep,Oct to Nov,Nov to Feb,131,maize
Panchagar,Rabi,Laushak,213,77.76,48.44,19.79,6.25,20.0,15.0,25,80.0,90,70,154.21843434343435,1.694835681,Sep,Oct to Nov,Nov to Feb,361,maize
Patuakhali,Rabi,Laushak,142,77.76,48.44,19.79,6.25,20.0,15.0,25,80.0,90,70,207.8076923076923,1.669014085,Sep,Oct to Nov,Nov to Feb,237,maize
Pirojpur,Rabi,Laushak,556,77.76,48.44,19.79,6.25,20.0,15.0,25,80.0,90,70,175.42564102564103,1.039568345,Sep,Oct to Nov,Nov to Feb,578,maize
Rajbari,Rabi,Laushak,77,77.76,48.44,19.79,6.25,20.0,15.0,25,80.0,90,70,155.864898989899,1.0,Sep,Oct to Nov,Nov to Feb,77,maize
Rajshahi,Rabi,Laushak,119,77.76,48.44,19.79,6.25,20.0,15.0,25,80.0,90,70,124.92,1.033613445,Sep,Oct to Nov,Nov to Feb,123,maize
Rangamati,Rabi,Laushak,301,77.76,48.44,19.79,6.25,20.0,15.0,25,80.0,90,70,204.11111111111111,1.295681063,Sep,Oct to Nov,Nov to Feb,390,maize
Rangpur,Rabi,Laushak,336,77.76,48.44,19.79,6.25,20.0,15.0,25,80.0,90,70,179.6013888888889,1.577380952,Sep,Oct to Nov,Nov to Feb,530,maize
Satkhira,Rabi,Laushak,32,77.76,48.44,19.79,6.25,20.0,15.0,25,80.0,90,70,140.35353535353536,2.4375,Sep,Oct to Nov,Nov to Feb,78,maize
Shariatpur,Rabi,Laushak,192,77.76,48.44,19.79,6.25,20.0,15.0,25,80.0,90,70,155.864898989899,3.046875,Sep,Oct to Nov,Nov to Feb,585,maize
Sherpur,Rabi,Laushak,301,77.76,48.44,19.79,6.25,20.0,15.0,25,80.0,90,70,181.08838383838383,2.986710963,Sep,Oct to Nov,Nov to Feb,899,maize
Sirajganj,Rabi,Laushak,318,77.76,48.44,19.79,6.25,20.0,15.0,25,80.0,90,70,142.85416666666666,1.927672956,Sep,Oct to Nov,Nov to Feb,613,maize
Sunamganj,Rabi,Laushak,563,77.76,48.44,19.79,6.25,20.0,15.0,25,80.0,90,70,333.72557471264366,1.468916519,Sep,Oct to Nov,Nov to Feb,827,maize
Sylhet,Rabi,Laushak,132,77.76,48.44,19.79,6.25,20.0,15.0,25,80.0,90,70,333.72557471264366,1.106060606,Sep,Oct to Nov,Nov to Feb,146,maize
Tangail,Rabi,Laushak,445,77.76,48.44,19.79,6.25,20.0,15.0,25,80.0,90,70,153.4104938271605,1.503370787,Sep,Oct to Nov,Nov to Feb,669,maize
Thakurgaon,Rabi,Laushak,76,77.76,48.44,19.79,6.25,20.0,15.0,25,80.0,90,70,154.21843434343435,1.657894737,Sep,Oct to Nov,Nov to Feb,126,maize
Bagerhat,Rabi,Lemon,89,19.58,16.55,10.01,7.02,17.5,10.0,25,77.5,95,60,144.96843434343435,4.404494382,Jan,Jan to Jan,Jan,392,orange
Bandarban,Rabi,Lemon,3726,19.58,16.55,10.01,7.02,17.5,10.0,25,77.5,95,60,243.94444444444449,0.1307031669,Jan,Jan to Jan,Jan,487,orange
Barguna,Rabi,Lemon,1337,19.58,16.55,10.01,7.02,17.5,10.0,25,77.5,95,60,207.8076923076923,0.3440538519,Jan,Jan to Jan,Jan,460,orange
Barishal,Rabi,Lemon,1005,19.58,16.55,10.01,7.02,17.5,10.0,25,77.5,95,60,175.42564102564103,1.412935323,Jan,Jan to Jan,Jan,1420,orange
Bhola,Rabi,Lemon,471,19.58,16.55,10.01,7.02,17.5,10.0,25,77.5,95,60,185.23090277777777,0.3864118896,Jan,Jan to Jan,Jan,182,orange
Bogura,Rabi,Lemon,108,19.58,16.55,10.01,7.02,17.5,10.0,25,77.5,95,60,142.85416666666666,3.074074074,Jan,Jan to Jan,Jan,332,orange
Brahmanbaria,Rabi,Lemon,205,19.58,16.55,10.01,7.02,17.5,10.0,25,77.5,95,60,185.75631313131316,6.936585366,Jan,Jan to Jan,Jan,1422,orange
Chandpur,Rabi,Lemon,44,19.58,16.55,10.01,7.02,17.5,10.0,25,77.5,95,60,168.796875,10.63636364,Jan,Jan to Jan,Jan,468,orange
Chapai Nawabganj,Rabi,Lemon,307,19.58,16.55,10.01,7.02,17.5,10.0,25,77.5,95,60,124.92,2.003257329,Jan,Jan to Jan,Jan,615,orange
Chattogram,Rabi,Lemon,66350,19.58,16.55,10.01,7.02,17.5,10.0,25,77.5,95,60,243.94444444444449,0.104777694,Jan,Jan to Jan,Jan,6952,orange
Chuadanga,Rabi,Lemon,89,19.58,16.55,10.01,7.02,17.5,10.0,25,77.5,95,60,129.44444444444446,1.853932584,Jan,Jan to Jan,Jan,165,orange
CoxsBazar,Rabi,Lemon,67500,19.58,16.55,10.01,7.02,17.5,10.0,25,77.5,95,60,303.40277777777777,0.01392592593,Jan,Jan to Jan,Jan,940,orange
Cumilla,Rabi,Lemon,1642,19.58,16.55,10.01,7.02,17.5,10.0,25,77.5,95,60,185.75631313131316,1.333739342,Jan,Jan to Jan,Jan,2190,orange
Dhaka,Rabi,Lemon,552,19.58,16.55,10.01,7.02,17.5,10.0,25,77.5,95,60,169.94262295081967,16.65217391,Jan,Jan to Jan,Jan,9192,orange
Dinajpur,Rabi,Lemon,348,19.58,16.55,10.01,7.02,17.5,10.0,25,77.5,95,60,154.21843434343435,2.117816092,Jan,Jan to Jan,Jan,737,orange
Faridpur,Rabi,Lemon,110,19.58,16.55,10.01,7.02,17.5,10.0,25,77.5,95,60,155.864898989899,2.4,Jan,Jan to Jan,Jan,264,orange
Feni,Rabi,Lemon,72,19.58,16.55,10.01,7.02,17.5,10.0,25,77.5,95,60,248.1727642276423,1.986111111,Jan,Jan to Jan,Jan,143,orange
Gaibandha,Rabi,Lemon,145,19.58,16.55,10.01,7.02,17.5,10.0,25,77.5,95,60,179.6013888888889,2.317241379,Jan,Jan to Jan,Jan,336,orange
Gazipur,Rabi,Lemon,213,19.58,16.55,10.01,7.02,17.5,10.0,25,77.5,95,60,169.94262295081967,2.615023474,Jan,Jan to Jan,Jan,557,orange
Gopalganj,Rabi,Lemon,1250,19.58,16.55,10.01,7.02,17.5,10.0,25,77.5,95,60,155.864898989899,0.3704,Jan,Jan to Jan,Jan,463,orange
Habiganj,Rabi,Lemon,212,19.58,16.55,10.01,7.02,17.5,10.0,25,77.5,95,60,333.72557471264366,3.933962264,Jan,Jan to Jan,Jan,834,orange
Jamalpur,Rabi,Lemon,425,19.58,16.55,10.01,7.02,17.5,10.0,25,77.5,95,60,181.08838383838383,0.8447058824,Jan,Jan to Jan,Jan,359,orange
Jashore,Rabi,Lemon,865,19.58,16.55,10.01,7.02,17.5,10.0,25,77.5,95,60,134.2247474747475,1.14566474,Jan,Jan to Jan,Jan,991,orange
Jhallokati,Rabi,Lemon,1625,19.58,16.55,10.01,7.02,17.5,10.0,25,77.5,95,60,175.42564102564103,0.3907692308,Jan,Jan to Jan,Jan,635,orange
Jhenaidah,Rabi,Lemon,142,19.58,16.55,10.01,7.02,17.5,10.0,25,77.5,95,60,134.2247474747475,4.718309859,Jan,Jan to Jan,Jan,670,orange
Joypurhat,Rabi,Lemon,48,19.58,16.55,10.01,7.02,17.5,10.0,25,77.5,95,60,142.85416666666666,3.395833333,Jan,Jan to Jan,Jan,163,orange
Khagrachari,Rabi,Lemon,689,19.58,16.55,10.01,7.02,17.5,10.0,25,77.5,95,60,204.11111111111111,1.269956459,Jan,Jan to Jan,Jan,875,orange
Khulna,Rabi,Lemon,291,19.58,16.55,10.01,7.02,17.5,10.0,25,77.5,95,60,144.96843434343435,1.419243986,Jan,Jan to Jan,Jan,413,orange
Kishoreganj,Rabi,Lemon,119,19.58,16.55,10.01,7.02,17.5,10.0,25,77.5,95,60,181.08838383838383,7.176470588,Jan,Jan to Jan,Jan,854,orange
Kurigram,Rabi,Lemon,125,19.58,16.55,10.01,7.02,17.5,10.0,25,77.5,95,60,179.6013888888889,1.344,Jan,Jan to Jan,Jan,168,orange
Kushtia,Rabi,Lemon,146,19.58,16.55,10.01,7.02,17.5,10.0,25,77.5,95,60,129.44444444444446,12.04109589,Jan,Jan to Jan,Jan,1758,orange
Lakshmipur,Rabi,Lemon,560,19.58,16.55,10.01,7.02,17.5,10.0,25,77.5,95,60,185.75631313131316,0.65,Jan,Jan to Jan,Jan,364,orange
Lalmonirhat,Rabi,Lemon,130,19.58,16.55,10.01,7.02,17.5,10.0,25,77.5,95,60,179.6013888888889,2.769230769,Jan,Jan to Jan,Jan,360,orange
Madaripur,Rabi,Lemon,28,19.58,16.55,10.01,7.02,17.5,10.0,25,77.5,95,60,160.41666666666666,12.10714286,Jan,Jan to Jan,Jan,339,orange
Magura,Rabi,Lemon,257,19.58,16.55,10.01,7.02,17.5,10.0,25,77.5,95,60,134.2247474747475,5.412451362,Jan,Jan to Jan,Jan,1391,orange
Manikganj,Rabi,Lemon,310,19.58,16.55,10.01,7.02,17.5,10.0,25,77.5,95,60,169.94262295081967,4.561290323,Jan,Jan to Jan,Jan,1414,orange
Meherpur,Rabi,Lemon,157,19.58,16.55,10.01,7.02,17.5,10.0,25,77.5,95,60,129.44444444444446,5.656050955,Jan,Jan to Jan,Jan,888,orange
Moulvibazar,Rabi,Lemon,1101,19.58,16.55,10.01,7.02,17.5,10.0,25,77.5,95,60,333.72557471264366,8.990009083,Jan,Jan to Jan,Jan,9898,orange
Munshiganj,Rabi,Lemon,49,19.58,16.55,10.01,7.02,17.5,10.0,25,77.5,95,60,169.94262295081967,2.469387755,Jan,Jan to Jan,Jan,121,orange
Mymensingh,Rabi,Lemon,1292,19.58,16.55,10.01,7.02,17.5,10.0,25,77.5,95,60,181.08838383838383,4.287925697,Jan,Jan to Jan,Jan,5540,orange
Naogaon,Rabi,Lemon,483,19.58,16.55,10.01,7.02,17.5,10.0,25,77.5,95,60,124.92,1.556935818,Jan,Jan to Jan,Jan,752,orange
Narail,Rabi,Lemon,413,19.58,16.55,10.01,7.02,17.5,10.0,25,77.5,95,60,134.2247474747475,2.200968523,Jan,Jan to Jan,Jan,909,orange
Narayanganj,Rabi,Lemon,309,19.58,16.55,10.01,7.02,17.5,10.0,25,77.5,95,60,169.94262295081967,0.09385113269,Jan,Jan to Jan,Jan,29,orange
Narsingdi,Rabi,Lemon,346,19.58,16.55,10.01,7.02,17.5,10.0,25,77.5,95,60,169.94262295081967,7.37283237,Jan,Jan to Jan,Jan,2551,orange
Natore,Rabi,Lemon,240,19.58,16.55,10.01,7.02,17.5,10.0,25,77.5,95,60,124.92,5.383333333,Jan,Jan to Jan,Jan,1292,orange
Netrokona,Rabi,Lemon,212,19.58,16.55,10.01,7.02,17.5,10.0,25,77.5,95,60,181.08838383838383,9.613207547,Jan,Jan to Jan,Jan,2038,orange
Nilphamari,Rabi,Lemon,144,19.58,16.55,10.01,7.02,17.5,10.0,25,77.5,95,60,179.6013888888889,2.048611111,Jan,Jan to Jan,Jan,295,orange
Noakhali,Rabi,Lemon,103,19.58,16.55,10.01,7.02,17.5,10.0,25,77.5,95,60,185.75631313131316,3.640776699,Jan,Jan to Jan,Jan,375,orange
Pabna,Rabi,Lemon,232,19.58,16.55,10.01,7.02,17.5,10.0,25,77.5,95,60,124.92,8.775862069,Jan,Jan to Jan,Jan,2036,orange
Panchagar,Rabi,Lemon,190,19.58,16.55,10.01,7.02,17.5,10.0,25,77.5,95,60,154.21843434343435,2.368421053,Jan,Jan to Jan,Jan,450,orange
Patuakhali,Rabi,Lemon,550,19.58,16.55,10.01,7.02,17.5,10.0,25,77.5,95,60,207.8076923076923,0.5636363636,Jan,Jan to Jan,Jan,310,orange
Pirojpur,Rabi,Lemon,365,19.58,16.55,10.01,7.02,17.5,10.0,25,77.5,95,60,175.42564102564103,1.361643836,Jan,Jan to Jan,Jan,497,orange
Rajbari,Rabi,Lemon,183,19.58,16.55,10.01,7.02,17.5,10.0,25,77.5,95,60,155.864898989899,7.224043716,Jan,Jan to Jan,Jan,1322,orange
Rajshahi,Rabi,Lemon,201,19.58,16.55,10.01,7.02,17.5,10.0,25,77.5,95,60,124.92,18.83084577,Jan,Jan to Jan,Jan,3785,orange
Rangamati,Rabi,Lemon,1220,19.58,16.55,10.01,7.02,17.5,10.0,25,77.5,95,60,204.11111111111111,3.380327869,Jan,Jan to Jan,Jan,4124,orange
Rangpur,Rabi,Lemon,121,19.58,16.55,10.01,7.02,17.5,10.0,25,77.5,95,60,179.6013888888889,2.975206612,Jan,Jan to Jan,Jan,360,orange
Satkhira,Rabi,Lemon,321,19.58,16.55,10.01,7.02,17.5,10.0,25,77.5,95,60,140.35353535353536,1.211838006,Jan,Jan to Jan,Jan,389,orange
Shariatpur,Rabi,Lemon,191,19.58,16.55,10.01,7.02,17.5,10.0,25,77.5,95,60,155.864898989899,2.502617801,Jan,Jan to Jan,Jan,478,orange
Sherpur,Rabi,Lemon,114,19.58,16.55,10.01,7.02,17.5,10.0,25,77.5,95,60,181.08838383838383,2.666666667,Jan,Jan to Jan,Jan,304,orange
Sirajganj,Rabi,Lemon,94,19.58,16.55,10.01,7.02,17.5,10.0,25,77.5,95,60,142.85416666666666,5.127659574,Jan,Jan to Jan,Jan,482,orange
Sunamganj,Rabi,Lemon,147,19.58,16.55,10.01,7.02,17.5,10.0,25,77.5,95,60,333.72557471264366,5.197278912,Jan,Jan to Jan,Jan,764,orange
Sylhet,Rabi,Lemon,235,19.58,16.55,10.01,7.02,17.5,10.0,25,77.5,95,60,333.72557471264366,1.327659574,Jan,Jan to Jan,Jan,312,orange
Tangail,Rabi,Lemon,452,19.58,16.55,10.01,7.02,17.5,10.0,25,77.5,95,60,153.4104938271605,3.661504425,Jan,Jan to Jan,Jan,1655,orange
Thakurgaon,Rabi,Lemon,1225,19.58,16.55,10.01,7.02,17.5,10.0,25,77.5,95,60,154.21843434343435,0.266122449,Jan,Jan to Jan,Jan,326,orange
Bagerhat,Kharif 2,Lentil,1449,18.77,68.36,19.41,6.93,15.0,10.0,20,90.0,95,85,144.96843434343435,0.3388543823,Oct,Nov  to  Feb,Feb to March,491,lentil
Bandarban,Kharif 2,Lentil,27,18.77,68.36,19.41,6.93,15.0,10.0,20,90.0,95,85,243.94444444444449,0.3703703704,Oct,Nov  to  Feb,Feb to March,10,lentil
Barguna,Kharif 2,Lentil,177,18.77,68.36,19.41,6.93,15.0,10.0,20,90.0,95,85,207.8076923076923,0.3672316384,Oct,Nov  to  Feb,Feb to March,65,lentil
Barishal,Kharif 2,Lentil,4293,18.77,68.36,19.41,6.93,15.0,10.0,20,90.0,95,85,175.42564102564103,0.4346610762,Oct,Nov  to  Feb,Feb to March,1866,lentil
Bhola,Kharif 2,Lentil,1584,18.77,68.36,19.41,6.93,15.0,10.0,20,90.0,95,85,185.23090277777777,0.4577020202,Oct,Nov  to  Feb,Feb to March,725,lentil
Bogura,Kharif 2,Lentil,923,18.77,68.36,19.41,6.93,15.0,10.0,20,90.0,95,85,142.85416666666666,0.4236186349,Oct,Nov  to  Feb,Feb to March,391,lentil
Brahmanbaria,Kharif 2,Lentil,2861,18.77,68.36,19.41,6.93,15.0,10.0,20,90.0,95,85,185.75631313131316,0.3030408948,Oct,Nov  to  Feb,Feb to March,867,lentil
Chandpur,Kharif 2,Lentil,551,18.77,68.36,19.41,6.93,15.0,10.0,20,90.0,95,85,168.796875,0.3956442831,Oct,Nov  to  Feb,Feb to March,218,lentil
Chapai Nawabganj,Kharif 2,Lentil,5307,18.77,68.36,19.41,6.93,15.0,10.0,20,90.0,95,85,124.92,0.302996043,Oct,Nov  to  Feb,Feb to March,1608,lentil
Chattogram,Kharif 2,Lentil,256,18.77,68.36,19.41,6.93,15.0,10.0,20,90.0,95,85,243.94444444444449,0.23046875,Oct,Nov  to  Feb,Feb to March,59,lentil
Chuadanga,Kharif 2,Lentil,4477,18.77,68.36,19.41,6.93,15.0,10.0,20,90.0,95,85,129.44444444444446,0.4134465044,Oct,Nov  to  Feb,Feb to March,1851,lentil
CoxsBazar,Kharif 2,Lentil,0,18.77,68.36,19.41,6.93,15.0,10.0,20,90.0,95,85,303.40277777777777,2.518413598,Oct,Nov  to  Feb,Feb to March,0,lentil
Cumilla,Kharif 2,Lentil,960,18.77,68.36,19.41,6.93,15.0,10.0,20,90.0,95,85,185.75631313131316,0.2677083333,Oct,Nov  to  Feb,Feb to March,257,lentil
Dhaka,Kharif 2,Lentil,617,18.77,68.36,19.41,6.93,15.0,10.0,20,90.0,95,85,169.94262295081967,0.4408427877,Oct,Nov  to  Feb,Feb to March,272,lentil
Dinajpur,Kharif 2,Lentil,100,18.77,68.36,19.41,6.93,15.0,10.0,20,90.0,95,85,154.21843434343435,0.38,Oct,Nov  to  Feb,Feb to March,38,lentil
Faridpur,Kharif 2,Lentil,41417,18.77,68.36,19.41,6.93,15.0,10.0,20,90.0,95,85,155.864898989899,0.691648357,Oct,Nov  to  Feb,Feb to March,28646,lentil
Feni,Kharif 2,Lentil,1122,18.77,68.36,19.41,6.93,15.0,10.0,20,90.0,95,85,248.1727642276423,0.4572192513,Oct,Nov  to  Feb,Feb to March,513,lentil
Gaibandha,Kharif 2,Lentil,1296,18.77,68.36,19.41,6.93,15.0,10.0,20,90.0,95,85,179.6013888888889,0.7430555556,Oct,Nov  to  Feb,Feb to March,963,lentil
Gazipur,Kharif 2,Lentil,172,18.77,68.36,19.41,6.93,15.0,10.0,20,90.0,95,85,169.94262295081967,0.3953488372,Oct,Nov  to  Feb,Feb to March,68,lentil
Gopalganj,Kharif 2,Lentil,9399,18.77,68.36,19.41,6.93,15.0,10.0,20,90.0,95,85,155.864898989899,0.4063198213,Oct,Nov  to  Feb,Feb to March,3819,lentil
Habiganj,Kharif 2,Lentil,40,18.77,68.36,19.41,6.93,15.0,10.0,20,90.0,95,85,333.72557471264366,0.225,Oct,Nov  to  Feb,Feb to March,9,lentil
Jamalpur,Kharif 2,Lentil,765,18.77,68.36,19.41,6.93,15.0,10.0,20,90.0,95,85,181.08838383838383,0.3477124183,Oct,Nov  to  Feb,Feb to March,266,lentil
Jashore,Kharif 2,Lentil,24551,18.77,68.36,19.41,6.93,15.0,10.0,20,90.0,95,85,134.2247474747475,0.4846238442,Oct,Nov  to  Feb,Feb to March,11898,lentil
Jhallokati,Kharif 2,Lentil,683,18.77,68.36,19.41,6.93,15.0,10.0,20,90.0,95,85,175.42564102564103,0.4699853587,Oct,Nov  to  Feb,Feb to March,321,lentil
Jhenaidah,Kharif 2,Lentil,29147,18.77,68.36,19.41,6.93,15.0,10.0,20,90.0,95,85,134.2247474747475,0.5656156723,Oct,Nov  to  Feb,Feb to March,16486,lentil
Joypurhat,Kharif 2,Lentil,333,18.77,68.36,19.41,6.93,15.0,10.0,20,90.0,95,85,142.85416666666666,0.4894894895,Oct,Nov  to  Feb,Feb to March,163,lentil
Khagrachari,Kharif 2,Lentil,67,18.77,68.36,19.41,6.93,15.0,10.0,20,90.0,95,85,204.11111111111111,0.2537313433,Oct,Nov  to  Feb,Feb to March,17,lentil
Khulna,Kharif 2,Lentil,225,18.77,68.36,19.41,6.93,15.0,10.0,20,90.0,95,85,144.96843434343435,0.3155555556,Oct,Nov  to  Feb,Feb to March,71,lentil
Kishoreganj,Kharif 2,Lentil,260,18.77,68.36,19.41,6.93,15.0,10.0,20,90.0,95,85,181.08838383838383,0.3846153846,Oct,Nov  to  Feb,Feb to March,100,lentil
Kurigram,Kharif 2,Lentil,1411,18.77,68.36,19.41,6.93,15.0,10.0,20,90.0,95,85,179.6013888888889,0.3805811481,Oct,Nov  to  Feb,Feb to March,537,lentil
Kushtia,Kharif 2,Lentil,21146,18.77,68.36,19.41,6.93,15.0,10.0,20,90.0,95,85,129.44444444444446,0.5926416344,Oct,Nov  to  Feb,Feb to March,12532,lentil
Lakshmipur,Kharif 2,Lentil,64,18.77,68.36,19.41,6.93,15.0,10.0,20,90.0,95,85,185.75631313131316,0.28125,Oct,Nov  to  Feb,Feb to March,18,lentil
Lalmonirhat,Kharif 2,Lentil,104,18.77,68.36,19.41,6.93,15.0,10.0,20,90.0,95,85,179.6013888888889,0.4134615385,Oct,Nov  to  Feb,Feb to March,43,lentil
Madaripur,Kharif 2,Lentil,11427,18.77,68.36,19.41,6.93,15.0,10.0,20,90.0,95,85,160.41666666666666,0.4725649777,Oct,Nov  to  Feb,Feb to March,5400,lentil
Magura,Kharif 2,Lentil,32570,18.77,68.36,19.41,6.93,15.0,10.0,20,90.0,95,85,134.2247474747475,0.3564630028,Oct,Nov  to  Feb,Feb to March,11610,lentil
Manikganj,Kharif 2,Lentil,2235,18.77,68.36,19.41,6.93,15.0,10.0,20,90.0,95,85,169.94262295081967,0.4501118568,Oct,Nov  to  Feb,Feb to March,1006,lentil
Meherpur,Kharif 2,Lentil,14079,18.77,68.36,19.41,6.93,15.0,10.0,20,90.0,95,85,129.44444444444446,0.5237587897,Oct,Nov  to  Feb,Feb to March,7374,lentil
Moulvibazar,Kharif 2,Lentil,70,18.77,68.36,19.41,6.93,15.0,10.0,20,90.0,95,85,333.72557471264366,0.4285714286,Oct,Nov  to  Feb,Feb to March,30,lentil
Munshiganj,Kharif 2,Lentil,40,18.77,68.36,19.41,6.93,15.0,10.0,20,90.0,95,85,169.94262295081967,0.35,Oct,Nov  to  Feb,Feb to March,14,lentil
Mymensingh,Kharif 2,Lentil,728,18.77,68.36,19.41,6.93,15.0,10.0,20,90.0,95,85,181.08838383838383,0.5151098901,Oct,Nov  to  Feb,Feb to March,375,lentil
Naogaon,Kharif 2,Lentil,432,18.77,68.36,19.41,6.93,15.0,10.0,20,90.0,95,85,124.92,0.5,Oct,Nov  to  Feb,Feb to March,216,lentil
Narail,Kharif 2,Lentil,13887,18.77,68.36,19.41,6.93,15.0,10.0,20,90.0,95,85,134.2247474747475,0.48779434,Oct,Nov  to  Feb,Feb to March,6774,lentil
Narayanganj,Kharif 2,Lentil,247,18.77,68.36,19.41,6.93,15.0,10.0,20,90.0,95,85,169.94262295081967,0.2874493927,Oct,Nov  to  Feb,Feb to March,71,lentil
Narsingdi,Kharif 2,Lentil,48,18.77,68.36,19.41,6.93,15.0,10.0,20,90.0,95,85,169.94262295081967,0.2916666667,Oct,Nov  to  Feb,Feb to March,14,lentil
Natore,Kharif 2,Lentil,30860,18.77,68.36,19.41,6.93,15.0,10.0,20,90.0,95,85,124.92,0.5981853532,Oct,Nov  to  Feb,Feb to March,18460,lentil
Netrokona,Kharif 2,Lentil,92,18.77,68.36,19.41,6.93,15.0,10.0,20,90.0,95,85,181.08838383838383,0.3913043478,Oct,Nov  to  Feb,Feb to March,36,lentil
Nilphamari,Kharif 2,Lentil,21,18.77,68.36,19.41,6.93,15.0,10.0,20,90.0,95,85,179.6013888888889,0.4285714286,Oct,Nov  to  Feb,Feb to March,9,lentil
Noakhali,Kharif 2,Lentil,86,18.77,68.36,19.41,6.93,15.0,10.0,20,90.0,95,85,185.75631313131316,0.3488372093,Oct,Nov  to  Feb,Feb to March,30,lentil
Pabna,Kharif 2,Lentil,26691,18.77,68.36,19.41,6.93,15.0,10.0,20,90.0,95,85,124.92,0.4986324978,Oct,Nov  to  Feb,Feb to March,13309,lentil
Panchagar,Kharif 2,Lentil,179,18.77,68.36,19.41,6.93,15.0,10.0,20,90.0,95,85,154.21843434343435,0.3351955307,Oct,Nov  to  Feb,Feb to March,60,lentil
Patuakhali,Kharif 2,Lentil,602,18.77,68.36,19.41,6.93,15.0,10.0,20,90.0,95,85,207.8076923076923,0.3637873754,Oct,Nov  to  Feb,Feb to March,219,lentil
Pirojpur,Kharif 2,Lentil,77,18.77,68.36,19.41,6.93,15.0,10.0,20,90.0,95,85,175.42564102564103,0.5194805195,Oct,Nov  to  Feb,Feb to March,40,lentil
Rajbari,Kharif 2,Lentil,17356,18.77,68.36,19.41,6.93,15.0,10.0,20,90.0,95,85,155.864898989899,0.5173427057,Oct,Nov  to  Feb,Feb to March,8979,lentil
Rajshahi,Kharif 2,Lentil,36337,18.77,68.36,19.41,6.93,15.0,10.0,20,90.0,95,85,124.92,0.5226903707,Oct,Nov  to  Feb,Feb to March,18993,lentil
Rangamati,Kharif 2,Lentil,72,18.77,68.36,19.41,6.93,15.0,10.0,20,90.0,95,85,204.11111111111111,0.3472222222,Oct,Nov  to  Feb,Feb to March,25,lentil
Rangpur,Kharif 2,Lentil,215,18.77,68.36,19.41,6.93,15.0,10.0,20,90.0,95,85,179.6013888888889,0.5255813953,Oct,Nov  to  Feb,Feb to March,113,lentil
Satkhira,Kharif 2,Lentil,766,18.77,68.36,19.41,6.93,15.0,10.0,20,90.0,95,85,140.35353535353536,0.361618799,Oct,Nov  to  Feb,Feb to March,277,lentil
Shariatpur,Kharif 2,Lentil,5433,18.77,68.36,19.41,6.93,15.0,10.0,20,90.0,95,85,155.864898989899,0.5124240751,Oct,Nov  to  Feb,Feb to March,2784,lentil
Sherpur,Kharif 2,Lentil,133,18.77,68.36,19.41,6.93,15.0,10.0,20,90.0,95,85,181.08838383838383,0.3458646617,Oct,Nov  to  Feb,Feb to March,46,lentil
Sirajganj,Kharif 2,Lentil,7010,18.77,68.36,19.41,6.93,15.0,10.0,20,90.0,95,85,142.85416666666666,0.4417974322,Oct,Nov  to  Feb,Feb to March,3097,lentil
Sunamganj,Kharif 2,Lentil,0,18.77,68.36,19.41,6.93,15.0,10.0,20,90.0,95,85,333.72557471264366,2.518413598,Oct,Nov  to  Feb,Feb to March,0,lentil
Sylhet,Kharif 2,Lentil,42,18.77,68.36,19.41,6.93,15.0,10.0,20,90.0,95,85,333.72557471264366,0.5238095238,Oct,Nov  to  Feb,Feb to March,22,lentil
Tangail,Kharif 2,Lentil,2716,18.77,68.36,19.41,6.93,15.0,10.0,20,90.0,95,85,153.4104938271605,0.2750368189,Oct,Nov  to  Feb,Feb to March,747,lentil
Thakurgaon,Kharif 2,Lentil,464,18.77,68.36,19.41,6.93,15.0,10.0,20,90.0,95,85,154.21843434343435,0.3922413793,Oct,Nov  to  Feb,Feb to March,182,lentil
Bagerhat,Kharif 1,Maize 1,0,77.76,48.44,19.79,6.25,27.0,20.0,34,72.5,85,60,144.96843434343435,2.518413598,March,April to May,June to July,0,maize
Bandarban,Kharif 1,Maize 1,412,77.76,48.44,19.79,6.25,27.0,20.0,34,72.5,85,60,243.94444444444449,0.963592233,March,April to May,June to July,397,maize
Barguna,Kharif 1,Maize 1,0,77.76,48.44,19.79,6.25,27.0,20.0,34,72.5,85,60,207.8076923076923,2.518413598,March,April to May,June to July,0,maize
Barishal,Kharif 1,Maize 1,0,77.76,48.44,19.79,6.25,27.0,20.0,34,72.5,85,60,175.42564102564103,2.518413598,March,April to May,June to July,0,maize
Bhola,Kharif 1,Maize 1,0,77.76,48.44,19.79,6.25,27.0,20.0,34,72.5,85,60,185.23090277777777,2.518413598,March,April to May,June to July,0,maize
Bogura,Kharif 1,Maize 1,1142,77.76,48.44,19.79,6.25,27.0,20.0,34,72.5,85,60,142.85416666666666,2.758318739,March,April to May,June to July,3150,maize
Brahmanbaria,Kharif 1,Maize 1,33,77.76,48.44,19.79,6.25,27.0,20.0,34,72.5,85,60,185.75631313131316,2.0,March,April to May,June to July,66,maize
Chandpur,Kharif 1,Maize 1,1778,77.76,48.44,19.79,6.25,27.0,20.0,34,72.5,85,60,168.796875,2.233970754,March,April to May,June to July,3972,maize
Chapai Nawabganj,Kharif 1,Maize 1,2259,77.76,48.44,19.79,6.25,27.0,20.0,34,72.5,85,60,124.92,1.813634351,March,April to May,June to July,4097,maize
Chattogram,Kharif 1,Maize 1,0,77.76,48.44,19.79,6.25,27.0,20.0,34,72.5,85,60,243.94444444444449,2.518413598,March,April to May,June to July,0,maize
Chuadanga,Kharif 1,Maize 1,49,77.76,48.44,19.79,6.25,27.0,20.0,34,72.5,85,60,129.44444444444446,2.0,March,April to May,June to July,98,maize
CoxsBazar,Kharif 1,Maize 1,0,77.76,48.44,19.79,6.25,27.0,20.0,34,72.5,85,60,303.40277777777777,2.518413598,March,April to May,June to July,0,maize
Cumilla,Kharif 1,Maize 1,0,77.76,48.44,19.79,6.25,27.0,20.0,34,72.5,85,60,185.75631313131316,2.518413598,March,April to May,June to July,0,maize
Dhaka,Kharif 1,Maize 1,6108,77.76,48.44,19.79,6.25,27.0,20.0,34,72.5,85,60,169.94262295081967,2.610019646,March,April to May,June to July,15942,maize
Dinajpur,Kharif 1,Maize 1,13541,77.76,48.44,19.79,6.25,27.0,20.0,34,72.5,85,60,154.21843434343435,2.951480688,March,April to May,June to July,39966,maize
Faridpur,Kharif 1,Maize 1,753,77.76,48.44,19.79,6.25,27.0,20.0,34,72.5,85,60,155.864898989899,2.298804781,March,April to May,June to July,1731,maize
Feni,Kharif 1,Maize 1,166,77.76,48.44,19.79,6.25,27.0,20.0,34,72.5,85,60,248.1727642276423,2.903614458,March,April to May,June to July,482,maize
Gaibandha,Kharif 1,Maize 1,1246,77.76,48.44,19.79,6.25,27.0,20.0,34,72.5,85,60,179.6013888888889,3.283306581,March,April to May,June to July,4091,maize
Gazipur,Kharif 1,Maize 1,340,77.76,48.44,19.79,6.25,27.0,20.0,34,72.5,85,60,169.94262295081967,2.294117647,March,April to May,June to July,780,maize
Gopalganj,Kharif 1,Maize 1,27,77.76,48.44,19.79,6.25,27.0,20.0,34,72.5,85,60,155.864898989899,2.814814815,March,April to May,June to July,76,maize
Habiganj,Kharif 1,Maize 1,0,77.76,48.44,19.79,6.25,27.0,20.0,34,72.5,85,60,333.72557471264366,2.518413598,March,April to May,June to July,0,maize
Jamalpur,Kharif 1,Maize 1,12,77.76,48.44,19.79,6.25,27.0,20.0,34,72.5,85,60,181.08838383838383,3.0,March,April to May,June to July,36,maize
Jashore,Kharif 1,Maize 1,76,77.76,48.44,19.79,6.25,27.0,20.0,34,72.5,85,60,134.2247474747475,3.723684211,March,April to May,June to July,283,maize
Jhallokati,Kharif 1,Maize 1,0,77.76,48.44,19.79,6.25,27.0,20.0,34,72.5,85,60,175.42564102564103,2.518413598,March,April to May,June to July,0,maize
Jhenaidah,Kharif 1,Maize 1,212,77.76,48.44,19.79,6.25,27.0,20.0,34,72.5,85,60,134.2247474747475,2.900943396,March,April to May,June to July,615,maize
Joypurhat,Kharif 1,Maize 1,0,77.76,48.44,19.79,6.25,27.0,20.0,34,72.5,85,60,142.85416666666666,2.518413598,March,April to May,June to July,0,maize
Khagrachari,Kharif 1,Maize 1,411,77.76,48.44,19.79,6.25,27.0,20.0,34,72.5,85,60,204.11111111111111,1.104622871,March,April to May,June to July,454,maize
Khulna,Kharif 1,Maize 1,10,77.76,48.44,19.79,6.25,27.0,20.0,34,72.5,85,60,144.96843434343435,1.9,March,April to May,June to July,19,maize
Kishoreganj,Kharif 1,Maize 1,0,77.76,48.44,19.79,6.25,27.0,20.0,34,72.5,85,60,181.08838383838383,2.518413598,March,April to May,June to July,0,maize
Kurigram,Kharif 1,Maize 1,6575,77.76,48.44,19.79,6.25,27.0,20.0,34,72.5,85,60,179.6013888888889,3.255057034,March,April to May,June to July,21402,maize
Kushtia,Kharif 1,Maize 1,1088,77.76,48.44,19.79,6.25,27.0,20.0,34,72.5,85,60,129.44444444444446,2.609375,March,April to May,June to July,2839,maize
Lakshmipur,Kharif 1,Maize 1,0,77.76,48.44,19.79,6.25,27.0,20.0,34,72.5,85,60,185.75631313131316,2.518413598,March,April to May,June to July,0,maize
Lalmonirhat,Kharif 1,Maize 1,17465,77.76,48.44,19.79,6.25,27.0,20.0,34,72.5,85,60,179.6013888888889,2.934726596,March,April to May,June to July,51255,maize
Madaripur,Kharif 1,Maize 1,0,77.76,48.44,19.79,6.25,27.0,20.0,34,72.5,85,60,160.41666666666666,2.518413598,March,April to May,June to July,0,maize
Magura,Kharif 1,Maize 1,0,77.76,48.44,19.79,6.25,27.0,20.0,34,72.5,85,60,134.2247474747475,2.518413598,March,April to May,June to July,0,maize
Manikganj,Kharif 1,Maize 1,13736,77.76,48.44,19.79,6.25,27.0,20.0,34,72.5,85,60,169.94262295081967,2.142617938,March,April to May,June to July,29431,maize
Meherpur,Kharif 1,Maize 1,0,77.76,48.44,19.79,6.25,27.0,20.0,34,72.5,85,60,129.44444444444446,2.518413598,March,April to May,June to July,0,maize
Moulvibazar,Kharif 1,Maize 1,0,77.76,48.44,19.79,6.25,27.0,20.0,34,72.5,85,60,333.72557471264366,2.518413598,March,April to May,June to July,0,maize
Munshiganj,Kharif 1,Maize 1,10584,77.76,48.44,19.79,6.25,27.0,20.0,34,72.5,85,60,169.94262295081967,2.193783069,March,April to May,June to July,23219,maize
Mymensingh,Kharif 1,Maize 1,0,77.76,48.44,19.79,6.25,27.0,20.0,34,72.5,85,60,181.08838383838383,2.518413598,March,April to May,June to July,0,maize
Naogaon,Kharif 1,Maize 1,2419,77.76,48.44,19.79,6.25,27.0,20.0,34,72.5,85,60,124.92,2.442744936,March,April to May,June to July,5909,maize
Narail,Kharif 1,Maize 1,0,77.76,48.44,19.79,6.25,27.0,20.0,34,72.5,85,60,134.2247474747475,2.518413598,March,April to May,June to July,0,maize
Narayanganj,Kharif 1,Maize 1,0,77.76,48.44,19.79,6.25,27.0,20.0,34,72.5,85,60,169.94262295081967,2.518413598,March,April to May,June to July,0,maize
Narsingdi,Kharif 1,Maize 1,0,77.76,48.44,19.79,6.25,27.0,20.0,34,72.5,85,60,169.94262295081967,2.518413598,March,April to May,June to July,0,maize
Natore,Kharif 1,Maize 1,21198,77.76,48.44,19.79,6.25,27.0,20.0,34,72.5,85,60,124.92,2.466411926,March,April to May,June to July,52283,maize
Netrokona,Kharif 1,Maize 1,0,77.76,48.44,19.79,6.25,27.0,20.0,34,72.5,85,60,181.08838383838383,2.518413598,March,April to May,June to July,0,maize
Nilphamari,Kharif 1,Maize 1,3210,77.76,48.44,19.79,6.25,27.0,20.0,34,72.5,85,60,179.6013888888889,3.483800623,March,April to May,June to July,11183,maize
Noakhali,Kharif 1,Maize 1,0,77.76,48.44,19.79,6.25,27.0,20.0,34,72.5,85,60,185.75631313131316,2.518413598,March,April to May,June to July,0,maize
Pabna,Kharif 1,Maize 1,90,77.76,48.44,19.79,6.25,27.0,20.0,34,72.5,85,60,124.92,2.744444444,March,April to May,June to July,247,maize
Panchagar,Kharif 1,Maize 1,2498,77.76,48.44,19.79,6.25,27.0,20.0,34,72.5,85,60,154.21843434343435,3.470376301,March,April to May,June to July,8669,maize
Patuakhali,Kharif 1,Maize 1,0,77.76,48.44,19.79,6.25,27.0,20.0,34,72.5,85,60,207.8076923076923,2.518413598,March,April to May,June to July,0,maize
Pirojpur,Kharif 1,Maize 1,0,77.76,48.44,19.79,6.25,27.0,20.0,34,72.5,85,60,175.42564102564103,2.518413598,March,April to May,June to July,0,maize
Rajbari,Kharif 1,Maize 1,34,77.76,48.44,19.79,6.25,27.0,20.0,34,72.5,85,60,155.864898989899,2.352941176,March,April to May,June to July,80,maize
Rajshahi,Kharif 1,Maize 1,22695,77.76,48.44,19.79,6.25,27.0,20.0,34,72.5,85,60,124.92,2.658735404,March,April to May,June to July,60340,maize
Rangamati,Kharif 1,Maize 1,500,77.76,48.44,19.79,6.25,27.0,20.0,34,72.5,85,60,204.11111111111111,1.336,March,April to May,June to July,668,maize
Rangpur,Kharif 1,Maize 1,23269,77.76,48.44,19.79,6.25,27.0,20.0,34,72.5,85,60,179.6013888888889,3.127422751,March,April to May,June to July,72772,maize
Satkhira,Kharif 1,Maize 1,10,77.76,48.44,19.79,6.25,27.0,20.0,34,72.5,85,60,140.35353535353536,3.2,March,April to May,June to July,32,maize
Shariatpur,Kharif 1,Maize 1,0,77.76,48.44,19.79,6.25,27.0,20.0,34,72.5,85,60,155.864898989899,2.518413598,March,April to May,June to July,0,maize
Sherpur,Kharif 1,Maize 1,136,77.76,48.44,19.79,6.25,27.0,20.0,34,72.5,85,60,181.08838383838383,3.514705882,March,April to May,June to July,478,maize
Sirajganj,Kharif 1,Maize 1,305,77.76,48.44,19.79,6.25,27.0,20.0,34,72.5,85,60,142.85416666666666,2.249180328,March,April to May,June to July,686,maize
Sunamganj,Kharif 1,Maize 1,0,77.76,48.44,19.79,6.25,27.0,20.0,34,72.5,85,60,333.72557471264366,2.518413598,March,April to May,June to July,0,maize
Sylhet,Kharif 1,Maize 1,0,77.76,48.44,19.79,6.25,27.0,20.0,34,72.5,85,60,333.72557471264366,2.518413598,March,April to May,June to July,0,maize
Tangail,Kharif 1,Maize 1,0,77.76,48.44,19.79,6.25,27.0,20.0,34,72.5,85,60,153.4104938271605,2.518413598,March,April to May,June to July,0,maize
Thakurgaon,Kharif 1,Maize 1,52049,77.76,48.44,19.79,6.25,27.0,20.0,34,72.5,85,60,154.21843434343435,2.593844262,March,April to May,June to July,135007,maize
Bagerhat,Rabi,Maize 2,421,77.76,48.44,19.79,6.25,20.5,14.0,27,60.0,70,50,144.96843434343435,2.247030879,Dec,Jan  to  March,April,946,maize
Bandarban,Rabi,Maize 2,373,77.76,48.44,19.79,6.25,20.5,14.0,27,60.0,70,50,243.94444444444449,1.461126005,Dec,Jan  to  March,April,545,maize
Barguna,Rabi,Maize 2,126,77.76,48.44,19.79,6.25,20.5,14.0,27,60.0,70,50,207.8076923076923,1.436507937,Dec,Jan  to  March,April,181,maize
Barishal,Rabi,Maize 2,660,77.76,48.44,19.79,6.25,20.5,14.0,27,60.0,70,50,175.42564102564103,2.0,Dec,Jan  to  March,April,1320,maize
Bhola,Rabi,Maize 2,1954,77.76,48.44,19.79,6.25,20.5,14.0,27,60.0,70,50,185.23090277777777,2.688843398,Dec,Jan  to  March,April,5254,maize
Bogura,Rabi,Maize 2,17441,77.76,48.44,19.79,6.25,20.5,14.0,27,60.0,70,50,142.85416666666666,3.050283814,Dec,Jan  to  March,April,53200,maize
Brahmanbaria,Rabi,Maize 2,233,77.76,48.44,19.79,6.25,20.5,14.0,27,60.0,70,50,185.75631313131316,1.454935622,Dec,Jan  to  March,April,339,maize
Chandpur,Rabi,Maize 2,11951,77.76,48.44,19.79,6.25,20.5,14.0,27,60.0,70,50,168.796875,2.890051042,Dec,Jan  to  March,April,34539,maize
Chapai Nawabganj,Rabi,Maize 2,14687,77.76,48.44,19.79,6.25,20.5,14.0,27,60.0,70,50,124.92,2.858786682,Dec,Jan  to  March,April,41987,maize
Chattogram,Rabi,Maize 2,66,77.76,48.44,19.79,6.25,20.5,14.0,27,60.0,70,50,243.94444444444449,2.590909091,Dec,Jan  to  March,April,171,maize
Chuadanga,Rabi,Maize 2,117887,77.76,48.44,19.79,6.25,20.5,14.0,27,60.0,70,50,129.44444444444446,4.386955305,Dec,Jan  to  March,April,517165,maize
CoxsBazar,Rabi,Maize 2,200,77.76,48.44,19.79,6.25,20.5,14.0,27,60.0,70,50,303.40277777777777,2.12,Dec,Jan  to  March,April,424,maize
Cumilla,Rabi,Maize 2,23305,77.76,48.44,19.79,6.25,20.5,14.0,27,60.0,70,50,185.75631313131316,2.450761639,Dec,Jan  to  March,April,57115,maize
Dhaka,Rabi,Maize 2,10394,77.76,48.44,19.79,6.25,20.5,14.0,27,60.0,70,50,169.94262295081967,2.740908216,Dec,Jan  to  March,April,28489,maize
Dinajpur,Rabi,Maize 2,152992,77.76,48.44,19.79,6.25,20.5,14.0,27,60.0,70,50,154.21843434343435,3.562369274,Dec,Jan  to  March,April,545014,maize
Faridpur,Rabi,Maize 2,797,77.76,48.44,19.79,6.25,20.5,14.0,27,60.0,70,50,155.864898989899,2.213299875,Dec,Jan  to  March,April,1764,maize
Feni,Rabi,Maize 2,184,77.76,48.44,19.79,6.25,20.5,14.0,27,60.0,70,50,248.1727642276423,2.902173913,Dec,Jan  to  March,April,534,maize
Gaibandha,Rabi,Maize 2,32955,77.76,48.44,19.79,6.25,20.5,14.0,27,60.0,70,50,179.6013888888889,3.212380519,Dec,Jan  to  March,April,105864,maize
Gazipur,Rabi,Maize 2,6,77.76,48.44,19.79,6.25,20.5,14.0,27,60.0,70,50,169.94262295081967,1.666666667,Dec,Jan  to  March,April,10,maize
Gopalganj,Rabi,Maize 2,88,77.76,48.44,19.79,6.25,20.5,14.0,27,60.0,70,50,155.864898989899,2.863636364,Dec,Jan  to  March,April,252,maize
Habiganj,Rabi,Maize 2,27,77.76,48.44,19.79,6.25,20.5,14.0,27,60.0,70,50,333.72557471264366,1.444444444,Dec,Jan  to  March,April,39,maize
Jamalpur,Rabi,Maize 2,27683,77.76,48.44,19.79,6.25,20.5,14.0,27,60.0,70,50,181.08838383838383,4.108008525,Dec,Jan  to  March,April,113722,maize
Jashore,Rabi,Maize 2,1394,77.76,48.44,19.79,6.25,20.5,14.0,27,60.0,70,50,134.2247474747475,3.233142037,Dec,Jan  to  March,April,4507,maize
Jhallokati,Rabi,Maize 2,1095,77.76,48.44,19.79,6.25,20.5,14.0,27,60.0,70,50,175.42564102564103,2.19543379,Dec,Jan  to  March,April,2404,maize
Jhenaidah,Rabi,Maize 2,43029,77.76,48.44,19.79,6.25,20.5,14.0,27,60.0,70,50,134.2247474747475,3.984405866,Dec,Jan  to  March,April,171445,maize
Joypurhat,Rabi,Maize 2,817,77.76,48.44,19.79,6.25,20.5,14.0,27,60.0,70,50,142.85416666666666,3.461444308,Dec,Jan  to  March,April,2828,maize
Khagrachari,Rabi,Maize 2,1062,77.76,48.44,19.79,6.25,20.5,14.0,27,60.0,70,50,204.11111111111111,2.04519774,Dec,Jan  to  March,April,2172,maize
Khulna,Rabi,Maize 2,203,77.76,48.44,19.79,6.25,20.5,14.0,27,60.0,70,50,144.96843434343435,2.871921182,Dec,Jan  to  March,April,583,maize
Kishoreganj,Rabi,Maize 2,13926,77.76,48.44,19.79,6.25,20.5,14.0,27,60.0,70,50,181.08838383838383,3.099310642,Dec,Jan  to  March,April,43161,maize
Kurigram,Rabi,Maize 2,16200,77.76,48.44,19.79,6.25,20.5,14.0,27,60.0,70,50,179.6013888888889,3.302962963,Dec,Jan  to  March,April,53508,maize
Kushtia,Rabi,Maize 2,23472,77.76,48.44,19.79,6.25,20.5,14.0,27,60.0,70,50,129.44444444444446,4.03889741,Dec,Jan  to  March,April,94801,maize
Lakshmipur,Rabi,Maize 2,0,77.76,48.44,19.79,6.25,20.5,14.0,27,60.0,70,50,185.75631313131316,2.518413598,Dec,Jan  to  March,April,0,maize
Lalmonirhat,Rabi,Maize 2,71196,77.76,48.44,19.79,6.25,20.5,14.0,27,60.0,70,50,179.6013888888889,3.621818641,Dec,Jan  to  March,April,257859,maize
Madaripur,Rabi,Maize 2,568,77.76,48.44,19.79,6.25,20.5,14.0,27,60.0,70,50,160.41666666666666,3.790492958,Dec,Jan  to  March,April,2153,maize
Magura,Rabi,Maize 2,155,77.76,48.44,19.79,6.25,20.5,14.0,27,60.0,70,50,134.2247474747475,3.303225806,Dec,Jan  to  March,April,512,maize
Manikganj,Rabi,Maize 2,39569,77.76,48.44,19.79,6.25,20.5,14.0,27,60.0,70,50,169.94262295081967,3.337107331,Dec,Jan  to  March,April,132046,maize
Meherpur,Rabi,Maize 2,28300,77.76,48.44,19.79,6.25,20.5,14.0,27,60.0,70,50,129.44444444444446,4.413992933,Dec,Jan  to  March,April,124916,maize
Moulvibazar,Rabi,Maize 2,2,77.76,48.44,19.79,6.25,20.5,14.0,27,60.0,70,50,333.72557471264366,3.5,Dec,Jan  to  March,April,7,maize
Munshiganj,Rabi,Maize 2,721,77.76,48.44,19.79,6.25,20.5,14.0,27,60.0,70,50,169.94262295081967,2.67961165,Dec,Jan  to  March,April,1932,maize
Mymensingh,Rabi,Maize 2,290,77.76,48.44,19.79,6.25,20.5,14.0,27,60.0,70,50,181.08838383838383,3.5,Dec,Jan  to  March,April,1015,maize
Naogaon,Rabi,Maize 2,14819,77.76,48.44,19.79,6.25,20.5,14.0,27,60.0,70,50,124.92,3.748093664,Dec,Jan  to  March,April,55543,maize
Narail,Rabi,Maize 2,301,77.76,48.44,19.79,6.25,20.5,14.0,27,60.0,70,50,134.2247474747475,3.524916944,Dec,Jan  to  March,April,1061,maize
Narayanganj,Rabi,Maize 2,65,77.76,48.44,19.79,6.25,20.5,14.0,27,60.0,70,50,169.94262295081967,3.215384615,Dec,Jan  to  March,April,209,maize
Narsingdi,Rabi,Maize 2,39,77.76,48.44,19.79,6.25,20.5,14.0,27,60.0,70,50,169.94262295081967,2.58974359,Dec,Jan  to  March,April,101,maize
Natore,Rabi,Maize 2,11500,77.76,48.44,19.79,6.25,20.5,14.0,27,60.0,70,50,124.92,3.425478261,Dec,Jan  to  March,April,39393,maize
Netrokona,Rabi,Maize 2,0,77.76,48.44,19.79,6.25,20.5,14.0,27,60.0,70,50,181.08838383838383,2.518413598,Dec,Jan  to  March,April,0,maize
Nilphamari,Rabi,Maize 2,56777,77.76,48.44,19.79,6.25,20.5,14.0,27,60.0,70,50,179.6013888888889,4.236310478,Dec,Jan  to  March,April,240525,maize
Noakhali,Rabi,Maize 2,256,77.76,48.44,19.79,6.25,20.5,14.0,27,60.0,70,50,185.75631313131316,3.1171875,Dec,Jan  to  March,April,798,maize
Pabna,Rabi,Maize 2,1710,77.76,48.44,19.79,6.25,20.5,14.0,27,60.0,70,50,124.92,2.819883041,Dec,Jan  to  March,April,4822,maize
Panchagar,Rabi,Maize 2,64720,77.76,48.44,19.79,6.25,20.5,14.0,27,60.0,70,50,154.21843434343435,4.201297899,Dec,Jan  to  March,April,271908,maize
Patuakhali,Rabi,Maize 2,112,77.76,48.44,19.79,6.25,20.5,14.0,27,60.0,70,50,207.8076923076923,1.491071429,Dec,Jan  to  March,April,167,maize
Pirojpur,Rabi,Maize 2,533,77.76,48.44,19.79,6.25,20.5,14.0,27,60.0,70,50,175.42564102564103,1.866791745,Dec,Jan  to  March,April,995,maize
Rajbari,Rabi,Maize 2,695,77.76,48.44,19.79,6.25,20.5,14.0,27,60.0,70,50,155.864898989899,2.998561151,Dec,Jan  to  March,April,2084,maize
Rajshahi,Rabi,Maize 2,17226,77.76,48.44,19.79,6.25,20.5,14.0,27,60.0,70,50,124.92,3.345698363,Dec,Jan  to  March,April,57633,maize
Rangamati,Rabi,Maize 2,554,77.76,48.44,19.79,6.25,20.5,14.0,27,60.0,70,50,204.11111111111111,2.124548736,Dec,Jan  to  March,April,1177,maize
Rangpur,Rabi,Maize 2,44132,77.76,48.44,19.79,6.25,20.5,14.0,27,60.0,70,50,179.6013888888889,3.241616061,Dec,Jan  to  March,April,143059,maize
Satkhira,Rabi,Maize 2,146,77.76,48.44,19.79,6.25,20.5,14.0,27,60.0,70,50,140.35353535353536,2.828767123,Dec,Jan  to  March,April,413,maize
Shariatpur,Rabi,Maize 2,32,77.76,48.44,19.79,6.25,20.5,14.0,27,60.0,70,50,155.864898989899,3.09375,Dec,Jan  to  March,April,99,maize
Sherpur,Rabi,Maize 2,1922,77.76,48.44,19.79,6.25,20.5,14.0,27,60.0,70,50,181.08838383838383,2.475026015,Dec,Jan  to  March,April,4757,maize
Sirajganj,Rabi,Maize 2,30236,77.76,48.44,19.79,6.25,20.5,14.0,27,60.0,70,50,142.85416666666666,3.451316312,Dec,Jan  to  March,April,104354,maize
Sunamganj,Rabi,Maize 2,15,77.76,48.44,19.79,6.25,20.5,14.0,27,60.0,70,50,333.72557471264366,2.066666667,Dec,Jan  to  March,April,31,maize
Sylhet,Rabi,Maize 2,29,77.76,48.44,19.79,6.25,20.5,14.0,27,60.0,70,50,333.72557471264366,1.827586207,Dec,Jan  to  March,April,53,maize
Tangail,Rabi,Maize 2,7685,77.76,48.44,19.79,6.25,20.5,14.0,27,60.0,70,50,153.4104938271605,2.931554977,Dec,Jan  to  March,April,22529,maize
Thakurgaon,Rabi,Maize 2,69266,77.76,48.44,19.79,6.25,20.5,14.0,27,60.0,70,50,154.21843434343435,2.991727543,Dec,Jan  to  March,April,207225,maize
Bagerhat,Kharif 1,Malta,0,19.58,16.55,10.01,7.02,27.5,20.0,35,85.0,90,80,144.96843434343435,2.518413598,June,June to August,August to September,0,orange
Bandarban,Kharif 1,Malta,1022,19.58,16.55,10.01,7.02,27.5,20.0,35,85.0,90,80,243.94444444444449,0.3238747554,June,June to August,August to September,331,orange
Barguna,Kharif 1,Malta,0,19.58,16.55,10.01,7.02,27.5,20.0,35,85.0,90,80,207.8076923076923,2.518413598,June,June to August,August to September,0,orange
Barishal,Kharif 1,Malta,190,19.58,16.55,10.01,7.02,27.5,20.0,35,85.0,90,80,175.42564102564103,0.4210526316,June,June to August,August to September,80,orange
Bhola,Kharif 1,Malta,0,19.58,16.55,10.01,7.02,27.5,20.0,35,85.0,90,80,185.23090277777777,2.518413598,June,June to August,August to September,0,orange
Bogura,Kharif 1,Malta,1,19.58,16.55,10.01,7.02,27.5,20.0,35,85.0,90,80,142.85416666666666,1.0,June,June to August,August to September,1,orange
Brahmanbaria,Kharif 1,Malta,127,19.58,16.55,10.01,7.02,27.5,20.0,35,85.0,90,80,185.75631313131316,2.031496063,June,June to August,August to September,258,orange
Chandpur,Kharif 1,Malta,0,19.58,16.55,10.01,7.02,27.5,20.0,35,85.0,90,80,168.796875,2.518413598,June,June to August,August to September,0,orange
Chapai Nawabganj,Kharif 1,Malta,46,19.58,16.55,10.01,7.02,27.5,20.0,35,85.0,90,80,124.92,0.6304347826,June,June to August,August to September,29,orange
Chattogram,Kharif 1,Malta,0,19.58,16.55,10.01,7.02,27.5,20.0,35,85.0,90,80,243.94444444444449,2.518413598,June,June to August,August to September,0,orange
Chuadanga,Kharif 1,Malta,17,19.58,16.55,10.01,7.02,27.5,20.0,35,85.0,90,80,129.44444444444446,5.058823529,June,June to August,August to September,86,orange
CoxsBazar,Kharif 1,Malta,0,19.58,16.55,10.01,7.02,27.5,20.0,35,85.0,90,80,303.40277777777777,2.518413598,June,June to August,August to September,0,orange
Cumilla,Kharif 1,Malta,0,19.58,16.55,10.01,7.02,27.5,20.0,35,85.0,90,80,185.75631313131316,2.518413598,June,June to August,August to September,0,orange
Dhaka,Kharif 1,Malta,0,19.58,16.55,10.01,7.02,27.5,20.0,35,85.0,90,80,169.94262295081967,2.518413598,June,June to August,August to September,0,orange
Dinajpur,Kharif 1,Malta,107,19.58,16.55,10.01,7.02,27.5,20.0,35,85.0,90,80,154.21843434343435,2.644859813,June,June to August,August to September,283,orange
Faridpur,Kharif 1,Malta,0,19.58,16.55,10.01,7.02,27.5,20.0,35,85.0,90,80,155.864898989899,2.518413598,June,June to August,August to September,0,orange
Feni,Kharif 1,Malta,0,19.58,16.55,10.01,7.02,27.5,20.0,35,85.0,90,80,248.1727642276423,2.518413598,June,June to August,August to September,0,orange
Gaibandha,Kharif 1,Malta,0,19.58,16.55,10.01,7.02,27.5,20.0,35,85.0,90,80,179.6013888888889,2.518413598,June,June to August,August to September,0,orange
Gazipur,Kharif 1,Malta,72,19.58,16.55,10.01,7.02,27.5,20.0,35,85.0,90,80,169.94262295081967,1.402777778,June,June to August,August to September,101,orange
Gopalganj,Kharif 1,Malta,0,19.58,16.55,10.01,7.02,27.5,20.0,35,85.0,90,80,155.864898989899,2.518413598,June,June to August,August to September,0,orange
Habiganj,Kharif 1,Malta,0,19.58,16.55,10.01,7.02,27.5,20.0,35,85.0,90,80,333.72557471264366,2.518413598,June,June to August,August to September,0,orange
Jamalpur,Kharif 1,Malta,0,19.58,16.55,10.01,7.02,27.5,20.0,35,85.0,90,80,181.08838383838383,2.518413598,June,June to August,August to September,0,orange
Jashore,Kharif 1,Malta,81,19.58,16.55,10.01,7.02,27.5,20.0,35,85.0,90,80,134.2247474747475,3.728395062,June,June to August,August to September,302,orange
Jhallokati,Kharif 1,Malta,55,19.58,16.55,10.01,7.02,27.5,20.0,35,85.0,90,80,175.42564102564103,3.363636364,June,June to August,August to September,185,orange
Jhenaidah,Kharif 1,Malta,60,19.58,16.55,10.01,7.02,27.5,20.0,35,85.0,90,80,134.2247474747475,1.233333333,June,June to August,August to September,74,orange
Joypurhat,Kharif 1,Malta,0,19.58,16.55,10.01,7.02,27.5,20.0,35,85.0,90,80,142.85416666666666,2.518413598,June,June to August,August to September,0,orange
Khagrachari,Kharif 1,Malta,5561,19.58,16.55,10.01,7.02,27.5,20.0,35,85.0,90,80,204.11111111111111,0.04783312354,June,June to August,August to September,266,orange
Khulna,Kharif 1,Malta,0,19.58,16.55,10.01,7.02,27.5,20.0,35,85.0,90,80,144.96843434343435,2.518413598,June,June to August,August to September,0,orange
Kishoreganj,Kharif 1,Malta,4,19.58,16.55,10.01,7.02,27.5,20.0,35,85.0,90,80,181.08838383838383,6.0,June,June to August,August to September,24,orange
Kurigram,Kharif 1,Malta,2,19.58,16.55,10.01,7.02,27.5,20.0,35,85.0,90,80,179.6013888888889,1.0,June,June to August,August to September,2,orange
Kushtia,Kharif 1,Malta,0,19.58,16.55,10.01,7.02,27.5,20.0,35,85.0,90,80,129.44444444444446,2.518413598,June,June to August,August to September,0,orange
Lakshmipur,Kharif 1,Malta,0,19.58,16.55,10.01,7.02,27.5,20.0,35,85.0,90,80,185.75631313131316,2.518413598,June,June to August,August to September,0,orange
Lalmonirhat,Kharif 1,Malta,96,19.58,16.55,10.01,7.02,27.5,20.0,35,85.0,90,80,179.6013888888889,0.6041666667,June,June to August,August to September,58,orange
Madaripur,Kharif 1,Malta,0,19.58,16.55,10.01,7.02,27.5,20.0,35,85.0,90,80,160.41666666666666,2.518413598,June,June to August,August to September,0,orange
Magura,Kharif 1,Malta,4772,19.58,16.55,10.01,7.02,27.5,20.0,35,85.0,90,80,134.2247474747475,0.3233445096,June,June to August,August to September,1543,orange
Manikganj,Kharif 1,Malta,0,19.58,16.55,10.01,7.02,27.5,20.0,35,85.0,90,80,169.94262295081967,2.518413598,June,June to August,August to September,0,orange
Meherpur,Kharif 1,Malta,24,19.58,16.55,10.01,7.02,27.5,20.0,35,85.0,90,80,129.44444444444446,1.875,June,June to August,August to September,45,orange
Moulvibazar,Kharif 1,Malta,0,19.58,16.55,10.01,7.02,27.5,20.0,35,85.0,90,80,333.72557471264366,2.518413598,June,June to August,August to September,0,orange
Munshiganj,Kharif 1,Malta,0,19.58,16.55,10.01,7.02,27.5,20.0,35,85.0,90,80,169.94262295081967,2.518413598,June,June to August,August to September,0,orange
Mymensingh,Kharif 1,Malta,0,19.58,16.55,10.01,7.02,27.5,20.0,35,85.0,90,80,181.08838383838383,2.518413598,June,June to August,August to September,0,orange
Naogaon,Kharif 1,Malta,34,19.58,16.55,10.01,7.02,27.5,20.0,35,85.0,90,80,124.92,6.558823529,June,June to August,August to September,223,orange
Narail,Kharif 1,Malta,4,19.58,16.55,10.01,7.02,27.5,20.0,35,85.0,90,80,134.2247474747475,1.25,June,June to August,August to September,5,orange
Narayanganj,Kharif 1,Malta,0,19.58,16.55,10.01,7.02,27.5,20.0,35,85.0,90,80,169.94262295081967,2.518413598,June,June to August,August to September,0,orange
Narsingdi,Kharif 1,Malta,55,19.58,16.55,10.01,7.02,27.5,20.0,35,85.0,90,80,169.94262295081967,0.9454545455,June,June to August,August to September,52,orange
Natore,Kharif 1,Malta,30,19.58,16.55,10.01,7.02,27.5,20.0,35,85.0,90,80,124.92,3.566666667,June,June to August,August to September,107,orange
Netrokona,Kharif 1,Malta,0,19.58,16.55,10.01,7.02,27.5,20.0,35,85.0,90,80,181.08838383838383,2.518413598,June,June to August,August to September,0,orange
Nilphamari,Kharif 1,Malta,24,19.58,16.55,10.01,7.02,27.5,20.0,35,85.0,90,80,179.6013888888889,1.5,June,June to August,August to September,36,orange
Noakhali,Kharif 1,Malta,0,19.58,16.55,10.01,7.02,27.5,20.0,35,85.0,90,80,185.75631313131316,2.518413598,June,June to August,August to September,0,orange
Pabna,Kharif 1,Malta,5,19.58,16.55,10.01,7.02,27.5,20.0,35,85.0,90,80,124.92,1.8,June,June to August,August to September,9,orange
Panchagar,Kharif 1,Malta,30,19.58,16.55,10.01,7.02,27.5,20.0,35,85.0,90,80,154.21843434343435,2.7,June,June to August,August to September,81,orange
Patuakhali,Kharif 1,Malta,0,19.58,16.55,10.01,7.02,27.5,20.0,35,85.0,90,80,207.8076923076923,2.518413598,June,June to August,August to September,0,orange
Pirojpur,Kharif 1,Malta,87,19.58,16.55,10.01,7.02,27.5,20.0,35,85.0,90,80,175.42564102564103,2.390804598,June,June to August,August to September,208,orange
Rajbari,Kharif 1,Malta,0,19.58,16.55,10.01,7.02,27.5,20.0,35,85.0,90,80,155.864898989899,2.518413598,June,June to August,August to September,0,orange
Rajshahi,Kharif 1,Malta,322,19.58,16.55,10.01,7.02,27.5,20.0,35,85.0,90,80,124.92,2.102484472,June,June to August,August to September,677,orange
Rangamati,Kharif 1,Malta,90,19.58,16.55,10.01,7.02,27.5,20.0,35,85.0,90,80,204.11111111111111,4.533333333,June,June to August,August to September,408,orange
Rangpur,Kharif 1,Malta,38,19.58,16.55,10.01,7.02,27.5,20.0,35,85.0,90,80,179.6013888888889,3.289473684,June,June to August,August to September,125,orange
Satkhira,Kharif 1,Malta,0,19.58,16.55,10.01,7.02,27.5,20.0,35,85.0,90,80,140.35353535353536,2.518413598,June,June to August,August to September,0,orange
Shariatpur,Kharif 1,Malta,7,19.58,16.55,10.01,7.02,27.5,20.0,35,85.0,90,80,155.864898989899,11.71428571,June,June to August,August to September,82,orange
Sherpur,Kharif 1,Malta,25,19.58,16.55,10.01,7.02,27.5,20.0,35,85.0,90,80,181.08838383838383,5.44,June,June to August,August to September,136,orange
Sirajganj,Kharif 1,Malta,2,19.58,16.55,10.01,7.02,27.5,20.0,35,85.0,90,80,142.85416666666666,6.0,June,June to August,August to September,12,orange
Sunamganj,Kharif 1,Malta,0,19.58,16.55,10.01,7.02,27.5,20.0,35,85.0,90,80,333.72557471264366,2.518413598,June,June to August,August to September,0,orange
Sylhet,Kharif 1,Malta,1,19.58,16.55,10.01,7.02,27.5,20.0,35,85.0,90,80,333.72557471264366,21.0,June,June to August,August to September,21,orange
Tangail,Kharif 1,Malta,225,19.58,16.55,10.01,7.02,27.5,20.0,35,85.0,90,80,153.4104938271605,2.026666667,June,June to August,August to September,456,orange
Thakurgaon,Kharif 1,Malta,40,19.58,16.55,10.01,7.02,27.5,20.0,35,85.0,90,80,154.21843434343435,4.875,June,June to August,August to September,195,orange
Bagerhat,Kharif 1,Mango,383,20.07,27.18,29.92,5.77,31.5,27.0,36,70.0,90,50,144.96843434343435,4.994778068,April,No need to do,April to June,1913,mango
Bandarban,Kharif 1,Mango,2839,20.07,27.18,29.92,5.77,31.5,27.0,36,70.0,90,50,243.94444444444449,1.316308559,April,No need to do,April to June,3737,mango
Barguna,Kharif 1,Mango,2348,20.07,27.18,29.92,5.77,31.5,27.0,36,70.0,90,50,207.8076923076923,3.066439523,April,No need to do,April to June,7200,mango
Barishal,Kharif 1,Mango,27465,20.07,27.18,29.92,5.77,31.5,27.0,36,70.0,90,50,175.42564102564103,0.3897687967,April,No need to do,April to June,10705,mango
Bhola,Kharif 1,Mango,715,20.07,27.18,29.92,5.77,31.5,27.0,36,70.0,90,50,185.23090277777777,2.116083916,April,No need to do,April to June,1513,mango
Bogura,Kharif 1,Mango,3148,20.07,27.18,29.92,5.77,31.5,27.0,36,70.0,90,50,142.85416666666666,7.126429479,April,No need to do,April to June,22434,mango
Brahmanbaria,Kharif 1,Mango,2856,20.07,27.18,29.92,5.77,31.5,27.0,36,70.0,90,50,185.75631313131316,3.445028011,April,No need to do,April to June,9839,mango
Chandpur,Kharif 1,Mango,1054,20.07,27.18,29.92,5.77,31.5,27.0,36,70.0,90,50,168.796875,9.240037951,April,No need to do,April to June,9739,mango
Chapai Nawabganj,Kharif 1,Mango,63886,20.07,27.18,29.92,5.77,31.5,27.0,36,70.0,90,50,124.92,2.087906584,April,No need to do,April to June,133388,mango
Chattogram,Kharif 1,Mango,2583,20.07,27.18,29.92,5.77,31.5,27.0,36,70.0,90,50,243.94444444444449,7.667053813,April,No need to do,April to June,19804,mango
Chuadanga,Kharif 1,Mango,914,20.07,27.18,29.92,5.77,31.5,27.0,36,70.0,90,50,129.44444444444446,6.927789934,April,No need to do,April to June,6332,mango
CoxsBazar,Kharif 1,Mango,1192,20.07,27.18,29.92,5.77,31.5,27.0,36,70.0,90,50,303.40277777777777,8.095637584,April,No need to do,April to June,9650,mango
Cumilla,Kharif 1,Mango,5878,20.07,27.18,29.92,5.77,31.5,27.0,36,70.0,90,50,185.75631313131316,3.832766247,April,No need to do,April to June,22529,mango
Dhaka,Kharif 1,Mango,533,20.07,27.18,29.92,5.77,31.5,27.0,36,70.0,90,50,169.94262295081967,10.64915572,April,No need to do,April to June,5676,mango
Dinajpur,Kharif 1,Mango,1534,20.07,27.18,29.92,5.77,31.5,27.0,36,70.0,90,50,154.21843434343435,27.2464146,April,No need to do,April to June,41796,mango
Faridpur,Kharif 1,Mango,1339,20.07,27.18,29.92,5.77,31.5,27.0,36,70.0,90,50,155.864898989899,6.035847647,April,No need to do,April to June,8082,mango
Feni,Kharif 1,Mango,1569,20.07,27.18,29.92,5.77,31.5,27.0,36,70.0,90,50,248.1727642276423,2.333970682,April,No need to do,April to June,3662,mango
Gaibandha,Kharif 1,Mango,1818,20.07,27.18,29.92,5.77,31.5,27.0,36,70.0,90,50,179.6013888888889,7.425192519,April,No need to do,April to June,13499,mango
Gazipur,Kharif 1,Mango,1796,20.07,27.18,29.92,5.77,31.5,27.0,36,70.0,90,50,169.94262295081967,4.920378619,April,No need to do,April to June,8837,mango
Gopalganj,Kharif 1,Mango,1044,20.07,27.18,29.92,5.77,31.5,27.0,36,70.0,90,50,155.864898989899,3.66954023,April,No need to do,April to June,3831,mango
Habiganj,Kharif 1,Mango,17256,20.07,27.18,29.92,5.77,31.5,27.0,36,70.0,90,50,333.72557471264366,2.091620306,April,No need to do,April to June,36093,mango
Jamalpur,Kharif 1,Mango,2664,20.07,27.18,29.92,5.77,31.5,27.0,36,70.0,90,50,181.08838383838383,4.801801802,April,No need to do,April to June,12792,mango
Jashore,Kharif 1,Mango,3653,20.07,27.18,29.92,5.77,31.5,27.0,36,70.0,90,50,134.2247474747475,2.622502053,April,No need to do,April to June,9580,mango
Jhallokati,Kharif 1,Mango,1957,20.07,27.18,29.92,5.77,31.5,27.0,36,70.0,90,50,175.42564102564103,0.5569749617,April,No need to do,April to June,1090,mango
Jhenaidah,Kharif 1,Mango,1768,20.07,27.18,29.92,5.77,31.5,27.0,36,70.0,90,50,134.2247474747475,9.680429864,April,No need to do,April to June,17115,mango
Joypurhat,Kharif 1,Mango,883,20.07,27.18,29.92,5.77,31.5,27.0,36,70.0,90,50,142.85416666666666,5.171007928,April,No need to do,April to June,4566,mango
Khagrachari,Kharif 1,Mango,4207,20.07,27.18,29.92,5.77,31.5,27.0,36,70.0,90,50,204.11111111111111,2.166389351,April,No need to do,April to June,9114,mango
Khulna,Kharif 1,Mango,1336,20.07,27.18,29.92,5.77,31.5,27.0,36,70.0,90,50,144.96843434343435,5.32260479,April,No need to do,April to June,7111,mango
Kishoreganj,Kharif 1,Mango,644,20.07,27.18,29.92,5.77,31.5,27.0,36,70.0,90,50,181.08838383838383,16.17701863,April,No need to do,April to June,10418,mango
Kurigram,Kharif 1,Mango,1173,20.07,27.18,29.92,5.77,31.5,27.0,36,70.0,90,50,179.6013888888889,9.415174766,April,No need to do,April to June,11044,mango
Kushtia,Kharif 1,Mango,4450,20.07,27.18,29.92,5.77,31.5,27.0,36,70.0,90,50,129.44444444444446,11.08539326,April,No need to do,April to June,49330,mango
Lakshmipur,Kharif 1,Mango,1923,20.07,27.18,29.92,5.77,31.5,27.0,36,70.0,90,50,185.75631313131316,1.001040042,April,No need to do,April to June,1925,mango
Lalmonirhat,Kharif 1,Mango,899,20.07,27.18,29.92,5.77,31.5,27.0,36,70.0,90,50,179.6013888888889,6.351501669,April,No need to do,April to June,5710,mango
Madaripur,Kharif 1,Mango,1015,20.07,27.18,29.92,5.77,31.5,27.0,36,70.0,90,50,160.41666666666666,7.310344828,April,No need to do,April to June,7420,mango
Magura,Kharif 1,Mango,529,20.07,27.18,29.92,5.77,31.5,27.0,36,70.0,90,50,134.2247474747475,13.43289225,April,No need to do,April to June,7106,mango
Manikganj,Kharif 1,Mango,2707,20.07,27.18,29.92,5.77,31.5,27.0,36,70.0,90,50,169.94262295081967,2.033247137,April,No need to do,April to June,5504,mango
Meherpur,Kharif 1,Mango,6050,20.07,27.18,29.92,5.77,31.5,27.0,36,70.0,90,50,129.44444444444446,2.246942149,April,No need to do,April to June,13594,mango
Moulvibazar,Kharif 1,Mango,777,20.07,27.18,29.92,5.77,31.5,27.0,36,70.0,90,50,333.72557471264366,7.642213642,April,No need to do,April to June,5938,mango
Munshiganj,Kharif 1,Mango,265,20.07,27.18,29.92,5.77,31.5,27.0,36,70.0,90,50,169.94262295081967,11.76981132,April,No need to do,April to June,3119,mango
Mymensingh,Kharif 1,Mango,6934,20.07,27.18,29.92,5.77,31.5,27.0,36,70.0,90,50,181.08838383838383,3.132391116,April,No need to do,April to June,21720,mango
Naogaon,Kharif 1,Mango,6061,20.07,27.18,29.92,5.77,31.5,27.0,36,70.0,90,50,124.92,6.631413958,April,No need to do,April to June,40193,mango
Narail,Kharif 1,Mango,1629,20.07,27.18,29.92,5.77,31.5,27.0,36,70.0,90,50,134.2247474747475,4.742786986,April,No need to do,April to June,7726,mango
Narayanganj,Kharif 1,Mango,80,20.07,27.18,29.92,5.77,31.5,27.0,36,70.0,90,50,169.94262295081967,23.7625,April,No need to do,April to June,1901,mango
Narsingdi,Kharif 1,Mango,996,20.07,27.18,29.92,5.77,31.5,27.0,36,70.0,90,50,169.94262295081967,5.029116466,April,No need to do,April to June,5009,mango
Natore,Kharif 1,Mango,4083,20.07,27.18,29.92,5.77,31.5,27.0,36,70.0,90,50,124.92,14.94342395,April,No need to do,April to June,61014,mango
Netrokona,Kharif 1,Mango,4404,20.07,27.18,29.92,5.77,31.5,27.0,36,70.0,90,50,181.08838383838383,6.514532243,April,No need to do,April to June,28690,mango
Nilphamari,Kharif 1,Mango,595,20.07,27.18,29.92,5.77,31.5,27.0,36,70.0,90,50,179.6013888888889,17.17647059,April,No need to do,April to June,10220,mango
Noakhali,Kharif 1,Mango,730,20.07,27.18,29.92,5.77,31.5,27.0,36,70.0,90,50,185.75631313131316,9.063013699,April,No need to do,April to June,6616,mango
Pabna,Kharif 1,Mango,2480,20.07,27.18,29.92,5.77,31.5,27.0,36,70.0,90,50,124.92,14.0141129,April,No need to do,April to June,34755,mango
Panchagar,Kharif 1,Mango,1934,20.07,27.18,29.92,5.77,31.5,27.0,36,70.0,90,50,154.21843434343435,8.198552223,April,No need to do,April to June,15856,mango
Patuakhali,Kharif 1,Mango,4944,20.07,27.18,29.92,5.77,31.5,27.0,36,70.0,90,50,207.8076923076923,0.8181634304,April,No need to do,April to June,4045,mango
Pirojpur,Kharif 1,Mango,3842,20.07,27.18,29.92,5.77,31.5,27.0,36,70.0,90,50,175.42564102564103,1.232170744,April,No need to do,April to June,4734,mango
Rajbari,Kharif 1,Mango,2771,20.07,27.18,29.92,5.77,31.5,27.0,36,70.0,90,50,155.864898989899,5.96030314,April,No need to do,April to June,16516,mango
Rajshahi,Kharif 1,Mango,35724,20.07,27.18,29.92,5.77,31.5,27.0,36,70.0,90,50,124.92,6.885343187,April,No need to do,April to June,245972,mango
Rangamati,Kharif 1,Mango,3748,20.07,27.18,29.92,5.77,31.5,27.0,36,70.0,90,50,204.11111111111111,1.634204909,April,No need to do,April to June,6125,mango
Rangpur,Kharif 1,Mango,951,20.07,27.18,29.92,5.77,31.5,27.0,36,70.0,90,50,179.6013888888889,24.89695058,April,No need to do,April to June,23677,mango
Satkhira,Kharif 1,Mango,3161,20.07,27.18,29.92,5.77,31.5,27.0,36,70.0,90,50,140.35353535353536,3.162923126,April,No need to do,April to June,9998,mango
Shariatpur,Kharif 1,Mango,10042,20.07,27.18,29.92,5.77,31.5,27.0,36,70.0,90,50,155.864898989899,0.585939056,April,No need to do,April to June,5884,mango
Sherpur,Kharif 1,Mango,2355,20.07,27.18,29.92,5.77,31.5,27.0,36,70.0,90,50,181.08838383838383,4.869639066,April,No need to do,April to June,11468,mango
Sirajganj,Kharif 1,Mango,772,20.07,27.18,29.92,5.77,31.5,27.0,36,70.0,90,50,142.85416666666666,30.50129534,April,No need to do,April to June,23547,mango
Sunamganj,Kharif 1,Mango,1667,20.07,27.18,29.92,5.77,31.5,27.0,36,70.0,90,50,333.72557471264366,8.347330534,April,No need to do,April to June,13915,mango
Sylhet,Kharif 1,Mango,1487,20.07,27.18,29.92,5.77,31.5,27.0,36,70.0,90,50,333.72557471264366,3.347679892,April,No need to do,April to June,4978,mango
Tangail,Kharif 1,Mango,2204,20.07,27.18,29.92,5.77,31.5,27.0,36,70.0,90,50,153.4104938271605,8.319419238,April,No need to do,April to June,18336,mango
Thakurgaon,Kharif 1,Mango,4179,20.07,27.18,29.92,5.77,31.5,27.0,36,70.0,90,50,154.21843434343435,6.931562575,April,No need to do,April to June,28967,mango
Bagerhat,Kharif 2,Mashkalai,0,40.02,67.47,19.24,7.13,27.5,20.0,35,35.0,45,25,144.96843434343435,2.518413598,Aug,Sep to Oct,Nov,0,blackgram
Bandarban,Kharif 2,Mashkalai,3,40.02,67.47,19.24,7.13,27.5,20.0,35,35.0,45,25,243.94444444444449,0.0,Aug,Sep to Oct,Nov,0,blackgram
Barguna,Kharif 2,Mashkalai,210,40.02,67.47,19.24,7.13,27.5,20.0,35,35.0,45,25,207.8076923076923,0.380952381,Aug,Sep to Oct,Nov,80,blackgram
Barishal,Kharif 2,Mashkalai,4,40.02,67.47,19.24,7.13,27.5,20.0,35,35.0,45,25,175.42564102564103,0.5,Aug,Sep to Oct,Nov,2,blackgram
Bhola,Kharif 2,Mashkalai,0,40.02,67.47,19.24,7.13,27.5,20.0,35,35.0,45,25,185.23090277777777,2.518413598,Aug,Sep to Oct,Nov,0,blackgram
Bogura,Kharif 2,Mashkalai,696,40.02,67.47,19.24,7.13,27.5,20.0,35,35.0,45,25,142.85416666666666,0.4698275862,Aug,Sep to Oct,Nov,327,blackgram
Brahmanbaria,Kharif 2,Mashkalai,1022,40.02,67.47,19.24,7.13,27.5,20.0,35,35.0,45,25,185.75631313131316,0.4637964775,Aug,Sep to Oct,Nov,474,blackgram
Chandpur,Kharif 2,Mashkalai,623,40.02,67.47,19.24,7.13,27.5,20.0,35,35.0,45,25,168.796875,0.3258426966,Aug,Sep to Oct,Nov,203,blackgram
Chapai Nawabganj,Kharif 2,Mashkalai,23226,40.02,67.47,19.24,7.13,27.5,20.0,35,35.0,45,25,124.92,0.3376819082,Aug,Sep to Oct,Nov,7843,blackgram
Chattogram,Kharif 2,Mashkalai,82,40.02,67.47,19.24,7.13,27.5,20.0,35,35.0,45,25,243.94444444444449,0.4512195122,Aug,Sep to Oct,Nov,37,blackgram
Chuadanga,Kharif 2,Mashkalai,904,40.02,67.47,19.24,7.13,27.5,20.0,35,35.0,45,25,129.44444444444446,0.3296460177,Aug,Sep to Oct,Nov,298,blackgram
CoxsBazar,Kharif 2,Mashkalai,0,40.02,67.47,19.24,7.13,27.5,20.0,35,35.0,45,25,303.40277777777777,2.518413598,Aug,Sep to Oct,Nov,0,blackgram
Cumilla,Kharif 2,Mashkalai,423,40.02,67.47,19.24,7.13,27.5,20.0,35,35.0,45,25,185.75631313131316,0.4113475177,Aug,Sep to Oct,Nov,174,blackgram
Dhaka,Kharif 2,Mashkalai,1434,40.02,67.47,19.24,7.13,27.5,20.0,35,35.0,45,25,169.94262295081967,0.440027894,Aug,Sep to Oct,Nov,631,blackgram
Dinajpur,Kharif 2,Mashkalai,645,40.02,67.47,19.24,7.13,27.5,20.0,35,35.0,45,25,154.21843434343435,0.4945736434,Aug,Sep to Oct,Nov,319,blackgram
Faridpur,Kharif 2,Mashkalai,1969,40.02,67.47,19.24,7.13,27.5,20.0,35,35.0,45,25,155.864898989899,0.3941086846,Aug,Sep to Oct,Nov,776,blackgram
Feni,Kharif 2,Mashkalai,114,40.02,67.47,19.24,7.13,27.5,20.0,35,35.0,45,25,248.1727642276423,0.3245614035,Aug,Sep to Oct,Nov,37,blackgram
Gaibandha,Kharif 2,Mashkalai,820,40.02,67.47,19.24,7.13,27.5,20.0,35,35.0,45,25,179.6013888888889,0.3707317073,Aug,Sep to Oct,Nov,304,blackgram
Gazipur,Kharif 2,Mashkalai,632,40.02,67.47,19.24,7.13,27.5,20.0,35,35.0,45,25,169.94262295081967,0.2515822785,Aug,Sep to Oct,Nov,159,blackgram
Gopalganj,Kharif 2,Mashkalai,389,40.02,67.47,19.24,7.13,27.5,20.0,35,35.0,45,25,155.864898989899,0.3393316195,Aug,Sep to Oct,Nov,132,blackgram
Habiganj,Kharif 2,Mashkalai,3,40.02,67.47,19.24,7.13,27.5,20.0,35,35.0,45,25,333.72557471264366,0.0,Aug,Sep to Oct,Nov,0,blackgram
Jamalpur,Kharif 2,Mashkalai,4169,40.02,67.47,19.24,7.13,27.5,20.0,35,35.0,45,25,181.08838383838383,0.3547613337,Aug,Sep to Oct,Nov,1479,blackgram
Jashore,Kharif 2,Mashkalai,908,40.02,67.47,19.24,7.13,27.5,20.0,35,35.0,45,25,134.2247474747475,0.3755506608,Aug,Sep to Oct,Nov,341,blackgram
Jhallokati,Kharif 2,Mashkalai,0,40.02,67.47,19.24,7.13,27.5,20.0,35,35.0,45,25,175.42564102564103,2.518413598,Aug,Sep to Oct,Nov,0,blackgram
Jhenaidah,Kharif 2,Mashkalai,1710,40.02,67.47,19.24,7.13,27.5,20.0,35,35.0,45,25,134.2247474747475,0.3409356725,Aug,Sep to Oct,Nov,583,blackgram
Joypurhat,Kharif 2,Mashkalai,147,40.02,67.47,19.24,7.13,27.5,20.0,35,35.0,45,25,142.85416666666666,0.380952381,Aug,Sep to Oct,Nov,56,blackgram
Khagrachari,Kharif 2,Mashkalai,0,40.02,67.47,19.24,7.13,27.5,20.0,35,35.0,45,25,204.11111111111111,2.518413598,Aug,Sep to Oct,Nov,0,blackgram
Khulna,Kharif 2,Mashkalai,105,40.02,67.47,19.24,7.13,27.5,20.0,35,35.0,45,25,144.96843434343435,0.4285714286,Aug,Sep to Oct,Nov,45,blackgram
Kishoreganj,Kharif 2,Mashkalai,1059,40.02,67.47,19.24,7.13,27.5,20.0,35,35.0,45,25,181.08838383838383,0.5269121813,Aug,Sep to Oct,Nov,558,blackgram
Kurigram,Kharif 2,Mashkalai,2084,40.02,67.47,19.24,7.13,27.5,20.0,35,35.0,45,25,179.6013888888889,0.4227447217,Aug,Sep to Oct,Nov,881,blackgram
Kushtia,Kharif 2,Mashkalai,620,40.02,67.47,19.24,7.13,27.5,20.0,35,35.0,45,25,129.44444444444446,0.4967741935,Aug,Sep to Oct,Nov,308,blackgram
Lakshmipur,Kharif 2,Mashkalai,77,40.02,67.47,19.24,7.13,27.5,20.0,35,35.0,45,25,185.75631313131316,0.2337662338,Aug,Sep to Oct,Nov,18,blackgram
Lalmonirhat,Kharif 2,Mashkalai,218,40.02,67.47,19.24,7.13,27.5,20.0,35,35.0,45,25,179.6013888888889,0.3899082569,Aug,Sep to Oct,Nov,85,blackgram
Madaripur,Kharif 2,Mashkalai,1075,40.02,67.47,19.24,7.13,27.5,20.0,35,35.0,45,25,160.41666666666666,0.3990697674,Aug,Sep to Oct,Nov,429,blackgram
Magura,Kharif 2,Mashkalai,158,40.02,67.47,19.24,7.13,27.5,20.0,35,35.0,45,25,134.2247474747475,0.4050632911,Aug,Sep to Oct,Nov,64,blackgram
Manikganj,Kharif 2,Mashkalai,8930,40.02,67.47,19.24,7.13,27.5,20.0,35,35.0,45,25,169.94262295081967,0.3913773796,Aug,Sep to Oct,Nov,3495,blackgram
Meherpur,Kharif 2,Mashkalai,1733,40.02,67.47,19.24,7.13,27.5,20.0,35,35.0,45,25,129.44444444444446,0.4852856319,Aug,Sep to Oct,Nov,841,blackgram
Moulvibazar,Kharif 2,Mashkalai,267,40.02,67.47,19.24,7.13,27.5,20.0,35,35.0,45,25,333.72557471264366,0.456928839,Aug,Sep to Oct,Nov,122,blackgram
Munshiganj,Kharif 2,Mashkalai,158,40.02,67.47,19.24,7.13,27.5,20.0,35,35.0,45,25,169.94262295081967,0.4430379747,Aug,Sep to Oct,Nov,70,blackgram
Mymensingh,Kharif 2,Mashkalai,2050,40.02,67.47,19.24,7.13,27.5,20.0,35,35.0,45,25,181.08838383838383,0.3907317073,Aug,Sep to Oct,Nov,801,blackgram
Naogaon,Kharif 2,Mashkalai,579,40.02,67.47,19.24,7.13,27.5,20.0,35,35.0,45,25,124.92,0.4162348877,Aug,Sep to Oct,Nov,241,blackgram
Narail,Kharif 2,Mashkalai,103,40.02,67.47,19.24,7.13,27.5,20.0,35,35.0,45,25,134.2247474747475,0.3495145631,Aug,Sep to Oct,Nov,36,blackgram
Narayanganj,Kharif 2,Mashkalai,45,40.02,67.47,19.24,7.13,27.5,20.0,35,35.0,45,25,169.94262295081967,0.4,Aug,Sep to Oct,Nov,18,blackgram
Narsingdi,Kharif 2,Mashkalai,501,40.02,67.47,19.24,7.13,27.5,20.0,35,35.0,45,25,169.94262295081967,0.4550898204,Aug,Sep to Oct,Nov,228,blackgram
Natore,Kharif 2,Mashkalai,701,40.02,67.47,19.24,7.13,27.5,20.0,35,35.0,45,25,124.92,0.332382311,Aug,Sep to Oct,Nov,233,blackgram
Netrokona,Kharif 2,Mashkalai,341,40.02,67.47,19.24,7.13,27.5,20.0,35,35.0,45,25,181.08838383838383,0.6011730205,Aug,Sep to Oct,Nov,205,blackgram
Nilphamari,Kharif 2,Mashkalai,93,40.02,67.47,19.24,7.13,27.5,20.0,35,35.0,45,25,179.6013888888889,0.3978494624,Aug,Sep to Oct,Nov,37,blackgram
Noakhali,Kharif 2,Mashkalai,121,40.02,67.47,19.24,7.13,27.5,20.0,35,35.0,45,25,185.75631313131316,0.3305785124,Aug,Sep to Oct,Nov,40,blackgram
Pabna,Kharif 2,Mashkalai,4860,40.02,67.47,19.24,7.13,27.5,20.0,35,35.0,45,25,124.92,0.4816872428,Aug,Sep to Oct,Nov,2341,blackgram
Panchagar,Kharif 2,Mashkalai,310,40.02,67.47,19.24,7.13,27.5,20.0,35,35.0,45,25,154.21843434343435,0.4387096774,Aug,Sep to Oct,Nov,136,blackgram
Patuakhali,Kharif 2,Mashkalai,0,40.02,67.47,19.24,7.13,27.5,20.0,35,35.0,45,25,207.8076923076923,2.518413598,Aug,Sep to Oct,Nov,0,blackgram
Pirojpur,Kharif 2,Mashkalai,0,40.02,67.47,19.24,7.13,27.5,20.0,35,35.0,45,25,175.42564102564103,2.518413598,Aug,Sep to Oct,Nov,0,blackgram
Rajbari,Kharif 2,Mashkalai,1036,40.02,67.47,19.24,7.13,27.5,20.0,35,35.0,45,25,155.864898989899,0.4208494208,Aug,Sep to Oct,Nov,436,blackgram
Rajshahi,Kharif 2,Mashkalai,8204,40.02,67.47,19.24,7.13,27.5,20.0,35,35.0,45,25,124.92,0.3728668942,Aug,Sep to Oct,Nov,3059,blackgram
Rangamati,Kharif 2,Mashkalai,0,40.02,67.47,19.24,7.13,27.5,20.0,35,35.0,45,25,204.11111111111111,2.518413598,Aug,Sep to Oct,Nov,0,blackgram
Rangpur,Kharif 2,Mashkalai,1197,40.02,67.47,19.24,7.13,27.5,20.0,35,35.0,45,25,179.6013888888889,0.4711779449,Aug,Sep to Oct,Nov,564,blackgram
Satkhira,Kharif 2,Mashkalai,330,40.02,67.47,19.24,7.13,27.5,20.0,35,35.0,45,25,140.35353535353536,0.2939393939,Aug,Sep to Oct,Nov,97,blackgram
Shariatpur,Kharif 2,Mashkalai,238,40.02,67.47,19.24,7.13,27.5,20.0,35,35.0,45,25,155.864898989899,0.5378151261,Aug,Sep to Oct,Nov,128,blackgram
Sherpur,Kharif 2,Mashkalai,1359,40.02,67.47,19.24,7.13,27.5,20.0,35,35.0,45,25,181.08838383838383,0.5607064018,Aug,Sep to Oct,Nov,762,blackgram
Sirajganj,Kharif 2,Mashkalai,7306,40.02,67.47,19.24,7.13,27.5,20.0,35,35.0,45,25,142.85416666666666,0.33657268,Aug,Sep to Oct,Nov,2459,blackgram
Sunamganj,Kharif 2,Mashkalai,278,40.02,67.47,19.24,7.13,27.5,20.0,35,35.0,45,25,333.72557471264366,0.428057554,Aug,Sep to Oct,Nov,119,blackgram
Sylhet,Kharif 2,Mashkalai,131,40.02,67.47,19.24,7.13,27.5,20.0,35,35.0,45,25,333.72557471264366,0.5114503817,Aug,Sep to Oct,Nov,67,blackgram
Tangail,Kharif 2,Mashkalai,13122,40.02,67.47,19.24,7.13,27.5,20.0,35,35.0,45,25,153.4104938271605,0.2970583752,Aug,Sep to Oct,Nov,3898,blackgram
Thakurgaon,Kharif 2,Mashkalai,803,40.02,67.47,19.24,7.13,27.5,20.0,35,35.0,45,25,154.21843434343435,0.3212951432,Aug,Sep to Oct,Nov,258,blackgram
Bagerhat,Kharif 2,Motor,141,21.44,48.01,20.23,6.83,22.5,15.0,30,82.5,90,75,144.96843434343435,0.3191489362,Oct,Nov to March,March to April,45,mothbeans
Bandarban,Kharif 2,Motor,64,21.44,48.01,20.23,6.83,22.5,15.0,30,82.5,90,75,243.94444444444449,0.375,Oct,Nov to March,March to April,24,mothbeans
Barguna,Kharif 2,Motor,18,21.44,48.01,20.23,6.83,22.5,15.0,30,82.5,90,75,207.8076923076923,0.9444444444,Oct,Nov to March,March to April,17,mothbeans
Barishal,Kharif 2,Motor,28,21.44,48.01,20.23,6.83,22.5,15.0,30,82.5,90,75,175.42564102564103,0.5,Oct,Nov to March,March to April,14,mothbeans
Bhola,Kharif 2,Motor,0,21.44,48.01,20.23,6.83,22.5,15.0,30,82.5,90,75,185.23090277777777,2.518413598,Oct,Nov to March,March to April,0,mothbeans
Bogura,Kharif 2,Motor,0,21.44,48.01,20.23,6.83,22.5,15.0,30,82.5,90,75,142.85416666666666,2.518413598,Oct,Nov to March,March to April,0,mothbeans
Brahmanbaria,Kharif 2,Motor,56,21.44,48.01,20.23,6.83,22.5,15.0,30,82.5,90,75,185.75631313131316,0.3392857143,Oct,Nov to March,March to April,19,mothbeans
Chandpur,Kharif 2,Motor,95,21.44,48.01,20.23,6.83,22.5,15.0,30,82.5,90,75,168.796875,0.5157894737,Oct,Nov to March,March to April,49,mothbeans
Chapai Nawabganj,Kharif 2,Motor,397,21.44,48.01,20.23,6.83,22.5,15.0,30,82.5,90,75,124.92,0.3098236776,Oct,Nov to March,March to April,123,mothbeans
Chattogram,Kharif 2,Motor,132,21.44,48.01,20.23,6.83,22.5,15.0,30,82.5,90,75,243.94444444444449,0.3484848485,Oct,Nov to March,March to April,46,mothbeans
Chuadanga,Kharif 2,Motor,118,21.44,48.01,20.23,6.83,22.5,15.0,30,82.5,90,75,129.44444444444446,0.4491525424,Oct,Nov to March,March to April,53,mothbeans
CoxsBazar,Kharif 2,Motor,0,21.44,48.01,20.23,6.83,22.5,15.0,30,82.5,90,75,303.40277777777777,2.518413598,Oct,Nov to March,March to April,0,mothbeans
Cumilla,Kharif 2,Motor,43,21.44,48.01,20.23,6.83,22.5,15.0,30,82.5,90,75,185.75631313131316,0.511627907,Oct,Nov to March,March to April,22,mothbeans
Dhaka,Kharif 2,Motor,205,21.44,48.01,20.23,6.83,22.5,15.0,30,82.5,90,75,169.94262295081967,0.556097561,Oct,Nov to March,March to April,114,mothbeans
Dinajpur,Kharif 2,Motor,59,21.44,48.01,20.23,6.83,22.5,15.0,30,82.5,90,75,154.21843434343435,0.1355932203,Oct,Nov to March,March to April,8,mothbeans
Faridpur,Kharif 2,Motor,1319,21.44,48.01,20.23,6.83,22.5,15.0,30,82.5,90,75,155.864898989899,0.4078847612,Oct,Nov to March,March to April,538,mothbeans
Feni,Kharif 2,Motor,318,21.44,48.01,20.23,6.83,22.5,15.0,30,82.5,90,75,248.1727642276423,0.5503144654,Oct,Nov to March,March to April,175,mothbeans
Gaibandha,Kharif 2,Motor,7,21.44,48.01,20.23,6.83,22.5,15.0,30,82.5,90,75,179.6013888888889,0.2857142857,Oct,Nov to March,March to April,2,mothbeans
Gazipur,Kharif 2,Motor,7,21.44,48.01,20.23,6.83,22.5,15.0,30,82.5,90,75,169.94262295081967,0.2857142857,Oct,Nov to March,March to April,2,mothbeans
Gopalganj,Kharif 2,Motor,574,21.44,48.01,20.23,6.83,22.5,15.0,30,82.5,90,75,155.864898989899,0.4216027875,Oct,Nov to March,March to April,242,mothbeans
Habiganj,Kharif 2,Motor,0,21.44,48.01,20.23,6.83,22.5,15.0,30,82.5,90,75,333.72557471264366,2.518413598,Oct,Nov to March,March to April,0,mothbeans
Jamalpur,Kharif 2,Motor,37,21.44,48.01,20.23,6.83,22.5,15.0,30,82.5,90,75,181.08838383838383,0.3783783784,Oct,Nov to March,March to April,14,mothbeans
Jashore,Kharif 2,Motor,655,21.44,48.01,20.23,6.83,22.5,15.0,30,82.5,90,75,134.2247474747475,0.4396946565,Oct,Nov to March,March to April,288,mothbeans
Jhallokati,Kharif 2,Motor,28,21.44,48.01,20.23,6.83,22.5,15.0,30,82.5,90,75,175.42564102564103,0.5357142857,Oct,Nov to March,March to April,15,mothbeans
Jhenaidah,Kharif 2,Motor,671,21.44,48.01,20.23,6.83,22.5,15.0,30,82.5,90,75,134.2247474747475,0.3740685544,Oct,Nov to March,March to April,251,mothbeans
Joypurhat,Kharif 2,Motor,17,21.44,48.01,20.23,6.83,22.5,15.0,30,82.5,90,75,142.85416666666666,0.4705882353,Oct,Nov to March,March to April,8,mothbeans
Khagrachari,Kharif 2,Motor,104,21.44,48.01,20.23,6.83,22.5,15.0,30,82.5,90,75,204.11111111111111,0.4134615385,Oct,Nov to March,March to April,43,mothbeans
Khulna,Kharif 2,Motor,16,21.44,48.01,20.23,6.83,22.5,15.0,30,82.5,90,75,144.96843434343435,0.3125,Oct,Nov to March,March to April,5,mothbeans
Kishoreganj,Kharif 2,Motor,10,21.44,48.01,20.23,6.83,22.5,15.0,30,82.5,90,75,181.08838383838383,0.3,Oct,Nov to March,March to April,3,mothbeans
Kurigram,Kharif 2,Motor,47,21.44,48.01,20.23,6.83,22.5,15.0,30,82.5,90,75,179.6013888888889,0.3829787234,Oct,Nov to March,March to April,18,mothbeans
Kushtia,Kharif 2,Motor,921,21.44,48.01,20.23,6.83,22.5,15.0,30,82.5,90,75,129.44444444444446,0.5895765472,Oct,Nov to March,March to April,543,mothbeans
Lakshmipur,Kharif 2,Motor,64,21.44,48.01,20.23,6.83,22.5,15.0,30,82.5,90,75,185.75631313131316,0.3125,Oct,Nov to March,March to April,20,mothbeans
Lalmonirhat,Kharif 2,Motor,0,21.44,48.01,20.23,6.83,22.5,15.0,30,82.5,90,75,179.6013888888889,2.518413598,Oct,Nov to March,March to April,0,mothbeans
Madaripur,Kharif 2,Motor,1150,21.44,48.01,20.23,6.83,22.5,15.0,30,82.5,90,75,160.41666666666666,0.3913043478,Oct,Nov to March,March to April,450,mothbeans
Magura,Kharif 2,Motor,1763,21.44,48.01,20.23,6.83,22.5,15.0,30,82.5,90,75,134.2247474747475,0.3159387408,Oct,Nov to March,March to April,557,mothbeans
Manikganj,Kharif 2,Motor,714,21.44,48.01,20.23,6.83,22.5,15.0,30,82.5,90,75,169.94262295081967,0.3823529412,Oct,Nov to March,March to April,273,mothbeans
Meherpur,Kharif 2,Motor,21,21.44,48.01,20.23,6.83,22.5,15.0,30,82.5,90,75,129.44444444444446,0.4285714286,Oct,Nov to March,March to April,9,mothbeans
Moulvibazar,Kharif 2,Motor,16,21.44,48.01,20.23,6.83,22.5,15.0,30,82.5,90,75,333.72557471264366,0.4375,Oct,Nov to March,March to April,7,mothbeans
Munshiganj,Kharif 2,Motor,61,21.44,48.01,20.23,6.83,22.5,15.0,30,82.5,90,75,169.94262295081967,0.9672131148,Oct,Nov to March,March to April,59,mothbeans
Mymensingh,Kharif 2,Motor,117,21.44,48.01,20.23,6.83,22.5,15.0,30,82.5,90,75,181.08838383838383,0.5811965812,Oct,Nov to March,March to April,68,mothbeans
Naogaon,Kharif 2,Motor,38,21.44,48.01,20.23,6.83,22.5,15.0,30,82.5,90,75,124.92,0.4736842105,Oct,Nov to March,March to April,18,mothbeans
Narail,Kharif 2,Motor,896,21.44,48.01,20.23,6.83,22.5,15.0,30,82.5,90,75,134.2247474747475,0.4207589286,Oct,Nov to March,March to April,377,mothbeans
Narayanganj,Kharif 2,Motor,16,21.44,48.01,20.23,6.83,22.5,15.0,30,82.5,90,75,169.94262295081967,0.4375,Oct,Nov to March,March to April,7,mothbeans
Narsingdi,Kharif 2,Motor,0,21.44,48.01,20.23,6.83,22.5,15.0,30,82.5,90,75,169.94262295081967,2.518413598,Oct,Nov to March,March to April,0,mothbeans
Natore,Kharif 2,Motor,2048,21.44,48.01,20.23,6.83,22.5,15.0,30,82.5,90,75,124.92,0.4018554688,Oct,Nov to March,March to April,823,mothbeans
Netrokona,Kharif 2,Motor,33,21.44,48.01,20.23,6.83,22.5,15.0,30,82.5,90,75,181.08838383838383,0.4242424242,Oct,Nov to March,March to April,14,mothbeans
Nilphamari,Kharif 2,Motor,3,21.44,48.01,20.23,6.83,22.5,15.0,30,82.5,90,75,179.6013888888889,0.3333333333,Oct,Nov to March,March to April,1,mothbeans
Noakhali,Kharif 2,Motor,126,21.44,48.01,20.23,6.83,22.5,15.0,30,82.5,90,75,185.75631313131316,0.3888888889,Oct,Nov to March,March to April,49,mothbeans
Pabna,Kharif 2,Motor,1734,21.44,48.01,20.23,6.83,22.5,15.0,30,82.5,90,75,124.92,0.4925028835,Oct,Nov to March,March to April,854,mothbeans
Panchagar,Kharif 2,Motor,27,21.44,48.01,20.23,6.83,22.5,15.0,30,82.5,90,75,154.21843434343435,0.4074074074,Oct,Nov to March,March to April,11,mothbeans
Patuakhali,Kharif 2,Motor,0,21.44,48.01,20.23,6.83,22.5,15.0,30,82.5,90,75,207.8076923076923,2.518413598,Oct,Nov to March,March to April,0,mothbeans
Pirojpur,Kharif 2,Motor,0,21.44,48.01,20.23,6.83,22.5,15.0,30,82.5,90,75,175.42564102564103,2.518413598,Oct,Nov to March,March to April,0,mothbeans
Rajbari,Kharif 2,Motor,1801,21.44,48.01,20.23,6.83,22.5,15.0,30,82.5,90,75,155.864898989899,0.4197667962,Oct,Nov to March,March to April,756,mothbeans
Rajshahi,Kharif 2,Motor,1241,21.44,48.01,20.23,6.83,22.5,15.0,30,82.5,90,75,124.92,0.5858178888,Oct,Nov to March,March to April,727,mothbeans
Rangamati,Kharif 2,Motor,152,21.44,48.01,20.23,6.83,22.5,15.0,30,82.5,90,75,204.11111111111111,0.5789473684,Oct,Nov to March,March to April,88,mothbeans
Rangpur,Kharif 2,Motor,4,21.44,48.01,20.23,6.83,22.5,15.0,30,82.5,90,75,179.6013888888889,0.5,Oct,Nov to March,March to April,2,mothbeans
Satkhira,Kharif 2,Motor,9,21.44,48.01,20.23,6.83,22.5,15.0,30,82.5,90,75,140.35353535353536,0.3333333333,Oct,Nov to March,March to April,3,mothbeans
Shariatpur,Kharif 2,Motor,305,21.44,48.01,20.23,6.83,22.5,15.0,30,82.5,90,75,155.864898989899,0.5639344262,Oct,Nov to March,March to April,172,mothbeans
Sherpur,Kharif 2,Motor,11,21.44,48.01,20.23,6.83,22.5,15.0,30,82.5,90,75,181.08838383838383,0.3636363636,Oct,Nov to March,March to April,4,mothbeans
Sirajganj,Kharif 2,Motor,10,21.44,48.01,20.23,6.83,22.5,15.0,30,82.5,90,75,142.85416666666666,0.5,Oct,Nov to March,March to April,5,mothbeans
Sunamganj,Kharif 2,Motor,0,21.44,48.01,20.23,6.83,22.5,15.0,30,82.5,90,75,333.72557471264366,2.518413598,Oct,Nov to March,March to April,0,mothbeans
Sylhet,Kharif 2,Motor,12,21.44,48.01,20.23,6.83,22.5,15.0,30,82.5,90,75,333.72557471264366,0.3333333333,Oct,Nov to March,March to April,4,mothbeans
Tangail,Kharif 2,Motor,10,21.44,48.01,20.23,6.83,22.5,15.0,30,82.5,90,75,153.4104938271605,0.3,Oct,Nov to March,March to April,3,mothbeans
Thakurgaon,Kharif 2,Motor,32,21.44,48.01,20.23,6.83,22.5,15.0,30,82.5,90,75,154.21843434343435,0.28125,Oct,Nov to March,March to April,9,mothbeans
Bagerhat,Kharif 2,Mug,475,20.99,47.28,19.87,6.72,30.0,25.0,35,70.0,80,60,144.96843434343435,0.2736842105,Feb,March to May,May,130,mungbean
Bandarban,Kharif 2,Mug,50,20.99,47.28,19.87,6.72,30.0,25.0,35,70.0,80,60,243.94444444444449,0.38,Feb,March to May,May,19,mungbean
Barguna,Kharif 2,Mug,13617,20.99,47.28,19.87,6.72,30.0,25.0,35,70.0,80,60,207.8076923076923,0.3514724242,Feb,March to May,May,4786,mungbean
Barishal,Kharif 2,Mug,12212,20.99,47.28,19.87,6.72,30.0,25.0,35,70.0,80,60,175.42564102564103,0.413937111,Feb,March to May,May,5055,mungbean
Bhola,Kharif 2,Mug,25459,20.99,47.28,19.87,6.72,30.0,25.0,35,70.0,80,60,185.23090277777777,0.3654110531,Feb,March to May,May,9303,mungbean
Bogura,Kharif 2,Mug,11,20.99,47.28,19.87,6.72,30.0,25.0,35,70.0,80,60,142.85416666666666,0.3636363636,Feb,March to May,May,4,mungbean
Brahmanbaria,Kharif 2,Mug,21,20.99,47.28,19.87,6.72,30.0,25.0,35,70.0,80,60,185.75631313131316,0.3333333333,Feb,March to May,May,7,mungbean
Chandpur,Kharif 2,Mug,167,20.99,47.28,19.87,6.72,30.0,25.0,35,70.0,80,60,168.796875,0.4251497006,Feb,March to May,May,71,mungbean
Chapai Nawabganj,Kharif 2,Mug,26,20.99,47.28,19.87,6.72,30.0,25.0,35,70.0,80,60,124.92,0.2692307692,Feb,March to May,May,7,mungbean
Chattogram,Kharif 2,Mug,1678,20.99,47.28,19.87,6.72,30.0,25.0,35,70.0,80,60,243.94444444444449,0.3009535161,Feb,March to May,May,505,mungbean
Chuadanga,Kharif 2,Mug,1387,20.99,47.28,19.87,6.72,30.0,25.0,35,70.0,80,60,129.44444444444446,0.570295602,Feb,March to May,May,791,mungbean
CoxsBazar,Kharif 2,Mug,0,20.99,47.28,19.87,6.72,30.0,25.0,35,70.0,80,60,303.40277777777777,2.518413598,Feb,March to May,May,0,mungbean
Cumilla,Kharif 2,Mug,3,20.99,47.28,19.87,6.72,30.0,25.0,35,70.0,80,60,185.75631313131316,0.6666666667,Feb,March to May,May,2,mungbean
Dhaka,Kharif 2,Mug,61,20.99,47.28,19.87,6.72,30.0,25.0,35,70.0,80,60,169.94262295081967,0.606557377,Feb,March to May,May,37,mungbean
Dinajpur,Kharif 2,Mug,38,20.99,47.28,19.87,6.72,30.0,25.0,35,70.0,80,60,154.21843434343435,0.3157894737,Feb,March to May,May,12,mungbean
Faridpur,Kharif 2,Mug,960,20.99,47.28,19.87,6.72,30.0,25.0,35,70.0,80,60,155.864898989899,0.3645833333,Feb,March to May,May,350,mungbean
Feni,Kharif 2,Mug,1381,20.99,47.28,19.87,6.72,30.0,25.0,35,70.0,80,60,248.1727642276423,0.5228095583,Feb,March to May,May,722,mungbean
Gaibandha,Kharif 2,Mug,133,20.99,47.28,19.87,6.72,30.0,25.0,35,70.0,80,60,179.6013888888889,0.4060150376,Feb,March to May,May,54,mungbean
Gazipur,Kharif 2,Mug,132,20.99,47.28,19.87,6.72,30.0,25.0,35,70.0,80,60,169.94262295081967,0.2651515152,Feb,March to May,May,35,mungbean
Gopalganj,Kharif 2,Mug,169,20.99,47.28,19.87,6.72,30.0,25.0,35,70.0,80,60,155.864898989899,0.3964497041,Feb,March to May,May,67,mungbean
Habiganj,Kharif 2,Mug,0,20.99,47.28,19.87,6.72,30.0,25.0,35,70.0,80,60,333.72557471264366,2.518413598,Feb,March to May,May,0,mungbean
Jamalpur,Kharif 2,Mug,87,20.99,47.28,19.87,6.72,30.0,25.0,35,70.0,80,60,181.08838383838383,0.3793103448,Feb,March to May,May,33,mungbean
Jashore,Kharif 2,Mug,1638,20.99,47.28,19.87,6.72,30.0,25.0,35,70.0,80,60,134.2247474747475,0.3882783883,Feb,March to May,May,636,mungbean
Jhallokati,Kharif 2,Mug,2269,20.99,47.28,19.87,6.72,30.0,25.0,35,70.0,80,60,175.42564102564103,0.3389158219,Feb,March to May,May,769,mungbean
Jhenaidah,Kharif 2,Mug,1654,20.99,47.28,19.87,6.72,30.0,25.0,35,70.0,80,60,134.2247474747475,0.4268440145,Feb,March to May,May,706,mungbean
Joypurhat,Kharif 2,Mug,18,20.99,47.28,19.87,6.72,30.0,25.0,35,70.0,80,60,142.85416666666666,0.2777777778,Feb,March to May,May,5,mungbean
Khagrachari,Kharif 2,Mug,0,20.99,47.28,19.87,6.72,30.0,25.0,35,70.0,80,60,204.11111111111111,2.518413598,Feb,March to May,May,0,mungbean
Khulna,Kharif 2,Mug,217,20.99,47.28,19.87,6.72,30.0,25.0,35,70.0,80,60,144.96843434343435,0.2811059908,Feb,March to May,May,61,mungbean
Kishoreganj,Kharif 2,Mug,233,20.99,47.28,19.87,6.72,30.0,25.0,35,70.0,80,60,181.08838383838383,0.3690987124,Feb,March to May,May,86,mungbean
Kurigram,Kharif 2,Mug,125,20.99,47.28,19.87,6.72,30.0,25.0,35,70.0,80,60,179.6013888888889,0.368,Feb,March to May,May,46,mungbean
Kushtia,Kharif 2,Mug,157,20.99,47.28,19.87,6.72,30.0,25.0,35,70.0,80,60,129.44444444444446,0.5350318471,Feb,March to May,May,84,mungbean
Lakshmipur,Kharif 2,Mug,1542,20.99,47.28,19.87,6.72,30.0,25.0,35,70.0,80,60,185.75631313131316,0.2548638132,Feb,March to May,May,393,mungbean
Lalmonirhat,Kharif 2,Mug,118,20.99,47.28,19.87,6.72,30.0,25.0,35,70.0,80,60,179.6013888888889,0.3220338983,Feb,March to May,May,38,mungbean
Madaripur,Kharif 2,Mug,480,20.99,47.28,19.87,6.72,30.0,25.0,35,70.0,80,60,160.41666666666666,0.3208333333,Feb,March to May,May,154,mungbean
Magura,Kharif 2,Mug,129,20.99,47.28,19.87,6.72,30.0,25.0,35,70.0,80,60,134.2247474747475,0.2248062016,Feb,March to May,May,29,mungbean
Manikganj,Kharif 2,Mug,268,20.99,47.28,19.87,6.72,30.0,25.0,35,70.0,80,60,169.94262295081967,0.302238806,Feb,March to May,May,81,mungbean
Meherpur,Kharif 2,Mug,78,20.99,47.28,19.87,6.72,30.0,25.0,35,70.0,80,60,129.44444444444446,0.9358974359,Feb,March to May,May,73,mungbean
Moulvibazar,Kharif 2,Mug,11,20.99,47.28,19.87,6.72,30.0,25.0,35,70.0,80,60,333.72557471264366,0.2727272727,Feb,March to May,May,3,mungbean
Munshiganj,Kharif 2,Mug,0,20.99,47.28,19.87,6.72,30.0,25.0,35,70.0,80,60,169.94262295081967,2.518413598,Feb,March to May,May,0,mungbean
Mymensingh,Kharif 2,Mug,154,20.99,47.28,19.87,6.72,30.0,25.0,35,70.0,80,60,181.08838383838383,0.3766233766,Feb,March to May,May,58,mungbean
Naogaon,Kharif 2,Mug,158,20.99,47.28,19.87,6.72,30.0,25.0,35,70.0,80,60,124.92,0.4810126582,Feb,March to May,May,76,mungbean
Narail,Kharif 2,Mug,385,20.99,47.28,19.87,6.72,30.0,25.0,35,70.0,80,60,134.2247474747475,0.3974025974,Feb,March to May,May,153,mungbean
Narayanganj,Kharif 2,Mug,29,20.99,47.28,19.87,6.72,30.0,25.0,35,70.0,80,60,169.94262295081967,0.4137931034,Feb,March to May,May,12,mungbean
Narsingdi,Kharif 2,Mug,28,20.99,47.28,19.87,6.72,30.0,25.0,35,70.0,80,60,169.94262295081967,0.2857142857,Feb,March to May,May,8,mungbean
Natore,Kharif 2,Mug,10616,20.99,47.28,19.87,6.72,30.0,25.0,35,70.0,80,60,124.92,0.3733986436,Feb,March to May,May,3964,mungbean
Netrokona,Kharif 2,Mug,33,20.99,47.28,19.87,6.72,30.0,25.0,35,70.0,80,60,181.08838383838383,0.303030303,Feb,March to May,May,10,mungbean
Nilphamari,Kharif 2,Mug,11,20.99,47.28,19.87,6.72,30.0,25.0,35,70.0,80,60,179.6013888888889,0.4545454545,Feb,March to May,May,5,mungbean
Noakhali,Kharif 2,Mug,7793,20.99,47.28,19.87,6.72,30.0,25.0,35,70.0,80,60,185.75631313131316,0.3292698576,Feb,March to May,May,2566,mungbean
Pabna,Kharif 2,Mug,462,20.99,47.28,19.87,6.72,30.0,25.0,35,70.0,80,60,124.92,0.4199134199,Feb,March to May,May,194,mungbean
Panchagar,Kharif 2,Mug,246,20.99,47.28,19.87,6.72,30.0,25.0,35,70.0,80,60,154.21843434343435,0.5691056911,Feb,March to May,May,140,mungbean
Patuakhali,Kharif 2,Mug,12559,20.99,47.28,19.87,6.72,30.0,25.0,35,70.0,80,60,207.8076923076923,0.3673063142,Feb,March to May,May,4613,mungbean
Pirojpur,Kharif 2,Mug,602,20.99,47.28,19.87,6.72,30.0,25.0,35,70.0,80,60,175.42564102564103,0.353820598,Feb,March to May,May,213,mungbean
Rajbari,Kharif 2,Mug,150,20.99,47.28,19.87,6.72,30.0,25.0,35,70.0,80,60,155.864898989899,0.4,Feb,March to May,May,60,mungbean
Rajshahi,Kharif 2,Mug,8557,20.99,47.28,19.87,6.72,30.0,25.0,35,70.0,80,60,124.92,0.4377702466,Feb,March to May,May,3746,mungbean
Rangamati,Kharif 2,Mug,0,20.99,47.28,19.87,6.72,30.0,25.0,35,70.0,80,60,204.11111111111111,2.518413598,Feb,March to May,May,0,mungbean
Rangpur,Kharif 2,Mug,46,20.99,47.28,19.87,6.72,30.0,25.0,35,70.0,80,60,179.6013888888889,0.4347826087,Feb,March to May,May,20,mungbean
Satkhira,Kharif 2,Mug,30,20.99,47.28,19.87,6.72,30.0,25.0,35,70.0,80,60,140.35353535353536,0.2666666667,Feb,March to May,May,8,mungbean
Shariatpur,Kharif 2,Mug,215,20.99,47.28,19.87,6.72,30.0,25.0,35,70.0,80,60,155.864898989899,0.5023255814,Feb,March to May,May,108,mungbean
Sherpur,Kharif 2,Mug,11,20.99,47.28,19.87,6.72,30.0,25.0,35,70.0,80,60,181.08838383838383,0.3636363636,Feb,March to May,May,4,mungbean
Sirajganj,Kharif 2,Mug,19,20.99,47.28,19.87,6.72,30.0,25.0,35,70.0,80,60,142.85416666666666,0.3157894737,Feb,March to May,May,6,mungbean
Sunamganj,Kharif 2,Mug,0,20.99,47.28,19.87,6.72,30.0,25.0,35,70.0,80,60,333.72557471264366,2.518413598,Feb,March to May,May,0,mungbean
Sylhet,Kharif 2,Mug,9,20.99,47.28,19.87,6.72,30.0,25.0,35,70.0,80,60,333.72557471264366,0.2222222222,Feb,March to May,May,2,mungbean
Tangail,Kharif 2,Mug,2,20.99,47.28,19.87,6.72,30.0,25.0,35,70.0,80,60,153.4104938271605,0.5,Feb,March to May,May,1,mungbean
Thakurgaon,Kharif 2,Mug,171,20.99,47.28,19.87,6.72,30.0,25.0,35,70.0,80,60,154.21843434343435,0.3040935673,Feb,March to May,May,52,mungbean
Bagerhat,Kharif 1,Mukhi Kachu,232,77.76,48.44,19.79,6.25,11.5,8.0,15,77.5,90,65,144.96843434343435,3.642241379,April,May to Sep,Sep to Feb,845,maize
Bandarban,Kharif 1,Mukhi Kachu,254,77.76,48.44,19.79,6.25,11.5,8.0,15,77.5,90,65,243.94444444444449,1.696850394,April,May to Sep,Sep to Feb,431,maize
Barguna,Kharif 1,Mukhi Kachu,0,77.76,48.44,19.79,6.25,11.5,8.0,15,77.5,90,65,207.8076923076923,2.518413598,April,May to Sep,Sep to Feb,0,maize
Barishal,Kharif 1,Mukhi Kachu,0,77.76,48.44,19.79,6.25,11.5,8.0,15,77.5,90,65,175.42564102564103,2.518413598,April,May to Sep,Sep to Feb,0,maize
Bhola,Kharif 1,Mukhi Kachu,0,77.76,48.44,19.79,6.25,11.5,8.0,15,77.5,90,65,185.23090277777777,2.518413598,April,May to Sep,Sep to Feb,0,maize
Bogura,Kharif 1,Mukhi Kachu,1284,77.76,48.44,19.79,6.25,11.5,8.0,15,77.5,90,65,142.85416666666666,4.65576324,April,May to Sep,Sep to Feb,5978,maize
Brahmanbaria,Kharif 1,Mukhi Kachu,62,77.76,48.44,19.79,6.25,11.5,8.0,15,77.5,90,65,185.75631313131316,1.903225806,April,May to Sep,Sep to Feb,118,maize
Chandpur,Kharif 1,Mukhi Kachu,0,77.76,48.44,19.79,6.25,11.5,8.0,15,77.5,90,65,168.796875,2.518413598,April,May to Sep,Sep to Feb,0,maize
Chapai Nawabganj,Kharif 1,Mukhi Kachu,127,77.76,48.44,19.79,6.25,11.5,8.0,15,77.5,90,65,124.92,2.622047244,April,May to Sep,Sep to Feb,333,maize
Chattogram,Kharif 1,Mukhi Kachu,1126,77.76,48.44,19.79,6.25,11.5,8.0,15,77.5,90,65,243.94444444444449,5.328596803,April,May to Sep,Sep to Feb,6000,maize
Chuadanga,Kharif 1,Mukhi Kachu,826,77.76,48.44,19.79,6.25,11.5,8.0,15,77.5,90,65,129.44444444444446,6.215496368,April,May to Sep,Sep to Feb,5134,maize
CoxsBazar,Kharif 1,Mukhi Kachu,54,77.76,48.44,19.79,6.25,11.5,8.0,15,77.5,90,65,303.40277777777777,5.462962963,April,May to Sep,Sep to Feb,295,maize
Cumilla,Kharif 1,Mukhi Kachu,52,77.76,48.44,19.79,6.25,11.5,8.0,15,77.5,90,65,185.75631313131316,3.326923077,April,May to Sep,Sep to Feb,173,maize
Dhaka,Kharif 1,Mukhi Kachu,0,77.76,48.44,19.79,6.25,11.5,8.0,15,77.5,90,65,169.94262295081967,2.518413598,April,May to Sep,Sep to Feb,0,maize
Dinajpur,Kharif 1,Mukhi Kachu,664,77.76,48.44,19.79,6.25,11.5,8.0,15,77.5,90,65,154.21843434343435,3.239457831,April,May to Sep,Sep to Feb,2151,maize
Faridpur,Kharif 1,Mukhi Kachu,181,77.76,48.44,19.79,6.25,11.5,8.0,15,77.5,90,65,155.864898989899,4.61878453,April,May to Sep,Sep to Feb,836,maize
Feni,Kharif 1,Mukhi Kachu,37,77.76,48.44,19.79,6.25,11.5,8.0,15,77.5,90,65,248.1727642276423,3.702702703,April,May to Sep,Sep to Feb,137,maize
Gaibandha,Kharif 1,Mukhi Kachu,395,77.76,48.44,19.79,6.25,11.5,8.0,15,77.5,90,65,179.6013888888889,3.46835443,April,May to Sep,Sep to Feb,1370,maize
Gazipur,Kharif 1,Mukhi Kachu,171,77.76,48.44,19.79,6.25,11.5,8.0,15,77.5,90,65,169.94262295081967,2.69005848,April,May to Sep,Sep to Feb,460,maize
Gopalganj,Kharif 1,Mukhi Kachu,117,77.76,48.44,19.79,6.25,11.5,8.0,15,77.5,90,65,155.864898989899,3.487179487,April,May to Sep,Sep to Feb,408,maize
Habiganj,Kharif 1,Mukhi Kachu,622,77.76,48.44,19.79,6.25,11.5,8.0,15,77.5,90,65,333.72557471264366,3.176848875,April,May to Sep,Sep to Feb,1976,maize
Jamalpur,Kharif 1,Mukhi Kachu,89,77.76,48.44,19.79,6.25,11.5,8.0,15,77.5,90,65,181.08838383838383,2.303370787,April,May to Sep,Sep to Feb,205,maize
Jashore,Kharif 1,Mukhi Kachu,422,77.76,48.44,19.79,6.25,11.5,8.0,15,77.5,90,65,134.2247474747475,4.585308057,April,May to Sep,Sep to Feb,1935,maize
Jhallokati,Kharif 1,Mukhi Kachu,0,77.76,48.44,19.79,6.25,11.5,8.0,15,77.5,90,65,175.42564102564103,2.518413598,April,May to Sep,Sep to Feb,0,maize
Jhenaidah,Kharif 1,Mukhi Kachu,736,77.76,48.44,19.79,6.25,11.5,8.0,15,77.5,90,65,134.2247474747475,4.58423913,April,May to Sep,Sep to Feb,3374,maize
Joypurhat,Kharif 1,Mukhi Kachu,158,77.76,48.44,19.79,6.25,11.5,8.0,15,77.5,90,65,142.85416666666666,4.481012658,April,May to Sep,Sep to Feb,708,maize
Khagrachari,Kharif 1,Mukhi Kachu,1340,77.76,48.44,19.79,6.25,11.5,8.0,15,77.5,90,65,204.11111111111111,5.252238806,April,May to Sep,Sep to Feb,7038,maize
Khulna,Kharif 1,Mukhi Kachu,264,77.76,48.44,19.79,6.25,11.5,8.0,15,77.5,90,65,144.96843434343435,4.227272727,April,May to Sep,Sep to Feb,1116,maize
Kishoreganj,Kharif 1,Mukhi Kachu,159,77.76,48.44,19.79,6.25,11.5,8.0,15,77.5,90,65,181.08838383838383,5.566037736,April,May to Sep,Sep to Feb,885,maize
Kurigram,Kharif 1,Mukhi Kachu,555,77.76,48.44,19.79,6.25,11.5,8.0,15,77.5,90,65,179.6013888888889,4.046846847,April,May to Sep,Sep to Feb,2246,maize
Kushtia,Kharif 1,Mukhi Kachu,1202,77.76,48.44,19.79,6.25,11.5,8.0,15,77.5,90,65,129.44444444444446,4.920965058,April,May to Sep,Sep to Feb,5915,maize
Lakshmipur,Kharif 1,Mukhi Kachu,0,77.76,48.44,19.79,6.25,11.5,8.0,15,77.5,90,65,185.75631313131316,2.518413598,April,May to Sep,Sep to Feb,0,maize
Lalmonirhat,Kharif 1,Mukhi Kachu,210,77.76,48.44,19.79,6.25,11.5,8.0,15,77.5,90,65,179.6013888888889,5.8,April,May to Sep,Sep to Feb,1218,maize
Madaripur,Kharif 1,Mukhi Kachu,21,77.76,48.44,19.79,6.25,11.5,8.0,15,77.5,90,65,160.41666666666666,5.285714286,April,May to Sep,Sep to Feb,111,maize
Magura,Kharif 1,Mukhi Kachu,83,77.76,48.44,19.79,6.25,11.5,8.0,15,77.5,90,65,134.2247474747475,5.192771084,April,May to Sep,Sep to Feb,431,maize
Manikganj,Kharif 1,Mukhi Kachu,0,77.76,48.44,19.79,6.25,11.5,8.0,15,77.5,90,65,169.94262295081967,2.518413598,April,May to Sep,Sep to Feb,0,maize
Meherpur,Kharif 1,Mukhi Kachu,2708,77.76,48.44,19.79,6.25,11.5,8.0,15,77.5,90,65,129.44444444444446,8.692762186,April,May to Sep,Sep to Feb,23540,maize
Moulvibazar,Kharif 1,Mukhi Kachu,545,77.76,48.44,19.79,6.25,11.5,8.0,15,77.5,90,65,333.72557471264366,2.59266055,April,May to Sep,Sep to Feb,1413,maize
Munshiganj,Kharif 1,Mukhi Kachu,0,77.76,48.44,19.79,6.25,11.5,8.0,15,77.5,90,65,169.94262295081967,2.518413598,April,May to Sep,Sep to Feb,0,maize
Mymensingh,Kharif 1,Mukhi Kachu,823,77.76,48.44,19.79,6.25,11.5,8.0,15,77.5,90,65,181.08838383838383,3.874848117,April,May to Sep,Sep to Feb,3189,maize
Naogaon,Kharif 1,Mukhi Kachu,470,77.76,48.44,19.79,6.25,11.5,8.0,15,77.5,90,65,124.92,3.359574468,April,May to Sep,Sep to Feb,1579,maize
Narail,Kharif 1,Mukhi Kachu,98,77.76,48.44,19.79,6.25,11.5,8.0,15,77.5,90,65,134.2247474747475,4.928571429,April,May to Sep,Sep to Feb,483,maize
Narayanganj,Kharif 1,Mukhi Kachu,56,77.76,48.44,19.79,6.25,11.5,8.0,15,77.5,90,65,169.94262295081967,3.0,April,May to Sep,Sep to Feb,168,maize
Narsingdi,Kharif 1,Mukhi Kachu,56,77.76,48.44,19.79,6.25,11.5,8.0,15,77.5,90,65,169.94262295081967,4.142857143,April,May to Sep,Sep to Feb,232,maize
Natore,Kharif 1,Mukhi Kachu,378,77.76,48.44,19.79,6.25,11.5,8.0,15,77.5,90,65,124.92,3.084656085,April,May to Sep,Sep to Feb,1166,maize
Netrokona,Kharif 1,Mukhi Kachu,129,77.76,48.44,19.79,6.25,11.5,8.0,15,77.5,90,65,181.08838383838383,3.620155039,April,May to Sep,Sep to Feb,467,maize
Nilphamari,Kharif 1,Mukhi Kachu,456,77.76,48.44,19.79,6.25,11.5,8.0,15,77.5,90,65,179.6013888888889,4.335526316,April,May to Sep,Sep to Feb,1977,maize
Noakhali,Kharif 1,Mukhi Kachu,28,77.76,48.44,19.79,6.25,11.5,8.0,15,77.5,90,65,185.75631313131316,2.25,April,May to Sep,Sep to Feb,63,maize
Pabna,Kharif 1,Mukhi Kachu,538,77.76,48.44,19.79,6.25,11.5,8.0,15,77.5,90,65,124.92,3.37732342,April,May to Sep,Sep to Feb,1817,maize
Panchagar,Kharif 1,Mukhi Kachu,1450,77.76,48.44,19.79,6.25,11.5,8.0,15,77.5,90,65,154.21843434343435,3.237931034,April,May to Sep,Sep to Feb,4695,maize
Patuakhali,Kharif 1,Mukhi Kachu,0,77.76,48.44,19.79,6.25,11.5,8.0,15,77.5,90,65,207.8076923076923,2.518413598,April,May to Sep,Sep to Feb,0,maize
Pirojpur,Kharif 1,Mukhi Kachu,0,77.76,48.44,19.79,6.25,11.5,8.0,15,77.5,90,65,175.42564102564103,2.518413598,April,May to Sep,Sep to Feb,0,maize
Rajbari,Kharif 1,Mukhi Kachu,453,77.76,48.44,19.79,6.25,11.5,8.0,15,77.5,90,65,155.864898989899,5.516556291,April,May to Sep,Sep to Feb,2499,maize
Rajshahi,Kharif 1,Mukhi Kachu,742,77.76,48.44,19.79,6.25,11.5,8.0,15,77.5,90,65,124.92,4.551212938,April,May to Sep,Sep to Feb,3377,maize
Rangamati,Kharif 1,Mukhi Kachu,580,77.76,48.44,19.79,6.25,11.5,8.0,15,77.5,90,65,204.11111111111111,2.644827586,April,May to Sep,Sep to Feb,1534,maize
Rangpur,Kharif 1,Mukhi Kachu,299,77.76,48.44,19.79,6.25,11.5,8.0,15,77.5,90,65,179.6013888888889,4.341137124,April,May to Sep,Sep to Feb,1298,maize
Satkhira,Kharif 1,Mukhi Kachu,723,77.76,48.44,19.79,6.25,11.5,8.0,15,77.5,90,65,140.35353535353536,4.385892116,April,May to Sep,Sep to Feb,3171,maize
Shariatpur,Kharif 1,Mukhi Kachu,57,77.76,48.44,19.79,6.25,11.5,8.0,15,77.5,90,65,155.864898989899,3.771929825,April,May to Sep,Sep to Feb,215,maize
Sherpur,Kharif 1,Mukhi Kachu,143,77.76,48.44,19.79,6.25,11.5,8.0,15,77.5,90,65,181.08838383838383,5.944055944,April,May to Sep,Sep to Feb,850,maize
Sirajganj,Kharif 1,Mukhi Kachu,88,77.76,48.44,19.79,6.25,11.5,8.0,15,77.5,90,65,142.85416666666666,3.204545455,April,May to Sep,Sep to Feb,282,maize
Sunamganj,Kharif 1,Mukhi Kachu,98,77.76,48.44,19.79,6.25,11.5,8.0,15,77.5,90,65,333.72557471264366,3.387755102,April,May to Sep,Sep to Feb,332,maize
Sylhet,Kharif 1,Mukhi Kachu,249,77.76,48.44,19.79,6.25,11.5,8.0,15,77.5,90,65,333.72557471264366,2.108433735,April,May to Sep,Sep to Feb,525,maize
Tangail,Kharif 1,Mukhi Kachu,768,77.76,48.44,19.79,6.25,11.5,8.0,15,77.5,90,65,153.4104938271605,5.834635417,April,May to Sep,Sep to Feb,4481,maize
Thakurgaon,Kharif 1,Mukhi Kachu,935,77.76,48.44,19.79,6.25,11.5,8.0,15,77.5,90,65,154.21843434343435,3.068449198,April,May to Sep,Sep to Feb,2869,maize
Bagerhat,Kharif 2,Oal Kachu,35,77.76,48.44,19.79,6.25,23.5,15.0,32,61.0,70,52,144.96843434343435,1.942857143,Sep,Oct to Dec,Dec to Feb,68,maize
Bandarban,Kharif 2,Oal Kachu,394,77.76,48.44,19.79,6.25,23.5,15.0,32,61.0,70,52,243.94444444444449,1.939086294,Sep,Oct to Dec,Dec to Feb,764,maize
Barguna,Kharif 2,Oal Kachu,0,77.76,48.44,19.79,6.25,23.5,15.0,32,61.0,70,52,207.8076923076923,2.518413598,Sep,Oct to Dec,Dec to Feb,0,maize
Barishal,Kharif 2,Oal Kachu,39,77.76,48.44,19.79,6.25,23.5,15.0,32,61.0,70,52,175.42564102564103,4.256410256,Sep,Oct to Dec,Dec to Feb,166,maize
Bhola,Kharif 2,Oal Kachu,0,77.76,48.44,19.79,6.25,23.5,15.0,32,61.0,70,52,185.23090277777777,2.518413598,Sep,Oct to Dec,Dec to Feb,0,maize
Bogura,Kharif 2,Oal Kachu,2,77.76,48.44,19.79,6.25,23.5,15.0,32,61.0,70,52,142.85416666666666,11.0,Sep,Oct to Dec,Dec to Feb,22,maize
Brahmanbaria,Kharif 2,Oal Kachu,0,77.76,48.44,19.79,6.25,23.5,15.0,32,61.0,70,52,185.75631313131316,2.518413598,Sep,Oct to Dec,Dec to Feb,0,maize
Chandpur,Kharif 2,Oal Kachu,0,77.76,48.44,19.79,6.25,23.5,15.0,32,61.0,70,52,168.796875,2.518413598,Sep,Oct to Dec,Dec to Feb,0,maize
Chapai Nawabganj,Kharif 2,Oal Kachu,54,77.76,48.44,19.79,6.25,23.5,15.0,32,61.0,70,52,124.92,2.666666667,Sep,Oct to Dec,Dec to Feb,144,maize
Chattogram,Kharif 2,Oal Kachu,15,77.76,48.44,19.79,6.25,23.5,15.0,32,61.0,70,52,243.94444444444449,4.2,Sep,Oct to Dec,Dec to Feb,63,maize
Chuadanga,Kharif 2,Oal Kachu,367,77.76,48.44,19.79,6.25,23.5,15.0,32,61.0,70,52,129.44444444444446,6.179836512,Sep,Oct to Dec,Dec to Feb,2268,maize
CoxsBazar,Kharif 2,Oal Kachu,0,77.76,48.44,19.79,6.25,23.5,15.0,32,61.0,70,52,303.40277777777777,2.518413598,Sep,Oct to Dec,Dec to Feb,0,maize
Cumilla,Kharif 2,Oal Kachu,5,77.76,48.44,19.79,6.25,23.5,15.0,32,61.0,70,52,185.75631313131316,2.0,Sep,Oct to Dec,Dec to Feb,10,maize
Dhaka,Kharif 2,Oal Kachu,0,77.76,48.44,19.79,6.25,23.5,15.0,32,61.0,70,52,169.94262295081967,2.518413598,Sep,Oct to Dec,Dec to Feb,0,maize
Dinajpur,Kharif 2,Oal Kachu,34,77.76,48.44,19.79,6.25,23.5,15.0,32,61.0,70,52,154.21843434343435,3.058823529,Sep,Oct to Dec,Dec to Feb,104,maize
Faridpur,Kharif 2,Oal Kachu,192,77.76,48.44,19.79,6.25,23.5,15.0,32,61.0,70,52,155.864898989899,4.401041667,Sep,Oct to Dec,Dec to Feb,845,maize
Feni,Kharif 2,Oal Kachu,0,77.76,48.44,19.79,6.25,23.5,15.0,32,61.0,70,52,248.1727642276423,2.518413598,Sep,Oct to Dec,Dec to Feb,0,maize
Gaibandha,Kharif 2,Oal Kachu,38,77.76,48.44,19.79,6.25,23.5,15.0,32,61.0,70,52,179.6013888888889,2.736842105,Sep,Oct to Dec,Dec to Feb,104,maize
Gazipur,Kharif 2,Oal Kachu,58,77.76,48.44,19.79,6.25,23.5,15.0,32,61.0,70,52,169.94262295081967,5.275862069,Sep,Oct to Dec,Dec to Feb,306,maize
Gopalganj,Kharif 2,Oal Kachu,39,77.76,48.44,19.79,6.25,23.5,15.0,32,61.0,70,52,155.864898989899,4.205128205,Sep,Oct to Dec,Dec to Feb,164,maize
Habiganj,Kharif 2,Oal Kachu,0,77.76,48.44,19.79,6.25,23.5,15.0,32,61.0,70,52,333.72557471264366,2.518413598,Sep,Oct to Dec,Dec to Feb,0,maize
Jamalpur,Kharif 2,Oal Kachu,14,77.76,48.44,19.79,6.25,23.5,15.0,32,61.0,70,52,181.08838383838383,2.142857143,Sep,Oct to Dec,Dec to Feb,30,maize
Jashore,Kharif 2,Oal Kachu,166,77.76,48.44,19.79,6.25,23.5,15.0,32,61.0,70,52,134.2247474747475,3.493975904,Sep,Oct to Dec,Dec to Feb,580,maize
Jhallokati,Kharif 2,Oal Kachu,0,77.76,48.44,19.79,6.25,23.5,15.0,32,61.0,70,52,175.42564102564103,2.518413598,Sep,Oct to Dec,Dec to Feb,0,maize
Jhenaidah,Kharif 2,Oal Kachu,400,77.76,48.44,19.79,6.25,23.5,15.0,32,61.0,70,52,134.2247474747475,5.4775,Sep,Oct to Dec,Dec to Feb,2191,maize
Joypurhat,Kharif 2,Oal Kachu,34,77.76,48.44,19.79,6.25,23.5,15.0,32,61.0,70,52,142.85416666666666,5.441176471,Sep,Oct to Dec,Dec to Feb,185,maize
Khagrachari,Kharif 2,Oal Kachu,374,77.76,48.44,19.79,6.25,23.5,15.0,32,61.0,70,52,204.11111111111111,3.839572193,Sep,Oct to Dec,Dec to Feb,1436,maize
Khulna,Kharif 2,Oal Kachu,149,77.76,48.44,19.79,6.25,23.5,15.0,32,61.0,70,52,144.96843434343435,2.872483221,Sep,Oct to Dec,Dec to Feb,428,maize
Kishoreganj,Kharif 2,Oal Kachu,0,77.76,48.44,19.79,6.25,23.5,15.0,32,61.0,70,52,181.08838383838383,2.518413598,Sep,Oct to Dec,Dec to Feb,0,maize
Kurigram,Kharif 2,Oal Kachu,2,77.76,48.44,19.79,6.25,23.5,15.0,32,61.0,70,52,179.6013888888889,5.5,Sep,Oct to Dec,Dec to Feb,11,maize
Kushtia,Kharif 2,Oal Kachu,258,77.76,48.44,19.79,6.25,23.5,15.0,32,61.0,70,52,129.44444444444446,4.662790698,Sep,Oct to Dec,Dec to Feb,1203,maize
Lakshmipur,Kharif 2,Oal Kachu,0,77.76,48.44,19.79,6.25,23.5,15.0,32,61.0,70,52,185.75631313131316,2.518413598,Sep,Oct to Dec,Dec to Feb,0,maize
Lalmonirhat,Kharif 2,Oal Kachu,0,77.76,48.44,19.79,6.25,23.5,15.0,32,61.0,70,52,179.6013888888889,2.518413598,Sep,Oct to Dec,Dec to Feb,0,maize
Madaripur,Kharif 2,Oal Kachu,0,77.76,48.44,19.79,6.25,23.5,15.0,32,61.0,70,52,160.41666666666666,2.518413598,Sep,Oct to Dec,Dec to Feb,0,maize
Magura,Kharif 2,Oal Kachu,31,77.76,48.44,19.79,6.25,23.5,15.0,32,61.0,70,52,134.2247474747475,4.516129032,Sep,Oct to Dec,Dec to Feb,140,maize
Manikganj,Kharif 2,Oal Kachu,0,77.76,48.44,19.79,6.25,23.5,15.0,32,61.0,70,52,169.94262295081967,2.518413598,Sep,Oct to Dec,Dec to Feb,0,maize
Meherpur,Kharif 2,Oal Kachu,110,77.76,48.44,19.79,6.25,23.5,15.0,32,61.0,70,52,129.44444444444446,7.690909091,Sep,Oct to Dec,Dec to Feb,846,maize
Moulvibazar,Kharif 2,Oal Kachu,0,77.76,48.44,19.79,6.25,23.5,15.0,32,61.0,70,52,333.72557471264366,2.518413598,Sep,Oct to Dec,Dec to Feb,0,maize
Munshiganj,Kharif 2,Oal Kachu,0,77.76,48.44,19.79,6.25,23.5,15.0,32,61.0,70,52,169.94262295081967,2.518413598,Sep,Oct to Dec,Dec to Feb,0,maize
Mymensingh,Kharif 2,Oal Kachu,15,77.76,48.44,19.79,6.25,23.5,15.0,32,61.0,70,52,181.08838383838383,4.133333333,Sep,Oct to Dec,Dec to Feb,62,maize
Naogaon,Kharif 2,Oal Kachu,94,77.76,48.44,19.79,6.25,23.5,15.0,32,61.0,70,52,124.92,2.244680851,Sep,Oct to Dec,Dec to Feb,211,maize
Narail,Kharif 2,Oal Kachu,96,77.76,48.44,19.79,6.25,23.5,15.0,32,61.0,70,52,134.2247474747475,3.572916667,Sep,Oct to Dec,Dec to Feb,343,maize
Narayanganj,Kharif 2,Oal Kachu,51,77.76,48.44,19.79,6.25,23.5,15.0,32,61.0,70,52,169.94262295081967,3.117647059,Sep,Oct to Dec,Dec to Feb,159,maize
Narsingdi,Kharif 2,Oal Kachu,0,77.76,48.44,19.79,6.25,23.5,15.0,32,61.0,70,52,169.94262295081967,2.518413598,Sep,Oct to Dec,Dec to Feb,0,maize
Natore,Kharif 2,Oal Kachu,38,77.76,48.44,19.79,6.25,23.5,15.0,32,61.0,70,52,124.92,5.684210526,Sep,Oct to Dec,Dec to Feb,216,maize
Netrokona,Kharif 2,Oal Kachu,0,77.76,48.44,19.79,6.25,23.5,15.0,32,61.0,70,52,181.08838383838383,2.518413598,Sep,Oct to Dec,Dec to Feb,0,maize
Nilphamari,Kharif 2,Oal Kachu,29,77.76,48.44,19.79,6.25,23.5,15.0,32,61.0,70,52,179.6013888888889,5.413793103,Sep,Oct to Dec,Dec to Feb,157,maize
Noakhali,Kharif 2,Oal Kachu,0,77.76,48.44,19.79,6.25,23.5,15.0,32,61.0,70,52,185.75631313131316,2.518413598,Sep,Oct to Dec,Dec to Feb,0,maize
Pabna,Kharif 2,Oal Kachu,62,77.76,48.44,19.79,6.25,23.5,15.0,32,61.0,70,52,124.92,2.322580645,Sep,Oct to Dec,Dec to Feb,144,maize
Panchagar,Kharif 2,Oal Kachu,0,77.76,48.44,19.79,6.25,23.5,15.0,32,61.0,70,52,154.21843434343435,2.518413598,Sep,Oct to Dec,Dec to Feb,0,maize
Patuakhali,Kharif 2,Oal Kachu,0,77.76,48.44,19.79,6.25,23.5,15.0,32,61.0,70,52,207.8076923076923,2.518413598,Sep,Oct to Dec,Dec to Feb,0,maize
Pirojpur,Kharif 2,Oal Kachu,23,77.76,48.44,19.79,6.25,23.5,15.0,32,61.0,70,52,175.42564102564103,4.52173913,Sep,Oct to Dec,Dec to Feb,104,maize
Rajbari,Kharif 2,Oal Kachu,58,77.76,48.44,19.79,6.25,23.5,15.0,32,61.0,70,52,155.864898989899,3.137931034,Sep,Oct to Dec,Dec to Feb,182,maize
Rajshahi,Kharif 2,Oal Kachu,62,77.76,48.44,19.79,6.25,23.5,15.0,32,61.0,70,52,124.92,6.112903226,Sep,Oct to Dec,Dec to Feb,379,maize
Rangamati,Kharif 2,Oal Kachu,392,77.76,48.44,19.79,6.25,23.5,15.0,32,61.0,70,52,204.11111111111111,3.321428571,Sep,Oct to Dec,Dec to Feb,1302,maize
Rangpur,Kharif 2,Oal Kachu,56,77.76,48.44,19.79,6.25,23.5,15.0,32,61.0,70,52,179.6013888888889,3.232142857,Sep,Oct to Dec,Dec to Feb,181,maize
Satkhira,Kharif 2,Oal Kachu,298,77.76,48.44,19.79,6.25,23.5,15.0,32,61.0,70,52,140.35353535353536,4.82885906,Sep,Oct to Dec,Dec to Feb,1439,maize
Shariatpur,Kharif 2,Oal Kachu,0,77.76,48.44,19.79,6.25,23.5,15.0,32,61.0,70,52,155.864898989899,2.518413598,Sep,Oct to Dec,Dec to Feb,0,maize
Sherpur,Kharif 2,Oal Kachu,0,77.76,48.44,19.79,6.25,23.5,15.0,32,61.0,70,52,181.08838383838383,2.518413598,Sep,Oct to Dec,Dec to Feb,0,maize
Sirajganj,Kharif 2,Oal Kachu,16,77.76,48.44,19.79,6.25,23.5,15.0,32,61.0,70,52,142.85416666666666,3.0625,Sep,Oct to Dec,Dec to Feb,49,maize
Sunamganj,Kharif 2,Oal Kachu,0,77.76,48.44,19.79,6.25,23.5,15.0,32,61.0,70,52,333.72557471264366,2.518413598,Sep,Oct to Dec,Dec to Feb,0,maize
Sylhet,Kharif 2,Oal Kachu,0,77.76,48.44,19.79,6.25,23.5,15.0,32,61.0,70,52,333.72557471264366,2.518413598,Sep,Oct to Dec,Dec to Feb,0,maize
Tangail,Kharif 2,Oal Kachu,0,77.76,48.44,19.79,6.25,23.5,15.0,32,61.0,70,52,153.4104938271605,2.518413598,Sep,Oct to Dec,Dec to Feb,0,maize
Thakurgaon,Kharif 2,Oal Kachu,22,77.76,48.44,19.79,6.25,23.5,15.0,32,61.0,70,52,154.21843434343435,1.0,Sep,Oct to Dec,Dec to Feb,22,maize
Bagerhat,Rabi,Onion,328,77.76,48.44,19.79,6.25,20.0,15.0,25,67.5,70,65,144.96843434343435,2.259146341,Oct,Nov to March,March to April,741,maize
Bandarban,Rabi,Onion,127,77.76,48.44,19.79,6.25,20.0,15.0,25,67.5,70,65,243.94444444444449,1.511811024,Oct,Nov to March,March to April,192,maize
Barguna,Rabi,Onion,104,77.76,48.44,19.79,6.25,20.0,15.0,25,67.5,70,65,207.8076923076923,1.192307692,Oct,Nov to March,March to April,124,maize
Barishal,Rabi,Onion,560,77.76,48.44,19.79,6.25,20.0,15.0,25,67.5,70,65,175.42564102564103,1.569642857,Oct,Nov to March,March to April,879,maize
Bhola,Rabi,Onion,1581,77.76,48.44,19.79,6.25,20.0,15.0,25,67.5,70,65,185.23090277777777,2.269449715,Oct,Nov to March,March to April,3588,maize
Bogura,Rabi,Onion,4797,77.76,48.44,19.79,6.25,20.0,15.0,25,67.5,70,65,142.85416666666666,2.718157182,Oct,Nov to March,March to April,13039,maize
Brahmanbaria,Rabi,Onion,1097,77.76,48.44,19.79,6.25,20.0,15.0,25,67.5,70,65,185.75631313131316,2.704649043,Oct,Nov to March,March to April,2967,maize
Chandpur,Rabi,Onion,1796,77.76,48.44,19.79,6.25,20.0,15.0,25,67.5,70,65,168.796875,2.56403118,Oct,Nov to March,March to April,4605,maize
Chapai Nawabganj,Rabi,Onion,7211,77.76,48.44,19.79,6.25,20.0,15.0,25,67.5,70,65,124.92,3.602829011,Oct,Nov to March,March to April,25980,maize
Chattogram,Rabi,Onion,173,77.76,48.44,19.79,6.25,20.0,15.0,25,67.5,70,65,243.94444444444449,1.433526012,Oct,Nov to March,March to April,248,maize
Chuadanga,Rabi,Onion,1699,77.76,48.44,19.79,6.25,20.0,15.0,25,67.5,70,65,129.44444444444446,5.803413773,Oct,Nov to March,March to April,9860,maize
CoxsBazar,Rabi,Onion,61,77.76,48.44,19.79,6.25,20.0,15.0,25,67.5,70,65,303.40277777777777,1.37704918,Oct,Nov to March,March to April,84,maize
Cumilla,Rabi,Onion,349,77.76,48.44,19.79,6.25,20.0,15.0,25,67.5,70,65,185.75631313131316,2.813753582,Oct,Nov to March,March to April,982,maize
Dhaka,Rabi,Onion,1147,77.76,48.44,19.79,6.25,20.0,15.0,25,67.5,70,65,169.94262295081967,3.585004359,Oct,Nov to March,March to April,4112,maize
Dinajpur,Rabi,Onion,5344,77.76,48.44,19.79,6.25,20.0,15.0,25,67.5,70,65,154.21843434343435,3.139595808,Oct,Nov to March,March to April,16778,maize
Faridpur,Rabi,Onion,82105,77.76,48.44,19.79,6.25,20.0,15.0,25,67.5,70,65,155.864898989899,5.426015468,Oct,Nov to March,March to April,445503,maize
Feni,Rabi,Onion,25,77.76,48.44,19.79,6.25,20.0,15.0,25,67.5,70,65,248.1727642276423,1.72,Oct,Nov to March,March to April,43,maize
Gaibandha,Rabi,Onion,2684,77.76,48.44,19.79,6.25,20.0,15.0,25,67.5,70,65,179.6013888888889,2.43219076,Oct,Nov to March,March to April,6528,maize
Gazipur,Rabi,Onion,495,77.76,48.44,19.79,6.25,20.0,15.0,25,67.5,70,65,169.94262295081967,1.961616162,Oct,Nov to March,March to April,971,maize
Gopalganj,Rabi,Onion,4917,77.76,48.44,19.79,6.25,20.0,15.0,25,67.5,70,65,155.864898989899,2.599145821,Oct,Nov to March,March to April,12780,maize
Habiganj,Rabi,Onion,156,77.76,48.44,19.79,6.25,20.0,15.0,25,67.5,70,65,333.72557471264366,2.493589744,Oct,Nov to March,March to April,389,maize
Jamalpur,Rabi,Onion,3740,77.76,48.44,19.79,6.25,20.0,15.0,25,67.5,70,65,181.08838383838383,2.902139037,Oct,Nov to March,March to April,10854,maize
Jashore,Rabi,Onion,3093,77.76,48.44,19.79,6.25,20.0,15.0,25,67.5,70,65,134.2247474747475,4.151632719,Oct,Nov to March,March to April,12841,maize
Jhallokati,Rabi,Onion,90,77.76,48.44,19.79,6.25,20.0,15.0,25,67.5,70,65,175.42564102564103,1.511111111,Oct,Nov to March,March to April,136,maize
Jhenaidah,Rabi,Onion,18557,77.76,48.44,19.79,6.25,20.0,15.0,25,67.5,70,65,134.2247474747475,5.468394676,Oct,Nov to March,March to April,101477,maize
Joypurhat,Rabi,Onion,1877,77.76,48.44,19.79,6.25,20.0,15.0,25,67.5,70,65,142.85416666666666,4.145444859,Oct,Nov to March,March to April,7781,maize
Khagrachari,Rabi,Onion,54,77.76,48.44,19.79,6.25,20.0,15.0,25,67.5,70,65,204.11111111111111,1.518518519,Oct,Nov to March,March to April,82,maize
Khulna,Rabi,Onion,307,77.76,48.44,19.79,6.25,20.0,15.0,25,67.5,70,65,144.96843434343435,3.195439739,Oct,Nov to March,March to April,981,maize
Kishoreganj,Rabi,Onion,1324,77.76,48.44,19.79,6.25,20.0,15.0,25,67.5,70,65,181.08838383838383,3.226586103,Oct,Nov to March,March to April,4272,maize
Kurigram,Rabi,Onion,1103,77.76,48.44,19.79,6.25,20.0,15.0,25,67.5,70,65,179.6013888888889,2.334542158,Oct,Nov to March,March to April,2575,maize
Kushtia,Rabi,Onion,26182,77.76,48.44,19.79,6.25,20.0,15.0,25,67.5,70,65,129.44444444444446,5.126957452,Oct,Nov to March,March to April,134234,maize
Lakshmipur,Rabi,Onion,436,77.76,48.44,19.79,6.25,20.0,15.0,25,67.5,70,65,185.75631313131316,1.839449541,Oct,Nov to March,March to April,802,maize
Lalmonirhat,Rabi,Onion,1241,77.76,48.44,19.79,6.25,20.0,15.0,25,67.5,70,65,179.6013888888889,3.161160355,Oct,Nov to March,March to April,3923,maize
Madaripur,Rabi,Onion,8838,77.76,48.44,19.79,6.25,20.0,15.0,25,67.5,70,65,160.41666666666666,4.17413442,Oct,Nov to March,March to April,36891,maize
Magura,Rabi,Onion,14096,77.76,48.44,19.79,6.25,20.0,15.0,25,67.5,70,65,134.2247474747475,4.049375709,Oct,Nov to March,March to April,57080,maize
Manikganj,Rabi,Onion,18285,77.76,48.44,19.79,6.25,20.0,15.0,25,67.5,70,65,169.94262295081967,3.338091332,Oct,Nov to March,March to April,61037,maize
Meherpur,Rabi,Onion,4929,77.76,48.44,19.79,6.25,20.0,15.0,25,67.5,70,65,129.44444444444446,10.57881923,Oct,Nov to March,March to April,52143,maize
Moulvibazar,Rabi,Onion,90,77.76,48.44,19.79,6.25,20.0,15.0,25,67.5,70,65,333.72557471264366,2.288888889,Oct,Nov to March,March to April,206,maize
Munshiganj,Rabi,Onion,482,77.76,48.44,19.79,6.25,20.0,15.0,25,67.5,70,65,169.94262295081967,2.935684647,Oct,Nov to March,March to April,1415,maize
Mymensingh,Rabi,Onion,1442,77.76,48.44,19.79,6.25,20.0,15.0,25,67.5,70,65,181.08838383838383,2.673370319,Oct,Nov to March,March to April,3855,maize
Naogaon,Rabi,Onion,6817,77.76,48.44,19.79,6.25,20.0,15.0,25,67.5,70,65,124.92,3.883379786,Oct,Nov to March,March to April,26473,maize
Narail,Rabi,Onion,1493,77.76,48.44,19.79,6.25,20.0,15.0,25,67.5,70,65,134.2247474747475,3.204956463,Oct,Nov to March,March to April,4785,maize
Narayanganj,Rabi,Onion,648,77.76,48.44,19.79,6.25,20.0,15.0,25,67.5,70,65,169.94262295081967,2.166666667,Oct,Nov to March,March to April,1404,maize
Narsingdi,Rabi,Onion,317,77.76,48.44,19.79,6.25,20.0,15.0,25,67.5,70,65,169.94262295081967,2.694006309,Oct,Nov to March,March to April,854,maize
Natore,Rabi,Onion,11652,77.76,48.44,19.79,6.25,20.0,15.0,25,67.5,70,65,124.92,5.510127017,Oct,Nov to March,March to April,64204,maize
Netrokona,Rabi,Onion,770,77.76,48.44,19.79,6.25,20.0,15.0,25,67.5,70,65,181.08838383838383,3.055844156,Oct,Nov to March,March to April,2353,maize
Nilphamari,Rabi,Onion,2556,77.76,48.44,19.79,6.25,20.0,15.0,25,67.5,70,65,179.6013888888889,3.922926448,Oct,Nov to March,March to April,10027,maize
Noakhali,Rabi,Onion,483,77.76,48.44,19.79,6.25,20.0,15.0,25,67.5,70,65,185.75631313131316,3.424430642,Oct,Nov to March,March to April,1654,maize
Pabna,Rabi,Onion,105918,77.76,48.44,19.79,6.25,20.0,15.0,25,67.5,70,65,124.92,4.807738062,Oct,Nov to March,March to April,509226,maize
Panchagar,Rabi,Onion,3521,77.76,48.44,19.79,6.25,20.0,15.0,25,67.5,70,65,154.21843434343435,3.619426299,Oct,Nov to March,March to April,12744,maize
Patuakhali,Rabi,Onion,102,77.76,48.44,19.79,6.25,20.0,15.0,25,67.5,70,65,207.8076923076923,1.745098039,Oct,Nov to March,March to April,178,maize
Pirojpur,Rabi,Onion,60,77.76,48.44,19.79,6.25,20.0,15.0,25,67.5,70,65,175.42564102564103,1.166666667,Oct,Nov to March,March to April,70,maize
Rajbari,Rabi,Onion,67515,77.76,48.44,19.79,6.25,20.0,15.0,25,67.5,70,65,155.864898989899,4.103280752,Oct,Nov to March,March to April,277033,maize
Rajshahi,Rabi,Onion,36170,77.76,48.44,19.79,6.25,20.0,15.0,25,67.5,70,65,124.92,6.893558197,Oct,Nov to March,March to April,249340,maize
Rangamati,Rabi,Onion,114,77.76,48.44,19.79,6.25,20.0,15.0,25,67.5,70,65,204.11111111111111,1.98245614,Oct,Nov to March,March to April,226,maize
Rangpur,Rabi,Onion,4980,77.76,48.44,19.79,6.25,20.0,15.0,25,67.5,70,65,179.6013888888889,3.379718876,Oct,Nov to March,March to April,16831,maize
Satkhira,Rabi,Onion,972,77.76,48.44,19.79,6.25,20.0,15.0,25,67.5,70,65,140.35353535353536,3.320987654,Oct,Nov to March,March to April,3228,maize
Shariatpur,Rabi,Onion,6555,77.76,48.44,19.79,6.25,20.0,15.0,25,67.5,70,65,155.864898989899,4.251563692,Oct,Nov to March,March to April,27869,maize
Sherpur,Rabi,Onion,1278,77.76,48.44,19.79,6.25,20.0,15.0,25,67.5,70,65,181.08838383838383,2.773082942,Oct,Nov to March,March to April,3544,maize
Sirajganj,Rabi,Onion,1585,77.76,48.44,19.79,6.25,20.0,15.0,25,67.5,70,65,142.85416666666666,3.303470032,Oct,Nov to March,March to April,5236,maize
Sunamganj,Rabi,Onion,321,77.76,48.44,19.79,6.25,20.0,15.0,25,67.5,70,65,333.72557471264366,2.769470405,Oct,Nov to March,March to April,889,maize
Sylhet,Rabi,Onion,313,77.76,48.44,19.79,6.25,20.0,15.0,25,67.5,70,65,333.72557471264366,3.24600639,Oct,Nov to March,March to April,1016,maize
Tangail,Rabi,Onion,2045,77.76,48.44,19.79,6.25,20.0,15.0,25,67.5,70,65,153.4104938271605,2.085574572,Oct,Nov to March,March to April,4265,maize
Thakurgaon,Rabi,Onion,984,77.76,48.44,19.79,6.25,20.0,15.0,25,67.5,70,65,154.21843434343435,2.343495935,Oct,Nov to March,March to April,2306,maize
Bagerhat,Rabi,Palmyra Palm,135,21.98,16.93,30.59,5.98,20.0,15.0,25,60.0,70,50,144.96843434343435,23.9037037,Sep,Oct to Nov,Nov to Feb,3227,coconut
Bandarban,Rabi,Palmyra Palm,0,21.98,16.93,30.59,5.98,20.0,15.0,25,60.0,70,50,243.94444444444449,2.518413598,Sep,Oct to Nov,Nov to Feb,0,coconut
Barguna,Rabi,Palmyra Palm,2219,21.98,16.93,30.59,5.98,20.0,15.0,25,60.0,70,50,207.8076923076923,0.5822442542,Sep,Oct to Nov,Nov to Feb,1292,coconut
Barishal,Rabi,Palmyra Palm,535,21.98,16.93,30.59,5.98,20.0,15.0,25,60.0,70,50,175.42564102564103,1.304672897,Sep,Oct to Nov,Nov to Feb,698,coconut
Bhola,Rabi,Palmyra Palm,0,21.98,16.93,30.59,5.98,20.0,15.0,25,60.0,70,50,185.23090277777777,2.518413598,Sep,Oct to Nov,Nov to Feb,0,coconut
Bogura,Rabi,Palmyra Palm,105,21.98,16.93,30.59,5.98,20.0,15.0,25,60.0,70,50,142.85416666666666,7.228571429,Sep,Oct to Nov,Nov to Feb,759,coconut
Brahmanbaria,Rabi,Palmyra Palm,0,21.98,16.93,30.59,5.98,20.0,15.0,25,60.0,70,50,185.75631313131316,2.518413598,Sep,Oct to Nov,Nov to Feb,0,coconut
Chandpur,Rabi,Palmyra Palm,0,21.98,16.93,30.59,5.98,20.0,15.0,25,60.0,70,50,168.796875,2.518413598,Sep,Oct to Nov,Nov to Feb,0,coconut
Chapai Nawabganj,Rabi,Palmyra Palm,55,21.98,16.93,30.59,5.98,20.0,15.0,25,60.0,70,50,124.92,10.41818182,Sep,Oct to Nov,Nov to Feb,573,coconut
Chattogram,Rabi,Palmyra Palm,0,21.98,16.93,30.59,5.98,20.0,15.0,25,60.0,70,50,243.94444444444449,2.518413598,Sep,Oct to Nov,Nov to Feb,0,coconut
Chuadanga,Rabi,Palmyra Palm,34,21.98,16.93,30.59,5.98,20.0,15.0,25,60.0,70,50,129.44444444444446,26.47058824,Sep,Oct to Nov,Nov to Feb,900,coconut
CoxsBazar,Rabi,Palmyra Palm,0,21.98,16.93,30.59,5.98,20.0,15.0,25,60.0,70,50,303.40277777777777,2.518413598,Sep,Oct to Nov,Nov to Feb,0,coconut
Cumilla,Rabi,Palmyra Palm,0,21.98,16.93,30.59,5.98,20.0,15.0,25,60.0,70,50,185.75631313131316,2.518413598,Sep,Oct to Nov,Nov to Feb,0,coconut
Dhaka,Rabi,Palmyra Palm,6,21.98,16.93,30.59,5.98,20.0,15.0,25,60.0,70,50,169.94262295081967,21.33333333,Sep,Oct to Nov,Nov to Feb,128,coconut
Dinajpur,Rabi,Palmyra Palm,45,21.98,16.93,30.59,5.98,20.0,15.0,25,60.0,70,50,154.21843434343435,4.133333333,Sep,Oct to Nov,Nov to Feb,186,coconut
Faridpur,Rabi,Palmyra Palm,167,21.98,16.93,30.59,5.98,20.0,15.0,25,60.0,70,50,155.864898989899,13.11377246,Sep,Oct to Nov,Nov to Feb,2190,coconut
Feni,Rabi,Palmyra Palm,0,21.98,16.93,30.59,5.98,20.0,15.0,25,60.0,70,50,248.1727642276423,2.518413598,Sep,Oct to Nov,Nov to Feb,0,coconut
Gaibandha,Rabi,Palmyra Palm,7,21.98,16.93,30.59,5.98,20.0,15.0,25,60.0,70,50,179.6013888888889,3.285714286,Sep,Oct to Nov,Nov to Feb,23,coconut
Gazipur,Rabi,Palmyra Palm,196,21.98,16.93,30.59,5.98,20.0,15.0,25,60.0,70,50,169.94262295081967,1.591836735,Sep,Oct to Nov,Nov to Feb,312,coconut
Gopalganj,Rabi,Palmyra Palm,117,21.98,16.93,30.59,5.98,20.0,15.0,25,60.0,70,50,155.864898989899,14.69230769,Sep,Oct to Nov,Nov to Feb,1719,coconut
Habiganj,Rabi,Palmyra Palm,0,21.98,16.93,30.59,5.98,20.0,15.0,25,60.0,70,50,333.72557471264366,2.518413598,Sep,Oct to Nov,Nov to Feb,0,coconut
Jamalpur,Rabi,Palmyra Palm,42,21.98,16.93,30.59,5.98,20.0,15.0,25,60.0,70,50,181.08838383838383,0.1904761905,Sep,Oct to Nov,Nov to Feb,8,coconut
Jashore,Rabi,Palmyra Palm,155,21.98,16.93,30.59,5.98,20.0,15.0,25,60.0,70,50,134.2247474747475,18.20645161,Sep,Oct to Nov,Nov to Feb,2822,coconut
Jhallokati,Rabi,Palmyra Palm,511,21.98,16.93,30.59,5.98,20.0,15.0,25,60.0,70,50,175.42564102564103,1.536203523,Sep,Oct to Nov,Nov to Feb,785,coconut
Jhenaidah,Rabi,Palmyra Palm,57,21.98,16.93,30.59,5.98,20.0,15.0,25,60.0,70,50,134.2247474747475,26.14035088,Sep,Oct to Nov,Nov to Feb,1490,coconut
Joypurhat,Rabi,Palmyra Palm,36,21.98,16.93,30.59,5.98,20.0,15.0,25,60.0,70,50,142.85416666666666,7.611111111,Sep,Oct to Nov,Nov to Feb,274,coconut
Khagrachari,Rabi,Palmyra Palm,0,21.98,16.93,30.59,5.98,20.0,15.0,25,60.0,70,50,204.11111111111111,2.518413598,Sep,Oct to Nov,Nov to Feb,0,coconut
Khulna,Rabi,Palmyra Palm,243,21.98,16.93,30.59,5.98,20.0,15.0,25,60.0,70,50,144.96843434343435,4.913580247,Sep,Oct to Nov,Nov to Feb,1194,coconut
Kishoreganj,Rabi,Palmyra Palm,7,21.98,16.93,30.59,5.98,20.0,15.0,25,60.0,70,50,181.08838383838383,10.71428571,Sep,Oct to Nov,Nov to Feb,75,coconut
Kurigram,Rabi,Palmyra Palm,0,21.98,16.93,30.59,5.98,20.0,15.0,25,60.0,70,50,179.6013888888889,2.518413598,Sep,Oct to Nov,Nov to Feb,3,coconut
Kushtia,Rabi,Palmyra Palm,16,21.98,16.93,30.59,5.98,20.0,15.0,25,60.0,70,50,129.44444444444446,43.5,Sep,Oct to Nov,Nov to Feb,696,coconut
Lakshmipur,Rabi,Palmyra Palm,0,21.98,16.93,30.59,5.98,20.0,15.0,25,60.0,70,50,185.75631313131316,2.518413598,Sep,Oct to Nov,Nov to Feb,0,coconut
Lalmonirhat,Rabi,Palmyra Palm,17,21.98,16.93,30.59,5.98,20.0,15.0,25,60.0,70,50,179.6013888888889,9.176470588,Sep,Oct to Nov,Nov to Feb,156,coconut
Madaripur,Rabi,Palmyra Palm,420,21.98,16.93,30.59,5.98,20.0,15.0,25,60.0,70,50,160.41666666666666,10.23809524,Sep,Oct to Nov,Nov to Feb,4300,coconut
Magura,Rabi,Palmyra Palm,131,21.98,16.93,30.59,5.98,20.0,15.0,25,60.0,70,50,134.2247474747475,13.73282443,Sep,Oct to Nov,Nov to Feb,1799,coconut
Manikganj,Rabi,Palmyra Palm,45,21.98,16.93,30.59,5.98,20.0,15.0,25,60.0,70,50,169.94262295081967,4.333333333,Sep,Oct to Nov,Nov to Feb,195,coconut
Meherpur,Rabi,Palmyra Palm,22,21.98,16.93,30.59,5.98,20.0,15.0,25,60.0,70,50,129.44444444444446,15.0,Sep,Oct to Nov,Nov to Feb,330,coconut
Moulvibazar,Rabi,Palmyra Palm,2,21.98,16.93,30.59,5.98,20.0,15.0,25,60.0,70,50,333.72557471264366,7.5,Sep,Oct to Nov,Nov to Feb,15,coconut
Munshiganj,Rabi,Palmyra Palm,356,21.98,16.93,30.59,5.98,20.0,15.0,25,60.0,70,50,169.94262295081967,0.05337078652,Sep,Oct to Nov,Nov to Feb,19,coconut
Mymensingh,Rabi,Palmyra Palm,0,21.98,16.93,30.59,5.98,20.0,15.0,25,60.0,70,50,181.08838383838383,2.518413598,Sep,Oct to Nov,Nov to Feb,0,coconut
Naogaon,Rabi,Palmyra Palm,204,21.98,16.93,30.59,5.98,20.0,15.0,25,60.0,70,50,124.92,11.90686275,Sep,Oct to Nov,Nov to Feb,2429,coconut
Narail,Rabi,Palmyra Palm,522,21.98,16.93,30.59,5.98,20.0,15.0,25,60.0,70,50,134.2247474747475,12.36781609,Sep,Oct to Nov,Nov to Feb,6456,coconut
Narayanganj,Rabi,Palmyra Palm,4,21.98,16.93,30.59,5.98,20.0,15.0,25,60.0,70,50,169.94262295081967,7.75,Sep,Oct to Nov,Nov to Feb,31,coconut
Narsingdi,Rabi,Palmyra Palm,0,21.98,16.93,30.59,5.98,20.0,15.0,25,60.0,70,50,169.94262295081967,2.518413598,Sep,Oct to Nov,Nov to Feb,0,coconut
Natore,Rabi,Palmyra Palm,151,21.98,16.93,30.59,5.98,20.0,15.0,25,60.0,70,50,124.92,9.284768212,Sep,Oct to Nov,Nov to Feb,1402,coconut
Netrokona,Rabi,Palmyra Palm,1,21.98,16.93,30.59,5.98,20.0,15.0,25,60.0,70,50,181.08838383838383,4.0,Sep,Oct to Nov,Nov to Feb,4,coconut
Nilphamari,Rabi,Palmyra Palm,1,21.98,16.93,30.59,5.98,20.0,15.0,25,60.0,70,50,179.6013888888889,13.0,Sep,Oct to Nov,Nov to Feb,13,coconut
Noakhali,Rabi,Palmyra Palm,0,21.98,16.93,30.59,5.98,20.0,15.0,25,60.0,70,50,185.75631313131316,2.518413598,Sep,Oct to Nov,Nov to Feb,0,coconut
Pabna,Rabi,Palmyra Palm,154,21.98,16.93,30.59,5.98,20.0,15.0,25,60.0,70,50,124.92,2.876623377,Sep,Oct to Nov,Nov to Feb,443,coconut
Panchagar,Rabi,Palmyra Palm,2,21.98,16.93,30.59,5.98,20.0,15.0,25,60.0,70,50,154.21843434343435,0.0,Sep,Oct to Nov,Nov to Feb,0,coconut
Patuakhali,Rabi,Palmyra Palm,1195,21.98,16.93,30.59,5.98,20.0,15.0,25,60.0,70,50,207.8076923076923,3.029288703,Sep,Oct to Nov,Nov to Feb,3620,coconut
Pirojpur,Rabi,Palmyra Palm,632,21.98,16.93,30.59,5.98,20.0,15.0,25,60.0,70,50,175.42564102564103,6.762658228,Sep,Oct to Nov,Nov to Feb,4274,coconut
Rajbari,Rabi,Palmyra Palm,106,21.98,16.93,30.59,5.98,20.0,15.0,25,60.0,70,50,155.864898989899,13.60377358,Sep,Oct to Nov,Nov to Feb,1442,coconut
Rajshahi,Rabi,Palmyra Palm,369,21.98,16.93,30.59,5.98,20.0,15.0,25,60.0,70,50,124.92,10.20867209,Sep,Oct to Nov,Nov to Feb,3767,coconut
Rangamati,Rabi,Palmyra Palm,5,21.98,16.93,30.59,5.98,20.0,15.0,25,60.0,70,50,204.11111111111111,2.0,Sep,Oct to Nov,Nov to Feb,10,coconut
Rangpur,Rabi,Palmyra Palm,16,21.98,16.93,30.59,5.98,20.0,15.0,25,60.0,70,50,179.6013888888889,6.6875,Sep,Oct to Nov,Nov to Feb,107,coconut
Satkhira,Rabi,Palmyra Palm,804,21.98,16.93,30.59,5.98,20.0,15.0,25,60.0,70,50,140.35353535353536,7.391791045,Sep,Oct to Nov,Nov to Feb,5943,coconut
Shariatpur,Rabi,Palmyra Palm,224,21.98,16.93,30.59,5.98,20.0,15.0,25,60.0,70,50,155.864898989899,5.946428571,Sep,Oct to Nov,Nov to Feb,1332,coconut
Sherpur,Rabi,Palmyra Palm,15,21.98,16.93,30.59,5.98,20.0,15.0,25,60.0,70,50,181.08838383838383,4.733333333,Sep,Oct to Nov,Nov to Feb,71,coconut
Sirajganj,Rabi,Palmyra Palm,3,21.98,16.93,30.59,5.98,20.0,15.0,25,60.0,70,50,142.85416666666666,7.666666667,Sep,Oct to Nov,Nov to Feb,23,coconut
Sunamganj,Rabi,Palmyra Palm,0,21.98,16.93,30.59,5.98,20.0,15.0,25,60.0,70,50,333.72557471264366,2.518413598,Sep,Oct to Nov,Nov to Feb,0,coconut
Sylhet,Rabi,Palmyra Palm,0,21.98,16.93,30.59,5.98,20.0,15.0,25,60.0,70,50,333.72557471264366,2.518413598,Sep,Oct to Nov,Nov to Feb,0,coconut
Tangail,Rabi,Palmyra Palm,0,21.98,16.93,30.59,5.98,20.0,15.0,25,60.0,70,50,153.4104938271605,2.518413598,Sep,Oct to Nov,Nov to Feb,0,coconut
Thakurgaon,Rabi,Palmyra Palm,1,21.98,16.93,30.59,5.98,20.0,15.0,25,60.0,70,50,154.21843434343435,19.0,Sep,Oct to Nov,Nov to Feb,19,coconut
Bagerhat,Kharif 2,Palong Shak,611,77.76,48.44,19.79,6.25,21.0,12.0,30,70.0,75,65,144.96843434343435,3.024549918,Aug,Sep to Jan,Feb,1848,maize
Bandarban,Kharif 2,Palong Shak,119,77.76,48.44,19.79,6.25,21.0,12.0,30,70.0,75,65,243.94444444444449,1.445378151,Aug,Sep to Jan,Feb,172,maize
Barguna,Kharif 2,Palong Shak,86,77.76,48.44,19.79,6.25,21.0,12.0,30,70.0,75,65,207.8076923076923,1.523255814,Aug,Sep to Jan,Feb,131,maize
Barishal,Kharif 2,Palong Shak,472,77.76,48.44,19.79,6.25,21.0,12.0,30,70.0,75,65,175.42564102564103,1.896186441,Aug,Sep to Jan,Feb,895,maize
Bhola,Kharif 2,Palong Shak,230,77.76,48.44,19.79,6.25,21.0,12.0,30,70.0,75,65,185.23090277777777,2.065217391,Aug,Sep to Jan,Feb,475,maize
Bogura,Kharif 2,Palong Shak,346,77.76,48.44,19.79,6.25,21.0,12.0,30,70.0,75,65,142.85416666666666,2.768786127,Aug,Sep to Jan,Feb,958,maize
Brahmanbaria,Kharif 2,Palong Shak,274,77.76,48.44,19.79,6.25,21.0,12.0,30,70.0,75,65,185.75631313131316,2.02189781,Aug,Sep to Jan,Feb,554,maize
Chandpur,Kharif 2,Palong Shak,264,77.76,48.44,19.79,6.25,21.0,12.0,30,70.0,75,65,168.796875,1.768939394,Aug,Sep to Jan,Feb,467,maize
Chapai Nawabganj,Kharif 2,Palong Shak,311,77.76,48.44,19.79,6.25,21.0,12.0,30,70.0,75,65,124.92,2.337620579,Aug,Sep to Jan,Feb,727,maize
Chattogram,Kharif 2,Palong Shak,921,77.76,48.44,19.79,6.25,21.0,12.0,30,70.0,75,65,243.94444444444449,1.989142237,Aug,Sep to Jan,Feb,1832,maize
Chuadanga,Kharif 2,Palong Shak,825,77.76,48.44,19.79,6.25,21.0,12.0,30,70.0,75,65,129.44444444444446,3.229090909,Aug,Sep to Jan,Feb,2664,maize
CoxsBazar,Kharif 2,Palong Shak,11,77.76,48.44,19.79,6.25,21.0,12.0,30,70.0,75,65,303.40277777777777,2.363636364,Aug,Sep to Jan,Feb,26,maize
Cumilla,Kharif 2,Palong Shak,244,77.76,48.44,19.79,6.25,21.0,12.0,30,70.0,75,65,185.75631313131316,2.073770492,Aug,Sep to Jan,Feb,506,maize
Dhaka,Kharif 2,Palong Shak,608,77.76,48.44,19.79,6.25,21.0,12.0,30,70.0,75,65,169.94262295081967,5.582236842,Aug,Sep to Jan,Feb,3394,maize
Dinajpur,Kharif 2,Palong Shak,395,77.76,48.44,19.79,6.25,21.0,12.0,30,70.0,75,65,154.21843434343435,1.574683544,Aug,Sep to Jan,Feb,622,maize
Faridpur,Kharif 2,Palong Shak,1218,77.76,48.44,19.79,6.25,21.0,12.0,30,70.0,75,65,155.864898989899,1.922003284,Aug,Sep to Jan,Feb,2341,maize
Feni,Kharif 2,Palong Shak,280,77.76,48.44,19.79,6.25,21.0,12.0,30,70.0,75,65,248.1727642276423,2.007142857,Aug,Sep to Jan,Feb,562,maize
Gaibandha,Kharif 2,Palong Shak,213,77.76,48.44,19.79,6.25,21.0,12.0,30,70.0,75,65,179.6013888888889,1.596244131,Aug,Sep to Jan,Feb,340,maize
Gazipur,Kharif 2,Palong Shak,202,77.76,48.44,19.79,6.25,21.0,12.0,30,70.0,75,65,169.94262295081967,2.222772277,Aug,Sep to Jan,Feb,449,maize
Gopalganj,Kharif 2,Palong Shak,405,77.76,48.44,19.79,6.25,21.0,12.0,30,70.0,75,65,155.864898989899,2.565432099,Aug,Sep to Jan,Feb,1039,maize
Habiganj,Kharif 2,Palong Shak,33,77.76,48.44,19.79,6.25,21.0,12.0,30,70.0,75,65,333.72557471264366,2.939393939,Aug,Sep to Jan,Feb,97,maize
Jamalpur,Kharif 2,Palong Shak,1076,77.76,48.44,19.79,6.25,21.0,12.0,30,70.0,75,65,181.08838383838383,1.953531599,Aug,Sep to Jan,Feb,2102,maize
Jashore,Kharif 2,Palong Shak,1415,77.76,48.44,19.79,6.25,21.0,12.0,30,70.0,75,65,134.2247474747475,2.909540636,Aug,Sep to Jan,Feb,4117,maize
Jhallokati,Kharif 2,Palong Shak,182,77.76,48.44,19.79,6.25,21.0,12.0,30,70.0,75,65,175.42564102564103,0.9450549451,Aug,Sep to Jan,Feb,172,maize
Jhenaidah,Kharif 2,Palong Shak,796,77.76,48.44,19.79,6.25,21.0,12.0,30,70.0,75,65,134.2247474747475,2.462311558,Aug,Sep to Jan,Feb,1960,maize
Joypurhat,Kharif 2,Palong Shak,177,77.76,48.44,19.79,6.25,21.0,12.0,30,70.0,75,65,142.85416666666666,2.531073446,Aug,Sep to Jan,Feb,448,maize
Khagrachari,Kharif 2,Palong Shak,215,77.76,48.44,19.79,6.25,21.0,12.0,30,70.0,75,65,204.11111111111111,1.739534884,Aug,Sep to Jan,Feb,374,maize
Khulna,Kharif 2,Palong Shak,479,77.76,48.44,19.79,6.25,21.0,12.0,30,70.0,75,65,144.96843434343435,2.311064718,Aug,Sep to Jan,Feb,1107,maize
Kishoreganj,Kharif 2,Palong Shak,179,77.76,48.44,19.79,6.25,21.0,12.0,30,70.0,75,65,181.08838383838383,1.715083799,Aug,Sep to Jan,Feb,307,maize
Kurigram,Kharif 2,Palong Shak,325,77.76,48.44,19.79,6.25,21.0,12.0,30,70.0,75,65,179.6013888888889,2.547692308,Aug,Sep to Jan,Feb,828,maize
Kushtia,Kharif 2,Palong Shak,793,77.76,48.44,19.79,6.25,21.0,12.0,30,70.0,75,65,129.44444444444446,2.89407314,Aug,Sep to Jan,Feb,2295,maize
Lakshmipur,Kharif 2,Palong Shak,197,77.76,48.44,19.79,6.25,21.0,12.0,30,70.0,75,65,185.75631313131316,1.274111675,Aug,Sep to Jan,Feb,251,maize
Lalmonirhat,Kharif 2,Palong Shak,250,77.76,48.44,19.79,6.25,21.0,12.0,30,70.0,75,65,179.6013888888889,2.412,Aug,Sep to Jan,Feb,603,maize
Madaripur,Kharif 2,Palong Shak,233,77.76,48.44,19.79,6.25,21.0,12.0,30,70.0,75,65,160.41666666666666,1.39055794,Aug,Sep to Jan,Feb,324,maize
Magura,Kharif 2,Palong Shak,214,77.76,48.44,19.79,6.25,21.0,12.0,30,70.0,75,65,134.2247474747475,3.294392523,Aug,Sep to Jan,Feb,705,maize
Manikganj,Kharif 2,Palong Shak,228,77.76,48.44,19.79,6.25,21.0,12.0,30,70.0,75,65,169.94262295081967,1.938596491,Aug,Sep to Jan,Feb,442,maize
Meherpur,Kharif 2,Palong Shak,277,77.76,48.44,19.79,6.25,21.0,12.0,30,70.0,75,65,129.44444444444446,4.173285199,Aug,Sep to Jan,Feb,1156,maize
Moulvibazar,Kharif 2,Palong Shak,114,77.76,48.44,19.79,6.25,21.0,12.0,30,70.0,75,65,333.72557471264366,0.9473684211,Aug,Sep to Jan,Feb,108,maize
Munshiganj,Kharif 2,Palong Shak,469,77.76,48.44,19.79,6.25,21.0,12.0,30,70.0,75,65,169.94262295081967,1.330490405,Aug,Sep to Jan,Feb,624,maize
Mymensingh,Kharif 2,Palong Shak,593,77.76,48.44,19.79,6.25,21.0,12.0,30,70.0,75,65,181.08838383838383,3.917369309,Aug,Sep to Jan,Feb,2323,maize
Naogaon,Kharif 2,Palong Shak,524,77.76,48.44,19.79,6.25,21.0,12.0,30,70.0,75,65,124.92,2.133587786,Aug,Sep to Jan,Feb,1118,maize
Narail,Kharif 2,Palong Shak,448,77.76,48.44,19.79,6.25,21.0,12.0,30,70.0,75,65,134.2247474747475,3.075892857,Aug,Sep to Jan,Feb,1378,maize
Narayanganj,Kharif 2,Palong Shak,373,77.76,48.44,19.79,6.25,21.0,12.0,30,70.0,75,65,169.94262295081967,1.563002681,Aug,Sep to Jan,Feb,583,maize
Narsingdi,Kharif 2,Palong Shak,137,77.76,48.44,19.79,6.25,21.0,12.0,30,70.0,75,65,169.94262295081967,1.277372263,Aug,Sep to Jan,Feb,175,maize
Natore,Kharif 2,Palong Shak,270,77.76,48.44,19.79,6.25,21.0,12.0,30,70.0,75,65,124.92,2.385185185,Aug,Sep to Jan,Feb,644,maize
Netrokona,Kharif 2,Palong Shak,118,77.76,48.44,19.79,6.25,21.0,12.0,30,70.0,75,65,181.08838383838383,2.389830508,Aug,Sep to Jan,Feb,282,maize
Nilphamari,Kharif 2,Palong Shak,339,77.76,48.44,19.79,6.25,21.0,12.0,30,70.0,75,65,179.6013888888889,2.439528024,Aug,Sep to Jan,Feb,827,maize
Noakhali,Kharif 2,Palong Shak,272,77.76,48.44,19.79,6.25,21.0,12.0,30,70.0,75,65,185.75631313131316,1.963235294,Aug,Sep to Jan,Feb,534,maize
Pabna,Kharif 2,Palong Shak,749,77.76,48.44,19.79,6.25,21.0,12.0,30,70.0,75,65,124.92,2.618157543,Aug,Sep to Jan,Feb,1961,maize
Panchagar,Kharif 2,Palong Shak,479,77.76,48.44,19.79,6.25,21.0,12.0,30,70.0,75,65,154.21843434343435,1.960334029,Aug,Sep to Jan,Feb,939,maize
Patuakhali,Kharif 2,Palong Shak,69,77.76,48.44,19.79,6.25,21.0,12.0,30,70.0,75,65,207.8076923076923,1.405797101,Aug,Sep to Jan,Feb,97,maize
Pirojpur,Kharif 2,Palong Shak,123,77.76,48.44,19.79,6.25,21.0,12.0,30,70.0,75,65,175.42564102564103,1.756097561,Aug,Sep to Jan,Feb,216,maize
Rajbari,Kharif 2,Palong Shak,546,77.76,48.44,19.79,6.25,21.0,12.0,30,70.0,75,65,155.864898989899,4.402930403,Aug,Sep to Jan,Feb,2404,maize
Rajshahi,Kharif 2,Palong Shak,1026,77.76,48.44,19.79,6.25,21.0,12.0,30,70.0,75,65,124.92,2.338206628,Aug,Sep to Jan,Feb,2399,maize
Rangamati,Kharif 2,Palong Shak,137,77.76,48.44,19.79,6.25,21.0,12.0,30,70.0,75,65,204.11111111111111,0.802919708,Aug,Sep to Jan,Feb,110,maize
Rangpur,Kharif 2,Palong Shak,423,77.76,48.44,19.79,6.25,21.0,12.0,30,70.0,75,65,179.6013888888889,1.617021277,Aug,Sep to Jan,Feb,684,maize
Satkhira,Kharif 2,Palong Shak,590,77.76,48.44,19.79,6.25,21.0,12.0,30,70.0,75,65,140.35353535353536,2.449152542,Aug,Sep to Jan,Feb,1445,maize
Shariatpur,Kharif 2,Palong Shak,122,77.76,48.44,19.79,6.25,21.0,12.0,30,70.0,75,65,155.864898989899,2.270491803,Aug,Sep to Jan,Feb,277,maize
Sherpur,Kharif 2,Palong Shak,162,77.76,48.44,19.79,6.25,21.0,12.0,30,70.0,75,65,181.08838383838383,3.043209877,Aug,Sep to Jan,Feb,493,maize
Sirajganj,Kharif 2,Palong Shak,606,77.76,48.44,19.79,6.25,21.0,12.0,30,70.0,75,65,142.85416666666666,2.554455446,Aug,Sep to Jan,Feb,1548,maize
Sunamganj,Kharif 2,Palong Shak,53,77.76,48.44,19.79,6.25,21.0,12.0,30,70.0,75,65,333.72557471264366,2.056603774,Aug,Sep to Jan,Feb,109,maize
Sylhet,Kharif 2,Palong Shak,140,77.76,48.44,19.79,6.25,21.0,12.0,30,70.0,75,65,333.72557471264366,1.607142857,Aug,Sep to Jan,Feb,225,maize
Tangail,Kharif 2,Palong Shak,340,77.76,48.44,19.79,6.25,21.0,12.0,30,70.0,75,65,153.4104938271605,2.126470588,Aug,Sep to Jan,Feb,723,maize
Thakurgaon,Kharif 2,Palong Shak,307,77.76,48.44,19.79,6.25,21.0,12.0,30,70.0,75,65,154.21843434343435,3.188925081,Aug,Sep to Jan,Feb,979,maize
Bagerhat,Kharif 2,Patal,39,99.42,17.0,50.22,6.5,27.5,20.0,35,72.5,85,60,144.96843434343435,1.717948718,Aug,Sep to Jan,Jan to March,67,watermelon
Bandarban,Kharif 2,Patal,0,99.42,17.0,50.22,6.5,27.5,20.0,35,72.5,85,60,243.94444444444449,2.518413598,Aug,Sep to Jan,Jan to March,0,watermelon
Barguna,Kharif 2,Patal,0,99.42,17.0,50.22,6.5,27.5,20.0,35,72.5,85,60,207.8076923076923,2.518413598,Aug,Sep to Jan,Jan to March,0,watermelon
Barishal,Kharif 2,Patal,0,99.42,17.0,50.22,6.5,27.5,20.0,35,72.5,85,60,175.42564102564103,2.518413598,Aug,Sep to Jan,Jan to March,0,watermelon
Bhola,Kharif 2,Patal,0,99.42,17.0,50.22,6.5,27.5,20.0,35,72.5,85,60,185.23090277777777,2.518413598,Aug,Sep to Jan,Jan to March,0,watermelon
Bogura,Kharif 2,Patal,749,99.42,17.0,50.22,6.5,27.5,20.0,35,72.5,85,60,142.85416666666666,3.770360481,Aug,Sep to Jan,Jan to March,2824,watermelon
Brahmanbaria,Kharif 2,Patal,7,99.42,17.0,50.22,6.5,27.5,20.0,35,72.5,85,60,185.75631313131316,5.0,Aug,Sep to Jan,Jan to March,35,watermelon
Chandpur,Kharif 2,Patal,0,99.42,17.0,50.22,6.5,27.5,20.0,35,72.5,85,60,168.796875,2.518413598,Aug,Sep to Jan,Jan to March,0,watermelon
Chapai Nawabganj,Kharif 2,Patal,465,99.42,17.0,50.22,6.5,27.5,20.0,35,72.5,85,60,124.92,3.894623656,Aug,Sep to Jan,Jan to March,1811,watermelon
Chattogram,Kharif 2,Patal,8,99.42,17.0,50.22,6.5,27.5,20.0,35,72.5,85,60,243.94444444444449,1.25,Aug,Sep to Jan,Jan to March,10,watermelon
Chuadanga,Kharif 2,Patal,882,99.42,17.0,50.22,6.5,27.5,20.0,35,72.5,85,60,129.44444444444446,2.672335601,Aug,Sep to Jan,Jan to March,2357,watermelon
CoxsBazar,Kharif 2,Patal,5,99.42,17.0,50.22,6.5,27.5,20.0,35,72.5,85,60,303.40277777777777,1.2,Aug,Sep to Jan,Jan to March,6,watermelon
Cumilla,Kharif 2,Patal,55,99.42,17.0,50.22,6.5,27.5,20.0,35,72.5,85,60,185.75631313131316,1.327272727,Aug,Sep to Jan,Jan to March,73,watermelon
Dhaka,Kharif 2,Patal,912,99.42,17.0,50.22,6.5,27.5,20.0,35,72.5,85,60,169.94262295081967,1.400219298,Aug,Sep to Jan,Jan to March,1277,watermelon
Dinajpur,Kharif 2,Patal,866,99.42,17.0,50.22,6.5,27.5,20.0,35,72.5,85,60,154.21843434343435,2.474595843,Aug,Sep to Jan,Jan to March,2143,watermelon
Faridpur,Kharif 2,Patal,180,99.42,17.0,50.22,6.5,27.5,20.0,35,72.5,85,60,155.864898989899,1.544444444,Aug,Sep to Jan,Jan to March,278,watermelon
Feni,Kharif 2,Patal,13,99.42,17.0,50.22,6.5,27.5,20.0,35,72.5,85,60,248.1727642276423,2.307692308,Aug,Sep to Jan,Jan to March,30,watermelon
Gaibandha,Kharif 2,Patal,539,99.42,17.0,50.22,6.5,27.5,20.0,35,72.5,85,60,179.6013888888889,3.727272727,Aug,Sep to Jan,Jan to March,2009,watermelon
Gazipur,Kharif 2,Patal,89,99.42,17.0,50.22,6.5,27.5,20.0,35,72.5,85,60,169.94262295081967,1.483146067,Aug,Sep to Jan,Jan to March,132,watermelon
Gopalganj,Kharif 2,Patal,128,99.42,17.0,50.22,6.5,27.5,20.0,35,72.5,85,60,155.864898989899,2.109375,Aug,Sep to Jan,Jan to March,270,watermelon
Habiganj,Kharif 2,Patal,0,99.42,17.0,50.22,6.5,27.5,20.0,35,72.5,85,60,333.72557471264366,2.518413598,Aug,Sep to Jan,Jan to March,0,watermelon
Jamalpur,Kharif 2,Patal,343,99.42,17.0,50.22,6.5,27.5,20.0,35,72.5,85,60,181.08838383838383,1.932944606,Aug,Sep to Jan,Jan to March,663,watermelon
Jashore,Kharif 2,Patal,3053,99.42,17.0,50.22,6.5,27.5,20.0,35,72.5,85,60,134.2247474747475,5.874222077,Aug,Sep to Jan,Jan to March,17934,watermelon
Jhallokati,Kharif 2,Patal,0,99.42,17.0,50.22,6.5,27.5,20.0,35,72.5,85,60,175.42564102564103,2.518413598,Aug,Sep to Jan,Jan to March,0,watermelon
Jhenaidah,Kharif 2,Patal,1749,99.42,17.0,50.22,6.5,27.5,20.0,35,72.5,85,60,134.2247474747475,4.427101201,Aug,Sep to Jan,Jan to March,7743,watermelon
Joypurhat,Kharif 2,Patal,623,99.42,17.0,50.22,6.5,27.5,20.0,35,72.5,85,60,142.85416666666666,3.422150883,Aug,Sep to Jan,Jan to March,2132,watermelon
Khagrachari,Kharif 2,Patal,0,99.42,17.0,50.22,6.5,27.5,20.0,35,72.5,85,60,204.11111111111111,2.518413598,Aug,Sep to Jan,Jan to March,0,watermelon
Khulna,Kharif 2,Patal,106,99.42,17.0,50.22,6.5,27.5,20.0,35,72.5,85,60,144.96843434343435,1.575471698,Aug,Sep to Jan,Jan to March,167,watermelon
Kishoreganj,Kharif 2,Patal,74,99.42,17.0,50.22,6.5,27.5,20.0,35,72.5,85,60,181.08838383838383,2.472972973,Aug,Sep to Jan,Jan to March,183,watermelon
Kurigram,Kharif 2,Patal,629,99.42,17.0,50.22,6.5,27.5,20.0,35,72.5,85,60,179.6013888888889,2.457869634,Aug,Sep to Jan,Jan to March,1546,watermelon
Kushtia,Kharif 2,Patal,557,99.42,17.0,50.22,6.5,27.5,20.0,35,72.5,85,60,129.44444444444446,3.9497307,Aug,Sep to Jan,Jan to March,2200,watermelon
Lakshmipur,Kharif 2,Patal,1,99.42,17.0,50.22,6.5,27.5,20.0,35,72.5,85,60,185.75631313131316,1.0,Aug,Sep to Jan,Jan to March,1,watermelon
Lalmonirhat,Kharif 2,Patal,305,99.42,17.0,50.22,6.5,27.5,20.0,35,72.5,85,60,179.6013888888889,2.603278689,Aug,Sep to Jan,Jan to March,794,watermelon
Madaripur,Kharif 2,Patal,18,99.42,17.0,50.22,6.5,27.5,20.0,35,72.5,85,60,160.41666666666666,4.333333333,Aug,Sep to Jan,Jan to March,78,watermelon
Magura,Kharif 2,Patal,134,99.42,17.0,50.22,6.5,27.5,20.0,35,72.5,85,60,134.2247474747475,3.059701493,Aug,Sep to Jan,Jan to March,410,watermelon
Manikganj,Kharif 2,Patal,459,99.42,17.0,50.22,6.5,27.5,20.0,35,72.5,85,60,169.94262295081967,1.806100218,Aug,Sep to Jan,Jan to March,829,watermelon
Meherpur,Kharif 2,Patal,365,99.42,17.0,50.22,6.5,27.5,20.0,35,72.5,85,60,129.44444444444446,4.301369863,Aug,Sep to Jan,Jan to March,1570,watermelon
Moulvibazar,Kharif 2,Patal,0,99.42,17.0,50.22,6.5,27.5,20.0,35,72.5,85,60,333.72557471264366,2.518413598,Aug,Sep to Jan,Jan to March,0,watermelon
Munshiganj,Kharif 2,Patal,122,99.42,17.0,50.22,6.5,27.5,20.0,35,72.5,85,60,169.94262295081967,1.524590164,Aug,Sep to Jan,Jan to March,186,watermelon
Mymensingh,Kharif 2,Patal,373,99.42,17.0,50.22,6.5,27.5,20.0,35,72.5,85,60,181.08838383838383,2.107238606,Aug,Sep to Jan,Jan to March,786,watermelon
Naogaon,Kharif 2,Patal,1467,99.42,17.0,50.22,6.5,27.5,20.0,35,72.5,85,60,124.92,4.170415815,Aug,Sep to Jan,Jan to March,6118,watermelon
Narail,Kharif 2,Patal,231,99.42,17.0,50.22,6.5,27.5,20.0,35,72.5,85,60,134.2247474747475,4.32034632,Aug,Sep to Jan,Jan to March,998,watermelon
Narayanganj,Kharif 2,Patal,191,99.42,17.0,50.22,6.5,27.5,20.0,35,72.5,85,60,169.94262295081967,3.240837696,Aug,Sep to Jan,Jan to March,619,watermelon
Narsingdi,Kharif 2,Patal,83,99.42,17.0,50.22,6.5,27.5,20.0,35,72.5,85,60,169.94262295081967,2.012048193,Aug,Sep to Jan,Jan to March,167,watermelon
Natore,Kharif 2,Patal,493,99.42,17.0,50.22,6.5,27.5,20.0,35,72.5,85,60,124.92,4.202839757,Aug,Sep to Jan,Jan to March,2072,watermelon
Netrokona,Kharif 2,Patal,378,99.42,17.0,50.22,6.5,27.5,20.0,35,72.5,85,60,181.08838383838383,4.703703704,Aug,Sep to Jan,Jan to March,1778,watermelon
Nilphamari,Kharif 2,Patal,332,99.42,17.0,50.22,6.5,27.5,20.0,35,72.5,85,60,179.6013888888889,3.18373494,Aug,Sep to Jan,Jan to March,1057,watermelon
Noakhali,Kharif 2,Patal,0,99.42,17.0,50.22,6.5,27.5,20.0,35,72.5,85,60,185.75631313131316,2.518413598,Aug,Sep to Jan,Jan to March,0,watermelon
Pabna,Kharif 2,Patal,3019,99.42,17.0,50.22,6.5,27.5,20.0,35,72.5,85,60,124.92,4.001656178,Aug,Sep to Jan,Jan to March,12081,watermelon
Panchagar,Kharif 2,Patal,248,99.42,17.0,50.22,6.5,27.5,20.0,35,72.5,85,60,154.21843434343435,2.108870968,Aug,Sep to Jan,Jan to March,523,watermelon
Patuakhali,Kharif 2,Patal,0,99.42,17.0,50.22,6.5,27.5,20.0,35,72.5,85,60,207.8076923076923,2.518413598,Aug,Sep to Jan,Jan to March,0,watermelon
Pirojpur,Kharif 2,Patal,0,99.42,17.0,50.22,6.5,27.5,20.0,35,72.5,85,60,175.42564102564103,2.518413598,Aug,Sep to Jan,Jan to March,0,watermelon
Rajbari,Kharif 2,Patal,670,99.42,17.0,50.22,6.5,27.5,20.0,35,72.5,85,60,155.864898989899,4.965671642,Aug,Sep to Jan,Jan to March,3327,watermelon
Rajshahi,Kharif 2,Patal,1709,99.42,17.0,50.22,6.5,27.5,20.0,35,72.5,85,60,124.92,5.61732007,Aug,Sep to Jan,Jan to March,9600,watermelon
Rangamati,Kharif 2,Patal,7,99.42,17.0,50.22,6.5,27.5,20.0,35,72.5,85,60,204.11111111111111,1.714285714,Aug,Sep to Jan,Jan to March,12,watermelon
Rangpur,Kharif 2,Patal,830,99.42,17.0,50.22,6.5,27.5,20.0,35,72.5,85,60,179.6013888888889,2.893975904,Aug,Sep to Jan,Jan to March,2402,watermelon
Satkhira,Kharif 2,Patal,1049,99.42,17.0,50.22,6.5,27.5,20.0,35,72.5,85,60,140.35353535353536,2.984747378,Aug,Sep to Jan,Jan to March,3131,watermelon
Shariatpur,Kharif 2,Patal,42,99.42,17.0,50.22,6.5,27.5,20.0,35,72.5,85,60,155.864898989899,1.952380952,Aug,Sep to Jan,Jan to March,82,watermelon
Sherpur,Kharif 2,Patal,285,99.42,17.0,50.22,6.5,27.5,20.0,35,72.5,85,60,181.08838383838383,3.438596491,Aug,Sep to Jan,Jan to March,980,watermelon
Sirajganj,Kharif 2,Patal,169,99.42,17.0,50.22,6.5,27.5,20.0,35,72.5,85,60,142.85416666666666,3.698224852,Aug,Sep to Jan,Jan to March,625,watermelon
Sunamganj,Kharif 2,Patal,6,99.42,17.0,50.22,6.5,27.5,20.0,35,72.5,85,60,333.72557471264366,2.333333333,Aug,Sep to Jan,Jan to March,14,watermelon
Sylhet,Kharif 2,Patal,26,99.42,17.0,50.22,6.5,27.5,20.0,35,72.5,85,60,333.72557471264366,1.576923077,Aug,Sep to Jan,Jan to March,41,watermelon
Tangail,Kharif 2,Patal,296,99.42,17.0,50.22,6.5,27.5,20.0,35,72.5,85,60,153.4104938271605,3.084459459,Aug,Sep to Jan,Jan to March,913,watermelon
Thakurgaon,Kharif 2,Patal,664,99.42,17.0,50.22,6.5,27.5,20.0,35,72.5,85,60,154.21843434343435,2.042168675,Aug,Sep to Jan,Jan to March,1356,watermelon
Bagerhat,Kharif 2,Pineapple,46,49.88,59.05,50.04,6.74,26.5,18.0,35,75.0,80,70,144.96843434343435,1.326086957,Sep,Sep to May,June to Aug,61,papaya
Bandarban,Kharif 2,Pineapple,1541,49.88,59.05,50.04,6.74,26.5,18.0,35,75.0,80,70,243.94444444444449,4.063595068,Sep,Sep to May,June to Aug,6262,papaya
Barguna,Kharif 2,Pineapple,82,49.88,59.05,50.04,6.74,26.5,18.0,35,75.0,80,70,207.8076923076923,1.646341463,Sep,Sep to May,June to Aug,135,papaya
Barishal,Kharif 2,Pineapple,28,49.88,59.05,50.04,6.74,26.5,18.0,35,75.0,80,70,175.42564102564103,1.607142857,Sep,Sep to May,June to Aug,45,papaya
Bhola,Kharif 2,Pineapple,53,49.88,59.05,50.04,6.74,26.5,18.0,35,75.0,80,70,185.23090277777777,1.924528302,Sep,Sep to May,June to Aug,102,papaya
Bogura,Kharif 2,Pineapple,6,49.88,59.05,50.04,6.74,26.5,18.0,35,75.0,80,70,142.85416666666666,3.0,Sep,Sep to May,June to Aug,18,papaya
Brahmanbaria,Kharif 2,Pineapple,36,49.88,59.05,50.04,6.74,26.5,18.0,35,75.0,80,70,185.75631313131316,1.388888889,Sep,Sep to May,June to Aug,50,papaya
Chandpur,Kharif 2,Pineapple,5,49.88,59.05,50.04,6.74,26.5,18.0,35,75.0,80,70,168.796875,1.2,Sep,Sep to May,June to Aug,6,papaya
Chapai Nawabganj,Kharif 2,Pineapple,0,49.88,59.05,50.04,6.74,26.5,18.0,35,75.0,80,70,124.92,2.518413598,Sep,Sep to May,June to Aug,0,papaya
Chattogram,Kharif 2,Pineapple,2122,49.88,59.05,50.04,6.74,26.5,18.0,35,75.0,80,70,243.94444444444449,3.885485391,Sep,Sep to May,June to Aug,8245,papaya
Chuadanga,Kharif 2,Pineapple,0,49.88,59.05,50.04,6.74,26.5,18.0,35,75.0,80,70,129.44444444444446,2.518413598,Sep,Sep to May,June to Aug,0,papaya
CoxsBazar,Kharif 2,Pineapple,328,49.88,59.05,50.04,6.74,26.5,18.0,35,75.0,80,70,303.40277777777777,6.463414634,Sep,Sep to May,June to Aug,2120,papaya
Cumilla,Kharif 2,Pineapple,32,49.88,59.05,50.04,6.74,26.5,18.0,35,75.0,80,70,185.75631313131316,3.46875,Sep,Sep to May,June to Aug,111,papaya
Dhaka,Kharif 2,Pineapple,0,49.88,59.05,50.04,6.74,26.5,18.0,35,75.0,80,70,169.94262295081967,2.518413598,Sep,Sep to May,June to Aug,0,papaya
Dinajpur,Kharif 2,Pineapple,0,49.88,59.05,50.04,6.74,26.5,18.0,35,75.0,80,70,154.21843434343435,2.518413598,Sep,Sep to May,June to Aug,0,papaya
Faridpur,Kharif 2,Pineapple,0,49.88,59.05,50.04,6.74,26.5,18.0,35,75.0,80,70,155.864898989899,2.518413598,Sep,Sep to May,June to Aug,0,papaya
Feni,Kharif 2,Pineapple,20,49.88,59.05,50.04,6.74,26.5,18.0,35,75.0,80,70,248.1727642276423,2.6,Sep,Sep to May,June to Aug,52,papaya
Gaibandha,Kharif 2,Pineapple,0,49.88,59.05,50.04,6.74,26.5,18.0,35,75.0,80,70,179.6013888888889,2.518413598,Sep,Sep to May,June to Aug,0,papaya
Gazipur,Kharif 2,Pineapple,2867,49.88,59.05,50.04,6.74,26.5,18.0,35,75.0,80,70,169.94262295081967,3.705615626,Sep,Sep to May,June to Aug,10624,papaya
Gopalganj,Kharif 2,Pineapple,0,49.88,59.05,50.04,6.74,26.5,18.0,35,75.0,80,70,155.864898989899,2.518413598,Sep,Sep to May,June to Aug,0,papaya
Habiganj,Kharif 2,Pineapple,467,49.88,59.05,50.04,6.74,26.5,18.0,35,75.0,80,70,333.72557471264366,3.406852248,Sep,Sep to May,June to Aug,1591,papaya
Jamalpur,Kharif 2,Pineapple,101,49.88,59.05,50.04,6.74,26.5,18.0,35,75.0,80,70,181.08838383838383,2.910891089,Sep,Sep to May,June to Aug,294,papaya
Jashore,Kharif 2,Pineapple,107,49.88,59.05,50.04,6.74,26.5,18.0,35,75.0,80,70,134.2247474747475,3.485981308,Sep,Sep to May,June to Aug,373,papaya
Jhallokati,Kharif 2,Pineapple,0,49.88,59.05,50.04,6.74,26.5,18.0,35,75.0,80,70,175.42564102564103,2.518413598,Sep,Sep to May,June to Aug,0,papaya
Jhenaidah,Kharif 2,Pineapple,1,49.88,59.05,50.04,6.74,26.5,18.0,35,75.0,80,70,134.2247474747475,2.0,Sep,Sep to May,June to Aug,2,papaya
Joypurhat,Kharif 2,Pineapple,0,49.88,59.05,50.04,6.74,26.5,18.0,35,75.0,80,70,142.85416666666666,2.518413598,Sep,Sep to May,June to Aug,0,papaya
Khagrachari,Kharif 2,Pineapple,2133,49.88,59.05,50.04,6.74,26.5,18.0,35,75.0,80,70,204.11111111111111,3.953117675,Sep,Sep to May,June to Aug,8432,papaya
Khulna,Kharif 2,Pineapple,17,49.88,59.05,50.04,6.74,26.5,18.0,35,75.0,80,70,144.96843434343435,3.470588235,Sep,Sep to May,June to Aug,59,papaya
Kishoreganj,Kharif 2,Pineapple,10,49.88,59.05,50.04,6.74,26.5,18.0,35,75.0,80,70,181.08838383838383,4.8,Sep,Sep to May,June to Aug,48,papaya
Kurigram,Kharif 2,Pineapple,24,49.88,59.05,50.04,6.74,26.5,18.0,35,75.0,80,70,179.6013888888889,3.958333333,Sep,Sep to May,June to Aug,95,papaya
Kushtia,Kharif 2,Pineapple,0,49.88,59.05,50.04,6.74,26.5,18.0,35,75.0,80,70,129.44444444444446,2.518413598,Sep,Sep to May,June to Aug,0,papaya
Lakshmipur,Kharif 2,Pineapple,28,49.88,59.05,50.04,6.74,26.5,18.0,35,75.0,80,70,185.75631313131316,2.714285714,Sep,Sep to May,June to Aug,76,papaya
Lalmonirhat,Kharif 2,Pineapple,10,49.88,59.05,50.04,6.74,26.5,18.0,35,75.0,80,70,179.6013888888889,2.1,Sep,Sep to May,June to Aug,21,papaya
Madaripur,Kharif 2,Pineapple,0,49.88,59.05,50.04,6.74,26.5,18.0,35,75.0,80,70,160.41666666666666,2.518413598,Sep,Sep to May,June to Aug,0,papaya
Magura,Kharif 2,Pineapple,0,49.88,59.05,50.04,6.74,26.5,18.0,35,75.0,80,70,134.2247474747475,2.518413598,Sep,Sep to May,June to Aug,0,papaya
Manikganj,Kharif 2,Pineapple,0,49.88,59.05,50.04,6.74,26.5,18.0,35,75.0,80,70,169.94262295081967,2.518413598,Sep,Sep to May,June to Aug,0,papaya
Meherpur,Kharif 2,Pineapple,0,49.88,59.05,50.04,6.74,26.5,18.0,35,75.0,80,70,129.44444444444446,2.518413598,Sep,Sep to May,June to Aug,0,papaya
Moulvibazar,Kharif 2,Pineapple,1099,49.88,59.05,50.04,6.74,26.5,18.0,35,75.0,80,70,333.72557471264366,5.700636943,Sep,Sep to May,June to Aug,6265,papaya
Munshiganj,Kharif 2,Pineapple,0,49.88,59.05,50.04,6.74,26.5,18.0,35,75.0,80,70,169.94262295081967,2.518413598,Sep,Sep to May,June to Aug,0,papaya
Mymensingh,Kharif 2,Pineapple,739,49.88,59.05,50.04,6.74,26.5,18.0,35,75.0,80,70,181.08838383838383,8.765899865,Sep,Sep to May,June to Aug,6478,papaya
Naogaon,Kharif 2,Pineapple,0,49.88,59.05,50.04,6.74,26.5,18.0,35,75.0,80,70,124.92,2.518413598,Sep,Sep to May,June to Aug,0,papaya
Narail,Kharif 2,Pineapple,0,49.88,59.05,50.04,6.74,26.5,18.0,35,75.0,80,70,134.2247474747475,2.518413598,Sep,Sep to May,June to Aug,0,papaya
Narayanganj,Kharif 2,Pineapple,12,49.88,59.05,50.04,6.74,26.5,18.0,35,75.0,80,70,169.94262295081967,4.5,Sep,Sep to May,June to Aug,54,papaya
Narsingdi,Kharif 2,Pineapple,273,49.88,59.05,50.04,6.74,26.5,18.0,35,75.0,80,70,169.94262295081967,4.652014652,Sep,Sep to May,June to Aug,1270,papaya
Natore,Kharif 2,Pineapple,0,49.88,59.05,50.04,6.74,26.5,18.0,35,75.0,80,70,124.92,2.518413598,Sep,Sep to May,June to Aug,0,papaya
Netrokona,Kharif 2,Pineapple,34,49.88,59.05,50.04,6.74,26.5,18.0,35,75.0,80,70,181.08838383838383,4.823529412,Sep,Sep to May,June to Aug,164,papaya
Nilphamari,Kharif 2,Pineapple,9,49.88,59.05,50.04,6.74,26.5,18.0,35,75.0,80,70,179.6013888888889,6.222222222,Sep,Sep to May,June to Aug,56,papaya
Noakhali,Kharif 2,Pineapple,23,49.88,59.05,50.04,6.74,26.5,18.0,35,75.0,80,70,185.75631313131316,1.217391304,Sep,Sep to May,June to Aug,28,papaya
Pabna,Kharif 2,Pineapple,0,49.88,59.05,50.04,6.74,26.5,18.0,35,75.0,80,70,124.92,2.518413598,Sep,Sep to May,June to Aug,0,papaya
Panchagar,Kharif 2,Pineapple,17,49.88,59.05,50.04,6.74,26.5,18.0,35,75.0,80,70,154.21843434343435,2.588235294,Sep,Sep to May,June to Aug,44,papaya
Patuakhali,Kharif 2,Pineapple,130,49.88,59.05,50.04,6.74,26.5,18.0,35,75.0,80,70,207.8076923076923,2.569230769,Sep,Sep to May,June to Aug,334,papaya
Pirojpur,Kharif 2,Pineapple,36,49.88,59.05,50.04,6.74,26.5,18.0,35,75.0,80,70,175.42564102564103,2.472222222,Sep,Sep to May,June to Aug,89,papaya
Rajbari,Kharif 2,Pineapple,0,49.88,59.05,50.04,6.74,26.5,18.0,35,75.0,80,70,155.864898989899,2.518413598,Sep,Sep to May,June to Aug,0,papaya
Rajshahi,Kharif 2,Pineapple,0,49.88,59.05,50.04,6.74,26.5,18.0,35,75.0,80,70,124.92,2.518413598,Sep,Sep to May,June to Aug,0,papaya
Rangamati,Kharif 2,Pineapple,3314,49.88,59.05,50.04,6.74,26.5,18.0,35,75.0,80,70,204.11111111111111,7.592033796,Sep,Sep to May,June to Aug,25160,papaya
Rangpur,Kharif 2,Pineapple,46,49.88,59.05,50.04,6.74,26.5,18.0,35,75.0,80,70,179.6013888888889,2.086956522,Sep,Sep to May,June to Aug,96,papaya
Satkhira,Kharif 2,Pineapple,24,49.88,59.05,50.04,6.74,26.5,18.0,35,75.0,80,70,140.35353535353536,2.75,Sep,Sep to May,June to Aug,66,papaya
Shariatpur,Kharif 2,Pineapple,0,49.88,59.05,50.04,6.74,26.5,18.0,35,75.0,80,70,155.864898989899,2.518413598,Sep,Sep to May,June to Aug,0,papaya
Sherpur,Kharif 2,Pineapple,45,49.88,59.05,50.04,6.74,26.5,18.0,35,75.0,80,70,181.08838383838383,5.777777778,Sep,Sep to May,June to Aug,260,papaya
Sirajganj,Kharif 2,Pineapple,0,49.88,59.05,50.04,6.74,26.5,18.0,35,75.0,80,70,142.85416666666666,2.518413598,Sep,Sep to May,June to Aug,0,papaya
Sunamganj,Kharif 2,Pineapple,32,49.88,59.05,50.04,6.74,26.5,18.0,35,75.0,80,70,333.72557471264366,2.75,Sep,Sep to May,June to Aug,88,papaya
Sylhet,Kharif 2,Pineapple,340,49.88,59.05,50.04,6.74,26.5,18.0,35,75.0,80,70,333.72557471264366,3.047058824,Sep,Sep to May,June to Aug,1036,papaya
Tangail,Kharif 2,Pineapple,17992,49.88,59.05,50.04,6.74,26.5,18.0,35,75.0,80,70,153.4104938271605,7.102879057,Sep,Sep to May,June to Aug,127795,papaya
Thakurgaon,Kharif 2,Pineapple,17,49.88,59.05,50.04,6.74,26.5,18.0,35,75.0,80,70,154.21843434343435,2.117647059,Sep,Sep to May,June to Aug,36,papaya
Bagerhat,Kharif 2,Puishak,459,77.76,48.44,19.79,6.25,21.0,12.0,30,70.0,75,65,144.96843434343435,2.851851852,Aug,Sep to Jan,Feb,1309,maize
Bandarban,Kharif 2,Puishak,192,77.76,48.44,19.79,6.25,21.0,12.0,30,70.0,75,65,243.94444444444449,1.671875,Aug,Sep to Jan,Feb,321,maize
Barguna,Kharif 2,Puishak,116,77.76,48.44,19.79,6.25,21.0,12.0,30,70.0,75,65,207.8076923076923,2.422413793,Aug,Sep to Jan,Feb,281,maize
Barishal,Kharif 2,Puishak,681,77.76,48.44,19.79,6.25,21.0,12.0,30,70.0,75,65,175.42564102564103,2.720998532,Aug,Sep to Jan,Feb,1853,maize
Bhola,Kharif 2,Puishak,521,77.76,48.44,19.79,6.25,21.0,12.0,30,70.0,75,65,185.23090277777777,2.775431862,Aug,Sep to Jan,Feb,1446,maize
Bogura,Kharif 2,Puishak,273,77.76,48.44,19.79,6.25,21.0,12.0,30,70.0,75,65,142.85416666666666,3.139194139,Aug,Sep to Jan,Feb,857,maize
Brahmanbaria,Kharif 2,Puishak,626,77.76,48.44,19.79,6.25,21.0,12.0,30,70.0,75,65,185.75631313131316,4.083067093,Aug,Sep to Jan,Feb,2556,maize
Chandpur,Kharif 2,Puishak,268,77.76,48.44,19.79,6.25,21.0,12.0,30,70.0,75,65,168.796875,2.320895522,Aug,Sep to Jan,Feb,622,maize
Chapai Nawabganj,Kharif 2,Puishak,189,77.76,48.44,19.79,6.25,21.0,12.0,30,70.0,75,65,124.92,2.714285714,Aug,Sep to Jan,Feb,513,maize
Chattogram,Kharif 2,Puishak,824,77.76,48.44,19.79,6.25,21.0,12.0,30,70.0,75,65,243.94444444444449,3.858009709,Aug,Sep to Jan,Feb,3179,maize
Chuadanga,Kharif 2,Puishak,751,77.76,48.44,19.79,6.25,21.0,12.0,30,70.0,75,65,129.44444444444446,2.952063915,Aug,Sep to Jan,Feb,2217,maize
CoxsBazar,Kharif 2,Puishak,104,77.76,48.44,19.79,6.25,21.0,12.0,30,70.0,75,65,303.40277777777777,1.961538462,Aug,Sep to Jan,Feb,204,maize
Cumilla,Kharif 2,Puishak,936,77.76,48.44,19.79,6.25,21.0,12.0,30,70.0,75,65,185.75631313131316,3.003205128,Aug,Sep to Jan,Feb,2811,maize
Dhaka,Kharif 2,Puishak,914,77.76,48.44,19.79,6.25,21.0,12.0,30,70.0,75,65,169.94262295081967,2.214442013,Aug,Sep to Jan,Feb,2024,maize
Dinajpur,Kharif 2,Puishak,562,77.76,48.44,19.79,6.25,21.0,12.0,30,70.0,75,65,154.21843434343435,3.224199288,Aug,Sep to Jan,Feb,1812,maize
Faridpur,Kharif 2,Puishak,564,77.76,48.44,19.79,6.25,21.0,12.0,30,70.0,75,65,155.864898989899,2.25177305,Aug,Sep to Jan,Feb,1270,maize
Feni,Kharif 2,Puishak,145,77.76,48.44,19.79,6.25,21.0,12.0,30,70.0,75,65,248.1727642276423,1.875862069,Aug,Sep to Jan,Feb,272,maize
Gaibandha,Kharif 2,Puishak,254,77.76,48.44,19.79,6.25,21.0,12.0,30,70.0,75,65,179.6013888888889,2.035433071,Aug,Sep to Jan,Feb,517,maize
Gazipur,Kharif 2,Puishak,399,77.76,48.44,19.79,6.25,21.0,12.0,30,70.0,75,65,169.94262295081967,2.127819549,Aug,Sep to Jan,Feb,849,maize
Gopalganj,Kharif 2,Puishak,403,77.76,48.44,19.79,6.25,21.0,12.0,30,70.0,75,65,155.864898989899,5.76426799,Aug,Sep to Jan,Feb,2323,maize
Habiganj,Kharif 2,Puishak,109,77.76,48.44,19.79,6.25,21.0,12.0,30,70.0,75,65,333.72557471264366,4.018348624,Aug,Sep to Jan,Feb,438,maize
Jamalpur,Kharif 2,Puishak,415,77.76,48.44,19.79,6.25,21.0,12.0,30,70.0,75,65,181.08838383838383,2.708433735,Aug,Sep to Jan,Feb,1124,maize
Jashore,Kharif 2,Puishak,1063,77.76,48.44,19.79,6.25,21.0,12.0,30,70.0,75,65,134.2247474747475,5.380997178,Aug,Sep to Jan,Feb,5720,maize
Jhallokati,Kharif 2,Puishak,454,77.76,48.44,19.79,6.25,21.0,12.0,30,70.0,75,65,175.42564102564103,2.625550661,Aug,Sep to Jan,Feb,1192,maize
Jhenaidah,Kharif 2,Puishak,742,77.76,48.44,19.79,6.25,21.0,12.0,30,70.0,75,65,134.2247474747475,6.080862534,Aug,Sep to Jan,Feb,4512,maize
Joypurhat,Kharif 2,Puishak,157,77.76,48.44,19.79,6.25,21.0,12.0,30,70.0,75,65,142.85416666666666,4.299363057,Aug,Sep to Jan,Feb,675,maize
Khagrachari,Kharif 2,Puishak,457,77.76,48.44,19.79,6.25,21.0,12.0,30,70.0,75,65,204.11111111111111,1.934354486,Aug,Sep to Jan,Feb,884,maize
Khulna,Kharif 2,Puishak,408,77.76,48.44,19.79,6.25,21.0,12.0,30,70.0,75,65,144.96843434343435,3.600490196,Aug,Sep to Jan,Feb,1469,maize
Kishoreganj,Kharif 2,Puishak,293,77.76,48.44,19.79,6.25,21.0,12.0,30,70.0,75,65,181.08838383838383,3.122866894,Aug,Sep to Jan,Feb,915,maize
Kurigram,Kharif 2,Puishak,180,77.76,48.44,19.79,6.25,21.0,12.0,30,70.0,75,65,179.6013888888889,2.877777778,Aug,Sep to Jan,Feb,518,maize
Kushtia,Kharif 2,Puishak,664,77.76,48.44,19.79,6.25,21.0,12.0,30,70.0,75,65,129.44444444444446,7.682228916,Aug,Sep to Jan,Feb,5101,maize
Lakshmipur,Kharif 2,Puishak,246,77.76,48.44,19.79,6.25,21.0,12.0,30,70.0,75,65,185.75631313131316,1.963414634,Aug,Sep to Jan,Feb,483,maize
Lalmonirhat,Kharif 2,Puishak,275,77.76,48.44,19.79,6.25,21.0,12.0,30,70.0,75,65,179.6013888888889,2.265454545,Aug,Sep to Jan,Feb,623,maize
Madaripur,Kharif 2,Puishak,175,77.76,48.44,19.79,6.25,21.0,12.0,30,70.0,75,65,160.41666666666666,3.508571429,Aug,Sep to Jan,Feb,614,maize
Magura,Kharif 2,Puishak,228,77.76,48.44,19.79,6.25,21.0,12.0,30,70.0,75,65,134.2247474747475,4.938596491,Aug,Sep to Jan,Feb,1126,maize
Manikganj,Kharif 2,Puishak,435,77.76,48.44,19.79,6.25,21.0,12.0,30,70.0,75,65,169.94262295081967,2.834482759,Aug,Sep to Jan,Feb,1233,maize
Meherpur,Kharif 2,Puishak,358,77.76,48.44,19.79,6.25,21.0,12.0,30,70.0,75,65,129.44444444444446,11.09776536,Aug,Sep to Jan,Feb,3973,maize
Moulvibazar,Kharif 2,Puishak,167,77.76,48.44,19.79,6.25,21.0,12.0,30,70.0,75,65,333.72557471264366,2.550898204,Aug,Sep to Jan,Feb,426,maize
Munshiganj,Kharif 2,Puishak,393,77.76,48.44,19.79,6.25,21.0,12.0,30,70.0,75,65,169.94262295081967,1.590330789,Aug,Sep to Jan,Feb,625,maize
Mymensingh,Kharif 2,Puishak,991,77.76,48.44,19.79,6.25,21.0,12.0,30,70.0,75,65,181.08838383838383,3.144298688,Aug,Sep to Jan,Feb,3116,maize
Naogaon,Kharif 2,Puishak,366,77.76,48.44,19.79,6.25,21.0,12.0,30,70.0,75,65,124.92,4.265027322,Aug,Sep to Jan,Feb,1561,maize
Narail,Kharif 2,Puishak,309,77.76,48.44,19.79,6.25,21.0,12.0,30,70.0,75,65,134.2247474747475,6.368932039,Aug,Sep to Jan,Feb,1968,maize
Narayanganj,Kharif 2,Puishak,679,77.76,48.44,19.79,6.25,21.0,12.0,30,70.0,75,65,169.94262295081967,2.459499264,Aug,Sep to Jan,Feb,1670,maize
Narsingdi,Kharif 2,Puishak,177,77.76,48.44,19.79,6.25,21.0,12.0,30,70.0,75,65,169.94262295081967,2.971751412,Aug,Sep to Jan,Feb,526,maize
Natore,Kharif 2,Puishak,343,77.76,48.44,19.79,6.25,21.0,12.0,30,70.0,75,65,124.92,3.903790087,Aug,Sep to Jan,Feb,1339,maize
Netrokona,Kharif 2,Puishak,243,77.76,48.44,19.79,6.25,21.0,12.0,30,70.0,75,65,181.08838383838383,4.905349794,Aug,Sep to Jan,Feb,1192,maize
Nilphamari,Kharif 2,Puishak,312,77.76,48.44,19.79,6.25,21.0,12.0,30,70.0,75,65,179.6013888888889,3.871794872,Aug,Sep to Jan,Feb,1208,maize
Noakhali,Kharif 2,Puishak,474,77.76,48.44,19.79,6.25,21.0,12.0,30,70.0,75,65,185.75631313131316,1.305907173,Aug,Sep to Jan,Feb,619,maize
Pabna,Kharif 2,Puishak,844,77.76,48.44,19.79,6.25,21.0,12.0,30,70.0,75,65,124.92,4.356635071,Aug,Sep to Jan,Feb,3677,maize
Panchagar,Kharif 2,Puishak,311,77.76,48.44,19.79,6.25,21.0,12.0,30,70.0,75,65,154.21843434343435,2.610932476,Aug,Sep to Jan,Feb,812,maize
Patuakhali,Kharif 2,Puishak,166,77.76,48.44,19.79,6.25,21.0,12.0,30,70.0,75,65,207.8076923076923,2.530120482,Aug,Sep to Jan,Feb,420,maize
Pirojpur,Kharif 2,Puishak,268,77.76,48.44,19.79,6.25,21.0,12.0,30,70.0,75,65,175.42564102564103,2.182835821,Aug,Sep to Jan,Feb,585,maize
Rajbari,Kharif 2,Puishak,577,77.76,48.44,19.79,6.25,21.0,12.0,30,70.0,75,65,155.864898989899,6.405545927,Aug,Sep to Jan,Feb,3696,maize
Rajshahi,Kharif 2,Puishak,682,77.76,48.44,19.79,6.25,21.0,12.0,30,70.0,75,65,124.92,4.54398827,Aug,Sep to Jan,Feb,3099,maize
Rangamati,Kharif 2,Puishak,466,77.76,48.44,19.79,6.25,21.0,12.0,30,70.0,75,65,204.11111111111111,1.673819742,Aug,Sep to Jan,Feb,780,maize
Rangpur,Kharif 2,Puishak,418,77.76,48.44,19.79,6.25,21.0,12.0,30,70.0,75,65,179.6013888888889,2.227272727,Aug,Sep to Jan,Feb,931,maize
Satkhira,Kharif 2,Puishak,861,77.76,48.44,19.79,6.25,21.0,12.0,30,70.0,75,65,140.35353535353536,4.178861789,Aug,Sep to Jan,Feb,3598,maize
Shariatpur,Kharif 2,Puishak,239,77.76,48.44,19.79,6.25,21.0,12.0,30,70.0,75,65,155.864898989899,4.041841004,Aug,Sep to Jan,Feb,966,maize
Sherpur,Kharif 2,Puishak,367,77.76,48.44,19.79,6.25,21.0,12.0,30,70.0,75,65,181.08838383838383,4.081743869,Aug,Sep to Jan,Feb,1498,maize
Sirajganj,Kharif 2,Puishak,270,77.76,48.44,19.79,6.25,21.0,12.0,30,70.0,75,65,142.85416666666666,5.47037037,Aug,Sep to Jan,Feb,1477,maize
Sunamganj,Kharif 2,Puishak,166,77.76,48.44,19.79,6.25,21.0,12.0,30,70.0,75,65,333.72557471264366,3.36746988,Aug,Sep to Jan,Feb,559,maize
Sylhet,Kharif 2,Puishak,115,77.76,48.44,19.79,6.25,21.0,12.0,30,70.0,75,65,333.72557471264366,1.634782609,Aug,Sep to Jan,Feb,188,maize
Tangail,Kharif 2,Puishak,914,77.76,48.44,19.79,6.25,21.0,12.0,30,70.0,75,65,153.4104938271605,2.915754923,Aug,Sep to Jan,Feb,2665,maize
Thakurgaon,Kharif 2,Puishak,318,77.76,48.44,19.79,6.25,21.0,12.0,30,70.0,75,65,154.21843434343435,3.022012579,Aug,Sep to Jan,Feb,961,maize
Bagerhat,Rabi,Pumpkin,565,99.42,17.0,50.22,6.5,20.0,15.0,25,60.0,70,50,144.96843434343435,3.408849558,Sep,Oct to Nov,Nov to Feb,1926,watermelon
Bandarban,Rabi,Pumpkin,356,99.42,17.0,50.22,6.5,20.0,15.0,25,60.0,70,50,243.94444444444449,2.629213483,Sep,Oct to Nov,Nov to Feb,936,watermelon
Barguna,Rabi,Pumpkin,224,99.42,17.0,50.22,6.5,20.0,15.0,25,60.0,70,50,207.8076923076923,3.053571429,Sep,Oct to Nov,Nov to Feb,684,watermelon
Barishal,Rabi,Pumpkin,761,99.42,17.0,50.22,6.5,20.0,15.0,25,60.0,70,50,175.42564102564103,3.494086728,Sep,Oct to Nov,Nov to Feb,2659,watermelon
Bhola,Rabi,Pumpkin,513,99.42,17.0,50.22,6.5,20.0,15.0,25,60.0,70,50,185.23090277777777,6.966861598,Sep,Oct to Nov,Nov to Feb,3574,watermelon
Bogura,Rabi,Pumpkin,697,99.42,17.0,50.22,6.5,20.0,15.0,25,60.0,70,50,142.85416666666666,3.901004304,Sep,Oct to Nov,Nov to Feb,2719,watermelon
Brahmanbaria,Rabi,Pumpkin,415,99.42,17.0,50.22,6.5,20.0,15.0,25,60.0,70,50,185.75631313131316,3.122891566,Sep,Oct to Nov,Nov to Feb,1296,watermelon
Chandpur,Rabi,Pumpkin,684,99.42,17.0,50.22,6.5,20.0,15.0,25,60.0,70,50,168.796875,4.875730994,Sep,Oct to Nov,Nov to Feb,3335,watermelon
Chapai Nawabganj,Rabi,Pumpkin,346,99.42,17.0,50.22,6.5,20.0,15.0,25,60.0,70,50,124.92,3.315028902,Sep,Oct to Nov,Nov to Feb,1147,watermelon
Chattogram,Rabi,Pumpkin,2067,99.42,17.0,50.22,6.5,20.0,15.0,25,60.0,70,50,243.94444444444449,4.892114175,Sep,Oct to Nov,Nov to Feb,10112,watermelon
Chuadanga,Rabi,Pumpkin,1788,99.42,17.0,50.22,6.5,20.0,15.0,25,60.0,70,50,129.44444444444446,6.016778523,Sep,Oct to Nov,Nov to Feb,10758,watermelon
CoxsBazar,Rabi,Pumpkin,218,99.42,17.0,50.22,6.5,20.0,15.0,25,60.0,70,50,303.40277777777777,4.775229358,Sep,Oct to Nov,Nov to Feb,1041,watermelon
Cumilla,Rabi,Pumpkin,2089,99.42,17.0,50.22,6.5,20.0,15.0,25,60.0,70,50,185.75631313131316,4.973192915,Sep,Oct to Nov,Nov to Feb,10389,watermelon
Dhaka,Rabi,Pumpkin,855,99.42,17.0,50.22,6.5,20.0,15.0,25,60.0,70,50,169.94262295081967,8.022222222,Sep,Oct to Nov,Nov to Feb,6859,watermelon
Dinajpur,Rabi,Pumpkin,614,99.42,17.0,50.22,6.5,20.0,15.0,25,60.0,70,50,154.21843434343435,3.892508143,Sep,Oct to Nov,Nov to Feb,2390,watermelon
Faridpur,Rabi,Pumpkin,466,99.42,17.0,50.22,6.5,20.0,15.0,25,60.0,70,50,155.864898989899,3.379828326,Sep,Oct to Nov,Nov to Feb,1575,watermelon
Feni,Rabi,Pumpkin,459,99.42,17.0,50.22,6.5,20.0,15.0,25,60.0,70,50,248.1727642276423,2.488017429,Sep,Oct to Nov,Nov to Feb,1142,watermelon
Gaibandha,Rabi,Pumpkin,575,99.42,17.0,50.22,6.5,20.0,15.0,25,60.0,70,50,179.6013888888889,3.56,Sep,Oct to Nov,Nov to Feb,2047,watermelon
Gazipur,Rabi,Pumpkin,355,99.42,17.0,50.22,6.5,20.0,15.0,25,60.0,70,50,169.94262295081967,2.363380282,Sep,Oct to Nov,Nov to Feb,839,watermelon
Gopalganj,Rabi,Pumpkin,793,99.42,17.0,50.22,6.5,20.0,15.0,25,60.0,70,50,155.864898989899,5.253467844,Sep,Oct to Nov,Nov to Feb,4166,watermelon
Habiganj,Rabi,Pumpkin,373,99.42,17.0,50.22,6.5,20.0,15.0,25,60.0,70,50,333.72557471264366,5.016085791,Sep,Oct to Nov,Nov to Feb,1871,watermelon
Jamalpur,Rabi,Pumpkin,925,99.42,17.0,50.22,6.5,20.0,15.0,25,60.0,70,50,181.08838383838383,4.0,Sep,Oct to Nov,Nov to Feb,3700,watermelon
Jashore,Rabi,Pumpkin,1652,99.42,17.0,50.22,6.5,20.0,15.0,25,60.0,70,50,134.2247474747475,6.137409201,Sep,Oct to Nov,Nov to Feb,10139,watermelon
Jhallokati,Rabi,Pumpkin,509,99.42,17.0,50.22,6.5,20.0,15.0,25,60.0,70,50,175.42564102564103,6.243614931,Sep,Oct to Nov,Nov to Feb,3178,watermelon
Jhenaidah,Rabi,Pumpkin,1185,99.42,17.0,50.22,6.5,20.0,15.0,25,60.0,70,50,134.2247474747475,5.974683544,Sep,Oct to Nov,Nov to Feb,7080,watermelon
Joypurhat,Rabi,Pumpkin,252,99.42,17.0,50.22,6.5,20.0,15.0,25,60.0,70,50,142.85416666666666,4.817460317,Sep,Oct to Nov,Nov to Feb,1214,watermelon
Khagrachari,Rabi,Pumpkin,811,99.42,17.0,50.22,6.5,20.0,15.0,25,60.0,70,50,204.11111111111111,3.532675709,Sep,Oct to Nov,Nov to Feb,2865,watermelon
Khulna,Rabi,Pumpkin,732,99.42,17.0,50.22,6.5,20.0,15.0,25,60.0,70,50,144.96843434343435,3.023224044,Sep,Oct to Nov,Nov to Feb,2213,watermelon
Kishoreganj,Rabi,Pumpkin,768,99.42,17.0,50.22,6.5,20.0,15.0,25,60.0,70,50,181.08838383838383,6.764322917,Sep,Oct to Nov,Nov to Feb,5195,watermelon
Kurigram,Rabi,Pumpkin,480,99.42,17.0,50.22,6.5,20.0,15.0,25,60.0,70,50,179.6013888888889,4.602083333,Sep,Oct to Nov,Nov to Feb,2209,watermelon
Kushtia,Rabi,Pumpkin,710,99.42,17.0,50.22,6.5,20.0,15.0,25,60.0,70,50,129.44444444444446,7.438028169,Sep,Oct to Nov,Nov to Feb,5281,watermelon
Lakshmipur,Rabi,Pumpkin,935,99.42,17.0,50.22,6.5,20.0,15.0,25,60.0,70,50,185.75631313131316,2.231016043,Sep,Oct to Nov,Nov to Feb,2086,watermelon
Lalmonirhat,Rabi,Pumpkin,279,99.42,17.0,50.22,6.5,20.0,15.0,25,60.0,70,50,179.6013888888889,3.064516129,Sep,Oct to Nov,Nov to Feb,855,watermelon
Madaripur,Rabi,Pumpkin,547,99.42,17.0,50.22,6.5,20.0,15.0,25,60.0,70,50,160.41666666666666,4.736745887,Sep,Oct to Nov,Nov to Feb,2591,watermelon
Magura,Rabi,Pumpkin,253,99.42,17.0,50.22,6.5,20.0,15.0,25,60.0,70,50,134.2247474747475,5.4743083,Sep,Oct to Nov,Nov to Feb,1385,watermelon
Manikganj,Rabi,Pumpkin,835,99.42,17.0,50.22,6.5,20.0,15.0,25,60.0,70,50,169.94262295081967,7.141317365,Sep,Oct to Nov,Nov to Feb,5963,watermelon
Meherpur,Rabi,Pumpkin,183,99.42,17.0,50.22,6.5,20.0,15.0,25,60.0,70,50,129.44444444444446,8.371584699,Sep,Oct to Nov,Nov to Feb,1532,watermelon
Moulvibazar,Rabi,Pumpkin,470,99.42,17.0,50.22,6.5,20.0,15.0,25,60.0,70,50,333.72557471264366,4.9,Sep,Oct to Nov,Nov to Feb,2303,watermelon
Munshiganj,Rabi,Pumpkin,470,99.42,17.0,50.22,6.5,20.0,15.0,25,60.0,70,50,169.94262295081967,5.582978723,Sep,Oct to Nov,Nov to Feb,2624,watermelon
Mymensingh,Rabi,Pumpkin,871,99.42,17.0,50.22,6.5,20.0,15.0,25,60.0,70,50,181.08838383838383,7.977037887,Sep,Oct to Nov,Nov to Feb,6948,watermelon
Naogaon,Rabi,Pumpkin,525,99.42,17.0,50.22,6.5,20.0,15.0,25,60.0,70,50,124.92,4.036190476,Sep,Oct to Nov,Nov to Feb,2119,watermelon
Narail,Rabi,Pumpkin,359,99.42,17.0,50.22,6.5,20.0,15.0,25,60.0,70,50,134.2247474747475,5.161559889,Sep,Oct to Nov,Nov to Feb,1853,watermelon
Narayanganj,Rabi,Pumpkin,325,99.42,17.0,50.22,6.5,20.0,15.0,25,60.0,70,50,169.94262295081967,4.532307692,Sep,Oct to Nov,Nov to Feb,1473,watermelon
Narsingdi,Rabi,Pumpkin,417,99.42,17.0,50.22,6.5,20.0,15.0,25,60.0,70,50,169.94262295081967,3.997601918,Sep,Oct to Nov,Nov to Feb,1667,watermelon
Natore,Rabi,Pumpkin,481,99.42,17.0,50.22,6.5,20.0,15.0,25,60.0,70,50,124.92,3.276507277,Sep,Oct to Nov,Nov to Feb,1576,watermelon
Netrokona,Rabi,Pumpkin,444,99.42,17.0,50.22,6.5,20.0,15.0,25,60.0,70,50,181.08838383838383,6.578828829,Sep,Oct to Nov,Nov to Feb,2921,watermelon
Nilphamari,Rabi,Pumpkin,623,99.42,17.0,50.22,6.5,20.0,15.0,25,60.0,70,50,179.6013888888889,5.974317817,Sep,Oct to Nov,Nov to Feb,3722,watermelon
Noakhali,Rabi,Pumpkin,1258,99.42,17.0,50.22,6.5,20.0,15.0,25,60.0,70,50,185.75631313131316,4.392686804,Sep,Oct to Nov,Nov to Feb,5526,watermelon
Pabna,Rabi,Pumpkin,647,99.42,17.0,50.22,6.5,20.0,15.0,25,60.0,70,50,124.92,3.72488408,Sep,Oct to Nov,Nov to Feb,2410,watermelon
Panchagar,Rabi,Pumpkin,334,99.42,17.0,50.22,6.5,20.0,15.0,25,60.0,70,50,154.21843434343435,6.796407186,Sep,Oct to Nov,Nov to Feb,2270,watermelon
Patuakhali,Rabi,Pumpkin,310,99.42,17.0,50.22,6.5,20.0,15.0,25,60.0,70,50,207.8076923076923,3.958064516,Sep,Oct to Nov,Nov to Feb,1227,watermelon
Pirojpur,Rabi,Pumpkin,681,99.42,17.0,50.22,6.5,20.0,15.0,25,60.0,70,50,175.42564102564103,2.881057269,Sep,Oct to Nov,Nov to Feb,1962,watermelon
Rajbari,Rabi,Pumpkin,569,99.42,17.0,50.22,6.5,20.0,15.0,25,60.0,70,50,155.864898989899,4.725834798,Sep,Oct to Nov,Nov to Feb,2689,watermelon
Rajshahi,Rabi,Pumpkin,1112,99.42,17.0,50.22,6.5,20.0,15.0,25,60.0,70,50,124.92,7.850719424,Sep,Oct to Nov,Nov to Feb,8730,watermelon
Rangamati,Rabi,Pumpkin,635,99.42,17.0,50.22,6.5,20.0,15.0,25,60.0,70,50,204.11111111111111,2.759055118,Sep,Oct to Nov,Nov to Feb,1752,watermelon
Rangpur,Rabi,Pumpkin,914,99.42,17.0,50.22,6.5,20.0,15.0,25,60.0,70,50,179.6013888888889,4.479212254,Sep,Oct to Nov,Nov to Feb,4094,watermelon
Satkhira,Rabi,Pumpkin,835,99.42,17.0,50.22,6.5,20.0,15.0,25,60.0,70,50,140.35353535353536,5.361676647,Sep,Oct to Nov,Nov to Feb,4477,watermelon
Shariatpur,Rabi,Pumpkin,361,99.42,17.0,50.22,6.5,20.0,15.0,25,60.0,70,50,155.864898989899,8.739612188,Sep,Oct to Nov,Nov to Feb,3155,watermelon
Sherpur,Rabi,Pumpkin,284,99.42,17.0,50.22,6.5,20.0,15.0,25,60.0,70,50,181.08838383838383,5.144366197,Sep,Oct to Nov,Nov to Feb,1461,watermelon
Sirajganj,Rabi,Pumpkin,506,99.42,17.0,50.22,6.5,20.0,15.0,25,60.0,70,50,142.85416666666666,3.903162055,Sep,Oct to Nov,Nov to Feb,1975,watermelon
Sunamganj,Rabi,Pumpkin,633,99.42,17.0,50.22,6.5,20.0,15.0,25,60.0,70,50,333.72557471264366,4.823064771,Sep,Oct to Nov,Nov to Feb,3053,watermelon
Sylhet,Rabi,Pumpkin,1437,99.42,17.0,50.22,6.5,20.0,15.0,25,60.0,70,50,333.72557471264366,3.288100209,Sep,Oct to Nov,Nov to Feb,4725,watermelon
Tangail,Rabi,Pumpkin,1288,99.42,17.0,50.22,6.5,20.0,15.0,25,60.0,70,50,153.4104938271605,5.22826087,Sep,Oct to Nov,Nov to Feb,6734,watermelon
Thakurgaon,Rabi,Pumpkin,817,99.42,17.0,50.22,6.5,20.0,15.0,25,60.0,70,50,154.21843434343435,3.793145655,Sep,Oct to Nov,Nov to Feb,3099,watermelon
Bagerhat,Kharif 2,Radish,721,77.76,48.44,19.79,6.25,16.0,10.0,22,85.0,95,75,144.96843434343435,5.140083218,Oct,Nov to Feb,March,3706,maize
Bandarban,Kharif 2,Radish,665,77.76,48.44,19.79,6.25,16.0,10.0,22,85.0,95,75,243.94444444444449,3.076691729,Oct,Nov to Feb,March,2046,maize
Barguna,Kharif 2,Radish,340,77.76,48.44,19.79,6.25,16.0,10.0,22,85.0,95,75,207.8076923076923,4.791176471,Oct,Nov to Feb,March,1629,maize
Barishal,Kharif 2,Radish,827,77.76,48.44,19.79,6.25,16.0,10.0,22,85.0,95,75,175.42564102564103,2.828295042,Oct,Nov to Feb,March,2339,maize
Bhola,Kharif 2,Radish,780,77.76,48.44,19.79,6.25,16.0,10.0,22,85.0,95,75,185.23090277777777,2.925641026,Oct,Nov to Feb,March,2282,maize
Bogura,Kharif 2,Radish,2447,77.76,48.44,19.79,6.25,16.0,10.0,22,85.0,95,75,142.85416666666666,4.17041275,Oct,Nov to Feb,March,10205,maize
Brahmanbaria,Kharif 2,Radish,1067,77.76,48.44,19.79,6.25,16.0,10.0,22,85.0,95,75,185.75631313131316,6.321462043,Oct,Nov to Feb,March,6745,maize
Chandpur,Kharif 2,Radish,970,77.76,48.44,19.79,6.25,16.0,10.0,22,85.0,95,75,168.796875,5.543298969,Oct,Nov to Feb,March,5377,maize
Chapai Nawabganj,Kharif 2,Radish,408,77.76,48.44,19.79,6.25,16.0,10.0,22,85.0,95,75,124.92,3.495098039,Oct,Nov to Feb,March,1426,maize
Chattogram,Kharif 2,Radish,2892,77.76,48.44,19.79,6.25,16.0,10.0,22,85.0,95,75,243.94444444444449,4.860650069,Oct,Nov to Feb,March,14057,maize
Chuadanga,Kharif 2,Radish,1057,77.76,48.44,19.79,6.25,16.0,10.0,22,85.0,95,75,129.44444444444446,4.153263955,Oct,Nov to Feb,March,4390,maize
CoxsBazar,Kharif 2,Radish,822,77.76,48.44,19.79,6.25,16.0,10.0,22,85.0,95,75,303.40277777777777,5.307785888,Oct,Nov to Feb,March,4363,maize
Cumilla,Kharif 2,Radish,1365,77.76,48.44,19.79,6.25,16.0,10.0,22,85.0,95,75,185.75631313131316,4.973626374,Oct,Nov to Feb,March,6789,maize
Dhaka,Kharif 2,Radish,1059,77.76,48.44,19.79,6.25,16.0,10.0,22,85.0,95,75,169.94262295081967,7.805476865,Oct,Nov to Feb,March,8266,maize
Dinajpur,Kharif 2,Radish,1331,77.76,48.44,19.79,6.25,16.0,10.0,22,85.0,95,75,154.21843434343435,3.336589031,Oct,Nov to Feb,March,4441,maize
Faridpur,Kharif 2,Radish,598,77.76,48.44,19.79,6.25,16.0,10.0,22,85.0,95,75,155.864898989899,4.60367893,Oct,Nov to Feb,March,2753,maize
Feni,Kharif 2,Radish,432,77.76,48.44,19.79,6.25,16.0,10.0,22,85.0,95,75,248.1727642276423,3.046296296,Oct,Nov to Feb,March,1316,maize
Gaibandha,Kharif 2,Radish,802,77.76,48.44,19.79,6.25,16.0,10.0,22,85.0,95,75,179.6013888888889,3.961346633,Oct,Nov to Feb,March,3177,maize
Gazipur,Kharif 2,Radish,898,77.76,48.44,19.79,6.25,16.0,10.0,22,85.0,95,75,169.94262295081967,4.334075724,Oct,Nov to Feb,March,3892,maize
Gopalganj,Kharif 2,Radish,386,77.76,48.44,19.79,6.25,16.0,10.0,22,85.0,95,75,155.864898989899,5.89119171,Oct,Nov to Feb,March,2274,maize
Habiganj,Kharif 2,Radish,1037,77.76,48.44,19.79,6.25,16.0,10.0,22,85.0,95,75,333.72557471264366,7.462873674,Oct,Nov to Feb,March,7739,maize
Jamalpur,Kharif 2,Radish,2379,77.76,48.44,19.79,6.25,16.0,10.0,22,85.0,95,75,181.08838383838383,4.088272383,Oct,Nov to Feb,March,9726,maize
Jashore,Kharif 2,Radish,1998,77.76,48.44,19.79,6.25,16.0,10.0,22,85.0,95,75,134.2247474747475,4.068568569,Oct,Nov to Feb,March,8129,maize
Jhallokati,Kharif 2,Radish,274,77.76,48.44,19.79,6.25,16.0,10.0,22,85.0,95,75,175.42564102564103,1.733576642,Oct,Nov to Feb,March,475,maize
Jhenaidah,Kharif 2,Radish,1313,77.76,48.44,19.79,6.25,16.0,10.0,22,85.0,95,75,134.2247474747475,5.04950495,Oct,Nov to Feb,March,6630,maize
Joypurhat,Kharif 2,Radish,504,77.76,48.44,19.79,6.25,16.0,10.0,22,85.0,95,75,142.85416666666666,4.607142857,Oct,Nov to Feb,March,2322,maize
Khagrachari,Kharif 2,Radish,1570,77.76,48.44,19.79,6.25,16.0,10.0,22,85.0,95,75,204.11111111111111,3.065605096,Oct,Nov to Feb,March,4813,maize
Khulna,Kharif 2,Radish,519,77.76,48.44,19.79,6.25,16.0,10.0,22,85.0,95,75,144.96843434343435,3.759152216,Oct,Nov to Feb,March,1951,maize
Kishoreganj,Kharif 2,Radish,1204,77.76,48.44,19.79,6.25,16.0,10.0,22,85.0,95,75,181.08838383838383,5.664451827,Oct,Nov to Feb,March,6820,maize
Kurigram,Kharif 2,Radish,1103,77.76,48.44,19.79,6.25,16.0,10.0,22,85.0,95,75,179.6013888888889,4.192203083,Oct,Nov to Feb,March,4624,maize
Kushtia,Kharif 2,Radish,1002,77.76,48.44,19.79,6.25,16.0,10.0,22,85.0,95,75,129.44444444444446,6.052894212,Oct,Nov to Feb,March,6065,maize
Lakshmipur,Kharif 2,Radish,751,77.76,48.44,19.79,6.25,16.0,10.0,22,85.0,95,75,185.75631313131316,2.507323569,Oct,Nov to Feb,March,1883,maize
Lalmonirhat,Kharif 2,Radish,685,77.76,48.44,19.79,6.25,16.0,10.0,22,85.0,95,75,179.6013888888889,4.386861314,Oct,Nov to Feb,March,3005,maize
Madaripur,Kharif 2,Radish,410,77.76,48.44,19.79,6.25,16.0,10.0,22,85.0,95,75,160.41666666666666,7.382926829,Oct,Nov to Feb,March,3027,maize
Magura,Kharif 2,Radish,400,77.76,48.44,19.79,6.25,16.0,10.0,22,85.0,95,75,134.2247474747475,3.965,Oct,Nov to Feb,March,1586,maize
Manikganj,Kharif 2,Radish,978,77.76,48.44,19.79,6.25,16.0,10.0,22,85.0,95,75,169.94262295081967,5.738241309,Oct,Nov to Feb,March,5612,maize
Meherpur,Kharif 2,Radish,367,77.76,48.44,19.79,6.25,16.0,10.0,22,85.0,95,75,129.44444444444446,4.741144414,Oct,Nov to Feb,March,1740,maize
Moulvibazar,Kharif 2,Radish,765,77.76,48.44,19.79,6.25,16.0,10.0,22,85.0,95,75,333.72557471264366,5.769934641,Oct,Nov to Feb,March,4414,maize
Munshiganj,Kharif 2,Radish,468,77.76,48.44,19.79,6.25,16.0,10.0,22,85.0,95,75,169.94262295081967,5.241452991,Oct,Nov to Feb,March,2453,maize
Mymensingh,Kharif 2,Radish,2619,77.76,48.44,19.79,6.25,16.0,10.0,22,85.0,95,75,181.08838383838383,4.974417717,Oct,Nov to Feb,March,13028,maize
Naogaon,Kharif 2,Radish,1180,77.76,48.44,19.79,6.25,16.0,10.0,22,85.0,95,75,124.92,7.109322034,Oct,Nov to Feb,March,8389,maize
Narail,Kharif 2,Radish,363,77.76,48.44,19.79,6.25,16.0,10.0,22,85.0,95,75,134.2247474747475,3.845730028,Oct,Nov to Feb,March,1396,maize
Narayanganj,Kharif 2,Radish,387,77.76,48.44,19.79,6.25,16.0,10.0,22,85.0,95,75,169.94262295081967,3.560723514,Oct,Nov to Feb,March,1378,maize
Narsingdi,Kharif 2,Radish,804,77.76,48.44,19.79,6.25,16.0,10.0,22,85.0,95,75,169.94262295081967,4.074626866,Oct,Nov to Feb,March,3276,maize
Natore,Kharif 2,Radish,804,77.76,48.44,19.79,6.25,16.0,10.0,22,85.0,95,75,124.92,3.843283582,Oct,Nov to Feb,March,3090,maize
Netrokona,Kharif 2,Radish,875,77.76,48.44,19.79,6.25,16.0,10.0,22,85.0,95,75,181.08838383838383,2.819428571,Oct,Nov to Feb,March,2467,maize
Nilphamari,Kharif 2,Radish,1498,77.76,48.44,19.79,6.25,16.0,10.0,22,85.0,95,75,179.6013888888889,4.615487316,Oct,Nov to Feb,March,6914,maize
Noakhali,Kharif 2,Radish,1198,77.76,48.44,19.79,6.25,16.0,10.0,22,85.0,95,75,185.75631313131316,3.569282137,Oct,Nov to Feb,March,4276,maize
Pabna,Kharif 2,Radish,1440,77.76,48.44,19.79,6.25,16.0,10.0,22,85.0,95,75,124.92,4.2125,Oct,Nov to Feb,March,6066,maize
Panchagar,Kharif 2,Radish,1716,77.76,48.44,19.79,6.25,16.0,10.0,22,85.0,95,75,154.21843434343435,6.973193473,Oct,Nov to Feb,March,11966,maize
Patuakhali,Kharif 2,Radish,216,77.76,48.44,19.79,6.25,16.0,10.0,22,85.0,95,75,207.8076923076923,1.518518519,Oct,Nov to Feb,March,328,maize
Pirojpur,Kharif 2,Radish,306,77.76,48.44,19.79,6.25,16.0,10.0,22,85.0,95,75,175.42564102564103,3.751633987,Oct,Nov to Feb,March,1148,maize
Rajbari,Kharif 2,Radish,1132,77.76,48.44,19.79,6.25,16.0,10.0,22,85.0,95,75,155.864898989899,4.149293286,Oct,Nov to Feb,March,4697,maize
Rajshahi,Kharif 2,Radish,2223,77.76,48.44,19.79,6.25,16.0,10.0,22,85.0,95,75,124.92,6.426900585,Oct,Nov to Feb,March,14287,maize
Rangamati,Kharif 2,Radish,986,77.76,48.44,19.79,6.25,16.0,10.0,22,85.0,95,75,204.11111111111111,4.004056795,Oct,Nov to Feb,March,3948,maize
Rangpur,Kharif 2,Radish,1128,77.76,48.44,19.79,6.25,16.0,10.0,22,85.0,95,75,179.6013888888889,3.27748227,Oct,Nov to Feb,March,3697,maize
Satkhira,Kharif 2,Radish,500,77.76,48.44,19.79,6.25,16.0,10.0,22,85.0,95,75,140.35353535353536,4.258,Oct,Nov to Feb,March,2129,maize
Shariatpur,Kharif 2,Radish,386,77.76,48.44,19.79,6.25,16.0,10.0,22,85.0,95,75,155.864898989899,7.738341969,Oct,Nov to Feb,March,2987,maize
Sherpur,Kharif 2,Radish,1541,77.76,48.44,19.79,6.25,16.0,10.0,22,85.0,95,75,181.08838383838383,6.429591175,Oct,Nov to Feb,March,9908,maize
Sirajganj,Kharif 2,Radish,1319,77.76,48.44,19.79,6.25,16.0,10.0,22,85.0,95,75,142.85416666666666,5.893858984,Oct,Nov to Feb,March,7774,maize
Sunamganj,Kharif 2,Radish,1028,77.76,48.44,19.79,6.25,16.0,10.0,22,85.0,95,75,333.72557471264366,5.173151751,Oct,Nov to Feb,March,5318,maize
Sylhet,Kharif 2,Radish,2389,77.76,48.44,19.79,6.25,16.0,10.0,22,85.0,95,75,333.72557471264366,3.337798242,Oct,Nov to Feb,March,7974,maize
Tangail,Kharif 2,Radish,2718,77.76,48.44,19.79,6.25,16.0,10.0,22,85.0,95,75,153.4104938271605,4.658940397,Oct,Nov to Feb,March,12663,maize
Thakurgaon,Kharif 2,Radish,886,77.76,48.44,19.79,6.25,16.0,10.0,22,85.0,95,75,154.21843434343435,2.269751693,Oct,Nov to Feb,March,2011,maize
Bagerhat,Kharif 2,Rape & Mustard,1465,117.77,46.24,19.56,6.91,22.5,15.0,30,75.0,85,65,144.96843434343435,0.2546075085,Oct,Nov to Feb,Feb to April,373,cotton
Bandarban,Kharif 2,Rape & Mustard,325,117.77,46.24,19.56,6.91,22.5,15.0,30,75.0,85,65,243.94444444444449,0.2676923077,Oct,Nov to Feb,Feb to April,87,cotton
Barguna,Kharif 2,Rape & Mustard,91,117.77,46.24,19.56,6.91,22.5,15.0,30,75.0,85,65,207.8076923076923,0.6043956044,Oct,Nov to Feb,Feb to April,55,cotton
Barishal,Kharif 2,Rape & Mustard,2026,117.77,46.24,19.56,6.91,22.5,15.0,30,75.0,85,65,175.42564102564103,0.5113524186,Oct,Nov to Feb,Feb to April,1036,cotton
Bhola,Kharif 2,Rape & Mustard,2129,117.77,46.24,19.56,6.91,22.5,15.0,30,75.0,85,65,185.23090277777777,0.5213715359,Oct,Nov to Feb,Feb to April,1110,cotton
Bogura,Kharif 2,Rape & Mustard,42687,117.77,46.24,19.56,6.91,22.5,15.0,30,75.0,85,65,142.85416666666666,0.5436081243,Oct,Nov to Feb,Feb to April,23205,cotton
Brahmanbaria,Kharif 2,Rape & Mustard,28980,117.77,46.24,19.56,6.91,22.5,15.0,30,75.0,85,65,185.75631313131316,0.459489303,Oct,Nov to Feb,Feb to April,13316,cotton
Chandpur,Kharif 2,Rape & Mustard,3856,117.77,46.24,19.56,6.91,22.5,15.0,30,75.0,85,65,168.796875,0.4398340249,Oct,Nov to Feb,Feb to April,1696,cotton
Chapai Nawabganj,Kharif 2,Rape & Mustard,24786,117.77,46.24,19.56,6.91,22.5,15.0,30,75.0,85,65,124.92,0.3568950214,Oct,Nov to Feb,Feb to April,8846,cotton
Chattogram,Kharif 2,Rape & Mustard,1034,117.77,46.24,19.56,6.91,22.5,15.0,30,75.0,85,65,243.94444444444449,0.332688588,Oct,Nov to Feb,Feb to April,344,cotton
Chuadanga,Kharif 2,Rape & Mustard,4295,117.77,46.24,19.56,6.91,22.5,15.0,30,75.0,85,65,129.44444444444446,0.6356228172,Oct,Nov to Feb,Feb to April,2730,cotton
CoxsBazar,Kharif 2,Rape & Mustard,0,117.77,46.24,19.56,6.91,22.5,15.0,30,75.0,85,65,303.40277777777777,2.518413598,Oct,Nov to Feb,Feb to April,0,cotton
Cumilla,Kharif 2,Rape & Mustard,7590,117.77,46.24,19.56,6.91,22.5,15.0,30,75.0,85,65,185.75631313131316,0.4670619236,Oct,Nov to Feb,Feb to April,3545,cotton
Dhaka,Kharif 2,Rape & Mustard,26402,117.77,46.24,19.56,6.91,22.5,15.0,30,75.0,85,65,169.94262295081967,0.4844329975,Oct,Nov to Feb,Feb to April,12790,cotton
Dinajpur,Kharif 2,Rape & Mustard,28839,117.77,46.24,19.56,6.91,22.5,15.0,30,75.0,85,65,154.21843434343435,0.5505392004,Oct,Nov to Feb,Feb to April,15877,cotton
Faridpur,Kharif 2,Rape & Mustard,19943,117.77,46.24,19.56,6.91,22.5,15.0,30,75.0,85,65,155.864898989899,0.3220678935,Oct,Nov to Feb,Feb to April,6423,cotton
Feni,Kharif 2,Rape & Mustard,1207,117.77,46.24,19.56,6.91,22.5,15.0,30,75.0,85,65,248.1727642276423,0.2510356255,Oct,Nov to Feb,Feb to April,303,cotton
Gaibandha,Kharif 2,Rape & Mustard,4913,117.77,46.24,19.56,6.91,22.5,15.0,30,75.0,85,65,179.6013888888889,0.4429065744,Oct,Nov to Feb,Feb to April,2176,cotton
Gazipur,Kharif 2,Rape & Mustard,3474,117.77,46.24,19.56,6.91,22.5,15.0,30,75.0,85,65,169.94262295081967,0.2671272309,Oct,Nov to Feb,Feb to April,928,cotton
Gopalganj,Kharif 2,Rape & Mustard,6334,117.77,46.24,19.56,6.91,22.5,15.0,30,75.0,85,65,155.864898989899,0.4486896116,Oct,Nov to Feb,Feb to April,2842,cotton
Habiganj,Kharif 2,Rape & Mustard,542,117.77,46.24,19.56,6.91,22.5,15.0,30,75.0,85,65,333.72557471264366,0.5018450185,Oct,Nov to Feb,Feb to April,272,cotton
Jamalpur,Kharif 2,Rape & Mustard,29425,117.77,46.24,19.56,6.91,22.5,15.0,30,75.0,85,65,181.08838383838383,0.4399660153,Oct,Nov to Feb,Feb to April,12946,cotton
Jashore,Kharif 2,Rape & Mustard,25420,117.77,46.24,19.56,6.91,22.5,15.0,30,75.0,85,65,134.2247474747475,0.758025177,Oct,Nov to Feb,Feb to April,19269,cotton
Jhallokati,Kharif 2,Rape & Mustard,412,117.77,46.24,19.56,6.91,22.5,15.0,30,75.0,85,65,175.42564102564103,0.3495145631,Oct,Nov to Feb,Feb to April,144,cotton
Jhenaidah,Kharif 2,Rape & Mustard,6818,117.77,46.24,19.56,6.91,22.5,15.0,30,75.0,85,65,134.2247474747475,0.5300674685,Oct,Nov to Feb,Feb to April,3614,cotton
Joypurhat,Kharif 2,Rape & Mustard,15883,117.77,46.24,19.56,6.91,22.5,15.0,30,75.0,85,65,142.85416666666666,0.7364477743,Oct,Nov to Feb,Feb to April,11697,cotton
Khagrachari,Kharif 2,Rape & Mustard,371,117.77,46.24,19.56,6.91,22.5,15.0,30,75.0,85,65,204.11111111111111,0.4312668464,Oct,Nov to Feb,Feb to April,160,cotton
Khulna,Kharif 2,Rape & Mustard,441,117.77,46.24,19.56,6.91,22.5,15.0,30,75.0,85,65,144.96843434343435,0.3378684807,Oct,Nov to Feb,Feb to April,149,cotton
Kishoreganj,Kharif 2,Rape & Mustard,2513,117.77,46.24,19.56,6.91,22.5,15.0,30,75.0,85,65,181.08838383838383,0.4409072821,Oct,Nov to Feb,Feb to April,1108,cotton
Kurigram,Kharif 2,Rape & Mustard,9275,117.77,46.24,19.56,6.91,22.5,15.0,30,75.0,85,65,179.6013888888889,0.4528301887,Oct,Nov to Feb,Feb to April,4200,cotton
Kushtia,Kharif 2,Rape & Mustard,3328,117.77,46.24,19.56,6.91,22.5,15.0,30,75.0,85,65,129.44444444444446,0.5772235577,Oct,Nov to Feb,Feb to April,1921,cotton
Lakshmipur,Kharif 2,Rape & Mustard,236,117.77,46.24,19.56,6.91,22.5,15.0,30,75.0,85,65,185.75631313131316,0.313559322,Oct,Nov to Feb,Feb to April,74,cotton
Lalmonirhat,Kharif 2,Rape & Mustard,1133,117.77,46.24,19.56,6.91,22.5,15.0,30,75.0,85,65,179.6013888888889,0.6434245366,Oct,Nov to Feb,Feb to April,729,cotton
Madaripur,Kharif 2,Rape & Mustard,16235,117.77,46.24,19.56,6.91,22.5,15.0,30,75.0,85,65,160.41666666666666,0.4654758238,Oct,Nov to Feb,Feb to April,7557,cotton
Magura,Kharif 2,Rape & Mustard,9553,117.77,46.24,19.56,6.91,22.5,15.0,30,75.0,85,65,134.2247474747475,0.5097875013,Oct,Nov to Feb,Feb to April,4870,cotton
Manikganj,Kharif 2,Rape & Mustard,45293,117.77,46.24,19.56,6.91,22.5,15.0,30,75.0,85,65,169.94262295081967,0.4919082419,Oct,Nov to Feb,Feb to April,22280,cotton
Meherpur,Kharif 2,Rape & Mustard,11893,117.77,46.24,19.56,6.91,22.5,15.0,30,75.0,85,65,129.44444444444446,0.6157403515,Oct,Nov to Feb,Feb to April,7323,cotton
Moulvibazar,Kharif 2,Rape & Mustard,736,117.77,46.24,19.56,6.91,22.5,15.0,30,75.0,85,65,333.72557471264366,0.4850543478,Oct,Nov to Feb,Feb to April,357,cotton
Munshiganj,Kharif 2,Rape & Mustard,5416,117.77,46.24,19.56,6.91,22.5,15.0,30,75.0,85,65,169.94262295081967,0.4710118168,Oct,Nov to Feb,Feb to April,2551,cotton
Mymensingh,Kharif 2,Rape & Mustard,2976,117.77,46.24,19.56,6.91,22.5,15.0,30,75.0,85,65,181.08838383838383,0.4418682796,Oct,Nov to Feb,Feb to April,1315,cotton
Naogaon,Kharif 2,Rape & Mustard,55702,117.77,46.24,19.56,6.91,22.5,15.0,30,75.0,85,65,124.92,0.573031489,Oct,Nov to Feb,Feb to April,31919,cotton
Narail,Kharif 2,Rape & Mustard,11027,117.77,46.24,19.56,6.91,22.5,15.0,30,75.0,85,65,134.2247474747475,0.3964813639,Oct,Nov to Feb,Feb to April,4372,cotton
Narayanganj,Kharif 2,Rape & Mustard,1596,117.77,46.24,19.56,6.91,22.5,15.0,30,75.0,85,65,169.94262295081967,0.3746867168,Oct,Nov to Feb,Feb to April,598,cotton
Narsingdi,Kharif 2,Rape & Mustard,756,117.77,46.24,19.56,6.91,22.5,15.0,30,75.0,85,65,169.94262295081967,0.3875661376,Oct,Nov to Feb,Feb to April,293,cotton
Natore,Kharif 2,Rape & Mustard,4171,117.77,46.24,19.56,6.91,22.5,15.0,30,75.0,85,65,124.92,0.5269719492,Oct,Nov to Feb,Feb to April,2198,cotton
Netrokona,Kharif 2,Rape & Mustard,2461,117.77,46.24,19.56,6.91,22.5,15.0,30,75.0,85,65,181.08838383838383,0.4672897196,Oct,Nov to Feb,Feb to April,1150,cotton
Nilphamari,Kharif 2,Rape & Mustard,2327,117.77,46.24,19.56,6.91,22.5,15.0,30,75.0,85,65,179.6013888888889,0.5470562957,Oct,Nov to Feb,Feb to April,1273,cotton
Noakhali,Kharif 2,Rape & Mustard,38,117.77,46.24,19.56,6.91,22.5,15.0,30,75.0,85,65,185.75631313131316,0.1578947368,Oct,Nov to Feb,Feb to April,6,cotton
Pabna,Kharif 2,Rape & Mustard,43686,117.77,46.24,19.56,6.91,22.5,15.0,30,75.0,85,65,124.92,0.4283752232,Oct,Nov to Feb,Feb to April,18714,cotton
Panchagar,Kharif 2,Rape & Mustard,4241,117.77,46.24,19.56,6.91,22.5,15.0,30,75.0,85,65,154.21843434343435,0.3435510493,Oct,Nov to Feb,Feb to April,1457,cotton
Patuakhali,Kharif 2,Rape & Mustard,112,117.77,46.24,19.56,6.91,22.5,15.0,30,75.0,85,65,207.8076923076923,0.3214285714,Oct,Nov to Feb,Feb to April,36,cotton
Pirojpur,Kharif 2,Rape & Mustard,101,117.77,46.24,19.56,6.91,22.5,15.0,30,75.0,85,65,175.42564102564103,0.3465346535,Oct,Nov to Feb,Feb to April,35,cotton
Rajbari,Kharif 2,Rape & Mustard,4012,117.77,46.24,19.56,6.91,22.5,15.0,30,75.0,85,65,155.864898989899,0.4790628116,Oct,Nov to Feb,Feb to April,1922,cotton
Rajshahi,Kharif 2,Rape & Mustard,40975,117.77,46.24,19.56,6.91,22.5,15.0,30,75.0,85,65,124.92,0.5617327639,Oct,Nov to Feb,Feb to April,23017,cotton
Rangamati,Kharif 2,Rape & Mustard,423,117.77,46.24,19.56,6.91,22.5,15.0,30,75.0,85,65,204.11111111111111,0.463356974,Oct,Nov to Feb,Feb to April,196,cotton
Rangpur,Kharif 2,Rape & Mustard,4351,117.77,46.24,19.56,6.91,22.5,15.0,30,75.0,85,65,179.6013888888889,0.4755228683,Oct,Nov to Feb,Feb to April,2069,cotton
Satkhira,Kharif 2,Rape & Mustard,11778,117.77,46.24,19.56,6.91,22.5,15.0,30,75.0,85,65,140.35353535353536,0.5342163355,Oct,Nov to Feb,Feb to April,6292,cotton
Shariatpur,Kharif 2,Rape & Mustard,10417,117.77,46.24,19.56,6.91,22.5,15.0,30,75.0,85,65,155.864898989899,0.4199865604,Oct,Nov to Feb,Feb to April,4375,cotton
Sherpur,Kharif 2,Rape & Mustard,4523,117.77,46.24,19.56,6.91,22.5,15.0,30,75.0,85,65,181.08838383838383,0.4824231705,Oct,Nov to Feb,Feb to April,2182,cotton
Sirajganj,Kharif 2,Rape & Mustard,127853,117.77,46.24,19.56,6.91,22.5,15.0,30,75.0,85,65,142.85416666666666,0.4323559087,Oct,Nov to Feb,Feb to April,55278,cotton
Sunamganj,Kharif 2,Rape & Mustard,1294,117.77,46.24,19.56,6.91,22.5,15.0,30,75.0,85,65,333.72557471264366,0.4057187017,Oct,Nov to Feb,Feb to April,525,cotton
Sylhet,Kharif 2,Rape & Mustard,1624,117.77,46.24,19.56,6.91,22.5,15.0,30,75.0,85,65,333.72557471264366,0.5794334975,Oct,Nov to Feb,Feb to April,941,cotton
Tangail,Kharif 2,Rape & Mustard,67761,117.77,46.24,19.56,6.91,22.5,15.0,30,75.0,85,65,153.4104938271605,0.4626555098,Oct,Nov to Feb,Feb to April,31350,cotton
Thakurgaon,Kharif 2,Rape & Mustard,14774,117.77,46.24,19.56,6.91,22.5,15.0,30,75.0,85,65,154.21843434343435,0.4168133207,Oct,Nov to Feb,Feb to April,6158,cotton
Bagerhat,Kharif 1,Ripe Papaya,90,49.88,59.05,50.04,6.74,30.0,25.0,35,80.0,90,70,144.96843434343435,11.4,April,No need to do,April to May,1026,papaya
Bandarban,Kharif 1,Ripe Papaya,100,49.88,59.05,50.04,6.74,30.0,25.0,35,80.0,90,70,243.94444444444449,21.8,April,No need to do,April to May,2180,papaya
Barguna,Kharif 1,Ripe Papaya,150,49.88,59.05,50.04,6.74,30.0,25.0,35,80.0,90,70,207.8076923076923,3.773333333,April,No need to do,April to May,566,papaya
Barishal,Kharif 1,Ripe Papaya,170,49.88,59.05,50.04,6.74,30.0,25.0,35,80.0,90,70,175.42564102564103,13.70588235,April,No need to do,April to May,2330,papaya
Bhola,Kharif 1,Ripe Papaya,62,49.88,59.05,50.04,6.74,30.0,25.0,35,80.0,90,70,185.23090277777777,15.35483871,April,No need to do,April to May,952,papaya
Bogura,Kharif 1,Ripe Papaya,277,49.88,59.05,50.04,6.74,30.0,25.0,35,80.0,90,70,142.85416666666666,17.55234657,April,No need to do,April to May,4862,papaya
Brahmanbaria,Kharif 1,Ripe Papaya,39,49.88,59.05,50.04,6.74,30.0,25.0,35,80.0,90,70,185.75631313131316,14.58974359,April,No need to do,April to May,569,papaya
Chandpur,Kharif 1,Ripe Papaya,191,49.88,59.05,50.04,6.74,30.0,25.0,35,80.0,90,70,168.796875,8.806282723,April,No need to do,April to May,1682,papaya
Chapai Nawabganj,Kharif 1,Ripe Papaya,86,49.88,59.05,50.04,6.74,30.0,25.0,35,80.0,90,70,124.92,15.98837209,April,No need to do,April to May,1375,papaya
Chattogram,Kharif 1,Ripe Papaya,200,49.88,59.05,50.04,6.74,30.0,25.0,35,80.0,90,70,243.94444444444449,13.695,April,No need to do,April to May,2739,papaya
Chuadanga,Kharif 1,Ripe Papaya,69,49.88,59.05,50.04,6.74,30.0,25.0,35,80.0,90,70,129.44444444444446,28.10144928,April,No need to do,April to May,1939,papaya
CoxsBazar,Kharif 1,Ripe Papaya,100,49.88,59.05,50.04,6.74,30.0,25.0,35,80.0,90,70,303.40277777777777,40.86,April,No need to do,April to May,4086,papaya
Cumilla,Kharif 1,Ripe Papaya,190,49.88,59.05,50.04,6.74,30.0,25.0,35,80.0,90,70,185.75631313131316,12.67894737,April,No need to do,April to May,2409,papaya
Dhaka,Kharif 1,Ripe Papaya,160,49.88,59.05,50.04,6.74,30.0,25.0,35,80.0,90,70,169.94262295081967,10.0875,April,No need to do,April to May,1614,papaya
Dinajpur,Kharif 1,Ripe Papaya,158,49.88,59.05,50.04,6.74,30.0,25.0,35,80.0,90,70,154.21843434343435,15.64556962,April,No need to do,April to May,2472,papaya
Faridpur,Kharif 1,Ripe Papaya,55,49.88,59.05,50.04,6.74,30.0,25.0,35,80.0,90,70,155.864898989899,19.8,April,No need to do,April to May,1089,papaya
Feni,Kharif 1,Ripe Papaya,60,49.88,59.05,50.04,6.74,30.0,25.0,35,80.0,90,70,248.1727642276423,8.2,April,No need to do,April to May,492,papaya
Gaibandha,Kharif 1,Ripe Papaya,147,49.88,59.05,50.04,6.74,30.0,25.0,35,80.0,90,70,179.6013888888889,10.37414966,April,No need to do,April to May,1525,papaya
Gazipur,Kharif 1,Ripe Papaya,200,49.88,59.05,50.04,6.74,30.0,25.0,35,80.0,90,70,169.94262295081967,8.595,April,No need to do,April to May,1719,papaya
Gopalganj,Kharif 1,Ripe Papaya,114,49.88,59.05,50.04,6.74,30.0,25.0,35,80.0,90,70,155.864898989899,9.333333333,April,No need to do,April to May,1064,papaya
Habiganj,Kharif 1,Ripe Papaya,20,49.88,59.05,50.04,6.74,30.0,25.0,35,80.0,90,70,333.72557471264366,25.5,April,No need to do,April to May,510,papaya
Jamalpur,Kharif 1,Ripe Papaya,155,49.88,59.05,50.04,6.74,30.0,25.0,35,80.0,90,70,181.08838383838383,21.0,April,No need to do,April to May,3255,papaya
Jashore,Kharif 1,Ripe Papaya,150,49.88,59.05,50.04,6.74,30.0,25.0,35,80.0,90,70,134.2247474747475,22.04666667,April,No need to do,April to May,3307,papaya
Jhallokati,Kharif 1,Ripe Papaya,130,49.88,59.05,50.04,6.74,30.0,25.0,35,80.0,90,70,175.42564102564103,10.13846154,April,No need to do,April to May,1318,papaya
Jhenaidah,Kharif 1,Ripe Papaya,107,49.88,59.05,50.04,6.74,30.0,25.0,35,80.0,90,70,134.2247474747475,11.12149533,April,No need to do,April to May,1190,papaya
Joypurhat,Kharif 1,Ripe Papaya,47,49.88,59.05,50.04,6.74,30.0,25.0,35,80.0,90,70,142.85416666666666,11.9787234,April,No need to do,April to May,563,papaya
Khagrachari,Kharif 1,Ripe Papaya,150,49.88,59.05,50.04,6.74,30.0,25.0,35,80.0,90,70,204.11111111111111,16.02666667,April,No need to do,April to May,2404,papaya
Khulna,Kharif 1,Ripe Papaya,200,49.88,59.05,50.04,6.74,30.0,25.0,35,80.0,90,70,144.96843434343435,5.495,April,No need to do,April to May,1099,papaya
Kishoreganj,Kharif 1,Ripe Papaya,90,49.88,59.05,50.04,6.74,30.0,25.0,35,80.0,90,70,181.08838383838383,12.96666667,April,No need to do,April to May,1167,papaya
Kurigram,Kharif 1,Ripe Papaya,70,49.88,59.05,50.04,6.74,30.0,25.0,35,80.0,90,70,179.6013888888889,15.32857143,April,No need to do,April to May,1073,papaya
Kushtia,Kharif 1,Ripe Papaya,126,49.88,59.05,50.04,6.74,30.0,25.0,35,80.0,90,70,129.44444444444446,43.79365079,April,No need to do,April to May,5518,papaya
Lakshmipur,Kharif 1,Ripe Papaya,165,49.88,59.05,50.04,6.74,30.0,25.0,35,80.0,90,70,185.75631313131316,21.6,April,No need to do,April to May,3564,papaya
Lalmonirhat,Kharif 1,Ripe Papaya,75,49.88,59.05,50.04,6.74,30.0,25.0,35,80.0,90,70,179.6013888888889,10.30666667,April,No need to do,April to May,773,papaya
Madaripur,Kharif 1,Ripe Papaya,134,49.88,59.05,50.04,6.74,30.0,25.0,35,80.0,90,70,160.41666666666666,8.171641791,April,No need to do,April to May,1095,papaya
Magura,Kharif 1,Ripe Papaya,95,49.88,59.05,50.04,6.74,30.0,25.0,35,80.0,90,70,134.2247474747475,25.77894737,April,No need to do,April to May,2449,papaya
Manikganj,Kharif 1,Ripe Papaya,110,49.88,59.05,50.04,6.74,30.0,25.0,35,80.0,90,70,169.94262295081967,13.80909091,April,No need to do,April to May,1519,papaya
Meherpur,Kharif 1,Ripe Papaya,55,49.88,59.05,50.04,6.74,30.0,25.0,35,80.0,90,70,129.44444444444446,28.90909091,April,No need to do,April to May,1590,papaya
Moulvibazar,Kharif 1,Ripe Papaya,45,49.88,59.05,50.04,6.74,30.0,25.0,35,80.0,90,70,333.72557471264366,20.42222222,April,No need to do,April to May,919,papaya
Munshiganj,Kharif 1,Ripe Papaya,92,49.88,59.05,50.04,6.74,30.0,25.0,35,80.0,90,70,169.94262295081967,5.608695652,April,No need to do,April to May,516,papaya
Mymensingh,Kharif 1,Ripe Papaya,400,49.88,59.05,50.04,6.74,30.0,25.0,35,80.0,90,70,181.08838383838383,11.995,April,No need to do,April to May,4798,papaya
Naogaon,Kharif 1,Ripe Papaya,70,49.88,59.05,50.04,6.74,30.0,25.0,35,80.0,90,70,124.92,22.22857143,April,No need to do,April to May,1556,papaya
Narail,Kharif 1,Ripe Papaya,29,49.88,59.05,50.04,6.74,30.0,25.0,35,80.0,90,70,134.2247474747475,47.86206897,April,No need to do,April to May,1388,papaya
Narayanganj,Kharif 1,Ripe Papaya,57,49.88,59.05,50.04,6.74,30.0,25.0,35,80.0,90,70,169.94262295081967,16.33333333,April,No need to do,April to May,931,papaya
Narsingdi,Kharif 1,Ripe Papaya,147,49.88,59.05,50.04,6.74,30.0,25.0,35,80.0,90,70,169.94262295081967,10.00680272,April,No need to do,April to May,1471,papaya
Natore,Kharif 1,Ripe Papaya,330,49.88,59.05,50.04,6.74,30.0,25.0,35,80.0,90,70,124.92,24.65151515,April,No need to do,April to May,8135,papaya
Netrokona,Kharif 1,Ripe Papaya,60,49.88,59.05,50.04,6.74,30.0,25.0,35,80.0,90,70,181.08838383838383,15.83333333,April,No need to do,April to May,950,papaya
Nilphamari,Kharif 1,Ripe Papaya,72,49.88,59.05,50.04,6.74,30.0,25.0,35,80.0,90,70,179.6013888888889,19.20833333,April,No need to do,April to May,1383,papaya
Noakhali,Kharif 1,Ripe Papaya,150,49.88,59.05,50.04,6.74,30.0,25.0,35,80.0,90,70,185.75631313131316,14.30666667,April,No need to do,April to May,2146,papaya
Pabna,Kharif 1,Ripe Papaya,399,49.88,59.05,50.04,6.74,30.0,25.0,35,80.0,90,70,124.92,11.37092732,April,No need to do,April to May,4537,papaya
Panchagar,Kharif 1,Ripe Papaya,65,49.88,59.05,50.04,6.74,30.0,25.0,35,80.0,90,70,154.21843434343435,19.53846154,April,No need to do,April to May,1270,papaya
Patuakhali,Kharif 1,Ripe Papaya,120,49.88,59.05,50.04,6.74,30.0,25.0,35,80.0,90,70,207.8076923076923,2.425,April,No need to do,April to May,291,papaya
Pirojpur,Kharif 1,Ripe Papaya,52,49.88,59.05,50.04,6.74,30.0,25.0,35,80.0,90,70,175.42564102564103,17.30769231,April,No need to do,April to May,900,papaya
Rajbari,Kharif 1,Ripe Papaya,90,49.88,59.05,50.04,6.74,30.0,25.0,35,80.0,90,70,155.864898989899,22.23333333,April,No need to do,April to May,2001,papaya
Rajshahi,Kharif 1,Ripe Papaya,175,49.88,59.05,50.04,6.74,30.0,25.0,35,80.0,90,70,124.92,16.46285714,April,No need to do,April to May,2881,papaya
Rangamati,Kharif 1,Ripe Papaya,300,49.88,59.05,50.04,6.74,30.0,25.0,35,80.0,90,70,204.11111111111111,15.46,April,No need to do,April to May,4638,papaya
Rangpur,Kharif 1,Ripe Papaya,100,49.88,59.05,50.04,6.74,30.0,25.0,35,80.0,90,70,179.6013888888889,14.82,April,No need to do,April to May,1482,papaya
Satkhira,Kharif 1,Ripe Papaya,200,49.88,59.05,50.04,6.74,30.0,25.0,35,80.0,90,70,140.35353535353536,8.465,April,No need to do,April to May,1693,papaya
Shariatpur,Kharif 1,Ripe Papaya,120,49.88,59.05,50.04,6.74,30.0,25.0,35,80.0,90,70,155.864898989899,16.075,April,No need to do,April to May,1929,papaya
Sherpur,Kharif 1,Ripe Papaya,115,49.88,59.05,50.04,6.74,30.0,25.0,35,80.0,90,70,181.08838383838383,9.12173913,April,No need to do,April to May,1049,papaya
Sirajganj,Kharif 1,Ripe Papaya,180,49.88,59.05,50.04,6.74,30.0,25.0,35,80.0,90,70,142.85416666666666,16.00555556,April,No need to do,April to May,2881,papaya
Sunamganj,Kharif 1,Ripe Papaya,60,49.88,59.05,50.04,6.74,30.0,25.0,35,80.0,90,70,333.72557471264366,7.833333333,April,No need to do,April to May,470,papaya
Sylhet,Kharif 1,Ripe Papaya,55,49.88,59.05,50.04,6.74,30.0,25.0,35,80.0,90,70,333.72557471264366,11.01818182,April,No need to do,April to May,606,papaya
Tangail,Kharif 1,Ripe Papaya,390,49.88,59.05,50.04,6.74,30.0,25.0,35,80.0,90,70,153.4104938271605,13.52051282,April,No need to do,April to May,5273,papaya
Thakurgaon,Kharif 1,Ripe Papaya,44,49.88,59.05,50.04,6.74,30.0,25.0,35,80.0,90,70,154.21843434343435,13.18181818,April,No need to do,April to May,580,papaya
Bagerhat,Kharif 1,Safeda,58,20.07,27.18,29.92,5.77,24.0,10.0,38,70.0,80,60,144.96843434343435,22.96551724,April,No need to do,Jan to March,1332,mango
Bandarban,Kharif 1,Safeda,40,20.07,27.18,29.92,5.77,24.0,10.0,38,70.0,80,60,243.94444444444449,0.2,April,No need to do,Jan to March,8,mango
Barguna,Kharif 1,Safeda,119,20.07,27.18,29.92,5.77,24.0,10.0,38,70.0,80,60,207.8076923076923,0.2941176471,April,No need to do,Jan to March,35,mango
Barishal,Kharif 1,Safeda,106,20.07,27.18,29.92,5.77,24.0,10.0,38,70.0,80,60,175.42564102564103,1.452830189,April,No need to do,Jan to March,154,mango
Bhola,Kharif 1,Safeda,1,20.07,27.18,29.92,5.77,24.0,10.0,38,70.0,80,60,185.23090277777777,4.0,April,No need to do,Jan to March,4,mango
Bogura,Kharif 1,Safeda,4,20.07,27.18,29.92,5.77,24.0,10.0,38,70.0,80,60,142.85416666666666,13.25,April,No need to do,Jan to March,53,mango
Brahmanbaria,Kharif 1,Safeda,13,20.07,27.18,29.92,5.77,24.0,10.0,38,70.0,80,60,185.75631313131316,3.0,April,No need to do,Jan to March,39,mango
Chandpur,Kharif 1,Safeda,0,20.07,27.18,29.92,5.77,24.0,10.0,38,70.0,80,60,168.796875,2.518413598,April,No need to do,Jan to March,0,mango
Chapai Nawabganj,Kharif 1,Safeda,17,20.07,27.18,29.92,5.77,24.0,10.0,38,70.0,80,60,124.92,1.294117647,April,No need to do,Jan to March,22,mango
Chattogram,Kharif 1,Safeda,45,20.07,27.18,29.92,5.77,24.0,10.0,38,70.0,80,60,243.94444444444449,1.311111111,April,No need to do,Jan to March,59,mango
Chuadanga,Kharif 1,Safeda,10,20.07,27.18,29.92,5.77,24.0,10.0,38,70.0,80,60,129.44444444444446,1.3,April,No need to do,Jan to March,13,mango
CoxsBazar,Kharif 1,Safeda,5,20.07,27.18,29.92,5.77,24.0,10.0,38,70.0,80,60,303.40277777777777,1.6,April,No need to do,Jan to March,8,mango
Cumilla,Kharif 1,Safeda,13,20.07,27.18,29.92,5.77,24.0,10.0,38,70.0,80,60,185.75631313131316,0.5384615385,April,No need to do,Jan to March,7,mango
Dhaka,Kharif 1,Safeda,16,20.07,27.18,29.92,5.77,24.0,10.0,38,70.0,80,60,169.94262295081967,4.4375,April,No need to do,Jan to March,71,mango
Dinajpur,Kharif 1,Safeda,2,20.07,27.18,29.92,5.77,24.0,10.0,38,70.0,80,60,154.21843434343435,1.5,April,No need to do,Jan to March,3,mango
Faridpur,Kharif 1,Safeda,141,20.07,27.18,29.92,5.77,24.0,10.0,38,70.0,80,60,155.864898989899,6.943262411,April,No need to do,Jan to March,979,mango
Feni,Kharif 1,Safeda,2,20.07,27.18,29.92,5.77,24.0,10.0,38,70.0,80,60,248.1727642276423,1.0,April,No need to do,Jan to March,2,mango
Gaibandha,Kharif 1,Safeda,0,20.07,27.18,29.92,5.77,24.0,10.0,38,70.0,80,60,179.6013888888889,2.518413598,April,No need to do,Jan to March,0,mango
Gazipur,Kharif 1,Safeda,7,20.07,27.18,29.92,5.77,24.0,10.0,38,70.0,80,60,169.94262295081967,5.857142857,April,No need to do,Jan to March,41,mango
Gopalganj,Kharif 1,Safeda,15,20.07,27.18,29.92,5.77,24.0,10.0,38,70.0,80,60,155.864898989899,3.533333333,April,No need to do,Jan to March,53,mango
Habiganj,Kharif 1,Safeda,0,20.07,27.18,29.92,5.77,24.0,10.0,38,70.0,80,60,333.72557471264366,2.518413598,April,No need to do,Jan to March,0,mango
Jamalpur,Kharif 1,Safeda,0,20.07,27.18,29.92,5.77,24.0,10.0,38,70.0,80,60,181.08838383838383,2.518413598,April,No need to do,Jan to March,0,mango
Jashore,Kharif 1,Safeda,165,20.07,27.18,29.92,5.77,24.0,10.0,38,70.0,80,60,134.2247474747475,8.4,April,No need to do,Jan to March,1386,mango
Jhallokati,Kharif 1,Safeda,35,20.07,27.18,29.92,5.77,24.0,10.0,38,70.0,80,60,175.42564102564103,0.8857142857,April,No need to do,Jan to March,31,mango
Jhenaidah,Kharif 1,Safeda,6,20.07,27.18,29.92,5.77,24.0,10.0,38,70.0,80,60,134.2247474747475,4.833333333,April,No need to do,Jan to March,29,mango
Joypurhat,Kharif 1,Safeda,0,20.07,27.18,29.92,5.77,24.0,10.0,38,70.0,80,60,142.85416666666666,2.518413598,April,No need to do,Jan to March,0,mango
Khagrachari,Kharif 1,Safeda,99,20.07,27.18,29.92,5.77,24.0,10.0,38,70.0,80,60,204.11111111111111,0.8282828283,April,No need to do,Jan to March,82,mango
Khulna,Kharif 1,Safeda,90,20.07,27.18,29.92,5.77,24.0,10.0,38,70.0,80,60,144.96843434343435,5.666666667,April,No need to do,Jan to March,510,mango
Kishoreganj,Kharif 1,Safeda,4,20.07,27.18,29.92,5.77,24.0,10.0,38,70.0,80,60,181.08838383838383,0.5,April,No need to do,Jan to March,2,mango
Kurigram,Kharif 1,Safeda,0,20.07,27.18,29.92,5.77,24.0,10.0,38,70.0,80,60,179.6013888888889,2.518413598,April,No need to do,Jan to March,0,mango
Kushtia,Kharif 1,Safeda,8,20.07,27.18,29.92,5.77,24.0,10.0,38,70.0,80,60,129.44444444444446,8.0,April,No need to do,Jan to March,64,mango
Lakshmipur,Kharif 1,Safeda,14,20.07,27.18,29.92,5.77,24.0,10.0,38,70.0,80,60,185.75631313131316,0.9285714286,April,No need to do,Jan to March,13,mango
Lalmonirhat,Kharif 1,Safeda,0,20.07,27.18,29.92,5.77,24.0,10.0,38,70.0,80,60,179.6013888888889,2.518413598,April,No need to do,Jan to March,0,mango
Madaripur,Kharif 1,Safeda,44,20.07,27.18,29.92,5.77,24.0,10.0,38,70.0,80,60,160.41666666666666,8.204545455,April,No need to do,Jan to March,361,mango
Magura,Kharif 1,Safeda,29,20.07,27.18,29.92,5.77,24.0,10.0,38,70.0,80,60,134.2247474747475,6.827586207,April,No need to do,Jan to March,198,mango
Manikganj,Kharif 1,Safeda,10,20.07,27.18,29.92,5.77,24.0,10.0,38,70.0,80,60,169.94262295081967,0.9,April,No need to do,Jan to March,9,mango
Meherpur,Kharif 1,Safeda,0,20.07,27.18,29.92,5.77,24.0,10.0,38,70.0,80,60,129.44444444444446,2.518413598,April,No need to do,Jan to March,0,mango
Moulvibazar,Kharif 1,Safeda,11,20.07,27.18,29.92,5.77,24.0,10.0,38,70.0,80,60,333.72557471264366,0.4545454545,April,No need to do,Jan to March,5,mango
Munshiganj,Kharif 1,Safeda,4,20.07,27.18,29.92,5.77,24.0,10.0,38,70.0,80,60,169.94262295081967,2.0,April,No need to do,Jan to March,8,mango
Mymensingh,Kharif 1,Safeda,0,20.07,27.18,29.92,5.77,24.0,10.0,38,70.0,80,60,181.08838383838383,2.518413598,April,No need to do,Jan to March,0,mango
Naogaon,Kharif 1,Safeda,0,20.07,27.18,29.92,5.77,24.0,10.0,38,70.0,80,60,124.92,2.518413598,April,No need to do,Jan to March,0,mango
Narail,Kharif 1,Safeda,240,20.07,27.18,29.92,5.77,24.0,10.0,38,70.0,80,60,134.2247474747475,2.029166667,April,No need to do,Jan to March,487,mango
Narayanganj,Kharif 1,Safeda,4,20.07,27.18,29.92,5.77,24.0,10.0,38,70.0,80,60,169.94262295081967,7.0,April,No need to do,Jan to March,28,mango
Narsingdi,Kharif 1,Safeda,0,20.07,27.18,29.92,5.77,24.0,10.0,38,70.0,80,60,169.94262295081967,2.518413598,April,No need to do,Jan to March,0,mango
Natore,Kharif 1,Safeda,5,20.07,27.18,29.92,5.77,24.0,10.0,38,70.0,80,60,124.92,9.0,April,No need to do,Jan to March,45,mango
Netrokona,Kharif 1,Safeda,0,20.07,27.18,29.92,5.77,24.0,10.0,38,70.0,80,60,181.08838383838383,2.518413598,April,No need to do,Jan to March,0,mango
Nilphamari,Kharif 1,Safeda,2,20.07,27.18,29.92,5.77,24.0,10.0,38,70.0,80,60,179.6013888888889,1.0,April,No need to do,Jan to March,2,mango
Noakhali,Kharif 1,Safeda,1,20.07,27.18,29.92,5.77,24.0,10.0,38,70.0,80,60,185.75631313131316,3.0,April,No need to do,Jan to March,3,mango
Pabna,Kharif 1,Safeda,2,20.07,27.18,29.92,5.77,24.0,10.0,38,70.0,80,60,124.92,7.5,April,No need to do,Jan to March,15,mango
Panchagar,Kharif 1,Safeda,14,20.07,27.18,29.92,5.77,24.0,10.0,38,70.0,80,60,154.21843434343435,1.428571429,April,No need to do,Jan to March,20,mango
Patuakhali,Kharif 1,Safeda,11,20.07,27.18,29.92,5.77,24.0,10.0,38,70.0,80,60,207.8076923076923,1.181818182,April,No need to do,Jan to March,13,mango
Pirojpur,Kharif 1,Safeda,64,20.07,27.18,29.92,5.77,24.0,10.0,38,70.0,80,60,175.42564102564103,5.78125,April,No need to do,Jan to March,370,mango
Rajbari,Kharif 1,Safeda,11,20.07,27.18,29.92,5.77,24.0,10.0,38,70.0,80,60,155.864898989899,4.363636364,April,No need to do,Jan to March,48,mango
Rajshahi,Kharif 1,Safeda,16,20.07,27.18,29.92,5.77,24.0,10.0,38,70.0,80,60,124.92,1.1875,April,No need to do,Jan to March,19,mango
Rangamati,Kharif 1,Safeda,37,20.07,27.18,29.92,5.77,24.0,10.0,38,70.0,80,60,204.11111111111111,0.5405405405,April,No need to do,Jan to March,20,mango
Rangpur,Kharif 1,Safeda,0,20.07,27.18,29.92,5.77,24.0,10.0,38,70.0,80,60,179.6013888888889,2.518413598,April,No need to do,Jan to March,0,mango
Satkhira,Kharif 1,Safeda,392,20.07,27.18,29.92,5.77,24.0,10.0,38,70.0,80,60,140.35353535353536,1.693877551,April,No need to do,Jan to March,664,mango
Shariatpur,Kharif 1,Safeda,33,20.07,27.18,29.92,5.77,24.0,10.0,38,70.0,80,60,155.864898989899,6.151515152,April,No need to do,Jan to March,203,mango
Sherpur,Kharif 1,Safeda,0,20.07,27.18,29.92,5.77,24.0,10.0,38,70.0,80,60,181.08838383838383,2.518413598,April,No need to do,Jan to March,0,mango
Sirajganj,Kharif 1,Safeda,1,20.07,27.18,29.92,5.77,24.0,10.0,38,70.0,80,60,142.85416666666666,5.0,April,No need to do,Jan to March,5,mango
Sunamganj,Kharif 1,Safeda,0,20.07,27.18,29.92,5.77,24.0,10.0,38,70.0,80,60,333.72557471264366,2.518413598,April,No need to do,Jan to March,0,mango
Sylhet,Kharif 1,Safeda,0,20.07,27.18,29.92,5.77,24.0,10.0,38,70.0,80,60,333.72557471264366,2.518413598,April,No need to do,Jan to March,0,mango
Tangail,Kharif 1,Safeda,0,20.07,27.18,29.92,5.77,24.0,10.0,38,70.0,80,60,153.4104938271605,2.518413598,April,No need to do,Jan to March,2,mango
Thakurgaon,Kharif 1,Safeda,3,20.07,27.18,29.92,5.77,24.0,10.0,38,70.0,80,60,154.21843434343435,9.666666667,April,No need to do,Jan to March,29,mango
Bagerhat,Rabi,Sesame,265,117.77,46.24,19.56,6.91,31.0,27.0,35,45.0,50,40,144.96843434343435,0.2830188679,Nov,Dec to Jan,Feb,75,cotton
Bandarban,Rabi,Sesame,520,117.77,46.24,19.56,6.91,31.0,27.0,35,45.0,50,40,243.94444444444449,0.3057692308,Nov,Dec to Jan,Feb,159,cotton
Barguna,Rabi,Sesame,82,117.77,46.24,19.56,6.91,31.0,27.0,35,45.0,50,40,207.8076923076923,0.3658536585,Nov,Dec to Jan,Feb,30,cotton
Barishal,Rabi,Sesame,1510,117.77,46.24,19.56,6.91,31.0,27.0,35,45.0,50,40,175.42564102564103,0.4728476821,Nov,Dec to Jan,Feb,714,cotton
Bhola,Rabi,Sesame,160,117.77,46.24,19.56,6.91,31.0,27.0,35,45.0,50,40,185.23090277777777,0.3625,Nov,Dec to Jan,Feb,58,cotton
Bogura,Rabi,Sesame,134,117.77,46.24,19.56,6.91,31.0,27.0,35,45.0,50,40,142.85416666666666,0.3134328358,Nov,Dec to Jan,Feb,42,cotton
Brahmanbaria,Rabi,Sesame,1158,117.77,46.24,19.56,6.91,31.0,27.0,35,45.0,50,40,185.75631313131316,0.4127806563,Nov,Dec to Jan,Feb,478,cotton
Chandpur,Rabi,Sesame,201,117.77,46.24,19.56,6.91,31.0,27.0,35,45.0,50,40,168.796875,0.2835820896,Nov,Dec to Jan,Feb,57,cotton
Chapai Nawabganj,Rabi,Sesame,153,117.77,46.24,19.56,6.91,31.0,27.0,35,45.0,50,40,124.92,0.2483660131,Nov,Dec to Jan,Feb,38,cotton
Chattogram,Rabi,Sesame,20,117.77,46.24,19.56,6.91,31.0,27.0,35,45.0,50,40,243.94444444444449,0.1,Nov,Dec to Jan,Feb,2,cotton
Chuadanga,Rabi,Sesame,624,117.77,46.24,19.56,6.91,31.0,27.0,35,45.0,50,40,129.44444444444446,0.3894230769,Nov,Dec to Jan,Feb,243,cotton
CoxsBazar,Rabi,Sesame,0,117.77,46.24,19.56,6.91,31.0,27.0,35,45.0,50,40,303.40277777777777,2.518413598,Nov,Dec to Jan,Feb,0,cotton
Cumilla,Rabi,Sesame,1801,117.77,46.24,19.56,6.91,31.0,27.0,35,45.0,50,40,185.75631313131316,0.4286507496,Nov,Dec to Jan,Feb,772,cotton
Dhaka,Rabi,Sesame,522,117.77,46.24,19.56,6.91,31.0,27.0,35,45.0,50,40,169.94262295081967,0.4501915709,Nov,Dec to Jan,Feb,235,cotton
Dinajpur,Rabi,Sesame,35,117.77,46.24,19.56,6.91,31.0,27.0,35,45.0,50,40,154.21843434343435,0.2857142857,Nov,Dec to Jan,Feb,10,cotton
Faridpur,Rabi,Sesame,3799,117.77,46.24,19.56,6.91,31.0,27.0,35,45.0,50,40,155.864898989899,0.4108976046,Nov,Dec to Jan,Feb,1561,cotton
Feni,Rabi,Sesame,6,117.77,46.24,19.56,6.91,31.0,27.0,35,45.0,50,40,248.1727642276423,0.1666666667,Nov,Dec to Jan,Feb,1,cotton
Gaibandha,Rabi,Sesame,715,117.77,46.24,19.56,6.91,31.0,27.0,35,45.0,50,40,179.6013888888889,0.5888111888,Nov,Dec to Jan,Feb,421,cotton
Gazipur,Rabi,Sesame,110,117.77,46.24,19.56,6.91,31.0,27.0,35,45.0,50,40,169.94262295081967,0.3454545455,Nov,Dec to Jan,Feb,38,cotton
Gopalganj,Rabi,Sesame,691,117.77,46.24,19.56,6.91,31.0,27.0,35,45.0,50,40,155.864898989899,0.2619392185,Nov,Dec to Jan,Feb,181,cotton
Habiganj,Rabi,Sesame,20,117.77,46.24,19.56,6.91,31.0,27.0,35,45.0,50,40,333.72557471264366,0.35,Nov,Dec to Jan,Feb,7,cotton
Jamalpur,Rabi,Sesame,598,117.77,46.24,19.56,6.91,31.0,27.0,35,45.0,50,40,181.08838383838383,0.3461538462,Nov,Dec to Jan,Feb,207,cotton
Jashore,Rabi,Sesame,6208,117.77,46.24,19.56,6.91,31.0,27.0,35,45.0,50,40,134.2247474747475,0.3634020619,Nov,Dec to Jan,Feb,2256,cotton
Jhallokati,Rabi,Sesame,625,117.77,46.24,19.56,6.91,31.0,27.0,35,45.0,50,40,175.42564102564103,0.4816,Nov,Dec to Jan,Feb,301,cotton
Jhenaidah,Rabi,Sesame,5554,117.77,46.24,19.56,6.91,31.0,27.0,35,45.0,50,40,134.2247474747475,0.3460568959,Nov,Dec to Jan,Feb,1922,cotton
Joypurhat,Rabi,Sesame,62,117.77,46.24,19.56,6.91,31.0,27.0,35,45.0,50,40,142.85416666666666,0.3870967742,Nov,Dec to Jan,Feb,24,cotton
Khagrachari,Rabi,Sesame,156,117.77,46.24,19.56,6.91,31.0,27.0,35,45.0,50,40,204.11111111111111,0.2179487179,Nov,Dec to Jan,Feb,34,cotton
Khulna,Rabi,Sesame,3627,117.77,46.24,19.56,6.91,31.0,27.0,35,45.0,50,40,144.96843434343435,0.1215880893,Nov,Dec to Jan,Feb,441,cotton
Kishoreganj,Rabi,Sesame,32,117.77,46.24,19.56,6.91,31.0,27.0,35,45.0,50,40,181.08838383838383,0.25,Nov,Dec to Jan,Feb,8,cotton
Kurigram,Rabi,Sesame,625,117.77,46.24,19.56,6.91,31.0,27.0,35,45.0,50,40,179.6013888888889,0.4368,Nov,Dec to Jan,Feb,273,cotton
Kushtia,Rabi,Sesame,6643,117.77,46.24,19.56,6.91,31.0,27.0,35,45.0,50,40,129.44444444444446,0.491645341,Nov,Dec to Jan,Feb,3266,cotton
Lakshmipur,Rabi,Sesame,15,117.77,46.24,19.56,6.91,31.0,27.0,35,45.0,50,40,185.75631313131316,0.0,Nov,Dec to Jan,Feb,0,cotton
Lalmonirhat,Rabi,Sesame,105,117.77,46.24,19.56,6.91,31.0,27.0,35,45.0,50,40,179.6013888888889,0.4761904762,Nov,Dec to Jan,Feb,50,cotton
Madaripur,Rabi,Sesame,599,117.77,46.24,19.56,6.91,31.0,27.0,35,45.0,50,40,160.41666666666666,0.4424040067,Nov,Dec to Jan,Feb,265,cotton
Magura,Rabi,Sesame,2295,117.77,46.24,19.56,6.91,31.0,27.0,35,45.0,50,40,134.2247474747475,0.388671024,Nov,Dec to Jan,Feb,892,cotton
Manikganj,Rabi,Sesame,5210,117.77,46.24,19.56,6.91,31.0,27.0,35,45.0,50,40,169.94262295081967,0.3115163148,Nov,Dec to Jan,Feb,1623,cotton
Meherpur,Rabi,Sesame,354,117.77,46.24,19.56,6.91,31.0,27.0,35,45.0,50,40,129.44444444444446,0.4661016949,Nov,Dec to Jan,Feb,165,cotton
Moulvibazar,Rabi,Sesame,20,117.77,46.24,19.56,6.91,31.0,27.0,35,45.0,50,40,333.72557471264366,0.3,Nov,Dec to Jan,Feb,6,cotton
Munshiganj,Rabi,Sesame,526,117.77,46.24,19.56,6.91,31.0,27.0,35,45.0,50,40,169.94262295081967,0.1577946768,Nov,Dec to Jan,Feb,83,cotton
Mymensingh,Rabi,Sesame,241,117.77,46.24,19.56,6.91,31.0,27.0,35,45.0,50,40,181.08838383838383,0.3360995851,Nov,Dec to Jan,Feb,81,cotton
Naogaon,Rabi,Sesame,444,117.77,46.24,19.56,6.91,31.0,27.0,35,45.0,50,40,124.92,0.4166666667,Nov,Dec to Jan,Feb,185,cotton
Narail,Rabi,Sesame,2264,117.77,46.24,19.56,6.91,31.0,27.0,35,45.0,50,40,134.2247474747475,0.4001766784,Nov,Dec to Jan,Feb,906,cotton
Narayanganj,Rabi,Sesame,82,117.77,46.24,19.56,6.91,31.0,27.0,35,45.0,50,40,169.94262295081967,0.4756097561,Nov,Dec to Jan,Feb,39,cotton
Narsingdi,Rabi,Sesame,776,117.77,46.24,19.56,6.91,31.0,27.0,35,45.0,50,40,169.94262295081967,0.3505154639,Nov,Dec to Jan,Feb,272,cotton
Natore,Rabi,Sesame,1412,117.77,46.24,19.56,6.91,31.0,27.0,35,45.0,50,40,124.92,0.5347025496,Nov,Dec to Jan,Feb,755,cotton
Netrokona,Rabi,Sesame,48,117.77,46.24,19.56,6.91,31.0,27.0,35,45.0,50,40,181.08838383838383,0.4166666667,Nov,Dec to Jan,Feb,20,cotton
Nilphamari,Rabi,Sesame,37,117.77,46.24,19.56,6.91,31.0,27.0,35,45.0,50,40,179.6013888888889,0.4054054054,Nov,Dec to Jan,Feb,15,cotton
Noakhali,Rabi,Sesame,0,117.77,46.24,19.56,6.91,31.0,27.0,35,45.0,50,40,185.75631313131316,2.518413598,Nov,Dec to Jan,Feb,0,cotton
Pabna,Rabi,Sesame,8627,117.77,46.24,19.56,6.91,31.0,27.0,35,45.0,50,40,124.92,0.4124261041,Nov,Dec to Jan,Feb,3558,cotton
Panchagar,Rabi,Sesame,3458,117.77,46.24,19.56,6.91,31.0,27.0,35,45.0,50,40,154.21843434343435,0.3487565067,Nov,Dec to Jan,Feb,1206,cotton
Patuakhali,Rabi,Sesame,536,117.77,46.24,19.56,6.91,31.0,27.0,35,45.0,50,40,207.8076923076923,0.3190298507,Nov,Dec to Jan,Feb,171,cotton
Pirojpur,Rabi,Sesame,36,117.77,46.24,19.56,6.91,31.0,27.0,35,45.0,50,40,175.42564102564103,0.2222222222,Nov,Dec to Jan,Feb,8,cotton
Rajbari,Rabi,Sesame,4827,117.77,46.24,19.56,6.91,31.0,27.0,35,45.0,50,40,155.864898989899,0.4648850218,Nov,Dec to Jan,Feb,2244,cotton
Rajshahi,Rabi,Sesame,2631,117.77,46.24,19.56,6.91,31.0,27.0,35,45.0,50,40,124.92,0.3968072976,Nov,Dec to Jan,Feb,1044,cotton
Rangamati,Rabi,Sesame,2140,117.77,46.24,19.56,6.91,31.0,27.0,35,45.0,50,40,204.11111111111111,0.403271028,Nov,Dec to Jan,Feb,863,cotton
Rangpur,Rabi,Sesame,144,117.77,46.24,19.56,6.91,31.0,27.0,35,45.0,50,40,179.6013888888889,0.4166666667,Nov,Dec to Jan,Feb,60,cotton
Satkhira,Rabi,Sesame,328,117.77,46.24,19.56,6.91,31.0,27.0,35,45.0,50,40,140.35353535353536,0.2896341463,Nov,Dec to Jan,Feb,95,cotton
Shariatpur,Rabi,Sesame,65,117.77,46.24,19.56,6.91,31.0,27.0,35,45.0,50,40,155.864898989899,0.2461538462,Nov,Dec to Jan,Feb,16,cotton
Sherpur,Rabi,Sesame,82,117.77,46.24,19.56,6.91,31.0,27.0,35,45.0,50,40,181.08838383838383,0.3780487805,Nov,Dec to Jan,Feb,31,cotton
Sirajganj,Rabi,Sesame,5827,117.77,46.24,19.56,6.91,31.0,27.0,35,45.0,50,40,142.85416666666666,0.3612493564,Nov,Dec to Jan,Feb,2105,cotton
Sunamganj,Rabi,Sesame,13,117.77,46.24,19.56,6.91,31.0,27.0,35,45.0,50,40,333.72557471264366,1.0,Nov,Dec to Jan,Feb,13,cotton
Sylhet,Rabi,Sesame,17,117.77,46.24,19.56,6.91,31.0,27.0,35,45.0,50,40,333.72557471264366,0.6470588235,Nov,Dec to Jan,Feb,11,cotton
Tangail,Rabi,Sesame,5755,117.77,46.24,19.56,6.91,31.0,27.0,35,45.0,50,40,153.4104938271605,0.300086881,Nov,Dec to Jan,Feb,1727,cotton
Thakurgaon,Rabi,Sesame,175,117.77,46.24,19.56,6.91,31.0,27.0,35,45.0,50,40,154.21843434343435,0.3085714286,Nov,Dec to Jan,Feb,54,cotton
Bagerhat,Kharif 2,Shalgom,596,77.76,48.44,19.79,6.25,14.5,5.0,24,82.5,95,70,144.96843434343435,2.412751678,Sep,Oct to Nov,Nov to Feb,1438,maize
Bandarban,Kharif 2,Shalgom,23,77.76,48.44,19.79,6.25,14.5,5.0,24,82.5,95,70,243.94444444444449,0.9565217391,Sep,Oct to Nov,Nov to Feb,22,maize
Barguna,Kharif 2,Shalgom,72,77.76,48.44,19.79,6.25,14.5,5.0,24,82.5,95,70,207.8076923076923,1.652777778,Sep,Oct to Nov,Nov to Feb,119,maize
Barishal,Kharif 2,Shalgom,289,77.76,48.44,19.79,6.25,14.5,5.0,24,82.5,95,70,175.42564102564103,3.453287197,Sep,Oct to Nov,Nov to Feb,998,maize
Bhola,Kharif 2,Shalgom,81,77.76,48.44,19.79,6.25,14.5,5.0,24,82.5,95,70,185.23090277777777,2.864197531,Sep,Oct to Nov,Nov to Feb,232,maize
Bogura,Kharif 2,Shalgom,0,77.76,48.44,19.79,6.25,14.5,5.0,24,82.5,95,70,142.85416666666666,2.518413598,Sep,Oct to Nov,Nov to Feb,0,maize
Brahmanbaria,Kharif 2,Shalgom,33,77.76,48.44,19.79,6.25,14.5,5.0,24,82.5,95,70,185.75631313131316,1.545454545,Sep,Oct to Nov,Nov to Feb,51,maize
Chandpur,Kharif 2,Shalgom,0,77.76,48.44,19.79,6.25,14.5,5.0,24,82.5,95,70,168.796875,2.518413598,Sep,Oct to Nov,Nov to Feb,0,maize
Chapai Nawabganj,Kharif 2,Shalgom,0,77.76,48.44,19.79,6.25,14.5,5.0,24,82.5,95,70,124.92,2.518413598,Sep,Oct to Nov,Nov to Feb,0,maize
Chattogram,Kharif 2,Shalgom,85,77.76,48.44,19.79,6.25,14.5,5.0,24,82.5,95,70,243.94444444444449,2.447058824,Sep,Oct to Nov,Nov to Feb,208,maize
Chuadanga,Kharif 2,Shalgom,32,77.76,48.44,19.79,6.25,14.5,5.0,24,82.5,95,70,129.44444444444446,4.59375,Sep,Oct to Nov,Nov to Feb,147,maize
CoxsBazar,Kharif 2,Shalgom,0,77.76,48.44,19.79,6.25,14.5,5.0,24,82.5,95,70,303.40277777777777,2.518413598,Sep,Oct to Nov,Nov to Feb,0,maize
Cumilla,Kharif 2,Shalgom,3,77.76,48.44,19.79,6.25,14.5,5.0,24,82.5,95,70,185.75631313131316,5.0,Sep,Oct to Nov,Nov to Feb,15,maize
Dhaka,Kharif 2,Shalgom,41,77.76,48.44,19.79,6.25,14.5,5.0,24,82.5,95,70,169.94262295081967,1.512195122,Sep,Oct to Nov,Nov to Feb,62,maize
Dinajpur,Kharif 2,Shalgom,11,77.76,48.44,19.79,6.25,14.5,5.0,24,82.5,95,70,154.21843434343435,1.818181818,Sep,Oct to Nov,Nov to Feb,20,maize
Faridpur,Kharif 2,Shalgom,112,77.76,48.44,19.79,6.25,14.5,5.0,24,82.5,95,70,155.864898989899,1.758928571,Sep,Oct to Nov,Nov to Feb,197,maize
Feni,Kharif 2,Shalgom,0,77.76,48.44,19.79,6.25,14.5,5.0,24,82.5,95,70,248.1727642276423,2.518413598,Sep,Oct to Nov,Nov to Feb,0,maize
Gaibandha,Kharif 2,Shalgom,0,77.76,48.44,19.79,6.25,14.5,5.0,24,82.5,95,70,179.6013888888889,2.518413598,Sep,Oct to Nov,Nov to Feb,0,maize
Gazipur,Kharif 2,Shalgom,61,77.76,48.44,19.79,6.25,14.5,5.0,24,82.5,95,70,169.94262295081967,4.360655738,Sep,Oct to Nov,Nov to Feb,266,maize
Gopalganj,Kharif 2,Shalgom,16,77.76,48.44,19.79,6.25,14.5,5.0,24,82.5,95,70,155.864898989899,1.6875,Sep,Oct to Nov,Nov to Feb,27,maize
Habiganj,Kharif 2,Shalgom,0,77.76,48.44,19.79,6.25,14.5,5.0,24,82.5,95,70,333.72557471264366,2.518413598,Sep,Oct to Nov,Nov to Feb,0,maize
Jamalpur,Kharif 2,Shalgom,33,77.76,48.44,19.79,6.25,14.5,5.0,24,82.5,95,70,181.08838383838383,1.878787879,Sep,Oct to Nov,Nov to Feb,62,maize
Jashore,Kharif 2,Shalgom,0,77.76,48.44,19.79,6.25,14.5,5.0,24,82.5,95,70,134.2247474747475,2.518413598,Sep,Oct to Nov,Nov to Feb,0,maize
Jhallokati,Kharif 2,Shalgom,320,77.76,48.44,19.79,6.25,14.5,5.0,24,82.5,95,70,175.42564102564103,3.9625,Sep,Oct to Nov,Nov to Feb,1268,maize
Jhenaidah,Kharif 2,Shalgom,125,77.76,48.44,19.79,6.25,14.5,5.0,24,82.5,95,70,134.2247474747475,2.92,Sep,Oct to Nov,Nov to Feb,365,maize
Joypurhat,Kharif 2,Shalgom,0,77.76,48.44,19.79,6.25,14.5,5.0,24,82.5,95,70,142.85416666666666,2.518413598,Sep,Oct to Nov,Nov to Feb,0,maize
Khagrachari,Kharif 2,Shalgom,12,77.76,48.44,19.79,6.25,14.5,5.0,24,82.5,95,70,204.11111111111111,1.583333333,Sep,Oct to Nov,Nov to Feb,19,maize
Khulna,Kharif 2,Shalgom,463,77.76,48.44,19.79,6.25,14.5,5.0,24,82.5,95,70,144.96843434343435,2.220302376,Sep,Oct to Nov,Nov to Feb,1028,maize
Kishoreganj,Kharif 2,Shalgom,36,77.76,48.44,19.79,6.25,14.5,5.0,24,82.5,95,70,181.08838383838383,2.583333333,Sep,Oct to Nov,Nov to Feb,93,maize
Kurigram,Kharif 2,Shalgom,0,77.76,48.44,19.79,6.25,14.5,5.0,24,82.5,95,70,179.6013888888889,2.518413598,Sep,Oct to Nov,Nov to Feb,0,maize
Kushtia,Kharif 2,Shalgom,0,77.76,48.44,19.79,6.25,14.5,5.0,24,82.5,95,70,129.44444444444446,2.518413598,Sep,Oct to Nov,Nov to Feb,0,maize
Lakshmipur,Kharif 2,Shalgom,0,77.76,48.44,19.79,6.25,14.5,5.0,24,82.5,95,70,185.75631313131316,2.518413598,Sep,Oct to Nov,Nov to Feb,0,maize
Lalmonirhat,Kharif 2,Shalgom,0,77.76,48.44,19.79,6.25,14.5,5.0,24,82.5,95,70,179.6013888888889,2.518413598,Sep,Oct to Nov,Nov to Feb,0,maize
Madaripur,Kharif 2,Shalgom,36,77.76,48.44,19.79,6.25,14.5,5.0,24,82.5,95,70,160.41666666666666,4.527777778,Sep,Oct to Nov,Nov to Feb,163,maize
Magura,Kharif 2,Shalgom,0,77.76,48.44,19.79,6.25,14.5,5.0,24,82.5,95,70,134.2247474747475,2.518413598,Sep,Oct to Nov,Nov to Feb,0,maize
Manikganj,Kharif 2,Shalgom,0,77.76,48.44,19.79,6.25,14.5,5.0,24,82.5,95,70,169.94262295081967,2.518413598,Sep,Oct to Nov,Nov to Feb,0,maize
Meherpur,Kharif 2,Shalgom,0,77.76,48.44,19.79,6.25,14.5,5.0,24,82.5,95,70,129.44444444444446,2.518413598,Sep,Oct to Nov,Nov to Feb,0,maize
Moulvibazar,Kharif 2,Shalgom,27,77.76,48.44,19.79,6.25,14.5,5.0,24,82.5,95,70,333.72557471264366,3.333333333,Sep,Oct to Nov,Nov to Feb,90,maize
Munshiganj,Kharif 2,Shalgom,18,77.76,48.44,19.79,6.25,14.5,5.0,24,82.5,95,70,169.94262295081967,1.555555556,Sep,Oct to Nov,Nov to Feb,28,maize
Mymensingh,Kharif 2,Shalgom,9,77.76,48.44,19.79,6.25,14.5,5.0,24,82.5,95,70,181.08838383838383,1.333333333,Sep,Oct to Nov,Nov to Feb,12,maize
Naogaon,Kharif 2,Shalgom,0,77.76,48.44,19.79,6.25,14.5,5.0,24,82.5,95,70,124.92,2.518413598,Sep,Oct to Nov,Nov to Feb,0,maize
Narail,Kharif 2,Shalgom,0,77.76,48.44,19.79,6.25,14.5,5.0,24,82.5,95,70,134.2247474747475,2.518413598,Sep,Oct to Nov,Nov to Feb,0,maize
Narayanganj,Kharif 2,Shalgom,17,77.76,48.44,19.79,6.25,14.5,5.0,24,82.5,95,70,169.94262295081967,1.0,Sep,Oct to Nov,Nov to Feb,17,maize
Narsingdi,Kharif 2,Shalgom,63,77.76,48.44,19.79,6.25,14.5,5.0,24,82.5,95,70,169.94262295081967,1.53968254,Sep,Oct to Nov,Nov to Feb,97,maize
Natore,Kharif 2,Shalgom,0,77.76,48.44,19.79,6.25,14.5,5.0,24,82.5,95,70,124.92,2.518413598,Sep,Oct to Nov,Nov to Feb,0,maize
Netrokona,Kharif 2,Shalgom,0,77.76,48.44,19.79,6.25,14.5,5.0,24,82.5,95,70,181.08838383838383,2.518413598,Sep,Oct to Nov,Nov to Feb,0,maize
Nilphamari,Kharif 2,Shalgom,0,77.76,48.44,19.79,6.25,14.5,5.0,24,82.5,95,70,179.6013888888889,2.518413598,Sep,Oct to Nov,Nov to Feb,0,maize
Noakhali,Kharif 2,Shalgom,0,77.76,48.44,19.79,6.25,14.5,5.0,24,82.5,95,70,185.75631313131316,2.518413598,Sep,Oct to Nov,Nov to Feb,0,maize
Pabna,Kharif 2,Shalgom,0,77.76,48.44,19.79,6.25,14.5,5.0,24,82.5,95,70,124.92,2.518413598,Sep,Oct to Nov,Nov to Feb,0,maize
Panchagar,Kharif 2,Shalgom,37,77.76,48.44,19.79,6.25,14.5,5.0,24,82.5,95,70,154.21843434343435,1.783783784,Sep,Oct to Nov,Nov to Feb,66,maize
Patuakhali,Kharif 2,Shalgom,47,77.76,48.44,19.79,6.25,14.5,5.0,24,82.5,95,70,207.8076923076923,2.553191489,Sep,Oct to Nov,Nov to Feb,120,maize
Pirojpur,Kharif 2,Shalgom,466,77.76,48.44,19.79,6.25,14.5,5.0,24,82.5,95,70,175.42564102564103,2.800429185,Sep,Oct to Nov,Nov to Feb,1305,maize
Rajbari,Kharif 2,Shalgom,32,77.76,48.44,19.79,6.25,14.5,5.0,24,82.5,95,70,155.864898989899,3.25,Sep,Oct to Nov,Nov to Feb,104,maize
Rajshahi,Kharif 2,Shalgom,0,77.76,48.44,19.79,6.25,14.5,5.0,24,82.5,95,70,124.92,2.518413598,Sep,Oct to Nov,Nov to Feb,0,maize
Rangamati,Kharif 2,Shalgom,9,77.76,48.44,19.79,6.25,14.5,5.0,24,82.5,95,70,204.11111111111111,0.7777777778,Sep,Oct to Nov,Nov to Feb,7,maize
Rangpur,Kharif 2,Shalgom,0,77.76,48.44,19.79,6.25,14.5,5.0,24,82.5,95,70,179.6013888888889,2.518413598,Sep,Oct to Nov,Nov to Feb,0,maize
Satkhira,Kharif 2,Shalgom,75,77.76,48.44,19.79,6.25,14.5,5.0,24,82.5,95,70,140.35353535353536,4.08,Sep,Oct to Nov,Nov to Feb,306,maize
Shariatpur,Kharif 2,Shalgom,0,77.76,48.44,19.79,6.25,14.5,5.0,24,82.5,95,70,155.864898989899,2.518413598,Sep,Oct to Nov,Nov to Feb,0,maize
Sherpur,Kharif 2,Shalgom,0,77.76,48.44,19.79,6.25,14.5,5.0,24,82.5,95,70,181.08838383838383,2.518413598,Sep,Oct to Nov,Nov to Feb,0,maize
Sirajganj,Kharif 2,Shalgom,0,77.76,48.44,19.79,6.25,14.5,5.0,24,82.5,95,70,142.85416666666666,2.518413598,Sep,Oct to Nov,Nov to Feb,0,maize
Sunamganj,Kharif 2,Shalgom,0,77.76,48.44,19.79,6.25,14.5,5.0,24,82.5,95,70,333.72557471264366,2.518413598,Sep,Oct to Nov,Nov to Feb,0,maize
Sylhet,Kharif 2,Shalgom,4,77.76,48.44,19.79,6.25,14.5,5.0,24,82.5,95,70,333.72557471264366,2.5,Sep,Oct to Nov,Nov to Feb,10,maize
Tangail,Kharif 2,Shalgom,24,77.76,48.44,19.79,6.25,14.5,5.0,24,82.5,95,70,153.4104938271605,2.333333333,Sep,Oct to Nov,Nov to Feb,56,maize
Thakurgaon,Kharif 2,Shalgom,39,77.76,48.44,19.79,6.25,14.5,5.0,24,82.5,95,70,154.21843434343435,4.820512821,Sep,Oct to Nov,Nov to Feb,188,maize
Bagerhat,Kharif 2,Sugarcane,852,77.76,48.44,19.79,6.25,29.0,20.0,38,65.0,85,45,144.96843434343435,10.71948357,Oct,Nov to Aug,Aug to Sep,9133,maize
Bandarban,Kharif 2,Sugarcane,217,77.76,48.44,19.79,6.25,29.0,20.0,38,65.0,85,45,243.94444444444449,4.156682028,Oct,Nov to Aug,Aug to Sep,902,maize
Barguna,Kharif 2,Sugarcane,120,77.76,48.44,19.79,6.25,29.0,20.0,38,65.0,85,45,207.8076923076923,3.183333333,Oct,Nov to Aug,Aug to Sep,382,maize
Barishal,Kharif 2,Sugarcane,1222,77.76,48.44,19.79,6.25,29.0,20.0,38,65.0,85,45,175.42564102564103,5.373977087,Oct,Nov to Aug,Aug to Sep,6567,maize
Bhola,Kharif 2,Sugarcane,961,77.76,48.44,19.79,6.25,29.0,20.0,38,65.0,85,45,185.23090277777777,6.316337149,Oct,Nov to Aug,Aug to Sep,6070,maize
Bogura,Kharif 2,Sugarcane,283,77.76,48.44,19.79,6.25,29.0,20.0,38,65.0,85,45,142.85416666666666,22.80918728,Oct,Nov to Aug,Aug to Sep,6455,maize
Brahmanbaria,Kharif 2,Sugarcane,43,77.76,48.44,19.79,6.25,29.0,20.0,38,65.0,85,45,185.75631313131316,3.906976744,Oct,Nov to Aug,Aug to Sep,168,maize
Chandpur,Kharif 2,Sugarcane,1412,77.76,48.44,19.79,6.25,29.0,20.0,38,65.0,85,45,168.796875,11.00212465,Oct,Nov to Aug,Aug to Sep,15535,maize
Chapai Nawabganj,Kharif 2,Sugarcane,3456,77.76,48.44,19.79,6.25,29.0,20.0,38,65.0,85,45,124.92,17.20688657,Oct,Nov to Aug,Aug to Sep,59467,maize
Chattogram,Kharif 2,Sugarcane,1927,77.76,48.44,19.79,6.25,29.0,20.0,38,65.0,85,45,243.94444444444449,9.35858848,Oct,Nov to Aug,Aug to Sep,18034,maize
Chuadanga,Kharif 2,Sugarcane,4826,77.76,48.44,19.79,6.25,29.0,20.0,38,65.0,85,45,129.44444444444446,24.2708247,Oct,Nov to Aug,Aug to Sep,117131,maize
CoxsBazar,Kharif 2,Sugarcane,613,77.76,48.44,19.79,6.25,29.0,20.0,38,65.0,85,45,303.40277777777777,6.086460033,Oct,Nov to Aug,Aug to Sep,3731,maize
Cumilla,Kharif 2,Sugarcane,894,77.76,48.44,19.79,6.25,29.0,20.0,38,65.0,85,45,185.75631313131316,6.109619687,Oct,Nov to Aug,Aug to Sep,5462,maize
Dhaka,Kharif 2,Sugarcane,139,77.76,48.44,19.79,6.25,29.0,20.0,38,65.0,85,45,169.94262295081967,7.107913669,Oct,Nov to Aug,Aug to Sep,988,maize
Dinajpur,Kharif 2,Sugarcane,3320,77.76,48.44,19.79,6.25,29.0,20.0,38,65.0,85,45,154.21843434343435,14.51987952,Oct,Nov to Aug,Aug to Sep,48206,maize
Faridpur,Kharif 2,Sugarcane,6528,77.76,48.44,19.79,6.25,29.0,20.0,38,65.0,85,45,155.864898989899,15.73789828,Oct,Nov to Aug,Aug to Sep,102737,maize
Feni,Kharif 2,Sugarcane,208,77.76,48.44,19.79,6.25,29.0,20.0,38,65.0,85,45,248.1727642276423,12.62019231,Oct,Nov to Aug,Aug to Sep,2625,maize
Gaibandha,Kharif 2,Sugarcane,5821,77.76,48.44,19.79,6.25,29.0,20.0,38,65.0,85,45,179.6013888888889,24.69489778,Oct,Nov to Aug,Aug to Sep,143749,maize
Gazipur,Kharif 2,Sugarcane,3135,77.76,48.44,19.79,6.25,29.0,20.0,38,65.0,85,45,169.94262295081967,8.558532695,Oct,Nov to Aug,Aug to Sep,26831,maize
Gopalganj,Kharif 2,Sugarcane,734,77.76,48.44,19.79,6.25,29.0,20.0,38,65.0,85,45,155.864898989899,13.1866485,Oct,Nov to Aug,Aug to Sep,9679,maize
Habiganj,Kharif 2,Sugarcane,2387,77.76,48.44,19.79,6.25,29.0,20.0,38,65.0,85,45,333.72557471264366,15.95643067,Oct,Nov to Aug,Aug to Sep,38088,maize
Jamalpur,Kharif 2,Sugarcane,10398,77.76,48.44,19.79,6.25,29.0,20.0,38,65.0,85,45,181.08838383838383,20.587613,Oct,Nov to Aug,Aug to Sep,214070,maize
Jashore,Kharif 2,Sugarcane,481,77.76,48.44,19.79,6.25,29.0,20.0,38,65.0,85,45,134.2247474747475,17.73596674,Oct,Nov to Aug,Aug to Sep,8531,maize
Jhallokati,Kharif 2,Sugarcane,279,77.76,48.44,19.79,6.25,29.0,20.0,38,65.0,85,45,175.42564102564103,6.910394265,Oct,Nov to Aug,Aug to Sep,1928,maize
Jhenaidah,Kharif 2,Sugarcane,2670,77.76,48.44,19.79,6.25,29.0,20.0,38,65.0,85,45,134.2247474747475,22.24157303,Oct,Nov to Aug,Aug to Sep,59385,maize
Joypurhat,Kharif 2,Sugarcane,2208,77.76,48.44,19.79,6.25,29.0,20.0,38,65.0,85,45,142.85416666666666,19.90398551,Oct,Nov to Aug,Aug to Sep,43948,maize
Khagrachari,Kharif 2,Sugarcane,641,77.76,48.44,19.79,6.25,29.0,20.0,38,65.0,85,45,204.11111111111111,9.071762871,Oct,Nov to Aug,Aug to Sep,5815,maize
Khulna,Kharif 2,Sugarcane,105,77.76,48.44,19.79,6.25,29.0,20.0,38,65.0,85,45,144.96843434343435,13.8952381,Oct,Nov to Aug,Aug to Sep,1459,maize
Kishoreganj,Kharif 2,Sugarcane,49,77.76,48.44,19.79,6.25,29.0,20.0,38,65.0,85,45,181.08838383838383,12.12244898,Oct,Nov to Aug,Aug to Sep,594,maize
Kurigram,Kharif 2,Sugarcane,703,77.76,48.44,19.79,6.25,29.0,20.0,38,65.0,85,45,179.6013888888889,14.74110953,Oct,Nov to Aug,Aug to Sep,10363,maize
Kushtia,Kharif 2,Sugarcane,8532,77.76,48.44,19.79,6.25,29.0,20.0,38,65.0,85,45,129.44444444444446,19.3830286,Oct,Nov to Aug,Aug to Sep,165376,maize
Lakshmipur,Kharif 2,Sugarcane,335,77.76,48.44,19.79,6.25,29.0,20.0,38,65.0,85,45,185.75631313131316,11.08059701,Oct,Nov to Aug,Aug to Sep,3712,maize
Lalmonirhat,Kharif 2,Sugarcane,289,77.76,48.44,19.79,6.25,29.0,20.0,38,65.0,85,45,179.6013888888889,13.35986159,Oct,Nov to Aug,Aug to Sep,3861,maize
Madaripur,Kharif 2,Sugarcane,843,77.76,48.44,19.79,6.25,29.0,20.0,38,65.0,85,45,160.41666666666666,18.85172005,Oct,Nov to Aug,Aug to Sep,15892,maize
Magura,Kharif 2,Sugarcane,246,77.76,48.44,19.79,6.25,29.0,20.0,38,65.0,85,45,134.2247474747475,12.91869919,Oct,Nov to Aug,Aug to Sep,3178,maize
Manikganj,Kharif 2,Sugarcane,4696,77.76,48.44,19.79,6.25,29.0,20.0,38,65.0,85,45,169.94262295081967,19.84199319,Oct,Nov to Aug,Aug to Sep,93178,maize
Meherpur,Kharif 2,Sugarcane,745,77.76,48.44,19.79,6.25,29.0,20.0,38,65.0,85,45,129.44444444444446,18.10201342,Oct,Nov to Aug,Aug to Sep,13486,maize
Moulvibazar,Kharif 2,Sugarcane,50,77.76,48.44,19.79,6.25,29.0,20.0,38,65.0,85,45,333.72557471264366,6.18,Oct,Nov to Aug,Aug to Sep,309,maize
Munshiganj,Kharif 2,Sugarcane,311,77.76,48.44,19.79,6.25,29.0,20.0,38,65.0,85,45,169.94262295081967,8.090032154,Oct,Nov to Aug,Aug to Sep,2516,maize
Mymensingh,Kharif 2,Sugarcane,5643,77.76,48.44,19.79,6.25,29.0,20.0,38,65.0,85,45,181.08838383838383,14.95605175,Oct,Nov to Aug,Aug to Sep,84397,maize
Naogaon,Kharif 2,Sugarcane,1022,77.76,48.44,19.79,6.25,29.0,20.0,38,65.0,85,45,124.92,19.63405088,Oct,Nov to Aug,Aug to Sep,20066,maize
Narail,Kharif 2,Sugarcane,1654,77.76,48.44,19.79,6.25,29.0,20.0,38,65.0,85,45,134.2247474747475,15.58403869,Oct,Nov to Aug,Aug to Sep,25776,maize
Narayanganj,Kharif 2,Sugarcane,124,77.76,48.44,19.79,6.25,29.0,20.0,38,65.0,85,45,169.94262295081967,5.0,Oct,Nov to Aug,Aug to Sep,620,maize
Narsingdi,Kharif 2,Sugarcane,188,77.76,48.44,19.79,6.25,29.0,20.0,38,65.0,85,45,169.94262295081967,9.265957447,Oct,Nov to Aug,Aug to Sep,1742,maize
Natore,Kharif 2,Sugarcane,53100,77.76,48.44,19.79,6.25,29.0,20.0,38,65.0,85,45,124.92,18.22988701,Oct,Nov to Aug,Aug to Sep,968007,maize
Netrokona,Kharif 2,Sugarcane,48,77.76,48.44,19.79,6.25,29.0,20.0,38,65.0,85,45,181.08838383838383,13.25,Oct,Nov to Aug,Aug to Sep,636,maize
Nilphamari,Kharif 2,Sugarcane,289,77.76,48.44,19.79,6.25,29.0,20.0,38,65.0,85,45,179.6013888888889,23.11418685,Oct,Nov to Aug,Aug to Sep,6680,maize
Noakhali,Kharif 2,Sugarcane,210,77.76,48.44,19.79,6.25,29.0,20.0,38,65.0,85,45,185.75631313131316,8.8,Oct,Nov to Aug,Aug to Sep,1848,maize
Pabna,Kharif 2,Sugarcane,8016,77.76,48.44,19.79,6.25,29.0,20.0,38,65.0,85,45,124.92,19.0612525,Oct,Nov to Aug,Aug to Sep,152795,maize
Panchagar,Kharif 2,Sugarcane,6516,77.76,48.44,19.79,6.25,29.0,20.0,38,65.0,85,45,154.21843434343435,11.49324739,Oct,Nov to Aug,Aug to Sep,74890,maize
Patuakhali,Kharif 2,Sugarcane,68,77.76,48.44,19.79,6.25,29.0,20.0,38,65.0,85,45,207.8076923076923,4.205882353,Oct,Nov to Aug,Aug to Sep,286,maize
Pirojpur,Kharif 2,Sugarcane,361,77.76,48.44,19.79,6.25,29.0,20.0,38,65.0,85,45,175.42564102564103,6.360110803,Oct,Nov to Aug,Aug to Sep,2296,maize
Rajbari,Kharif 2,Sugarcane,3301,77.76,48.44,19.79,6.25,29.0,20.0,38,65.0,85,45,155.864898989899,17.64950015,Oct,Nov to Aug,Aug to Sep,58261,maize
Rajshahi,Kharif 2,Sugarcane,17582,77.76,48.44,19.79,6.25,29.0,20.0,38,65.0,85,45,124.92,18.25776362,Oct,Nov to Aug,Aug to Sep,321008,maize
Rangamati,Kharif 2,Sugarcane,534,77.76,48.44,19.79,6.25,29.0,20.0,38,65.0,85,45,204.11111111111111,14.4906367,Oct,Nov to Aug,Aug to Sep,7738,maize
Rangpur,Kharif 2,Sugarcane,3134,77.76,48.44,19.79,6.25,29.0,20.0,38,65.0,85,45,179.6013888888889,22.99649011,Oct,Nov to Aug,Aug to Sep,72071,maize
Satkhira,Kharif 2,Sugarcane,281,77.76,48.44,19.79,6.25,29.0,20.0,38,65.0,85,45,140.35353535353536,15.5088968,Oct,Nov to Aug,Aug to Sep,4358,maize
Shariatpur,Kharif 2,Sugarcane,1052,77.76,48.44,19.79,6.25,29.0,20.0,38,65.0,85,45,155.864898989899,15.18726236,Oct,Nov to Aug,Aug to Sep,15977,maize
Sherpur,Kharif 2,Sugarcane,238,77.76,48.44,19.79,6.25,29.0,20.0,38,65.0,85,45,181.08838383838383,21.45798319,Oct,Nov to Aug,Aug to Sep,5107,maize
Sirajganj,Kharif 2,Sugarcane,2358,77.76,48.44,19.79,6.25,29.0,20.0,38,65.0,85,45,142.85416666666666,16.32145886,Oct,Nov to Aug,Aug to Sep,38486,maize
Sunamganj,Kharif 2,Sugarcane,179,77.76,48.44,19.79,6.25,29.0,20.0,38,65.0,85,45,333.72557471264366,17.61452514,Oct,Nov to Aug,Aug to Sep,3153,maize
Sylhet,Kharif 2,Sugarcane,20,77.76,48.44,19.79,6.25,29.0,20.0,38,65.0,85,45,333.72557471264366,13.75,Oct,Nov to Aug,Aug to Sep,275,maize
Tangail,Kharif 2,Sugarcane,2895,77.76,48.44,19.79,6.25,29.0,20.0,38,65.0,85,45,153.4104938271605,17.35233161,Oct,Nov to Aug,Aug to Sep,50235,maize
Thakurgaon,Kharif 2,Sugarcane,10807,77.76,48.44,19.79,6.25,29.0,20.0,38,65.0,85,45,154.21843434343435,13.53557879,Oct,Nov to Aug,Aug to Sep,146279,maize
Bagerhat,Rabi,Sweet Potato,627,77.76,48.44,19.79,6.25,20.5,17.0,24,80.0,90,70,144.96843434343435,3.50877193,Nov,Dec to March,April,2200,maize
Bandarban,Rabi,Sweet Potato,382,77.76,48.44,19.79,6.25,20.5,17.0,24,80.0,90,70,243.94444444444449,3.795811518,Nov,Dec to March,April,1450,maize
Barguna,Rabi,Sweet Potato,1539,77.76,48.44,19.79,6.25,20.5,17.0,24,80.0,90,70,207.8076923076923,3.768680962,Nov,Dec to March,April,5800,maize
Barishal,Rabi,Sweet Potato,4580,77.76,48.44,19.79,6.25,20.5,17.0,24,80.0,90,70,175.42564102564103,3.672925764,Nov,Dec to March,April,16822,maize
Bhola,Rabi,Sweet Potato,4892,77.76,48.44,19.79,6.25,20.5,17.0,24,80.0,90,70,185.23090277777777,3.990596893,Nov,Dec to March,April,19522,maize
Bogura,Rabi,Sweet Potato,1505,77.76,48.44,19.79,6.25,20.5,17.0,24,80.0,90,70,142.85416666666666,4.403986711,Nov,Dec to March,April,6628,maize
Brahmanbaria,Rabi,Sweet Potato,2502,77.76,48.44,19.79,6.25,20.5,17.0,24,80.0,90,70,185.75631313131316,3.922861711,Nov,Dec to March,April,9815,maize
Chandpur,Rabi,Sweet Potato,1358,77.76,48.44,19.79,6.25,20.5,17.0,24,80.0,90,70,168.796875,3.406480118,Nov,Dec to March,April,4626,maize
Chapai Nawabganj,Rabi,Sweet Potato,148,77.76,48.44,19.79,6.25,20.5,17.0,24,80.0,90,70,124.92,4.641891892,Nov,Dec to March,April,687,maize
Chattogram,Rabi,Sweet Potato,4439,77.76,48.44,19.79,6.25,20.5,17.0,24,80.0,90,70,243.94444444444449,3.484118045,Nov,Dec to March,April,15466,maize
Chuadanga,Rabi,Sweet Potato,116,77.76,48.44,19.79,6.25,20.5,17.0,24,80.0,90,70,129.44444444444446,6.051724138,Nov,Dec to March,April,702,maize
CoxsBazar,Rabi,Sweet Potato,811,77.76,48.44,19.79,6.25,20.5,17.0,24,80.0,90,70,303.40277777777777,4.294697904,Nov,Dec to March,April,3483,maize
Cumilla,Rabi,Sweet Potato,2203,77.76,48.44,19.79,6.25,20.5,17.0,24,80.0,90,70,185.75631313131316,4.785746709,Nov,Dec to March,April,10543,maize
Dhaka,Rabi,Sweet Potato,393,77.76,48.44,19.79,6.25,20.5,17.0,24,80.0,90,70,169.94262295081967,5.419847328,Nov,Dec to March,April,2130,maize
Dinajpur,Rabi,Sweet Potato,482,77.76,48.44,19.79,6.25,20.5,17.0,24,80.0,90,70,154.21843434343435,3.910788382,Nov,Dec to March,April,1885,maize
Faridpur,Rabi,Sweet Potato,539,77.76,48.44,19.79,6.25,20.5,17.0,24,80.0,90,70,155.864898989899,3.788497217,Nov,Dec to March,April,2042,maize
Feni,Rabi,Sweet Potato,1221,77.76,48.44,19.79,6.25,20.5,17.0,24,80.0,90,70,248.1727642276423,3.83046683,Nov,Dec to March,April,4677,maize
Gaibandha,Rabi,Sweet Potato,593,77.76,48.44,19.79,6.25,20.5,17.0,24,80.0,90,70,179.6013888888889,3.397976391,Nov,Dec to March,April,2015,maize
Gazipur,Rabi,Sweet Potato,357,77.76,48.44,19.79,6.25,20.5,17.0,24,80.0,90,70,169.94262295081967,3.495798319,Nov,Dec to March,April,1248,maize
Gopalganj,Rabi,Sweet Potato,28,77.76,48.44,19.79,6.25,20.5,17.0,24,80.0,90,70,155.864898989899,4.928571429,Nov,Dec to March,April,138,maize
Habiganj,Rabi,Sweet Potato,686,77.76,48.44,19.79,6.25,20.5,17.0,24,80.0,90,70,333.72557471264366,4.648688047,Nov,Dec to March,April,3189,maize
Jamalpur,Rabi,Sweet Potato,4034,77.76,48.44,19.79,6.25,20.5,17.0,24,80.0,90,70,181.08838383838383,5.808874566,Nov,Dec to March,April,23433,maize
Jashore,Rabi,Sweet Potato,225,77.76,48.44,19.79,6.25,20.5,17.0,24,80.0,90,70,134.2247474747475,3.942222222,Nov,Dec to March,April,887,maize
Jhallokati,Rabi,Sweet Potato,740,77.76,48.44,19.79,6.25,20.5,17.0,24,80.0,90,70,175.42564102564103,3.810810811,Nov,Dec to March,April,2820,maize
Jhenaidah,Rabi,Sweet Potato,146,77.76,48.44,19.79,6.25,20.5,17.0,24,80.0,90,70,134.2247474747475,4.726027397,Nov,Dec to March,April,690,maize
Joypurhat,Rabi,Sweet Potato,235,77.76,48.44,19.79,6.25,20.5,17.0,24,80.0,90,70,142.85416666666666,4.127659574,Nov,Dec to March,April,970,maize
Khagrachari,Rabi,Sweet Potato,878,77.76,48.44,19.79,6.25,20.5,17.0,24,80.0,90,70,204.11111111111111,3.724373576,Nov,Dec to March,April,3270,maize
Khulna,Rabi,Sweet Potato,27,77.76,48.44,19.79,6.25,20.5,17.0,24,80.0,90,70,144.96843434343435,2.62962963,Nov,Dec to March,April,71,maize
Kishoreganj,Rabi,Sweet Potato,2074,77.76,48.44,19.79,6.25,20.5,17.0,24,80.0,90,70,181.08838383838383,5.677917068,Nov,Dec to March,April,11776,maize
Kurigram,Rabi,Sweet Potato,1043,77.76,48.44,19.79,6.25,20.5,17.0,24,80.0,90,70,179.6013888888889,5.777564717,Nov,Dec to March,April,6026,maize
Kushtia,Rabi,Sweet Potato,296,77.76,48.44,19.79,6.25,20.5,17.0,24,80.0,90,70,129.44444444444446,4.635135135,Nov,Dec to March,April,1372,maize
Lakshmipur,Rabi,Sweet Potato,968,77.76,48.44,19.79,6.25,20.5,17.0,24,80.0,90,70,185.75631313131316,2.555785124,Nov,Dec to March,April,2474,maize
Lalmonirhat,Rabi,Sweet Potato,222,77.76,48.44,19.79,6.25,20.5,17.0,24,80.0,90,70,179.6013888888889,3.085585586,Nov,Dec to March,April,685,maize
Madaripur,Rabi,Sweet Potato,425,77.76,48.44,19.79,6.25,20.5,17.0,24,80.0,90,70,160.41666666666666,4.122352941,Nov,Dec to March,April,1752,maize
Magura,Rabi,Sweet Potato,90,77.76,48.44,19.79,6.25,20.5,17.0,24,80.0,90,70,134.2247474747475,3.911111111,Nov,Dec to March,April,352,maize
Manikganj,Rabi,Sweet Potato,330,77.76,48.44,19.79,6.25,20.5,17.0,24,80.0,90,70,169.94262295081967,4.851515152,Nov,Dec to March,April,1601,maize
Meherpur,Rabi,Sweet Potato,70,77.76,48.44,19.79,6.25,20.5,17.0,24,80.0,90,70,129.44444444444446,5.257142857,Nov,Dec to March,April,368,maize
Moulvibazar,Rabi,Sweet Potato,230,77.76,48.44,19.79,6.25,20.5,17.0,24,80.0,90,70,333.72557471264366,4.791304348,Nov,Dec to March,April,1102,maize
Munshiganj,Rabi,Sweet Potato,154,77.76,48.44,19.79,6.25,20.5,17.0,24,80.0,90,70,169.94262295081967,3.837662338,Nov,Dec to March,April,591,maize
Mymensingh,Rabi,Sweet Potato,1193,77.76,48.44,19.79,6.25,20.5,17.0,24,80.0,90,70,181.08838383838383,4.099748533,Nov,Dec to March,April,4891,maize
Naogaon,Rabi,Sweet Potato,904,77.76,48.44,19.79,6.25,20.5,17.0,24,80.0,90,70,124.92,4.07079646,Nov,Dec to March,April,3680,maize
Narail,Rabi,Sweet Potato,64,77.76,48.44,19.79,6.25,20.5,17.0,24,80.0,90,70,134.2247474747475,4.140625,Nov,Dec to March,April,265,maize
Narayanganj,Rabi,Sweet Potato,432,77.76,48.44,19.79,6.25,20.5,17.0,24,80.0,90,70,169.94262295081967,4.766203704,Nov,Dec to March,April,2059,maize
Narsingdi,Rabi,Sweet Potato,1851,77.76,48.44,19.79,6.25,20.5,17.0,24,80.0,90,70,169.94262295081967,5.774176121,Nov,Dec to March,April,10688,maize
Natore,Rabi,Sweet Potato,794,77.76,48.44,19.79,6.25,20.5,17.0,24,80.0,90,70,124.92,3.802267003,Nov,Dec to March,April,3019,maize
Netrokona,Rabi,Sweet Potato,653,77.76,48.44,19.79,6.25,20.5,17.0,24,80.0,90,70,181.08838383838383,5.747320061,Nov,Dec to March,April,3753,maize
Nilphamari,Rabi,Sweet Potato,352,77.76,48.44,19.79,6.25,20.5,17.0,24,80.0,90,70,179.6013888888889,4.642045455,Nov,Dec to March,April,1634,maize
Noakhali,Rabi,Sweet Potato,7068,77.76,48.44,19.79,6.25,20.5,17.0,24,80.0,90,70,185.75631313131316,3.886955291,Nov,Dec to March,April,27473,maize
Pabna,Rabi,Sweet Potato,397,77.76,48.44,19.79,6.25,20.5,17.0,24,80.0,90,70,124.92,4.264483627,Nov,Dec to March,April,1693,maize
Panchagar,Rabi,Sweet Potato,371,77.76,48.44,19.79,6.25,20.5,17.0,24,80.0,90,70,154.21843434343435,5.318059299,Nov,Dec to March,April,1973,maize
Patuakhali,Rabi,Sweet Potato,1347,77.76,48.44,19.79,6.25,20.5,17.0,24,80.0,90,70,207.8076923076923,3.689680772,Nov,Dec to March,April,4970,maize
Pirojpur,Rabi,Sweet Potato,461,77.76,48.44,19.79,6.25,20.5,17.0,24,80.0,90,70,175.42564102564103,3.856832972,Nov,Dec to March,April,1778,maize
Rajbari,Rabi,Sweet Potato,348,77.76,48.44,19.79,6.25,20.5,17.0,24,80.0,90,70,155.864898989899,3.827586207,Nov,Dec to March,April,1332,maize
Rajshahi,Rabi,Sweet Potato,240,77.76,48.44,19.79,6.25,20.5,17.0,24,80.0,90,70,124.92,5.658333333,Nov,Dec to March,April,1358,maize
Rangamati,Rabi,Sweet Potato,606,77.76,48.44,19.79,6.25,20.5,17.0,24,80.0,90,70,204.11111111111111,3.679867987,Nov,Dec to March,April,2230,maize
Rangpur,Rabi,Sweet Potato,725,77.76,48.44,19.79,6.25,20.5,17.0,24,80.0,90,70,179.6013888888889,3.020689655,Nov,Dec to March,April,2190,maize
Satkhira,Rabi,Sweet Potato,39,77.76,48.44,19.79,6.25,20.5,17.0,24,80.0,90,70,140.35353535353536,4.512820513,Nov,Dec to March,April,176,maize
Shariatpur,Rabi,Sweet Potato,1181,77.76,48.44,19.79,6.25,20.5,17.0,24,80.0,90,70,155.864898989899,4.552921253,Nov,Dec to March,April,5377,maize
Sherpur,Rabi,Sweet Potato,1042,77.76,48.44,19.79,6.25,20.5,17.0,24,80.0,90,70,181.08838383838383,6.452015355,Nov,Dec to March,April,6723,maize
Sirajganj,Rabi,Sweet Potato,825,77.76,48.44,19.79,6.25,20.5,17.0,24,80.0,90,70,142.85416666666666,4.535757576,Nov,Dec to March,April,3742,maize
Sunamganj,Rabi,Sweet Potato,703,77.76,48.44,19.79,6.25,20.5,17.0,24,80.0,90,70,333.72557471264366,6.230440967,Nov,Dec to March,April,4380,maize
Sylhet,Rabi,Sweet Potato,303,77.76,48.44,19.79,6.25,20.5,17.0,24,80.0,90,70,333.72557471264366,2.722772277,Nov,Dec to March,April,825,maize
Tangail,Rabi,Sweet Potato,1623,77.76,48.44,19.79,6.25,20.5,17.0,24,80.0,90,70,153.4104938271605,4.189772027,Nov,Dec to March,April,6800,maize
Thakurgaon,Rabi,Sweet Potato,399,77.76,48.44,19.79,6.25,20.5,17.0,24,80.0,90,70,154.21843434343435,3.676691729,Nov,Dec to March,April,1467,maize
Bagerhat,Kharif 1,Taramind,51,20.07,27.18,29.92,5.77,32.5,25.0,40,65.0,80,50,144.96843434343435,2.843137255,February,March to April,February to May,145,mango
Bandarban,Kharif 1,Taramind,756,20.07,27.18,29.92,5.77,32.5,25.0,40,65.0,80,50,243.94444444444449,0.9417989418,February,March to April,February to May,712,mango
Barguna,Kharif 1,Taramind,214,20.07,27.18,29.92,5.77,32.5,25.0,40,65.0,80,50,207.8076923076923,0.6355140187,February,March to April,February to May,136,mango
Barishal,Kharif 1,Taramind,281,20.07,27.18,29.92,5.77,32.5,25.0,40,65.0,80,50,175.42564102564103,0.8790035587,February,March to April,February to May,247,mango
Bhola,Kharif 1,Taramind,21,20.07,27.18,29.92,5.77,32.5,25.0,40,65.0,80,50,185.23090277777777,8.761904762,February,March to April,February to May,184,mango
Bogura,Kharif 1,Taramind,94,20.07,27.18,29.92,5.77,32.5,25.0,40,65.0,80,50,142.85416666666666,3.627659574,February,March to April,February to May,341,mango
Brahmanbaria,Kharif 1,Taramind,629,20.07,27.18,29.92,5.77,32.5,25.0,40,65.0,80,50,185.75631313131316,0.1685214626,February,March to April,February to May,106,mango
Chandpur,Kharif 1,Taramind,43,20.07,27.18,29.92,5.77,32.5,25.0,40,65.0,80,50,168.796875,2.627906977,February,March to April,February to May,113,mango
Chapai Nawabganj,Kharif 1,Taramind,13,20.07,27.18,29.92,5.77,32.5,25.0,40,65.0,80,50,124.92,1.769230769,February,March to April,February to May,23,mango
Chattogram,Kharif 1,Taramind,26,20.07,27.18,29.92,5.77,32.5,25.0,40,65.0,80,50,243.94444444444449,4.5,February,March to April,February to May,117,mango
Chuadanga,Kharif 1,Taramind,7,20.07,27.18,29.92,5.77,32.5,25.0,40,65.0,80,50,129.44444444444446,8.0,February,March to April,February to May,56,mango
CoxsBazar,Kharif 1,Taramind,21,20.07,27.18,29.92,5.77,32.5,25.0,40,65.0,80,50,303.40277777777777,2.904761905,February,March to April,February to May,61,mango
Cumilla,Kharif 1,Taramind,312,20.07,27.18,29.92,5.77,32.5,25.0,40,65.0,80,50,185.75631313131316,0.4455128205,February,March to April,February to May,139,mango
Dhaka,Kharif 1,Taramind,19,20.07,27.18,29.92,5.77,32.5,25.0,40,65.0,80,50,169.94262295081967,9.894736842,February,March to April,February to May,188,mango
Dinajpur,Kharif 1,Taramind,18,20.07,27.18,29.92,5.77,32.5,25.0,40,65.0,80,50,154.21843434343435,2.944444444,February,March to April,February to May,53,mango
Faridpur,Kharif 1,Taramind,156,20.07,27.18,29.92,5.77,32.5,25.0,40,65.0,80,50,155.864898989899,1.448717949,February,March to April,February to May,226,mango
Feni,Kharif 1,Taramind,70,20.07,27.18,29.92,5.77,32.5,25.0,40,65.0,80,50,248.1727642276423,0.3,February,March to April,February to May,21,mango
Gaibandha,Kharif 1,Taramind,23,20.07,27.18,29.92,5.77,32.5,25.0,40,65.0,80,50,179.6013888888889,1.173913043,February,March to April,February to May,27,mango
Gazipur,Kharif 1,Taramind,52,20.07,27.18,29.92,5.77,32.5,25.0,40,65.0,80,50,169.94262295081967,2.596153846,February,March to April,February to May,135,mango
Gopalganj,Kharif 1,Taramind,35,20.07,27.18,29.92,5.77,32.5,25.0,40,65.0,80,50,155.864898989899,4.028571429,February,March to April,February to May,141,mango
Habiganj,Kharif 1,Taramind,23,20.07,27.18,29.92,5.77,32.5,25.0,40,65.0,80,50,333.72557471264366,0.6956521739,February,March to April,February to May,16,mango
Jamalpur,Kharif 1,Taramind,65,20.07,27.18,29.92,5.77,32.5,25.0,40,65.0,80,50,181.08838383838383,1.938461538,February,March to April,February to May,126,mango
Jashore,Kharif 1,Taramind,69,20.07,27.18,29.92,5.77,32.5,25.0,40,65.0,80,50,134.2247474747475,5.014492754,February,March to April,February to May,346,mango
Jhallokati,Kharif 1,Taramind,56,20.07,27.18,29.92,5.77,32.5,25.0,40,65.0,80,50,175.42564102564103,0.9821428571,February,March to April,February to May,55,mango
Jhenaidah,Kharif 1,Taramind,25,20.07,27.18,29.92,5.77,32.5,25.0,40,65.0,80,50,134.2247474747475,7.48,February,March to April,February to May,187,mango
Joypurhat,Kharif 1,Taramind,17,20.07,27.18,29.92,5.77,32.5,25.0,40,65.0,80,50,142.85416666666666,4.823529412,February,March to April,February to May,82,mango
Khagrachari,Kharif 1,Taramind,115,20.07,27.18,29.92,5.77,32.5,25.0,40,65.0,80,50,204.11111111111111,2.27826087,February,March to April,February to May,262,mango
Khulna,Kharif 1,Taramind,131,20.07,27.18,29.92,5.77,32.5,25.0,40,65.0,80,50,144.96843434343435,2.022900763,February,March to April,February to May,265,mango
Kishoreganj,Kharif 1,Taramind,46,20.07,27.18,29.92,5.77,32.5,25.0,40,65.0,80,50,181.08838383838383,2.782608696,February,March to April,February to May,128,mango
Kurigram,Kharif 1,Taramind,17,20.07,27.18,29.92,5.77,32.5,25.0,40,65.0,80,50,179.6013888888889,1.764705882,February,March to April,February to May,30,mango
Kushtia,Kharif 1,Taramind,51,20.07,27.18,29.92,5.77,32.5,25.0,40,65.0,80,50,129.44444444444446,3.019607843,February,March to April,February to May,154,mango
Lakshmipur,Kharif 1,Taramind,42,20.07,27.18,29.92,5.77,32.5,25.0,40,65.0,80,50,185.75631313131316,1.880952381,February,March to April,February to May,79,mango
Lalmonirhat,Kharif 1,Taramind,9,20.07,27.18,29.92,5.77,32.5,25.0,40,65.0,80,50,179.6013888888889,3.666666667,February,March to April,February to May,33,mango
Madaripur,Kharif 1,Taramind,36,20.07,27.18,29.92,5.77,32.5,25.0,40,65.0,80,50,160.41666666666666,8.555555556,February,March to April,February to May,308,mango
Magura,Kharif 1,Taramind,18,20.07,27.18,29.92,5.77,32.5,25.0,40,65.0,80,50,134.2247474747475,4.888888889,February,March to April,February to May,88,mango
Manikganj,Kharif 1,Taramind,17,20.07,27.18,29.92,5.77,32.5,25.0,40,65.0,80,50,169.94262295081967,3.411764706,February,March to April,February to May,58,mango
Meherpur,Kharif 1,Taramind,25,20.07,27.18,29.92,5.77,32.5,25.0,40,65.0,80,50,129.44444444444446,1.28,February,March to April,February to May,32,mango
Moulvibazar,Kharif 1,Taramind,40,20.07,27.18,29.92,5.77,32.5,25.0,40,65.0,80,50,333.72557471264366,3.0,February,March to April,February to May,120,mango
Munshiganj,Kharif 1,Taramind,10,20.07,27.18,29.92,5.77,32.5,25.0,40,65.0,80,50,169.94262295081967,5.0,February,March to April,February to May,50,mango
Mymensingh,Kharif 1,Taramind,216,20.07,27.18,29.92,5.77,32.5,25.0,40,65.0,80,50,181.08838383838383,1.546296296,February,March to April,February to May,334,mango
Naogaon,Kharif 1,Taramind,26,20.07,27.18,29.92,5.77,32.5,25.0,40,65.0,80,50,124.92,6.538461538,February,March to April,February to May,170,mango
Narail,Kharif 1,Taramind,107,20.07,27.18,29.92,5.77,32.5,25.0,40,65.0,80,50,134.2247474747475,0.8785046729,February,March to April,February to May,94,mango
Narayanganj,Kharif 1,Taramind,10,20.07,27.18,29.92,5.77,32.5,25.0,40,65.0,80,50,169.94262295081967,10.8,February,March to April,February to May,108,mango
Narsingdi,Kharif 1,Taramind,22,20.07,27.18,29.92,5.77,32.5,25.0,40,65.0,80,50,169.94262295081967,8.363636364,February,March to April,February to May,184,mango
Natore,Kharif 1,Taramind,47,20.07,27.18,29.92,5.77,32.5,25.0,40,65.0,80,50,124.92,4.340425532,February,March to April,February to May,204,mango
Netrokona,Kharif 1,Taramind,31,20.07,27.18,29.92,5.77,32.5,25.0,40,65.0,80,50,181.08838383838383,3.483870968,February,March to April,February to May,108,mango
Nilphamari,Kharif 1,Taramind,5,20.07,27.18,29.92,5.77,32.5,25.0,40,65.0,80,50,179.6013888888889,6.2,February,March to April,February to May,31,mango
Pabna,Kharif 1,Taramind,306,20.07,27.18,29.92,5.77,32.5,25.0,40,65.0,80,50,124.92,1.104575163,February,March to April,February to May,338,mango
Panchagar,Kharif 1,Taramind,10,20.07,27.18,29.92,5.77,32.5,25.0,40,65.0,80,50,154.21843434343435,2.9,February,March to April,February to May,29,mango
Patuakhali,Kharif 1,Taramind,346,20.07,27.18,29.92,5.77,32.5,25.0,40,65.0,80,50,207.8076923076923,0.4682080925,February,March to April,February to May,162,mango
Pirojpur,Kharif 1,Taramind,76,20.07,27.18,29.92,5.77,32.5,25.0,40,65.0,80,50,175.42564102564103,2.328947368,February,March to April,February to May,177,mango
Rajbari,Kharif 1,Taramind,23,20.07,27.18,29.92,5.77,32.5,25.0,40,65.0,80,50,155.864898989899,7.391304348,February,March to April,February to May,170,mango
Rajshahi,Kharif 1,Taramind,71,20.07,27.18,29.92,5.77,32.5,25.0,40,65.0,80,50,124.92,2.211267606,February,March to April,February to May,157,mango
Rangamati,Kharif 1,Taramind,523,20.07,27.18,29.92,5.77,32.5,25.0,40,65.0,80,50,204.11111111111111,0.7533460803,February,March to April,February to May,394,mango
Rangpur,Kharif 1,Taramind,19,20.07,27.18,29.92,5.77,32.5,25.0,40,65.0,80,50,179.6013888888889,6.263157895,February,March to April,February to May,119,mango
Satkhira,Kharif 1,Taramind,580,20.07,27.18,29.92,5.77,32.5,25.0,40,65.0,80,50,140.35353535353536,0.4706896552,February,March to April,February to May,273,mango
Shariatpur,Kharif 1,Taramind,31,20.07,27.18,29.92,5.77,32.5,25.0,40,65.0,80,50,155.864898989899,4.064516129,February,March to April,February to May,126,mango
Sherpur,Kharif 1,Taramind,57,20.07,27.18,29.92,5.77,32.5,25.0,40,65.0,80,50,181.08838383838383,5.631578947,February,March to April,February to May,321,mango
Sirajganj,Kharif 1,Taramind,8,20.07,27.18,29.92,5.77,32.5,25.0,40,65.0,80,50,142.85416666666666,19.375,February,March to April,February to May,155,mango
Sunamganj,Kharif 1,Taramind,11,20.07,27.18,29.92,5.77,32.5,25.0,40,65.0,80,50,333.72557471264366,1.0,February,March to April,February to May,11,mango
Sylhet,Kharif 1,Taramind,17,20.07,27.18,29.92,5.77,32.5,25.0,40,65.0,80,50,333.72557471264366,1.470588235,February,March to April,February to May,25,mango
Tangail,Kharif 1,Taramind,29,20.07,27.18,29.92,5.77,32.5,25.0,40,65.0,80,50,153.4104938271605,5.034482759,February,March to April,February to May,146,mango
Thakurgaon,Kharif 1,Taramind,5,20.07,27.18,29.92,5.77,32.5,25.0,40,65.0,80,50,154.21843434343435,8.4,February,March to April,February to May,42,mango
Bagerhat,Kharif 2,Tobacco,0,117.77,46.24,19.56,6.91,17.5,15.0,20,67.5,85,50,144.96843434343435,2.518413598,Oct,Nov to Feb,Feb to April,0,cotton
Bandarban,Kharif 2,Tobacco,6641,117.77,46.24,19.56,6.91,17.5,15.0,20,67.5,85,50,243.94444444444449,0.4857702153,Oct,Nov to Feb,Feb to April,3226,cotton
Barguna,Kharif 2,Tobacco,0,117.77,46.24,19.56,6.91,17.5,15.0,20,67.5,85,50,207.8076923076923,2.518413598,Oct,Nov to Feb,Feb to April,0,cotton
Barishal,Kharif 2,Tobacco,0,117.77,46.24,19.56,6.91,17.5,15.0,20,67.5,85,50,175.42564102564103,2.518413598,Oct,Nov to Feb,Feb to April,0,cotton
Bhola,Kharif 2,Tobacco,0,117.77,46.24,19.56,6.91,17.5,15.0,20,67.5,85,50,185.23090277777777,2.518413598,Oct,Nov to Feb,Feb to April,0,cotton
Bogura,Kharif 2,Tobacco,0,117.77,46.24,19.56,6.91,17.5,15.0,20,67.5,85,50,142.85416666666666,2.518413598,Oct,Nov to Feb,Feb to April,0,cotton
Brahmanbaria,Kharif 2,Tobacco,0,117.77,46.24,19.56,6.91,17.5,15.0,20,67.5,85,50,185.75631313131316,2.518413598,Oct,Nov to Feb,Feb to April,0,cotton
Chandpur,Kharif 2,Tobacco,0,117.77,46.24,19.56,6.91,17.5,15.0,20,67.5,85,50,168.796875,2.518413598,Oct,Nov to Feb,Feb to April,0,cotton
Chapai Nawabganj,Kharif 2,Tobacco,0,117.77,46.24,19.56,6.91,17.5,15.0,20,67.5,85,50,124.92,2.518413598,Oct,Nov to Feb,Feb to April,0,cotton
Chattogram,Kharif 2,Tobacco,21,117.77,46.24,19.56,6.91,17.5,15.0,20,67.5,85,50,243.94444444444449,0.2857142857,Oct,Nov to Feb,Feb to April,6,cotton
Chuadanga,Kharif 2,Tobacco,2485,117.77,46.24,19.56,6.91,17.5,15.0,20,67.5,85,50,129.44444444444446,0.985915493,Oct,Nov to Feb,Feb to April,2450,cotton
CoxsBazar,Kharif 2,Tobacco,385,117.77,46.24,19.56,6.91,17.5,15.0,20,67.5,85,50,303.40277777777777,1.096103896,Oct,Nov to Feb,Feb to April,422,cotton
Cumilla,Kharif 2,Tobacco,0,117.77,46.24,19.56,6.91,17.5,15.0,20,67.5,85,50,185.75631313131316,2.518413598,Oct,Nov to Feb,Feb to April,0,cotton
Dhaka,Kharif 2,Tobacco,0,117.77,46.24,19.56,6.91,17.5,15.0,20,67.5,85,50,169.94262295081967,2.518413598,Oct,Nov to Feb,Feb to April,0,cotton
Dinajpur,Kharif 2,Tobacco,9,117.77,46.24,19.56,6.91,17.5,15.0,20,67.5,85,50,154.21843434343435,0.4444444444,Oct,Nov to Feb,Feb to April,4,cotton
Faridpur,Kharif 2,Tobacco,95,117.77,46.24,19.56,6.91,17.5,15.0,20,67.5,85,50,155.864898989899,0.8105263158,Oct,Nov to Feb,Feb to April,77,cotton
Feni,Kharif 2,Tobacco,0,117.77,46.24,19.56,6.91,17.5,15.0,20,67.5,85,50,248.1727642276423,2.518413598,Oct,Nov to Feb,Feb to April,0,cotton
Gaibandha,Kharif 2,Tobacco,82,117.77,46.24,19.56,6.91,17.5,15.0,20,67.5,85,50,179.6013888888889,0.7317073171,Oct,Nov to Feb,Feb to April,60,cotton
Gazipur,Kharif 2,Tobacco,0,117.77,46.24,19.56,6.91,17.5,15.0,20,67.5,85,50,169.94262295081967,2.518413598,Oct,Nov to Feb,Feb to April,0,cotton
Gopalganj,Kharif 2,Tobacco,0,117.77,46.24,19.56,6.91,17.5,15.0,20,67.5,85,50,155.864898989899,2.518413598,Oct,Nov to Feb,Feb to April,0,cotton
Habiganj,Kharif 2,Tobacco,0,117.77,46.24,19.56,6.91,17.5,15.0,20,67.5,85,50,333.72557471264366,2.518413598,Oct,Nov to Feb,Feb to April,0,cotton
Jamalpur,Kharif 2,Tobacco,33,117.77,46.24,19.56,6.91,17.5,15.0,20,67.5,85,50,181.08838383838383,0.4848484848,Oct,Nov to Feb,Feb to April,16,cotton
Jashore,Kharif 2,Tobacco,0,117.77,46.24,19.56,6.91,17.5,15.0,20,67.5,85,50,134.2247474747475,2.518413598,Oct,Nov to Feb,Feb to April,0,cotton
Jhallokati,Kharif 2,Tobacco,0,117.77,46.24,19.56,6.91,17.5,15.0,20,67.5,85,50,175.42564102564103,2.518413598,Oct,Nov to Feb,Feb to April,0,cotton
Jhenaidah,Kharif 2,Tobacco,4002,117.77,46.24,19.56,6.91,17.5,15.0,20,67.5,85,50,134.2247474747475,0.8263368316,Oct,Nov to Feb,Feb to April,3307,cotton
Joypurhat,Kharif 2,Tobacco,0,117.77,46.24,19.56,6.91,17.5,15.0,20,67.5,85,50,142.85416666666666,2.518413598,Oct,Nov to Feb,Feb to April,0,cotton
Khagrachari,Kharif 2,Tobacco,2046,117.77,46.24,19.56,6.91,17.5,15.0,20,67.5,85,50,204.11111111111111,0.9662756598,Oct,Nov to Feb,Feb to April,1977,cotton
Khulna,Kharif 2,Tobacco,0,117.77,46.24,19.56,6.91,17.5,15.0,20,67.5,85,50,144.96843434343435,2.518413598,Oct,Nov to Feb,Feb to April,0,cotton
Kishoreganj,Kharif 2,Tobacco,0,117.77,46.24,19.56,6.91,17.5,15.0,20,67.5,85,50,181.08838383838383,2.518413598,Oct,Nov to Feb,Feb to April,0,cotton
Kurigram,Kharif 2,Tobacco,393,117.77,46.24,19.56,6.91,17.5,15.0,20,67.5,85,50,179.6013888888889,0.6132315522,Oct,Nov to Feb,Feb to April,241,cotton
Kushtia,Kharif 2,Tobacco,32376,117.77,46.24,19.56,6.91,17.5,15.0,20,67.5,85,50,129.44444444444446,1.067920682,Oct,Nov to Feb,Feb to April,34575,cotton
Lakshmipur,Kharif 2,Tobacco,0,117.77,46.24,19.56,6.91,17.5,15.0,20,67.5,85,50,185.75631313131316,2.518413598,Oct,Nov to Feb,Feb to April,0,cotton
Lalmonirhat,Kharif 2,Tobacco,17404,117.77,46.24,19.56,6.91,17.5,15.0,20,67.5,85,50,179.6013888888889,0.838830154,Oct,Nov to Feb,Feb to April,14599,cotton
Madaripur,Kharif 2,Tobacco,0,117.77,46.24,19.56,6.91,17.5,15.0,20,67.5,85,50,160.41666666666666,2.518413598,Oct,Nov to Feb,Feb to April,0,cotton
Magura,Kharif 2,Tobacco,1,117.77,46.24,19.56,6.91,17.5,15.0,20,67.5,85,50,134.2247474747475,0.0,Oct,Nov to Feb,Feb to April,0,cotton
Manikganj,Kharif 2,Tobacco,5365,117.77,46.24,19.56,6.91,17.5,15.0,20,67.5,85,50,169.94262295081967,0.8320596459,Oct,Nov to Feb,Feb to April,4464,cotton
Meherpur,Kharif 2,Tobacco,6057,117.77,46.24,19.56,6.91,17.5,15.0,20,67.5,85,50,129.44444444444446,1.134885257,Oct,Nov to Feb,Feb to April,6874,cotton
Moulvibazar,Kharif 2,Tobacco,0,117.77,46.24,19.56,6.91,17.5,15.0,20,67.5,85,50,333.72557471264366,2.518413598,Oct,Nov to Feb,Feb to April,0,cotton
Munshiganj,Kharif 2,Tobacco,4,117.77,46.24,19.56,6.91,17.5,15.0,20,67.5,85,50,169.94262295081967,0.5,Oct,Nov to Feb,Feb to April,2,cotton
Mymensingh,Kharif 2,Tobacco,0,117.77,46.24,19.56,6.91,17.5,15.0,20,67.5,85,50,181.08838383838383,2.518413598,Oct,Nov to Feb,Feb to April,0,cotton
Naogaon,Kharif 2,Tobacco,0,117.77,46.24,19.56,6.91,17.5,15.0,20,67.5,85,50,124.92,2.518413598,Oct,Nov to Feb,Feb to April,0,cotton
Narail,Kharif 2,Tobacco,0,117.77,46.24,19.56,6.91,17.5,15.0,20,67.5,85,50,134.2247474747475,2.518413598,Oct,Nov to Feb,Feb to April,0,cotton
Narayanganj,Kharif 2,Tobacco,0,117.77,46.24,19.56,6.91,17.5,15.0,20,67.5,85,50,169.94262295081967,2.518413598,Oct,Nov to Feb,Feb to April,0,cotton
Narsingdi,Kharif 2,Tobacco,0,117.77,46.24,19.56,6.91,17.5,15.0,20,67.5,85,50,169.94262295081967,2.518413598,Oct,Nov to Feb,Feb to April,0,cotton
Natore,Kharif 2,Tobacco,87,117.77,46.24,19.56,6.91,17.5,15.0,20,67.5,85,50,124.92,0.4367816092,Oct,Nov to Feb,Feb to April,38,cotton
Netrokona,Kharif 2,Tobacco,36,117.77,46.24,19.56,6.91,17.5,15.0,20,67.5,85,50,181.08838383838383,1.0,Oct,Nov to Feb,Feb to April,36,cotton
Nilphamari,Kharif 2,Tobacco,12075,117.77,46.24,19.56,6.91,17.5,15.0,20,67.5,85,50,179.6013888888889,0.7561076605,Oct,Nov to Feb,Feb to April,9130,cotton
Noakhali,Kharif 2,Tobacco,0,117.77,46.24,19.56,6.91,17.5,15.0,20,67.5,85,50,185.75631313131316,2.518413598,Oct,Nov to Feb,Feb to April,0,cotton
Pabna,Kharif 2,Tobacco,0,117.77,46.24,19.56,6.91,17.5,15.0,20,67.5,85,50,124.92,2.518413598,Oct,Nov to Feb,Feb to April,0,cotton
Panchagar,Kharif 2,Tobacco,10,117.77,46.24,19.56,6.91,17.5,15.0,20,67.5,85,50,154.21843434343435,0.2,Oct,Nov to Feb,Feb to April,2,cotton
Patuakhali,Kharif 2,Tobacco,0,117.77,46.24,19.56,6.91,17.5,15.0,20,67.5,85,50,207.8076923076923,2.518413598,Oct,Nov to Feb,Feb to April,0,cotton
Pirojpur,Kharif 2,Tobacco,0,117.77,46.24,19.56,6.91,17.5,15.0,20,67.5,85,50,175.42564102564103,2.518413598,Oct,Nov to Feb,Feb to April,0,cotton
Rajbari,Kharif 2,Tobacco,103,117.77,46.24,19.56,6.91,17.5,15.0,20,67.5,85,50,155.864898989899,0.9126213592,Oct,Nov to Feb,Feb to April,94,cotton
Rajshahi,Kharif 2,Tobacco,0,117.77,46.24,19.56,6.91,17.5,15.0,20,67.5,85,50,124.92,2.518413598,Oct,Nov to Feb,Feb to April,0,cotton
Rangamati,Kharif 2,Tobacco,1322,117.77,46.24,19.56,6.91,17.5,15.0,20,67.5,85,50,204.11111111111111,0.6875945537,Oct,Nov to Feb,Feb to April,909,cotton
Rangpur,Kharif 2,Tobacco,8222,117.77,46.24,19.56,6.91,17.5,15.0,20,67.5,85,50,179.6013888888889,0.7675747993,Oct,Nov to Feb,Feb to April,6311,cotton
Satkhira,Kharif 2,Tobacco,0,117.77,46.24,19.56,6.91,17.5,15.0,20,67.5,85,50,140.35353535353536,2.518413598,Oct,Nov to Feb,Feb to April,0,cotton
Shariatpur,Kharif 2,Tobacco,0,117.77,46.24,19.56,6.91,17.5,15.0,20,67.5,85,50,155.864898989899,2.518413598,Oct,Nov to Feb,Feb to April,0,cotton
Sherpur,Kharif 2,Tobacco,0,117.77,46.24,19.56,6.91,17.5,15.0,20,67.5,85,50,181.08838383838383,2.518413598,Oct,Nov to Feb,Feb to April,0,cotton
Sirajganj,Kharif 2,Tobacco,0,117.77,46.24,19.56,6.91,17.5,15.0,20,67.5,85,50,142.85416666666666,2.518413598,Oct,Nov to Feb,Feb to April,0,cotton
Sunamganj,Kharif 2,Tobacco,0,117.77,46.24,19.56,6.91,17.5,15.0,20,67.5,85,50,333.72557471264366,2.518413598,Oct,Nov to Feb,Feb to April,0,cotton
Sylhet,Kharif 2,Tobacco,0,117.77,46.24,19.56,6.91,17.5,15.0,20,67.5,85,50,333.72557471264366,2.518413598,Oct,Nov to Feb,Feb to April,0,cotton
Tangail,Kharif 2,Tobacco,342,117.77,46.24,19.56,6.91,17.5,15.0,20,67.5,85,50,153.4104938271605,0.5058479532,Oct,Nov to Feb,Feb to April,173,cotton
Thakurgaon,Kharif 2,Tobacco,0,117.77,46.24,19.56,6.91,17.5,15.0,20,67.5,85,50,154.21843434343435,2.518413598,Oct,Nov to Feb,Feb to April,0,cotton
Bagerhat,Rabi,Wheat,259,79.89,47.58,39.87,6.43,17.75,15.5,20,55.0,60,50,144.96843434343435,0.7722007722,Dec,Jan  to  March,April,200,rice
Bandarban,Rabi,Wheat,0,79.89,47.58,39.87,6.43,17.75,15.5,20,55.0,60,50,243.94444444444449,2.518413598,Dec,Jan  to  March,April,0,rice
Barguna,Rabi,Wheat,0,79.89,47.58,39.87,6.43,17.75,15.5,20,55.0,60,50,207.8076923076923,2.518413598,Dec,Jan  to  March,April,0,rice
Barishal,Rabi,Wheat,1800,79.89,47.58,39.87,6.43,17.75,15.5,20,55.0,60,50,175.42564102564103,0.9422222222,Dec,Jan  to  March,April,1696,rice
Bhola,Rabi,Wheat,5670,79.89,47.58,39.87,6.43,17.75,15.5,20,55.0,60,50,185.23090277777777,1.235449735,Dec,Jan  to  March,April,7005,rice
Bogura,Rabi,Wheat,6264,79.89,47.58,39.87,6.43,17.75,15.5,20,55.0,60,50,142.85416666666666,1.185185185,Dec,Jan  to  March,April,7424,rice
Brahmanbaria,Rabi,Wheat,1898,79.89,47.58,39.87,6.43,17.75,15.5,20,55.0,60,50,185.75631313131316,0.7260273973,Dec,Jan  to  March,April,1378,rice
Chandpur,Rabi,Wheat,107,79.89,47.58,39.87,6.43,17.75,15.5,20,55.0,60,50,168.796875,1.093457944,Dec,Jan  to  March,April,117,rice
Chapai Nawabganj,Rabi,Wheat,60134,79.89,47.58,39.87,6.43,17.75,15.5,20,55.0,60,50,124.92,1.468836266,Dec,Jan  to  March,April,88327,rice
Chattogram,Rabi,Wheat,0,79.89,47.58,39.87,6.43,17.75,15.5,20,55.0,60,50,243.94444444444449,2.518413598,Dec,Jan  to  March,April,0,rice
Chuadanga,Rabi,Wheat,1869,79.89,47.58,39.87,6.43,17.75,15.5,20,55.0,60,50,129.44444444444446,1.504547887,Dec,Jan  to  March,April,2812,rice
CoxsBazar,Rabi,Wheat,0,79.89,47.58,39.87,6.43,17.75,15.5,20,55.0,60,50,303.40277777777777,2.518413598,Dec,Jan  to  March,April,0,rice
Cumilla,Rabi,Wheat,1231,79.89,47.58,39.87,6.43,17.75,15.5,20,55.0,60,50,185.75631313131316,1.022745735,Dec,Jan  to  March,April,1259,rice
Dhaka,Rabi,Wheat,372,79.89,47.58,39.87,6.43,17.75,15.5,20,55.0,60,50,169.94262295081967,1.22311828,Dec,Jan  to  March,April,455,rice
Dinajpur,Rabi,Wheat,10237,79.89,47.58,39.87,6.43,17.75,15.5,20,55.0,60,50,154.21843434343435,1.279183354,Dec,Jan  to  March,April,13095,rice
Faridpur,Rabi,Wheat,55341,79.89,47.58,39.87,6.43,17.75,15.5,20,55.0,60,50,155.864898989899,1.37738747,Dec,Jan  to  March,April,76226,rice
Feni,Rabi,Wheat,150,79.89,47.58,39.87,6.43,17.75,15.5,20,55.0,60,50,248.1727642276423,1.073333333,Dec,Jan  to  March,April,161,rice
Gaibandha,Rabi,Wheat,7317,79.89,47.58,39.87,6.43,17.75,15.5,20,55.0,60,50,179.6013888888889,1.194888616,Dec,Jan  to  March,April,8743,rice
Gazipur,Rabi,Wheat,167,79.89,47.58,39.87,6.43,17.75,15.5,20,55.0,60,50,169.94262295081967,1.191616766,Dec,Jan  to  March,April,199,rice
Gopalganj,Rabi,Wheat,13291,79.89,47.58,39.87,6.43,17.75,15.5,20,55.0,60,50,155.864898989899,1.159355955,Dec,Jan  to  March,April,15409,rice
Habiganj,Rabi,Wheat,550,79.89,47.58,39.87,6.43,17.75,15.5,20,55.0,60,50,333.72557471264366,1.074545455,Dec,Jan  to  March,April,591,rice
Jamalpur,Rabi,Wheat,10623,79.89,47.58,39.87,6.43,17.75,15.5,20,55.0,60,50,181.08838383838383,1.145533277,Dec,Jan  to  March,April,12169,rice
Jashore,Rabi,Wheat,1890,79.89,47.58,39.87,6.43,17.75,15.5,20,55.0,60,50,134.2247474747475,1.227513228,Dec,Jan  to  March,April,2320,rice
Jhallokati,Rabi,Wheat,160,79.89,47.58,39.87,6.43,17.75,15.5,20,55.0,60,50,175.42564102564103,1.24375,Dec,Jan  to  March,April,199,rice
Jhenaidah,Rabi,Wheat,13261,79.89,47.58,39.87,6.43,17.75,15.5,20,55.0,60,50,134.2247474747475,1.406530428,Dec,Jan  to  March,April,18652,rice
Joypurhat,Rabi,Wheat,5649,79.89,47.58,39.87,6.43,17.75,15.5,20,55.0,60,50,142.85416666666666,1.09700832,Dec,Jan  to  March,April,6197,rice
Khagrachari,Rabi,Wheat,0,79.89,47.58,39.87,6.43,17.75,15.5,20,55.0,60,50,204.11111111111111,2.518413598,Dec,Jan  to  March,April,0,rice
Khulna,Rabi,Wheat,497,79.89,47.58,39.87,6.43,17.75,15.5,20,55.0,60,50,144.96843434343435,1.040241449,Dec,Jan  to  March,April,517,rice
Kishoreganj,Rabi,Wheat,3030,79.89,47.58,39.87,6.43,17.75,15.5,20,55.0,60,50,181.08838383838383,1.017821782,Dec,Jan  to  March,April,3084,rice
Kurigram,Rabi,Wheat,20932,79.89,47.58,39.87,6.43,17.75,15.5,20,55.0,60,50,179.6013888888889,1.337425951,Dec,Jan  to  March,April,27995,rice
Kushtia,Rabi,Wheat,27399,79.89,47.58,39.87,6.43,17.75,15.5,20,55.0,60,50,129.44444444444446,1.560640899,Dec,Jan  to  March,April,42760,rice
Lakshmipur,Rabi,Wheat,0,79.89,47.58,39.87,6.43,17.75,15.5,20,55.0,60,50,185.75631313131316,2.518413598,Dec,Jan  to  March,April,0,rice
Lalmonirhat,Rabi,Wheat,3302,79.89,47.58,39.87,6.43,17.75,15.5,20,55.0,60,50,179.6013888888889,1.216232586,Dec,Jan  to  March,April,4016,rice
Madaripur,Rabi,Wheat,11787,79.89,47.58,39.87,6.43,17.75,15.5,20,55.0,60,50,160.41666666666666,1.194451514,Dec,Jan  to  March,April,14079,rice
Magura,Rabi,Wheat,10947,79.89,47.58,39.87,6.43,17.75,15.5,20,55.0,60,50,134.2247474747475,1.132182333,Dec,Jan  to  March,April,12394,rice
Manikganj,Rabi,Wheat,3993,79.89,47.58,39.87,6.43,17.75,15.5,20,55.0,60,50,169.94262295081967,1.135487102,Dec,Jan  to  March,April,4534,rice
Meherpur,Rabi,Wheat,31854,79.89,47.58,39.87,6.43,17.75,15.5,20,55.0,60,50,129.44444444444446,1.718936397,Dec,Jan  to  March,April,54755,rice
Moulvibazar,Rabi,Wheat,88,79.89,47.58,39.87,6.43,17.75,15.5,20,55.0,60,50,333.72557471264366,0.7045454545,Dec,Jan  to  March,April,62,rice
Munshiganj,Rabi,Wheat,21,79.89,47.58,39.87,6.43,17.75,15.5,20,55.0,60,50,169.94262295081967,1.142857143,Dec,Jan  to  March,April,24,rice
Mymensingh,Rabi,Wheat,3247,79.89,47.58,39.87,6.43,17.75,15.5,20,55.0,60,50,181.08838383838383,1.121650755,Dec,Jan  to  March,April,3642,rice
Naogaon,Rabi,Wheat,56124,79.89,47.58,39.87,6.43,17.75,15.5,20,55.0,60,50,124.92,1.415829235,Dec,Jan  to  March,April,79462,rice
Narail,Rabi,Wheat,3717,79.89,47.58,39.87,6.43,17.75,15.5,20,55.0,60,50,134.2247474747475,1.182943234,Dec,Jan  to  March,April,4397,rice
Narayanganj,Rabi,Wheat,140,79.89,47.58,39.87,6.43,17.75,15.5,20,55.0,60,50,169.94262295081967,0.7642857143,Dec,Jan  to  March,April,107,rice
Narsingdi,Rabi,Wheat,241,79.89,47.58,39.87,6.43,17.75,15.5,20,55.0,60,50,169.94262295081967,0.9045643154,Dec,Jan  to  March,April,218,rice
Natore,Rabi,Wheat,53757,79.89,47.58,39.87,6.43,17.75,15.5,20,55.0,60,50,124.92,1.190003162,Dec,Jan  to  March,April,63971,rice
Netrokona,Rabi,Wheat,2005,79.89,47.58,39.87,6.43,17.75,15.5,20,55.0,60,50,181.08838383838383,0.8683291771,Dec,Jan  to  March,April,1741,rice
Nilphamari,Rabi,Wheat,12475,79.89,47.58,39.87,6.43,17.75,15.5,20,55.0,60,50,179.6013888888889,1.303807615,Dec,Jan  to  March,April,16265,rice
Noakhali,Rabi,Wheat,21,79.89,47.58,39.87,6.43,17.75,15.5,20,55.0,60,50,185.75631313131316,0.9523809524,Dec,Jan  to  March,April,20,rice
Pabna,Rabi,Wheat,64976,79.89,47.58,39.87,6.43,17.75,15.5,20,55.0,60,50,124.92,1.223959616,Dec,Jan  to  March,April,79528,rice
Panchagar,Rabi,Wheat,44594,79.89,47.58,39.87,6.43,17.75,15.5,20,55.0,60,50,154.21843434343435,1.334080818,Dec,Jan  to  March,April,59492,rice
Patuakhali,Rabi,Wheat,31,79.89,47.58,39.87,6.43,17.75,15.5,20,55.0,60,50,207.8076923076923,1.322580645,Dec,Jan  to  March,April,41,rice
Pirojpur,Rabi,Wheat,57,79.89,47.58,39.87,6.43,17.75,15.5,20,55.0,60,50,175.42564102564103,0.7368421053,Dec,Jan  to  March,April,42,rice
Rajbari,Rabi,Wheat,29485,79.89,47.58,39.87,6.43,17.75,15.5,20,55.0,60,50,155.864898989899,1.059725284,Dec,Jan  to  March,April,31246,rice
Rajshahi,Rabi,Wheat,62433,79.89,47.58,39.87,6.43,17.75,15.5,20,55.0,60,50,124.92,1.236269281,Dec,Jan  to  March,April,77184,rice
Rangamati,Rabi,Wheat,0,79.89,47.58,39.87,6.43,17.75,15.5,20,55.0,60,50,204.11111111111111,2.518413598,Dec,Jan  to  March,April,0,rice
Rangpur,Rabi,Wheat,4235,79.89,47.58,39.87,6.43,17.75,15.5,20,55.0,60,50,179.6013888888889,1.679338843,Dec,Jan  to  March,April,7112,rice
Satkhira,Rabi,Wheat,1843,79.89,47.58,39.87,6.43,17.75,15.5,20,55.0,60,50,140.35353535353536,1.174715138,Dec,Jan  to  March,April,2165,rice
Shariatpur,Rabi,Wheat,10260,79.89,47.58,39.87,6.43,17.75,15.5,20,55.0,60,50,155.864898989899,1.313157895,Dec,Jan  to  March,April,13473,rice
Sherpur,Rabi,Wheat,2080,79.89,47.58,39.87,6.43,17.75,15.5,20,55.0,60,50,181.08838383838383,1.173076923,Dec,Jan  to  March,April,2440,rice
Sirajganj,Rabi,Wheat,13460,79.89,47.58,39.87,6.43,17.75,15.5,20,55.0,60,50,142.85416666666666,1.149331352,Dec,Jan  to  March,April,15470,rice
Sunamganj,Rabi,Wheat,1172,79.89,47.58,39.87,6.43,17.75,15.5,20,55.0,60,50,333.72557471264366,0.7081911263,Dec,Jan  to  March,April,830,rice
Sylhet,Rabi,Wheat,590,79.89,47.58,39.87,6.43,17.75,15.5,20,55.0,60,50,333.72557471264366,0.7406779661,Dec,Jan  to  March,April,437,rice
Tangail,Rabi,Wheat,11985,79.89,47.58,39.87,6.43,17.75,15.5,20,55.0,60,50,153.4104938271605,1.135836462,Dec,Jan  to  March,April,13613,rice
Thakurgaon,Rabi,Wheat,121790,79.89,47.58,39.87,6.43,17.75,15.5,20,55.0,60,50,154.21843434343435,1.507652517,Dec,Jan  to  March,April,183617,rice
Bagerhat,Kharif 1,Wood Apple,490,20.07,27.18,29.92,5.77,25.0,20.0,30,70.0,80,60,144.96843434343435,1.0,May,June to August,August to September,490,mango
Bandarban,Kharif 1,Wood Apple,83,20.07,27.18,29.92,5.77,25.0,20.0,30,70.0,80,60,243.94444444444449,2.012048193,May,June to August,August to September,167,mango
Barguna,Kharif 2,Wood Apple,80,20.07,27.18,29.92,5.77,25.0,20.0,30,70.0,80,60,207.8076923076923,0.9375,May,June to August,August to September,75,mango
Barishal,Kharif 1,Wood Apple,563,20.07,27.18,29.92,5.77,25.0,20.0,30,70.0,80,60,175.42564102564103,0.9253996448,May,June to August,August to September,521,mango
Bhola,Kharif 1,Wood Apple,155,20.07,27.18,29.92,5.77,25.0,20.0,30,70.0,80,60,185.23090277777777,1.032258065,May,June to August,August to September,160,mango
Bogura,Kharif 1,Wood Apple,344,20.07,27.18,29.92,5.77,25.0,20.0,30,70.0,80,60,142.85416666666666,1.85755814,May,June to August,August to September,639,mango
Brahmanbaria,Kharif 1,Wood Apple,166,20.07,27.18,29.92,5.77,25.0,20.0,30,70.0,80,60,185.75631313131316,2.445783133,May,June to August,August to September,406,mango
Chandpur,Kharif 1,Wood Apple,246,20.07,27.18,29.92,5.77,25.0,20.0,30,70.0,80,60,168.796875,1.231707317,May,June to August,August to September,303,mango
Chapai Nawabganj,Kharif 1,Wood Apple,119,20.07,27.18,29.92,5.77,25.0,20.0,30,70.0,80,60,124.92,2.134453782,May,June to August,August to September,254,mango
Chattogram,Kharif 1,Wood Apple,586,20.07,27.18,29.92,5.77,25.0,20.0,30,70.0,80,60,243.94444444444449,2.402730375,May,June to August,August to September,1408,mango
Chuadanga,Kharif 1,Wood Apple,99,20.07,27.18,29.92,5.77,25.0,20.0,30,70.0,80,60,129.44444444444446,2.383838384,May,June to August,August to September,236,mango
CoxsBazar,Kharif 1,Wood Apple,143,20.07,27.18,29.92,5.77,25.0,20.0,30,70.0,80,60,303.40277777777777,1.881118881,May,June to August,August to September,269,mango
Cumilla,Kharif 1,Wood Apple,384,20.07,27.18,29.92,5.77,25.0,20.0,30,70.0,80,60,185.75631313131316,1.919270833,May,June to August,August to September,737,mango
Dhaka,Kharif 1,Wood Apple,176,20.07,27.18,29.92,5.77,25.0,20.0,30,70.0,80,60,169.94262295081967,1.363636364,May,June to August,August to September,240,mango
Dinajpur,Kharif 1,Wood Apple,163,20.07,27.18,29.92,5.77,25.0,20.0,30,70.0,80,60,154.21843434343435,1.0,May,June to August,August to September,163,mango
Faridpur,Kharif 1,Wood Apple,558,20.07,27.18,29.92,5.77,25.0,20.0,30,70.0,80,60,155.864898989899,1.200716846,May,June to August,August to September,670,mango
Feni,Kharif 1,Wood Apple,122,20.07,27.18,29.92,5.77,25.0,20.0,30,70.0,80,60,248.1727642276423,0.7213114754,May,June to August,August to September,88,mango
Gaibandha,Kharif 1,Wood Apple,65,20.07,27.18,29.92,5.77,25.0,20.0,30,70.0,80,60,179.6013888888889,0.9846153846,May,June to August,August to September,64,mango
Gazipur,Kharif 1,Wood Apple,358,20.07,27.18,29.92,5.77,25.0,20.0,30,70.0,80,60,169.94262295081967,2.089385475,May,June to August,August to September,748,mango
Gopalganj,Kharif 1,Wood Apple,358,20.07,27.18,29.92,5.77,25.0,20.0,30,70.0,80,60,155.864898989899,0.125698324,May,June to August,August to September,45,mango
Habiganj,Kharif 1,Wood Apple,62,20.07,27.18,29.92,5.77,25.0,20.0,30,70.0,80,60,333.72557471264366,1.435483871,May,June to August,August to September,89,mango
Jamalpur,Kharif 1,Wood Apple,324,20.07,27.18,29.92,5.77,25.0,20.0,30,70.0,80,60,181.08838383838383,1.561728395,May,June to August,August to September,506,mango
Jashore,Kharif 1,Wood Apple,549,20.07,27.18,29.92,5.77,25.0,20.0,30,70.0,80,60,134.2247474747475,1.62295082,May,June to August,August to September,891,mango
Jhallokati,Kharif 1,Wood Apple,151,20.07,27.18,29.92,5.77,25.0,20.0,30,70.0,80,60,175.42564102564103,0.642384106,May,June to August,August to September,97,mango
Jhenaidah,Kharif 1,Wood Apple,211,20.07,27.18,29.92,5.77,25.0,20.0,30,70.0,80,60,134.2247474747475,1.853080569,May,June to August,August to September,391,mango
Joypurhat,Kharif 1,Wood Apple,131,20.07,27.18,29.92,5.77,25.0,20.0,30,70.0,80,60,142.85416666666666,1.72519084,May,June to August,August to September,226,mango
Khagrachari,Kharif 1,Wood Apple,716,20.07,27.18,29.92,5.77,25.0,20.0,30,70.0,80,60,204.11111111111111,1.824022346,May,June to August,August to September,1306,mango
Khulna,Kharif 1,Wood Apple,508,20.07,27.18,29.92,5.77,25.0,20.0,30,70.0,80,60,144.96843434343435,1.149606299,May,June to August,August to September,584,mango
Kishoreganj,Kharif 1,Wood Apple,451,20.07,27.18,29.92,5.77,25.0,20.0,30,70.0,80,60,181.08838383838383,2.381374723,May,June to August,August to September,1074,mango
Kurigram,Kharif 1,Wood Apple,84,20.07,27.18,29.92,5.77,25.0,20.0,30,70.0,80,60,179.6013888888889,2.035714286,May,June to August,August to September,171,mango
Kushtia,Kharif 1,Wood Apple,255,20.07,27.18,29.92,5.77,25.0,20.0,30,70.0,80,60,129.44444444444446,4.764705882,May,June to August,August to September,1215,mango
Lakshmipur,Kharif 1,Wood Apple,113,20.07,27.18,29.92,5.77,25.0,20.0,30,70.0,80,60,185.75631313131316,0.610619469,May,June to August,August to September,69,mango
Lalmonirhat,Kharif 1,Wood Apple,191,20.07,27.18,29.92,5.77,25.0,20.0,30,70.0,80,60,179.6013888888889,0.4712041885,May,June to August,August to September,90,mango
Madaripur,Kharif 1,Wood Apple,212,20.07,27.18,29.92,5.77,25.0,20.0,30,70.0,80,60,160.41666666666666,1.066037736,May,June to August,August to September,226,mango
Magura,Kharif 1,Wood Apple,514,20.07,27.18,29.92,5.77,25.0,20.0,30,70.0,80,60,134.2247474747475,2.33463035,May,June to August,August to September,1200,mango
Manikganj,Kharif 1,Wood Apple,167,20.07,27.18,29.92,5.77,25.0,20.0,30,70.0,80,60,169.94262295081967,1.868263473,May,June to August,August to September,312,mango
Meherpur,Kharif 1,Wood Apple,63,20.07,27.18,29.92,5.77,25.0,20.0,30,70.0,80,60,129.44444444444446,2.19047619,May,June to August,August to September,138,mango
Moulvibazar,Kharif 1,Wood Apple,46,20.07,27.18,29.92,5.77,25.0,20.0,30,70.0,80,60,333.72557471264366,2.456521739,May,June to August,August to September,113,mango
Munshiganj,Kharif 1,Wood Apple,104,20.07,27.18,29.92,5.77,25.0,20.0,30,70.0,80,60,169.94262295081967,1.471153846,May,June to August,August to September,153,mango
Mymensingh,Kharif 1,Wood Apple,1207,20.07,27.18,29.92,5.77,25.0,20.0,30,70.0,80,60,181.08838383838383,1.349627175,May,June to August,August to September,1629,mango
Naogaon,Kharif 1,Wood Apple,230,20.07,27.18,29.92,5.77,25.0,20.0,30,70.0,80,60,124.92,1.660869565,May,June to August,August to September,382,mango
Narail,Kharif 1,Wood Apple,106,20.07,27.18,29.92,5.77,25.0,20.0,30,70.0,80,60,134.2247474747475,1.528301887,May,June to August,August to September,162,mango
Narayanganj,Kharif 1,Wood Apple,102,20.07,27.18,29.92,5.77,25.0,20.0,30,70.0,80,60,169.94262295081967,1.843137255,May,June to August,August to September,188,mango
Narsingdi,Kharif 1,Wood Apple,280,20.07,27.18,29.92,5.77,25.0,20.0,30,70.0,80,60,169.94262295081967,2.375,May,June to August,August to September,665,mango
Natore,Kharif 1,Wood Apple,549,20.07,27.18,29.92,5.77,25.0,20.0,30,70.0,80,60,124.92,1.828779599,May,June to August,August to September,1004,mango
Netrokona,Kharif 1,Wood Apple,287,20.07,27.18,29.92,5.77,25.0,20.0,30,70.0,80,60,181.08838383838383,2.512195122,May,June to August,August to September,721,mango
Nilphamari,Kharif 1,Wood Apple,169,20.07,27.18,29.92,5.77,25.0,20.0,30,70.0,80,60,179.6013888888889,1.733727811,May,June to August,August to September,293,mango
Noakhali,Kharif 1,Wood Apple,183,20.07,27.18,29.92,5.77,25.0,20.0,30,70.0,80,60,185.75631313131316,1.295081967,May,June to August,August to September,237,mango
Pabna,Kharif 1,Wood Apple,360,20.07,27.18,29.92,5.77,25.0,20.0,30,70.0,80,60,124.92,2.838888889,May,June to August,August to September,1022,mango
Panchagar,Kharif 1,Wood Apple,95,20.07,27.18,29.92,5.77,25.0,20.0,30,70.0,80,60,154.21843434343435,1.347368421,May,June to August,August to September,128,mango
Patuakhali,Kharif 1,Wood Apple,487,20.07,27.18,29.92,5.77,25.0,20.0,30,70.0,80,60,207.8076923076923,1.316221766,May,June to August,August to September,641,mango
Pirojpur,Kharif 1,Wood Apple,117,20.07,27.18,29.92,5.77,25.0,20.0,30,70.0,80,60,175.42564102564103,0.6837606838,May,June to August,August to September,80,mango
Rajbari,Kharif 1,Wood Apple,156,20.07,27.18,29.92,5.77,25.0,20.0,30,70.0,80,60,155.864898989899,1.698717949,May,June to August,August to September,265,mango
Rajshahi,Kharif 1,Wood Apple,217,20.07,27.18,29.92,5.77,25.0,20.0,30,70.0,80,60,124.92,2.967741935,May,June to August,August to September,644,mango
Rangamati,Kharif 1,Wood Apple,426,20.07,27.18,29.92,5.77,25.0,20.0,30,70.0,80,60,204.11111111111111,2.0657277,May,June to August,August to September,880,mango
Rangpur,Kharif 1,Wood Apple,125,20.07,27.18,29.92,5.77,25.0,20.0,30,70.0,80,60,179.6013888888889,1.864,May,June to August,August to September,233,mango
Satkhira,Kharif 1,Wood Apple,417,20.07,27.18,29.92,5.77,25.0,20.0,30,70.0,80,60,140.35353535353536,1.681055156,May,June to August,August to September,701,mango
Shariatpur,Kharif 1,Wood Apple,1215,20.07,27.18,29.92,5.77,25.0,20.0,30,70.0,80,60,155.864898989899,1.469135802,May,June to August,August to September,1785,mango
Sherpur,Kharif 1,Wood Apple,178,20.07,27.18,29.92,5.77,25.0,20.0,30,70.0,80,60,181.08838383838383,1.820224719,May,June to August,August to September,324,mango
Sirajganj,Kharif 1,Wood Apple,256,20.07,27.18,29.92,5.77,25.0,20.0,30,70.0,80,60,142.85416666666666,2.1953125,May,June to August,August to September,562,mango
Sunamganj,Kharif 1,Wood Apple,50,20.07,27.18,29.92,5.77,25.0,20.0,30,70.0,80,60,333.72557471264366,1.38,May,June to August,August to September,69,mango
Sylhet,Kharif 1,Wood Apple,95,20.07,27.18,29.92,5.77,25.0,20.0,30,70.0,80,60,333.72557471264366,1.242105263,May,June to August,August to September,118,mango
Tangail,Kharif 1,Wood Apple,497,20.07,27.18,29.92,5.77,25.0,20.0,30,70.0,80,60,153.4104938271605,1.348088531,May,June to August,August to September,670,mango
Thakurgaon,Kharif 1,Wood Apple,49,20.07,27.18,29.92,5.77,25.0,20.0,30,70.0,80,60,154.21843434343435,1.469387755,May,June to August,August to September,72,mango
