District,Season,Crop Name,Area,N,P,K,ph,Avg Temp,Min Temp,Max Temp,Avg Humidity,Min Relative Humidity,Max Relative Humidity,Rainfall,AP Ratio,Transplant,Growth,Harvest,Production,Crop_Label_22
Bagerhat,Kharif 2,Aman,177321,82.27,47.06,40.31,6.53,26.0,12.0,40,72.5,85,60,144.96843434343435,0.8510272331,June,July to  Oct,Nov to Dec,150905,rice
Bandarban,Kharif 2,Aman,25646,79.23,51.5,40.89,6.42,26.0,12.0,40,72.5,85,60,243.94444444444449,1.175777899,June,July to  Oct,Nov to Dec,30154,rice
Barguna,Kharif 2,Aman,231401,82.99,45.74,40.4,6.16,26.0,12.0,40,72.5,85,60,207.8076923076923,0.7705887183,June,July to  Oct,Nov to Dec,178315,rice
Barishal,Kharif 2,Aman,302665,87.19,45.3,42.93,6.29,26.0,12.0,40,72.5,85,60,175.42564102564103,0.7571043893,June,July to  Oct,Nov to Dec,229149,rice
Bhola,Kharif 2,Aman,388575,78.77,46.2,37.59,6.38,26.0,12.0,40,72.5,85,60,185.23090277777777,1.100652384,June,July to  Oct,Nov to Dec,427686,rice
Bogura,Kharif 2,Aman,443007,78.77,44.86,38.25,6.12,26.0,12.0,40,72.5,85,60,142.85416666666666,1.192475514,June,July to  Oct,Nov to Dec,528275,rice
Brahmanbaria,Kharif 2,Aman,174588,87.46,47.93,38.02,6.29,26.0,12.0,40,72.5,85,60,185.7563131313132,1.014634454,June,July to  Oct,Nov to Dec,177143,rice
Chandpur,Kharif 2,Aman,90004,83.57,52.22,41.86,6.56,26.0,12.0,40,72.5,85,60,168.796875,0.7804430914,June,July to  Oct,Nov to Dec,70243,rice
Chapai Nawabganj,Kharif 2,Aman,140665,77.64,48.5,42.02,6.71,26.0,12.0,40,72.5,85,60,124.92,1.127252693,June,July to  Oct,Nov to Dec,158565,rice
Chattogram,Kharif 2,Aman,444857,82.49,46.86,40.95,6.35,26.0,12.0,40,72.5,85,60,243.94444444444449,0.9779996718,June,July to  Oct,Nov to Dec,435070,rice
Chuadanga,Kharif 2,Aman,85718,77.67,46.75,42.7,6.58,26.0,12.0,40,72.5,85,60,129.44444444444446,1.096677477,June,July to  Oct,Nov to Dec,94005,rice
CoxsBazar,Kharif 2,Aman,181306,77.66,43.12,37.05,6.06,26.0,12.0,40,72.5,85,60,303.40277777777777,1.110415541,June,July to  Oct,Nov to Dec,201325,rice
Cumilla,Kharif 2,Aman,327517,81.05,50.1,43.86,6.56,26.0,12.0,40,72.5,85,60,185.7563131313132,0.9096474381,June,July to  Oct,Nov to Dec,297925,rice
Dhaka,Kharif 2,Aman,18702,70.72,47.36,43.51,6.27,26.0,12.0,40,72.5,85,60,169.94262295081967,0.9652443589,June,July to  Oct,Nov to Dec,18052,rice
Dinajpur,Kharif 2,Aman,645472,71.62,47.06,41.63,6.49,26.0,12.0,40,72.5,85,60,154.21843434343435,1.078918993,June,July to  Oct,Nov to Dec,696412,rice
Faridpur,Kharif 2,Aman,191856,77.19,56.7,44.13,6.38,26.0,12.0,40,72.5,85,60,155.864898989899,1.040175965,June,July to  Oct,Nov to Dec,199564,rice
Feni,Kharif 2,Aman,163129,75.04,48.43,35.91,6.68,26.0,12.0,40,72.5,85,60,248.1727642276423,1.202152897,June,July to  Oct,Nov to Dec,196106,rice
Gaibandha,Kharif 2,Aman,293991,81.4,45.43,38.62,6.26,26.0,12.0,40,72.5,85,60,179.6013888888889,1.126656938,June,July to  Oct,Nov to Dec,331227,rice
Gazipur,Kharif 2,Aman,112432,75.54,46.36,38.11,6.55,26.0,12.0,40,72.5,85,60,169.94262295081967,1.185907927,June,July to  Oct,Nov to Dec,133334,rice
Gopalganj,Kharif 2,Aman,59993,73.12,50.86,41.6,6.38,26.0,12.0,40,72.5,85,60,155.864898989899,0.7519377261,June,July to  Oct,Nov to Dec,45111,rice
Habiganj,Kharif 2,Aman,245464,86.92,47.9,37.36,6.4,26.0,12.0,40,72.5,85,60,333.72557471264366,1.064665287,June,July to  Oct,Nov to Dec,261337,rice
Jamalpur,Kharif 2,Aman,265787,78.81,43.47,41.68,6.39,26.0,12.0,40,72.5,85,60,181.08838383838383,0.9535003593,June,July to  Oct,Nov to Dec,253428,rice
Jashore,Kharif 2,Aman,338887,80.21,50.2,43.15,6.27,26.0,12.0,40,72.5,85,60,134.2247474747475,1.14695459,June,July to  Oct,Nov to Dec,388688,rice
Jhallokati,Kharif 2,Aman,116665,73.06,45.67,41.53,6.43,26.0,12.0,40,72.5,85,60,175.42564102564103,0.7944799211,June,July to  Oct,Nov to Dec,92688,rice
Jhenaidah,Kharif 2,Aman,252930,77.28,52.93,40.55,6.42,26.0,12.0,40,72.5,85,60,134.2247474747475,1.369529119,June,July to  Oct,Nov to Dec,346395,rice
Joypurhat,Kharif 2,Aman,170726,80.42,50.66,37.51,6.48,26.0,12.0,40,72.5,85,60,142.85416666666666,1.137928611,June,July to  Oct,Nov to Dec,194274,rice
Khagrachari,Kharif 2,Aman,66694,74.37,46.3,37.84,6.45,26.0,12.0,40,72.5,85,60,204.11111111111111,1.304375206,June,July to  Oct,Nov to Dec,86994,rice
Khulna,Kharif 2,Aman,237461,81.69,51.24,42.86,6.58,26.0,12.0,40,72.5,85,60,144.96843434343435,1.120950388,June,July to  Oct,Nov to Dec,266182,rice
Kishoreganj,Kharif 2,Aman,186328,77.01,47.77,41.73,6.61,26.0,12.0,40,72.5,85,60,181.08838383838383,1.158322957,June,July to  Oct,Nov to Dec,215828,rice
Kurigram,Kharif 2,Aman,283509,78.49,50.01,39.78,6.23,26.0,12.0,40,72.5,85,60,179.6013888888889,1.102067307,June,July to  Oct,Nov to Dec,312446,rice
Kushtia,Kharif 2,Aman,225972,77.01,48.96,38.87,6.6,26.0,12.0,40,72.5,85,60,129.44444444444446,1.200374383,June,July to  Oct,Nov to Dec,271251,rice
Lakshmipur,Kharif 2,Aman,185213,88.77,45.16,35.02,6.2,26.0,12.0,40,72.5,85,60,185.7563131313132,1.053263,June,July to  Oct,Nov to Dec,195078,rice
Lalmonirhat,Kharif 2,Aman,189950,79.83,45.74,37.31,6.54,26.0,12.0,40,72.5,85,60,179.6013888888889,1.141163464,June,July to  Oct,Nov to Dec,216764,rice
Madaripur,Kharif 2,Aman,40746,74.82,50.52,44.44,6.55,26.0,12.0,40,72.5,85,60,160.41666666666666,0.8303146321,June,July to  Oct,Nov to Dec,33832,rice
Magura,Kharif 2,Aman,143430,83.83,46.62,36.81,6.06,26.0,12.0,40,72.5,85,60,134.2247474747475,1.062643798,June,July to  Oct,Nov to Dec,152415,rice
Manikganj,Kharif 2,Aman,19457,74.04,46.43,40.32,6.45,26.0,12.0,40,72.5,85,60,169.94262295081967,0.9198231999,June,July to  Oct,Nov to Dec,17897,rice
Meherpur,Kharif 2,Aman,82524,80.89,44.85,42.28,6.34,26.0,12.0,40,72.5,85,60,129.44444444444446,1.279203626,June,July to  Oct,Nov to Dec,105565,rice
Moulvibazar,Kharif 2,Aman,251081,70.5,48.79,36.87,6.28,26.0,12.0,40,72.5,85,60,333.72557471264366,1.180622986,June,July to  Oct,Nov to Dec,296432,rice
Munshiganj,Kharif 2,Aman,41822,73.52,53.47,40.31,6.69,26.0,12.0,40,72.5,85,60,169.94262295081967,0.3934053847,June,July to  Oct,Nov to Dec,16453,rice
Mymensingh,Kharif 2,Aman,663734,80.83,44.53,42.11,6.3,26.0,12.0,40,72.5,85,60,181.08838383838383,0.9711571202,June,July to  Oct,Nov to Dec,644590,rice
Naogaon,Kharif 2,Aman,468054,83.43,47.65,39.9,6.27,26.0,12.0,40,72.5,85,60,124.92,1.082366565,June,July to  Oct,Nov to Dec,506606,rice
Narail,Kharif 2,Aman,85229,80.71,51.61,46.73,6.44,26.0,12.0,40,72.5,85,60,134.2247474747475,1.068098887,June,July to  Oct,Nov to Dec,91033,rice
Narayanganj,Kharif 2,Aman,19756,79.34,47.35,35.88,6.56,26.0,12.0,40,72.5,85,60,169.94262295081967,0.5482385098,June,July to  Oct,Nov to Dec,10831,rice
Narsingdi,Kharif 2,Aman,97752,78.45,48.87,42.4,6.4,26.0,12.0,40,72.5,85,60,169.94262295081967,1.039313774,June,July to  Oct,Nov to Dec,101595,rice
Natore,Kharif 2,Aman,182696,72.8,44.55,39.46,6.65,26.0,12.0,40,72.5,85,60,124.92,1.119438849,June,July to  Oct,Nov to Dec,204517,rice
Netrokona,Kharif 2,Aman,301949,76.44,48.8,41.72,6.53,26.0,12.0,40,72.5,85,60,181.08838383838383,1.091058424,June,July to  Oct,Nov to Dec,329444,rice
Nilphamari,Kharif 2,Aman,279580,77.68,47.05,40.93,6.01,26.0,12.0,40,72.5,85,60,179.6013888888889,1.103355033,June,July to  Oct,Nov to Dec,308476,rice
Noakhali,Kharif 2,Aman,382971,84.96,50.39,38.12,6.33,26.0,12.0,40,72.5,85,60,185.7563131313132,1.033623956,June,July to  Oct,Nov to Dec,395848,rice
Pabna,Kharif 2,Aman,221929,81.54,50.97,40.42,6.32,26.0,12.0,40,72.5,85,60,124.92,0.8668718374,June,July to  Oct,Nov to Dec,192384,rice
Panchagar,Kharif 2,Aman,246162,71.44,54.97,35.43,6.52,26.0,12.0,40,72.5,85,60,154.21843434343435,1.246549021,June,July to  Oct,Nov to Dec,306853,rice
Patuakhali,Kharif 2,Aman,431833,81.44,49.23,41.31,5.92,26.0,12.0,40,72.5,85,60,207.8076923076923,0.749345233,June,July to  Oct,Nov to Dec,323592,rice
Pirojpur,Kharif 2,Aman,155038,78.04,48.51,40.58,6.92,26.0,12.0,40,72.5,85,60,175.42564102564103,0.6449257601,June,July to  Oct,Nov to Dec,99988,rice
Rajbari,Kharif 2,Aman,117377,76.65,48.13,41.4,6.53,26.0,12.0,40,72.5,85,60,155.864898989899,0.9136968912,June,July to  Oct,Nov to Dec,107247,rice
Rajshahi,Kharif 2,Aman,182555,82.82,46.57,42.4,6.46,26.0,12.0,40,72.5,85,60,124.92,1.273851716,June,July to  Oct,Nov to Dec,232548,rice
Rangamati,Kharif 2,Aman,23990,84.83,48.55,40.75,6.66,26.0,12.0,40,72.5,85,60,204.11111111111111,1.199041267,June,July to  Oct,Nov to Dec,28765,rice
Rangpur,Kharif 2,Aman,405055,84.35,46.74,40.22,6.88,26.0,12.0,40,72.5,85,60,179.6013888888889,1.092310921,June,July to  Oct,Nov to Dec,442446,rice
Satkhira,Kharif 2,Aman,207744,75.87,48.06,37.76,6.6,26.0,12.0,40,72.5,85,60,140.35353535353536,1.108450786,June,July to  Oct,Nov to Dec,230274,rice
Shariatpur,Kharif 2,Aman,32898,78.41,51.34,38.17,6.61,26.0,12.0,40,72.5,85,60,155.864898989899,0.701501611,June,July to  Oct,Nov to Dec,23078,rice
Sherpur,Kharif 2,Aman,202388,81.48,44.71,42.71,6.46,26.0,12.0,40,72.5,85,60,181.08838383838383,0.9527689389,June,July to  Oct,Nov to Dec,192829,rice
Sirajganj,Kharif 2,Aman,200166,84.57,50.83,43.31,6.4,26.0,12.0,40,72.5,85,60,142.85416666666666,1.104498266,June,July to  Oct,Nov to Dec,221083,rice
Sunamganj,Kharif 2,Aman,198587,77.59,51.34,39.3,6.34,26.0,12.0,40,72.5,85,60,333.72557471264366,1.044851879,June,July to  Oct,Nov to Dec,207494,rice
Sylhet,Kharif 2,Aman,336140,79.0,47.24,39.98,6.27,26.0,12.0,40,72.5,85,60,333.72557471264366,1.05969834,June,July to  Oct,Nov to Dec,356207,rice
Tangail,Kharif 2,Aman,249183,74.59,41.52,37.71,6.3,26.0,12.0,40,72.5,85,60,153.4104938271605,0.8334115891,June,July to  Oct,Nov to Dec,207672,rice
Thakurgaon,Kharif 2,Aman,322836,74.16,45.84,42.68,6.17,26.0,12.0,40,72.5,85,60,154.21843434343435,1.083695746,June,July to  Oct,Nov to Dec,349856,rice
Bagerhat,Kharif 2,Arhar,0,21.74,73.0,21.1,5.78,28.0,26.0,30,35.0,50,20,144.96843434343435,2.518413598,Aug,Sep to Oct,Nov,0,pigeonpeas
Bandarban,Kharif 2,Arhar,64,22.42,67.64,22.65,5.5,28.0,26.0,30,35.0,50,20,243.94444444444449,0.265625,Aug,Sep to Oct,Nov,17,pigeonpeas
Barguna,Kharif 2,Arhar,0,20.64,63.67,19.22,5.82,28.0,26.0,30,35.0,50,20,207.8076923076923,2.518413598,Aug,Sep to Oct,Nov,0,pigeonpeas
Barishal,Kharif 2,Arhar,0,21.98,65.68,19.83,5.78,28.0,26.0,30,35.0,50,20,175.42564102564103,2.518413598,Aug,Sep to Oct,Nov,0,pigeonpeas
Bhola,Kharif 2,Arhar,0,21.18,71.15,20.57,5.82,28.0,26.0,30,35.0,50,20,185.23090277777777,2.518413598,Aug,Sep to Oct,Nov,0,pigeonpeas
Bogura,Kharif 2,Arhar,6,19.93,69.95,21.08,5.7,28.0,26.0,30,35.0,50,20,142.85416666666666,0.3333333333,Aug,Sep to Oct,Nov,2,pigeonpeas
Brahmanbaria,Kharif 2,Arhar,0,21.18,66.76,20.03,6.32,28.0,26.0,30,35.0,50,20,185.7563131313132,2.518413598,Aug,Sep to Oct,Nov,0,pigeonpeas
Chandpur,Kharif 2,Arhar,0,22.64,66.24,19.23,6.03,28.0,26.0,30,35.0,50,20,168.796875,2.518413598,Aug,Sep to Oct,Nov,0,pigeonpeas
Chapai Nawabganj,Kharif 2,Arhar,50,20.69,66.14,21.36,5.57,28.0,26.0,30,35.0,50,20,124.92,0.38,Aug,Sep to Oct,Nov,19,pigeonpeas
Chattogram,Kharif 2,Arhar,35,22.68,63.98,21.17,5.83,28.0,26.0,30,35.0,50,20,243.94444444444449,0.6571428571,Aug,Sep to Oct,Nov,23,pigeonpeas
Chuadanga,Kharif 2,Arhar,24,17.47,74.29,19.17,5.68,28.0,26.0,30,35.0,50,20,129.44444444444446,0.25,Aug,Sep to Oct,Nov,6,pigeonpeas
CoxsBazar,Kharif 2,Arhar,2,21.75,66.42,21.94,5.61,28.0,26.0,30,35.0,50,20,303.40277777777777,2.0,Aug,Sep to Oct,Nov,4,pigeonpeas
Cumilla,Kharif 2,Arhar,2,20.84,72.68,21.71,5.56,28.0,26.0,30,35.0,50,20,185.7563131313132,0.0,Aug,Sep to Oct,Nov,0,pigeonpeas
Dhaka,Kharif 2,Arhar,0,20.36,73.91,20.45,5.87,28.0,26.0,30,35.0,50,20,169.94262295081967,2.518413598,Aug,Sep to Oct,Nov,0,pigeonpeas
Dinajpur,Kharif 2,Arhar,15,20.84,71.79,20.39,5.67,28.0,26.0,30,35.0,50,20,154.21843434343435,0.2666666667,Aug,Sep to Oct,Nov,4,pigeonpeas
Faridpur,Kharif 2,Arhar,5,18.26,65.98,20.96,5.96,28.0,26.0,30,35.0,50,20,155.864898989899,0.4,Aug,Sep to Oct,Nov,2,pigeonpeas
Feni,Kharif 2,Arhar,11,20.46,69.37,19.24,5.96,28.0,26.0,30,35.0,50,20,248.1727642276423,0.1818181818,Aug,Sep to Oct,Nov,2,pigeonpeas
Gaibandha,Kharif 2,Arhar,49,21.17,67.63,20.33,6.03,28.0,26.0,30,35.0,50,20,179.6013888888889,0.5918367347,Aug,Sep to Oct,Nov,29,pigeonpeas
Gazipur,Kharif 2,Arhar,2,22.57,64.06,17.67,5.64,28.0,26.0,30,35.0,50,20,169.94262295081967,0.0,Aug,Sep to Oct,Nov,0,pigeonpeas
Gopalganj,Kharif 2,Arhar,0,20.09,69.05,21.36,5.87,28.0,26.0,30,35.0,50,20,155.864898989899,2.518413598,Aug,Sep to Oct,Nov,0,pigeonpeas
Habiganj,Kharif 2,Arhar,0,19.72,62.94,18.39,5.9,28.0,26.0,30,35.0,50,20,333.72557471264366,2.518413598,Aug,Sep to Oct,Nov,0,pigeonpeas
Jamalpur,Kharif 2,Arhar,8,20.11,72.56,22.12,5.71,28.0,26.0,30,35.0,50,20,181.08838383838383,0.25,Aug,Sep to Oct,Nov,2,pigeonpeas
Jashore,Kharif 2,Arhar,12,21.87,65.84,19.89,5.66,28.0,26.0,30,35.0,50,20,134.2247474747475,0.3333333333,Aug,Sep to Oct,Nov,4,pigeonpeas
Jhallokati,Kharif 2,Arhar,0,21.14,68.55,20.03,6.07,28.0,26.0,30,35.0,50,20,175.42564102564103,2.518413598,Aug,Sep to Oct,Nov,0,pigeonpeas
Jhenaidah,Kharif 2,Arhar,0,20.07,68.88,19.53,5.83,28.0,26.0,30,35.0,50,20,134.2247474747475,2.518413598,Aug,Sep to Oct,Nov,0,pigeonpeas
Joypurhat,Kharif 2,Arhar,20,21.37,66.68,19.94,5.9,28.0,26.0,30,35.0,50,20,142.85416666666666,0.4,Aug,Sep to Oct,Nov,8,pigeonpeas
Khagrachari,Kharif 2,Arhar,29,20.85,70.11,22.02,5.65,28.0,26.0,30,35.0,50,20,204.11111111111111,0.3103448276,Aug,Sep to Oct,Nov,9,pigeonpeas
Khulna,Kharif 2,Arhar,0,21.93,65.8,17.26,5.58,28.0,26.0,30,35.0,50,20,144.96843434343435,2.518413598,Aug,Sep to Oct,Nov,0,pigeonpeas
Kishoreganj,Kharif 2,Arhar,0,19.86,71.27,21.84,5.69,28.0,26.0,30,35.0,50,20,181.08838383838383,2.518413598,Aug,Sep to Oct,Nov,0,pigeonpeas
Kurigram,Kharif 2,Arhar,61,20.32,62.26,20.7,5.77,28.0,26.0,30,35.0,50,20,179.6013888888889,0.2950819672,Aug,Sep to Oct,Nov,18,pigeonpeas
Kushtia,Kharif 2,Arhar,91,20.24,68.24,18.82,5.61,28.0,26.0,30,35.0,50,20,129.44444444444446,0.4725274725,Aug,Sep to Oct,Nov,43,pigeonpeas
Lakshmipur,Kharif 2,Arhar,14,18.91,75.61,18.98,5.79,28.0,26.0,30,35.0,50,20,185.7563131313132,0.1428571429,Aug,Sep to Oct,Nov,2,pigeonpeas
Lalmonirhat,Kharif 2,Arhar,7,21.1,63.66,22.33,5.5,28.0,26.0,30,35.0,50,20,179.6013888888889,0.1428571429,Aug,Sep to Oct,Nov,1,pigeonpeas
Madaripur,Kharif 2,Arhar,0,21.05,64.98,19.14,5.6,28.0,26.0,30,35.0,50,20,160.41666666666666,2.518413598,Aug,Sep to Oct,Nov,0,pigeonpeas
Magura,Kharif 2,Arhar,11,20.74,69.82,18.89,5.91,28.0,26.0,30,35.0,50,20,134.2247474747475,0.2727272727,Aug,Sep to Oct,Nov,3,pigeonpeas
Manikganj,Kharif 2,Arhar,0,20.44,68.46,21.67,5.89,28.0,26.0,30,35.0,50,20,169.94262295081967,2.518413598,Aug,Sep to Oct,Nov,0,pigeonpeas
Meherpur,Kharif 2,Arhar,16,18.97,69.15,20.7,5.72,28.0,26.0,30,35.0,50,20,129.44444444444446,0.375,Aug,Sep to Oct,Nov,6,pigeonpeas
Moulvibazar,Kharif 2,Arhar,26,20.21,69.72,19.15,5.61,28.0,26.0,30,35.0,50,20,333.72557471264366,0.2692307692,Aug,Sep to Oct,Nov,7,pigeonpeas
Munshiganj,Kharif 2,Arhar,12,20.3,70.31,20.55,5.61,28.0,26.0,30,35.0,50,20,169.94262295081967,0.25,Aug,Sep to Oct,Nov,3,pigeonpeas
Mymensingh,Kharif 2,Arhar,0,19.73,72.24,19.04,5.73,28.0,26.0,30,35.0,50,20,181.08838383838383,2.518413598,Aug,Sep to Oct,Nov,0,pigeonpeas
Naogaon,Kharif 2,Arhar,132,20.53,69.4,21.63,5.9,28.0,26.0,30,35.0,50,20,124.92,0.4166666667,Aug,Sep to Oct,Nov,55,pigeonpeas
Narail,Kharif 2,Arhar,0,21.23,66.75,21.58,5.95,28.0,26.0,30,35.0,50,20,134.2247474747475,2.518413598,Aug,Sep to Oct,Nov,0,pigeonpeas
Narayanganj,Kharif 2,Arhar,0,23.08,70.46,20.94,5.7,28.0,26.0,30,35.0,50,20,169.94262295081967,2.518413598,Aug,Sep to Oct,Nov,0,pigeonpeas
Narsingdi,Kharif 2,Arhar,0,20.95,75.45,20.73,5.59,28.0,26.0,30,35.0,50,20,169.94262295081967,2.518413598,Aug,Sep to Oct,Nov,0,pigeonpeas
Natore,Kharif 2,Arhar,15,21.05,67.19,22.43,5.84,28.0,26.0,30,35.0,50,20,124.92,0.2,Aug,Sep to Oct,Nov,3,pigeonpeas
Netrokona,Kharif 2,Arhar,8,20.64,63.77,20.29,5.65,28.0,26.0,30,35.0,50,20,181.08838383838383,0.375,Aug,Sep to Oct,Nov,3,pigeonpeas
Nilphamari,Kharif 2,Arhar,0,18.34,72.23,18.85,5.7,28.0,26.0,30,35.0,50,20,179.6013888888889,2.518413598,Aug,Sep to Oct,Nov,0,pigeonpeas
Noakhali,Kharif 2,Arhar,40,20.7,67.24,20.84,6.02,28.0,26.0,30,35.0,50,20,185.7563131313132,0.25,Aug,Sep to Oct,Nov,10,pigeonpeas
Pabna,Kharif 2,Arhar,7,20.8,58.9,22.83,5.93,28.0,26.0,30,35.0,50,20,124.92,0.7142857143,Aug,Sep to Oct,Nov,5,pigeonpeas
Panchagar,Kharif 2,Arhar,0,23.79,71.17,19.05,5.82,28.0,26.0,30,35.0,50,20,154.21843434343435,2.518413598,Aug,Sep to Oct,Nov,0,pigeonpeas
Patuakhali,Kharif 2,Arhar,0,20.49,65.55,19.85,5.57,28.0,26.0,30,35.0,50,20,207.8076923076923,2.518413598,Aug,Sep to Oct,Nov,0,pigeonpeas
Pirojpur,Kharif 2,Arhar,0,21.11,67.36,20.8,5.83,28.0,26.0,30,35.0,50,20,175.42564102564103,2.518413598,Aug,Sep to Oct,Nov,0,pigeonpeas
Rajbari,Kharif 2,Arhar,33,20.69,69.08,20.22,5.97,28.0,26.0,30,35.0,50,20,155.864898989899,0.2727272727,Aug,Sep to Oct,Nov,9,pigeonpeas
Rajshahi,Kharif 2,Arhar,6,19.28,68.5,19.09,5.72,28.0,26.0,30,35.0,50,20,124.92,0.1666666667,Aug,Sep to Oct,Nov,1,pigeonpeas
Rangamati,Kharif 2,Arhar,151,22.15,70.61,21.66,6.02,28.0,26.0,30,35.0,50,20,204.11111111111111,0.5298013245,Aug,Sep to Oct,Nov,80,pigeonpeas
Rangpur,Kharif 2,Arhar,83,21.67,65.96,23.11,6.01,28.0,26.0,30,35.0,50,20,179.6013888888889,0.734939759,Aug,Sep to Oct,Nov,61,pigeonpeas
Satkhira,Kharif 2,Arhar,0,21.71,69.82,20.53,6.08,28.0,26.0,30,35.0,50,20,140.35353535353536,2.518413598,Aug,Sep to Oct,Nov,0,pigeonpeas
Shariatpur,Kharif 2,Arhar,0,19.6,66.68,19.19,5.84,28.0,26.0,30,35.0,50,20,155.864898989899,2.518413598,Aug,Sep to Oct,Nov,0,pigeonpeas
Sherpur,Kharif 2,Arhar,8,22.47,70.73,18.4,5.89,28.0,26.0,30,35.0,50,20,181.08838383838383,0.375,Aug,Sep to Oct,Nov,3,pigeonpeas
Sirajganj,Kharif 2,Arhar,0,18.99,70.23,20.6,6.04,28.0,26.0,30,35.0,50,20,142.85416666666666,2.518413598,Aug,Sep to Oct,Nov,0,pigeonpeas
Sunamganj,Kharif 2,Arhar,0,21.46,63.93,21.63,5.87,28.0,26.0,30,35.0,50,20,333.72557471264366,2.518413598,Aug,Sep to Oct,Nov,0,pigeonpeas
Sylhet,Kharif 2,Arhar,0,23.45,72.14,20.87,5.7,28.0,26.0,30,35.0,50,20,333.72557471264366,2.518413598,Aug,Sep to Oct,Nov,0,pigeonpeas
Tangail,Kharif 2,Arhar,3,19.5,65.55,20.29,5.71,28.0,26.0,30,35.0,50,20,153.4104938271605,0.0,Aug,Sep to Oct,Nov,0,pigeonpeas
Thakurgaon,Kharif 2,Arhar,40,20.03,71.01,19.57,5.83,28.0,26.0,30,35.0,50,20,154.21843434343435,0.35,Aug,Sep to Oct,Nov,14,pigeonpeas
Bagerhat,Kharif 1,Aus,14355,80.37,48.63,37.26,6.18,26.0,12.0,40,72.5,85,60,144.96843434343435,1.118843608,March,April to july,Aug,16061,rice
Bandarban,Kharif 1,Aus,30323,77.48,52.83,41.87,6.4,26.0,12.0,40,72.5,85,60,243.94444444444449,0.80681331,March,April to july,Aug,24465,rice
Barguna,Kharif 1,Aus,136821,72.46,46.94,42.06,6.64,26.0,12.0,40,72.5,85,60,207.8076923076923,1.023665958,March,April to july,Aug,140059,rice
Barishal,Kharif 1,Aus,44719,80.22,46.58,36.17,6.01,26.0,12.0,40,72.5,85,60,175.42564102564103,0.7564793488,March,April to july,Aug,33829,rice
Bhola,Kharif 1,Aus,225181,74.8,47.52,43.67,6.73,26.0,12.0,40,72.5,85,60,185.23090277777777,0.7846976432,March,April to july,Aug,176699,rice
Bogura,Kharif 1,Aus,79878,82.16,46.71,41.24,6.65,26.0,12.0,40,72.5,85,60,142.85416666666666,0.9793184607,March,April to july,Aug,78226,rice
Brahmanbaria,Kharif 1,Aus,28171,75.48,49.86,43.22,6.34,26.0,12.0,40,72.5,85,60,185.7563131313132,1.044016897,March,April to july,Aug,29411,rice
Chandpur,Kharif 1,Aus,26157,87.32,42.97,36.66,6.53,26.0,12.0,40,72.5,85,60,168.796875,1.04304775,March,April to july,Aug,27283,rice
Chapai Nawabganj,Kharif 1,Aus,112725,76.14,44.57,36.6,6.43,26.0,12.0,40,72.5,85,60,124.92,1.093138168,March,April to july,Aug,123224,rice
Chattogram,Kharif 1,Aus,87232,78.35,44.53,39.51,6.67,26.0,12.0,40,72.5,85,60,243.94444444444449,1.168241012,March,April to july,Aug,101908,rice
Chuadanga,Kharif 1,Aus,105578,83.79,50.29,41.07,6.62,26.0,12.0,40,72.5,85,60,129.44444444444446,1.08818125,March,April to july,Aug,114888,rice
CoxsBazar,Kharif 1,Aus,7479,73.99,52.46,44.17,6.16,26.0,12.0,40,72.5,85,60,303.40277777777777,1.064447119,March,April to july,Aug,7961,rice
Cumilla,Kharif 1,Aus,194395,80.98,47.28,41.56,6.54,26.0,12.0,40,72.5,85,60,185.7563131313132,0.9509400962,March,April to july,Aug,184858,rice
Dhaka,Kharif 1,Aus,1454,86.16,47.1,39.29,6.39,26.0,12.0,40,72.5,85,60,169.94262295081967,0.7902338377,March,April to july,Aug,1149,rice
Dinajpur,Kharif 1,Aus,28663,72.18,47.78,37.41,6.45,26.0,12.0,40,72.5,85,60,154.21843434343435,0.8469804277,March,April to july,Aug,24277,rice
Faridpur,Kharif 1,Aus,21437,80.78,50.9,42.81,6.29,26.0,12.0,40,72.5,85,60,155.864898989899,0.6256938937,March,April to july,Aug,13413,rice
Feni,Kharif 1,Aus,27313,81.14,44.93,37.56,6.77,26.0,12.0,40,72.5,85,60,248.1727642276423,0.8943726431,March,April to july,Aug,24428,rice
Gaibandha,Kharif 1,Aus,34902,83.64,48.26,43.77,6.63,26.0,12.0,40,72.5,85,60,179.6013888888889,0.8496074724,March,April to july,Aug,29653,rice
Gazipur,Kharif 1,Aus,3943,73.96,50.36,39.19,6.29,26.0,12.0,40,72.5,85,60,169.94262295081967,1.305351255,March,April to july,Aug,5147,rice
Gopalganj,Kharif 1,Aus,9664,73.56,49.01,43.67,6.17,26.0,12.0,40,72.5,85,60,155.864898989899,1.432326159,March,April to july,Aug,13842,rice
Habiganj,Kharif 1,Aus,191786,82.39,48.12,41.49,6.36,26.0,12.0,40,72.5,85,60,333.72557471264366,1.085219985,March,April to july,Aug,208130,rice
Jamalpur,Kharif 1,Aus,9975,81.31,50.44,39.54,6.51,26.0,12.0,40,72.5,85,60,181.08838383838383,0.9179949875,March,April to july,Aug,9157,rice
Jashore,Kharif 1,Aus,41981,81.09,39.86,38.63,6.48,26.0,12.0,40,72.5,85,60,134.2247474747475,1.262070937,March,April to july,Aug,52983,rice
Jhallokati,Kharif 1,Aus,39679,81.55,49.52,39.05,6.67,26.0,12.0,40,72.5,85,60,175.42564102564103,1.070692306,March,April to july,Aug,42484,rice
Jhenaidah,Kharif 1,Aus,87423,76.63,45.71,40.89,6.58,26.0,12.0,40,72.5,85,60,134.2247474747475,1.223591046,March,April to july,Aug,106970,rice
Joypurhat,Kharif 1,Aus,1038,81.0,42.35,40.05,6.62,26.0,12.0,40,72.5,85,60,142.85416666666666,0.9441233141,March,April to july,Aug,980,rice
Khagrachari,Kharif 1,Aus,11154,81.29,49.04,38.45,6.49,26.0,12.0,40,72.5,85,60,204.11111111111111,1.009144701,March,April to july,Aug,11256,rice
Khulna,Kharif 1,Aus,9017,76.47,51.5,39.47,6.16,26.0,12.0,40,72.5,85,60,144.96843434343435,0.5480758567,March,April to july,Aug,4942,rice
Kishoreganj,Kharif 1,Aus,66014,88.83,47.19,40.06,6.39,26.0,12.0,40,72.5,85,60,181.08838383838383,1.050216621,March,April to july,Aug,69329,rice
Kurigram,Kharif 1,Aus,16357,82.16,50.3,34.78,6.63,26.0,12.0,40,72.5,85,60,179.6013888888889,0.8437977624,March,April to july,Aug,13802,rice
Kushtia,Kharif 1,Aus,67774,74.18,52.18,40.97,6.42,26.0,12.0,40,72.5,85,60,129.44444444444446,1.167424086,March,April to july,Aug,79121,rice
Lakshmipur,Kharif 1,Aus,80238,83.04,51.33,37.53,6.53,26.0,12.0,40,72.5,85,60,185.7563131313132,0.8856152945,March,April to july,Aug,71060,rice
Lalmonirhat,Kharif 1,Aus,27851,75.22,52.26,37.11,6.37,26.0,12.0,40,72.5,85,60,179.6013888888889,1.01267459,March,April to july,Aug,28204,rice
Madaripur,Kharif 1,Aus,4854,83.66,49.7,35.83,6.23,26.0,12.0,40,72.5,85,60,160.41666666666666,0.6847960445,March,April to july,Aug,3324,rice
Magura,Kharif 1,Aus,14520,85.44,47.8,35.58,6.41,26.0,12.0,40,72.5,85,60,134.2247474747475,0.8349173554,March,April to july,Aug,12123,rice
Manikganj,Kharif 1,Aus,8158,75.96,43.01,36.63,6.49,26.0,12.0,40,72.5,85,60,169.94262295081967,0.8540083354,March,April to july,Aug,6967,rice
Meherpur,Kharif 1,Aus,51464,84.51,46.88,38.17,6.3,26.0,12.0,40,72.5,85,60,129.44444444444446,1.24450101,March,April to july,Aug,64047,rice
Moulvibazar,Kharif 1,Aus,129959,81.87,45.17,44.54,6.38,26.0,12.0,40,72.5,85,60,333.72557471264366,1.211181988,March,April to july,Aug,157404,rice
Munshiganj,Kharif 1,Aus,447,83.83,53.78,38.61,6.25,26.0,12.0,40,72.5,85,60,169.94262295081967,0.8970917226,March,April to july,Aug,401,rice
Mymensingh,Kharif 1,Aus,58364,88.98,47.08,40.3,6.65,26.0,12.0,40,72.5,85,60,181.08838383838383,0.9350627099,March,April to july,Aug,54574,rice
Naogaon,Kharif 1,Aus,158927,78.71,47.93,40.83,6.37,26.0,12.0,40,72.5,85,60,124.92,1.077677173,March,April to july,Aug,171272,rice
Narail,Kharif 1,Aus,22828,76.28,49.15,40.18,6.71,26.0,12.0,40,72.5,85,60,134.2247474747475,0.8399334151,March,April to july,Aug,19174,rice
Narayanganj,Kharif 1,Aus,6054,75.63,47.7,39.68,6.72,26.0,12.0,40,72.5,85,60,169.94262295081967,0.9326065411,March,April to july,Aug,5646,rice
Narsingdi,Kharif 1,Aus,3735,75.98,52.42,37.01,6.41,26.0,12.0,40,72.5,85,60,169.94262295081967,1.089959839,March,April to july,Aug,4071,rice
Natore,Kharif 1,Aus,24015,79.52,45.8,43.34,6.24,26.0,12.0,40,72.5,85,60,124.92,1.151405372,March,April to july,Aug,27651,rice
Netrokona,Kharif 1,Aus,3609,81.53,48.14,44.19,6.03,26.0,12.0,40,72.5,85,60,181.08838383838383,0.9614851759,March,April to july,Aug,3470,rice
Nilphamari,Kharif 1,Aus,4312,81.22,45.46,35.84,6.15,26.0,12.0,40,72.5,85,60,179.6013888888889,0.8267625232,March,April to july,Aug,3565,rice
Noakhali,Kharif 1,Aus,99075,83.86,43.81,37.42,6.16,26.0,12.0,40,72.5,85,60,185.7563131313132,0.8683017916,March,April to july,Aug,86027,rice
Pabna,Kharif 1,Aus,59351,79.95,45.83,39.2,6.7,26.0,12.0,40,72.5,85,60,124.92,0.8480733265,March,April to july,Aug,50334,rice
Panchagar,Kharif 1,Aus,6020,86.86,47.47,37.56,6.45,26.0,12.0,40,72.5,85,60,154.21843434343435,1.027408638,March,April to july,Aug,6185,rice
Patuakhali,Kharif 1,Aus,83287,78.62,46.35,41.08,6.51,26.0,12.0,40,72.5,85,60,207.8076923076923,1.017097506,March,April to july,Aug,84711,rice
Pirojpur,Kharif 1,Aus,33909,92.93,45.6,38.13,6.0,26.0,12.0,40,72.5,85,60,175.42564102564103,0.948538736,March,April to july,Aug,32164,rice
Rajbari,Kharif 1,Aus,6411,82.89,43.57,45.05,6.2,26.0,12.0,40,72.5,85,60,155.864898989899,0.6995788489,March,April to july,Aug,4485,rice
Rajshahi,Kharif 1,Aus,108931,75.78,47.34,42.72,6.6,26.0,12.0,40,72.5,85,60,124.92,1.151600554,March,April to july,Aug,125445,rice
Rangamati,Kharif 1,Aus,14523,74.76,43.28,40.38,6.49,26.0,12.0,40,72.5,85,60,204.11111111111111,0.6259725952,March,April to july,Aug,9091,rice
Rangpur,Kharif 1,Aus,63967,82.2,49.75,42.33,6.4,26.0,12.0,40,72.5,85,60,179.6013888888889,1.11011928,March,April to july,Aug,71011,rice
Satkhira,Kharif 1,Aus,19706,78.82,47.82,42.52,6.54,26.0,12.0,40,72.5,85,60,140.35353535353536,1.143306607,March,April to july,Aug,22530,rice
Shariatpur,Kharif 1,Aus,30842,83.31,43.42,38.52,6.75,26.0,12.0,40,72.5,85,60,155.864898989899,0.9831074509,March,April to july,Aug,30321,rice
Sherpur,Kharif 1,Aus,12847,82.16,46.7,37.92,6.39,26.0,12.0,40,72.5,85,60,181.08838383838383,0.948859656,March,April to july,Aug,12190,rice
Sirajganj,Kharif 1,Aus,25932,79.54,45.43,40.06,6.44,26.0,12.0,40,72.5,85,60,142.85416666666666,1.043884004,March,April to july,Aug,27070,rice
Sunamganj,Kharif 1,Aus,50522,75.83,48.49,41.93,6.47,26.0,12.0,40,72.5,85,60,333.72557471264366,1.088654448,March,April to july,Aug,55001,rice
Sylhet,Kharif 1,Aus,183424,72.63,51.41,40.2,6.89,26.0,12.0,40,72.5,85,60,333.72557471264366,1.07249324,March,April to july,Aug,196721,rice
Tangail,Kharif 1,Aus,2964,77.75,42.23,36.1,6.03,26.0,12.0,40,72.5,85,60,153.4104938271605,0.866734143,March,April to july,Aug,2569,rice
Thakurgaon,Kharif 1,Aus,61148,84.0,47.91,37.95,6.56,26.0,12.0,40,72.5,85,60,154.21843434343435,1.07875973,March,April to july,Aug,65964,rice
Bagerhat,Rabi,Banana,2077,101.52,81.22,49.83,5.96,25.0,15.0,35,80.0,85,75,144.96843434343435,4.158401541,Jan,Jan to Jan,Jan,8637,banana
Bandarban,Rabi,Banana,3830,92.74,85.31,49.82,6.08,25.0,15.0,35,80.0,85,75,243.94444444444449,4.812010444,Jan,Jan to Jan,Jan,18430,banana
Barguna,Rabi,Banana,305,101.27,83.06,55.97,5.86,25.0,15.0,35,80.0,85,75,207.8076923076923,4.580327869,Jan,Jan to Jan,Jan,1397,banana
Barishal,Rabi,Banana,1760,102.55,78.31,45.89,5.97,25.0,15.0,35,80.0,85,75,175.42564102564103,3.284659091,Jan,Jan to Jan,Jan,5781,banana
Bhola,Rabi,Banana,563,94.91,80.44,51.57,6.11,25.0,15.0,35,80.0,85,75,185.23090277777777,3.621669627,Jan,Jan to Jan,Jan,2039,banana
Bogura,Rabi,Banana,2572,101.15,78.09,54.52,6.54,25.0,15.0,35,80.0,85,75,142.85416666666666,7.9062986,Jan,Jan to Jan,Jan,20335,banana
Brahmanbaria,Rabi,Banana,269,100.58,87.3,56.87,6.12,25.0,15.0,35,80.0,85,75,185.7563131313132,3.828996283,Jan,Jan to Jan,Jan,1030,banana
Chandpur,Rabi,Banana,990,93.36,82.11,48.84,5.83,25.0,15.0,35,80.0,85,75,168.796875,5.182828283,Jan,Jan to Jan,Jan,5131,banana
Chapai Nawabganj,Rabi,Banana,419,102.38,91.36,51.53,5.9,25.0,15.0,35,80.0,85,75,124.92,8.102625298,Jan,Jan to Jan,Jan,3395,banana
Chattogram,Rabi,Banana,2961,103.6,81.71,51.76,5.9,25.0,15.0,35,80.0,85,75,243.94444444444449,4.901384667,Jan,Jan to Jan,Jan,14513,banana
Chuadanga,Rabi,Banana,1813,106.74,78.52,50.64,5.66,25.0,15.0,35,80.0,85,75,129.44444444444446,9.927744071,Jan,Jan to Jan,Jan,17999,banana
CoxsBazar,Rabi,Banana,854,106.57,74.56,49.75,5.92,25.0,15.0,35,80.0,85,75,303.40277777777777,2.710772834,Jan,Jan to Jan,Jan,2315,banana
Cumilla,Rabi,Banana,849,91.94,73.14,51.36,6.11,25.0,15.0,35,80.0,85,75,185.7563131313132,4.628975265,Jan,Jan to Jan,Jan,3930,banana
Dhaka,Rabi,Banana,588,94.59,74.22,42.45,5.75,25.0,15.0,35,80.0,85,75,169.94262295081967,6.930272109,Jan,Jan to Jan,Jan,4075,banana
Dinajpur,Rabi,Banana,2772,103.33,83.32,52.1,6.17,25.0,15.0,35,80.0,85,75,154.21843434343435,10.43001443,Jan,Jan to Jan,Jan,28912,banana
Faridpur,Rabi,Banana,202,103.32,84.51,50.43,6.07,25.0,15.0,35,80.0,85,75,155.864898989899,3.089108911,Jan,Jan to Jan,Jan,624,banana
Feni,Rabi,Banana,483,103.33,74.23,49.38,5.85,25.0,15.0,35,80.0,85,75,248.1727642276423,4.461697723,Jan,Jan to Jan,Jan,2155,banana
Gaibandha,Rabi,Banana,3459,123.4,86.41,56.2,5.95,25.0,15.0,35,80.0,85,75,179.6013888888889,18.04191963,Jan,Jan to Jan,Jan,62407,banana
Gazipur,Rabi,Banana,1499,103.66,79.63,48.02,6.27,25.0,15.0,35,80.0,85,75,169.94262295081967,6.112741828,Jan,Jan to Jan,Jan,9163,banana
Gopalganj,Rabi,Banana,909,107.06,82.73,48.84,6.11,25.0,15.0,35,80.0,85,75,155.864898989899,5.922992299,Jan,Jan to Jan,Jan,5384,banana
Habiganj,Rabi,Banana,279,105.97,89.94,56.03,5.98,25.0,15.0,35,80.0,85,75,333.72557471264366,2.777777778,Jan,Jan to Jan,Jan,775,banana
Jamalpur,Rabi,Banana,1324,104.15,86.42,47.55,5.94,25.0,15.0,35,80.0,85,75,181.08838383838383,5.530966767,Jan,Jan to Jan,Jan,7323,banana
Jashore,Rabi,Banana,1973,98.33,80.69,48.4,5.99,25.0,15.0,35,80.0,85,75,134.2247474747475,5.144450076,Jan,Jan to Jan,Jan,10150,banana
Jhallokati,Rabi,Banana,2910,104.79,77.62,49.61,5.89,25.0,15.0,35,80.0,85,75,175.42564102564103,3.264604811,Jan,Jan to Jan,Jan,9500,banana
Jhenaidah,Rabi,Banana,8152,95.58,71.42,52.57,5.6,25.0,15.0,35,80.0,85,75,134.2247474747475,6.176521099,Jan,Jan to Jan,Jan,50351,banana
Joypurhat,Rabi,Banana,416,98.81,78.47,50.67,6.35,25.0,15.0,35,80.0,85,75,142.85416666666666,7.34375,Jan,Jan to Jan,Jan,3055,banana
Khagrachari,Rabi,Banana,7462,97.31,80.97,46.17,6.01,25.0,15.0,35,80.0,85,75,204.11111111111111,3.610024122,Jan,Jan to Jan,Jan,26938,banana
Khulna,Rabi,Banana,305,100.72,77.15,48.45,6.05,25.0,15.0,35,80.0,85,75,144.96843434343435,16.79672131,Jan,Jan to Jan,Jan,5123,banana
Kishoreganj,Rabi,Banana,1536,114.15,81.36,48.23,5.97,25.0,15.0,35,80.0,85,75,181.08838383838383,7.524088542,Jan,Jan to Jan,Jan,11557,banana
Kurigram,Rabi,Banana,520,89.0,82.39,49.82,5.85,25.0,15.0,35,80.0,85,75,179.6013888888889,10.18461538,Jan,Jan to Jan,Jan,5296,banana
Kushtia,Rabi,Banana,1760,104.36,80.9,51.33,5.95,25.0,15.0,35,80.0,85,75,129.44444444444446,21.00113636,Jan,Jan to Jan,Jan,36962,banana
Lakshmipur,Rabi,Banana,3250,90.53,78.81,51.31,5.69,25.0,15.0,35,80.0,85,75,185.7563131313132,3.825230769,Jan,Jan to Jan,Jan,12432,banana
Lalmonirhat,Rabi,Banana,277,97.39,82.84,44.72,6.39,25.0,15.0,35,80.0,85,75,179.6013888888889,10.83393502,Jan,Jan to Jan,Jan,3001,banana
Madaripur,Rabi,Banana,1584,106.78,84.18,53.25,5.76,25.0,15.0,35,80.0,85,75,160.41666666666666,7.698863636,Jan,Jan to Jan,Jan,12195,banana
Magura,Rabi,Banana,563,100.62,76.64,50.81,5.79,25.0,15.0,35,80.0,85,75,134.2247474747475,26.32149201,Jan,Jan to Jan,Jan,14819,banana
Manikganj,Rabi,Banana,601,93.75,88.95,54.21,5.9,25.0,15.0,35,80.0,85,75,169.94262295081967,3.271214642,Jan,Jan to Jan,Jan,1966,banana
Meherpur,Rabi,Banana,2432,95.93,81.52,51.38,6.21,25.0,15.0,35,80.0,85,75,129.44444444444446,15.37787829,Jan,Jan to Jan,Jan,37399,banana
Moulvibazar,Rabi,Banana,269,104.32,82.1,53.36,5.98,25.0,15.0,35,80.0,85,75,333.72557471264366,5.289962825,Jan,Jan to Jan,Jan,1423,banana
Munshiganj,Rabi,Banana,170,95.84,85.49,51.45,5.76,25.0,15.0,35,80.0,85,75,169.94262295081967,3.805882353,Jan,Jan to Jan,Jan,647,banana
Mymensingh,Rabi,Banana,5325,101.53,83.16,54.09,6.21,25.0,15.0,35,80.0,85,75,181.08838383838383,6.798122066,Jan,Jan to Jan,Jan,36200,banana
Naogaon,Rabi,Banana,1631,100.5,86.7,51.62,6.11,25.0,15.0,35,80.0,85,75,124.92,8.50030656,Jan,Jan to Jan,Jan,13864,banana
Narail,Rabi,Banana,638,96.31,83.42,49.76,6.08,25.0,15.0,35,80.0,85,75,134.2247474747475,6.887147335,Jan,Jan to Jan,Jan,4394,banana
Narayanganj,Rabi,Banana,195,113.12,79.0,56.87,6.11,25.0,15.0,35,80.0,85,75,169.94262295081967,5.128205128,Jan,Jan to Jan,Jan,1000,banana
Narsingdi,Rabi,Banana,3677,104.04,83.79,52.72,6.41,25.0,15.0,35,80.0,85,75,169.94262295081967,6.819146043,Jan,Jan to Jan,Jan,25074,banana
Natore,Rabi,Banana,856,88.05,76.38,51.77,6.37,25.0,15.0,35,80.0,85,75,124.92,16.77570093,Jan,Jan to Jan,Jan,14360,banana
Netrokona,Rabi,Banana,804,101.35,82.54,46.22,5.86,25.0,15.0,35,80.0,85,75,181.08838383838383,5.706467662,Jan,Jan to Jan,Jan,4588,banana
Nilphamari,Rabi,Banana,439,96.25,81.85,46.18,6.27,25.0,15.0,35,80.0,85,75,179.6013888888889,8.364464692,Jan,Jan to Jan,Jan,3672,banana
Noakhali,Rabi,Banana,1212,105.36,80.99,50.93,6.05,25.0,15.0,35,80.0,85,75,185.7563131313132,2.882013201,Jan,Jan to Jan,Jan,3493,banana
Pabna,Rabi,Banana,756,95.46,81.38,50.49,6.07,25.0,15.0,35,80.0,85,75,124.92,7.35978836,Jan,Jan to Jan,Jan,5564,banana
Panchagar,Rabi,Banana,402,99.54,72.75,48.21,5.68,25.0,15.0,35,80.0,85,75,154.21843434343435,12.6119403,Jan,Jan to Jan,Jan,5070,banana
Patuakhali,Rabi,Banana,561,103.27,79.31,50.47,5.95,25.0,15.0,35,80.0,85,75,207.8076923076923,3.360071301,Jan,Jan to Jan,Jan,1885,banana
Pirojpur,Rabi,Banana,2786,105.44,82.47,54.82,5.83,25.0,15.0,35,80.0,85,75,175.42564102564103,4.829145729,Jan,Jan to Jan,Jan,13454,banana
Rajbari,Rabi,Banana,1071,93.01,82.8,52.14,6.13,25.0,15.0,35,80.0,85,75,155.864898989899,5.843137255,Jan,Jan to Jan,Jan,6258,banana
Rajshahi,Rabi,Banana,4672,98.22,76.95,46.62,6.17,25.0,15.0,35,80.0,85,75,124.92,10.23587329,Jan,Jan to Jan,Jan,47822,banana
Rangamati,Rabi,Banana,9230,97.37,88.24,49.72,5.61,25.0,15.0,35,80.0,85,75,204.11111111111111,4.629902492,Jan,Jan to Jan,Jan,42734,banana
Rangpur,Rabi,Banana,2321,96.3,77.75,47.63,5.98,25.0,15.0,35,80.0,85,75,179.6013888888889,5.618698837,Jan,Jan to Jan,Jan,13041,banana
Satkhira,Rabi,Banana,995,110.85,86.78,48.89,6.18,25.0,15.0,35,80.0,85,75,140.35353535353536,6.271356784,Jan,Jan to Jan,Jan,6240,banana
Shariatpur,Rabi,Banana,413,102.67,84.11,48.81,5.95,25.0,15.0,35,80.0,85,75,155.864898989899,3.784503632,Jan,Jan to Jan,Jan,1563,banana
Sherpur,Rabi,Banana,623,92.65,78.83,48.62,6.11,25.0,15.0,35,80.0,85,75,181.08838383838383,5.585874799,Jan,Jan to Jan,Jan,3480,banana
Sirajganj,Rabi,Banana,583,105.75,90.75,46.28,6.04,25.0,15.0,35,80.0,85,75,142.85416666666666,7.468267581,Jan,Jan to Jan,Jan,4354,banana
Sunamganj,Rabi,Banana,325,112.99,76.14,49.67,6.04,25.0,15.0,35,80.0,85,75,333.72557471264366,5.996923077,Jan,Jan to Jan,Jan,1949,banana
Sylhet,Rabi,Banana,855,106.44,86.53,48.37,5.93,25.0,15.0,35,80.0,85,75,333.72557471264366,3.907602339,Jan,Jan to Jan,Jan,3341,banana
Tangail,Rabi,Banana,11391,91.09,86.93,41.25,5.76,25.0,15.0,35,80.0,85,75,153.4104938271605,7.752962865,Jan,Jan to Jan,Jan,88314,banana
Thakurgaon,Rabi,Banana,1161,97.32,78.71,56.22,5.78,25.0,15.0,35,80.0,85,75,154.21843434343435,5.043066322,Jan,Jan to Jan,Jan,5855,banana
Bagerhat,Kharif 2,Barbati,457,22.33,73.18,21.36,5.87,25.0,20.0,30,72.5,85,60,144.96843434343435,1.192560175,Sep,Oct to Dec,December to April,545,kidneybeans
Bandarban,Kharif 2,Barbati,318,19.87,66.53,19.6,5.75,25.0,20.0,30,72.5,85,60,243.94444444444449,1.301886792,Sep,Oct to Dec,December to April,414,kidneybeans
Barguna,Kharif 2,Barbati,89,21.3,68.71,20.07,5.73,25.0,20.0,30,72.5,85,60,207.8076923076923,1.449438202,Sep,Oct to Dec,December to April,129,kidneybeans
Barishal,Kharif 2,Barbati,325,21.71,68.59,18.64,5.68,25.0,20.0,30,72.5,85,60,175.42564102564103,1.347692308,Sep,Oct to Dec,December to April,438,kidneybeans
Bhola,Kharif 2,Barbati,243,19.6,67.0,22.09,5.7,25.0,20.0,30,72.5,85,60,185.23090277777777,1.962962963,Sep,Oct to Dec,December to April,477,kidneybeans
Bogura,Kharif 2,Barbati,296,20.68,70.83,22.33,5.93,25.0,20.0,30,72.5,85,60,142.85416666666666,2.043918919,Sep,Oct to Dec,December to April,605,kidneybeans
Brahmanbaria,Kharif 2,Barbati,207,16.71,70.76,20.24,5.69,25.0,20.0,30,72.5,85,60,185.7563131313132,1.555555556,Sep,Oct to Dec,December to April,322,kidneybeans
Chandpur,Kharif 2,Barbati,82,19.47,60.45,21.28,5.52,25.0,20.0,30,72.5,85,60,168.796875,0.6463414634,Sep,Oct to Dec,December to April,53,kidneybeans
Chapai Nawabganj,Kharif 2,Barbati,85,20.44,72.83,20.26,5.88,25.0,20.0,30,72.5,85,60,124.92,1.117647059,Sep,Oct to Dec,December to April,95,kidneybeans
Chattogram,Kharif 2,Barbati,1497,19.2,60.8,18.44,5.71,25.0,20.0,30,72.5,85,60,243.94444444444449,1.936539746,Sep,Oct to Dec,December to April,2899,kidneybeans
Chuadanga,Kharif 2,Barbati,638,22.78,71.72,19.55,5.76,25.0,20.0,30,72.5,85,60,129.44444444444446,2.484326019,Sep,Oct to Dec,December to April,1585,kidneybeans
CoxsBazar,Kharif 2,Barbati,304,18.97,72.11,20.21,6.03,25.0,20.0,30,72.5,85,60,303.40277777777777,2.029605263,Sep,Oct to Dec,December to April,617,kidneybeans
Cumilla,Kharif 2,Barbati,440,20.2,63.12,19.5,5.75,25.0,20.0,30,72.5,85,60,185.7563131313132,1.995454545,Sep,Oct to Dec,December to April,878,kidneybeans
Dhaka,Kharif 2,Barbati,587,20.91,65.88,19.79,5.8,25.0,20.0,30,72.5,85,60,169.94262295081967,1.574105622,Sep,Oct to Dec,December to April,924,kidneybeans
Dinajpur,Kharif 2,Barbati,267,22.54,63.06,19.94,5.55,25.0,20.0,30,72.5,85,60,154.21843434343435,1.168539326,Sep,Oct to Dec,December to April,312,kidneybeans
Faridpur,Kharif 2,Barbati,241,18.96,66.67,19.95,5.71,25.0,20.0,30,72.5,85,60,155.864898989899,1.564315353,Sep,Oct to Dec,December to April,377,kidneybeans
Feni,Kharif 2,Barbati,115,22.2,66.29,20.11,5.86,25.0,20.0,30,72.5,85,60,248.1727642276423,1.07826087,Sep,Oct to Dec,December to April,124,kidneybeans
Gaibandha,Kharif 2,Barbati,153,20.76,70.7,18.77,5.48,25.0,20.0,30,72.5,85,60,179.6013888888889,1.209150327,Sep,Oct to Dec,December to April,185,kidneybeans
Gazipur,Kharif 2,Barbati,253,19.53,72.85,19.19,5.78,25.0,20.0,30,72.5,85,60,169.94262295081967,1.150197628,Sep,Oct to Dec,December to April,291,kidneybeans
Gopalganj,Kharif 2,Barbati,195,21.33,73.2,18.5,5.77,25.0,20.0,30,72.5,85,60,155.864898989899,1.794871795,Sep,Oct to Dec,December to April,350,kidneybeans
Habiganj,Kharif 2,Barbati,215,21.0,65.26,21.23,5.76,25.0,20.0,30,72.5,85,60,333.72557471264366,3.56744186,Sep,Oct to Dec,December to April,767,kidneybeans
Jamalpur,Kharif 2,Barbati,253,20.0,66.69,17.52,5.93,25.0,20.0,30,72.5,85,60,181.08838383838383,1.529644269,Sep,Oct to Dec,December to April,387,kidneybeans
Jashore,Kharif 2,Barbati,590,20.84,60.72,21.44,5.81,25.0,20.0,30,72.5,85,60,134.2247474747475,2.462711864,Sep,Oct to Dec,December to April,1453,kidneybeans
Jhallokati,Kharif 2,Barbati,180,20.27,64.27,21.72,6.0,25.0,20.0,30,72.5,85,60,175.42564102564103,1.033333333,Sep,Oct to Dec,December to April,186,kidneybeans
Jhenaidah,Kharif 2,Barbati,313,20.89,71.45,19.69,5.58,25.0,20.0,30,72.5,85,60,134.2247474747475,2.418530351,Sep,Oct to Dec,December to April,757,kidneybeans
Joypurhat,Kharif 2,Barbati,97,21.57,74.09,16.92,5.77,25.0,20.0,30,72.5,85,60,142.85416666666666,1.515463918,Sep,Oct to Dec,December to April,147,kidneybeans
Khagrachari,Kharif 2,Barbati,971,22.72,62.54,19.62,5.76,25.0,20.0,30,72.5,85,60,204.11111111111111,2.276004119,Sep,Oct to Dec,December to April,2210,kidneybeans
Khulna,Kharif 2,Barbati,292,19.21,65.14,19.97,5.57,25.0,20.0,30,72.5,85,60,144.96843434343435,1.410958904,Sep,Oct to Dec,December to April,412,kidneybeans
Kishoreganj,Kharif 2,Barbati,160,23.41,67.43,18.83,5.91,25.0,20.0,30,72.5,85,60,181.08838383838383,1.65625,Sep,Oct to Dec,December to April,265,kidneybeans
Kurigram,Kharif 2,Barbati,218,18.32,68.68,19.43,6.15,25.0,20.0,30,72.5,85,60,179.6013888888889,1.458715596,Sep,Oct to Dec,December to April,318,kidneybeans
Kushtia,Kharif 2,Barbati,185,20.56,64.26,21.89,5.75,25.0,20.0,30,72.5,85,60,129.44444444444446,3.794594595,Sep,Oct to Dec,December to April,702,kidneybeans
Lakshmipur,Kharif 2,Barbati,161,21.48,69.26,20.85,5.84,25.0,20.0,30,72.5,85,60,185.7563131313132,2.254658385,Sep,Oct to Dec,December to April,363,kidneybeans
Lalmonirhat,Kharif 2,Barbati,163,21.1,65.62,18.94,5.76,25.0,20.0,30,72.5,85,60,179.6013888888889,1.190184049,Sep,Oct to Dec,December to April,194,kidneybeans
Madaripur,Kharif 2,Barbati,67,19.97,67.48,18.13,5.63,25.0,20.0,30,72.5,85,60,160.41666666666666,2.955223881,Sep,Oct to Dec,December to April,198,kidneybeans
Magura,Kharif 2,Barbati,59,20.49,69.75,19.66,5.44,25.0,20.0,30,72.5,85,60,134.2247474747475,2.237288136,Sep,Oct to Dec,December to April,132,kidneybeans
Manikganj,Kharif 2,Barbati,194,20.14,67.57,19.79,5.63,25.0,20.0,30,72.5,85,60,169.94262295081967,1.458762887,Sep,Oct to Dec,December to April,283,kidneybeans
Meherpur,Kharif 2,Barbati,102,20.02,65.77,20.65,5.51,25.0,20.0,30,72.5,85,60,129.44444444444446,5.284313725,Sep,Oct to Dec,December to April,539,kidneybeans
Moulvibazar,Kharif 2,Barbati,355,21.81,67.1,19.41,6.04,25.0,20.0,30,72.5,85,60,333.72557471264366,2.490140845,Sep,Oct to Dec,December to April,884,kidneybeans
Munshiganj,Kharif 2,Barbati,100,21.19,67.18,20.67,5.73,25.0,20.0,30,72.5,85,60,169.94262295081967,1.68,Sep,Oct to Dec,December to April,168,kidneybeans
Mymensingh,Kharif 2,Barbati,566,19.89,66.04,22.38,5.69,25.0,20.0,30,72.5,85,60,181.08838383838383,2.153710247,Sep,Oct to Dec,December to April,1219,kidneybeans
Naogaon,Kharif 2,Barbati,153,21.87,66.49,21.03,5.9,25.0,20.0,30,72.5,85,60,124.92,1.176470588,Sep,Oct to Dec,December to April,180,kidneybeans
Narail,Kharif 2,Barbati,184,21.13,74.02,19.99,5.56,25.0,20.0,30,72.5,85,60,134.2247474747475,2.380434783,Sep,Oct to Dec,December to April,438,kidneybeans
Narayanganj,Kharif 2,Barbati,154,21.76,69.81,19.83,5.62,25.0,20.0,30,72.5,85,60,169.94262295081967,1.077922078,Sep,Oct to Dec,December to April,166,kidneybeans
Narsingdi,Kharif 2,Barbati,289,21.53,66.34,19.62,5.76,25.0,20.0,30,72.5,85,60,169.94262295081967,1.588235294,Sep,Oct to Dec,December to April,459,kidneybeans
Natore,Kharif 2,Barbati,402,19.72,70.36,21.47,5.93,25.0,20.0,30,72.5,85,60,124.92,1.099502488,Sep,Oct to Dec,December to April,442,kidneybeans
Netrokona,Kharif 2,Barbati,125,20.05,66.19,19.3,5.84,25.0,20.0,30,72.5,85,60,181.08838383838383,1.536,Sep,Oct to Dec,December to April,192,kidneybeans
Nilphamari,Kharif 2,Barbati,156,21.68,72.29,20.1,5.79,25.0,20.0,30,72.5,85,60,179.6013888888889,2.121794872,Sep,Oct to Dec,December to April,331,kidneybeans
Noakhali,Kharif 2,Barbati,284,21.51,69.04,20.11,5.76,25.0,20.0,30,72.5,85,60,185.7563131313132,2.408450704,Sep,Oct to Dec,December to April,684,kidneybeans
Pabna,Kharif 2,Barbati,224,20.72,67.11,19.45,5.82,25.0,20.0,30,72.5,85,60,124.92,1.205357143,Sep,Oct to Dec,December to April,270,kidneybeans
Panchagar,Kharif 2,Barbati,373,20.9,69.35,18.4,5.78,25.0,20.0,30,72.5,85,60,154.21843434343435,3.222520107,Sep,Oct to Dec,December to April,1202,kidneybeans
Patuakhali,Kharif 2,Barbati,85,22.34,61.17,20.44,5.57,25.0,20.0,30,72.5,85,60,207.8076923076923,1.141176471,Sep,Oct to Dec,December to April,97,kidneybeans
Pirojpur,Kharif 2,Barbati,143,20.01,62.97,19.98,5.76,25.0,20.0,30,72.5,85,60,175.42564102564103,1.132867133,Sep,Oct to Dec,December to April,162,kidneybeans
Rajbari,Kharif 2,Barbati,277,21.43,62.7,20.65,5.56,25.0,20.0,30,72.5,85,60,155.864898989899,2.415162455,Sep,Oct to Dec,December to April,669,kidneybeans
Rajshahi,Kharif 2,Barbati,245,20.5,68.12,19.41,5.76,25.0,20.0,30,72.5,85,60,124.92,3.281632653,Sep,Oct to Dec,December to April,804,kidneybeans
Rangamati,Kharif 2,Barbati,663,20.48,74.56,21.52,5.67,25.0,20.0,30,72.5,85,60,204.11111111111111,1.39668175,Sep,Oct to Dec,December to April,926,kidneybeans
Rangpur,Kharif 2,Barbati,350,22.12,76.58,19.0,6.19,25.0,20.0,30,72.5,85,60,179.6013888888889,1.425714286,Sep,Oct to Dec,December to April,499,kidneybeans
Satkhira,Kharif 2,Barbati,307,21.78,70.13,22.11,5.74,25.0,20.0,30,72.5,85,60,140.35353535353536,1.631921824,Sep,Oct to Dec,December to April,501,kidneybeans
Shariatpur,Kharif 2,Barbati,89,21.76,69.57,17.95,5.51,25.0,20.0,30,72.5,85,60,155.864898989899,1.730337079,Sep,Oct to Dec,December to April,154,kidneybeans
Sherpur,Kharif 2,Barbati,140,22.38,60.24,20.57,5.73,25.0,20.0,30,72.5,85,60,181.08838383838383,1.514285714,Sep,Oct to Dec,December to April,212,kidneybeans
Sirajganj,Kharif 2,Barbati,125,20.78,65.34,20.62,5.84,25.0,20.0,30,72.5,85,60,142.85416666666666,1.52,Sep,Oct to Dec,December to April,190,kidneybeans
Sunamganj,Kharif 2,Barbati,82,21.6,64.35,19.09,6.04,25.0,20.0,30,72.5,85,60,333.72557471264366,2.134146341,Sep,Oct to Dec,December to April,175,kidneybeans
Sylhet,Kharif 2,Barbati,409,20.36,65.02,20.56,5.65,25.0,20.0,30,72.5,85,60,333.72557471264366,1.860635697,Sep,Oct to Dec,December to April,761,kidneybeans
Tangail,Kharif 2,Barbati,213,21.15,66.86,21.59,5.48,25.0,20.0,30,72.5,85,60,153.4104938271605,1.469483568,Sep,Oct to Dec,December to April,313,kidneybeans
Thakurgaon,Kharif 2,Barbati,166,20.59,65.63,17.38,5.89,25.0,20.0,30,72.5,85,60,154.21843434343435,1.415662651,Sep,Oct to Dec,December to April,235,kidneybeans
Bagerhat,Kharif 1,Beans,527,20.87,59.52,20.65,5.51,16.0,10.0,22,67.5,75,60,144.96843434343435,2.055028463,June,July to Nov,Nov to April,1083,kidneybeans
Bandarban,Kharif 1,Beans,566,21.49,70.57,17.05,5.67,16.0,10.0,22,67.5,75,60,243.94444444444449,1.768551237,June,July to Nov,Nov to April,1001,kidneybeans
Barguna,Kharif 1,Beans,231,19.73,63.19,18.89,5.71,16.0,10.0,22,67.5,75,60,207.8076923076923,1.45021645,June,July to Nov,Nov to April,335,kidneybeans
Barishal,Kharif 1,Beans,576,23.36,68.51,22.01,5.74,16.0,10.0,22,67.5,75,60,175.42564102564103,2.057291667,June,July to Nov,Nov to April,1185,kidneybeans
Bhola,Kharif 1,Beans,660,19.5,75.95,19.35,5.87,16.0,10.0,22,67.5,75,60,185.23090277777777,3.53030303,June,July to Nov,Nov to April,2330,kidneybeans
Bogura,Kharif 1,Beans,1276,19.24,63.81,18.64,5.63,16.0,10.0,22,67.5,75,60,142.85416666666666,3.340909091,June,July to Nov,Nov to April,4263,kidneybeans
Brahmanbaria,Kharif 1,Beans,932,22.19,57.29,19.81,5.7,16.0,10.0,22,67.5,75,60,185.7563131313132,2.579399142,June,July to Nov,Nov to April,2404,kidneybeans
Chandpur,Kharif 1,Beans,724,21.74,66.38,22.54,5.75,16.0,10.0,22,67.5,75,60,168.796875,3.128453039,June,July to Nov,Nov to April,2265,kidneybeans
Chapai Nawabganj,Kharif 1,Beans,231,21.53,72.0,17.85,5.78,16.0,10.0,22,67.5,75,60,124.92,2.186147186,June,July to Nov,Nov to April,505,kidneybeans
Chattogram,Kharif 1,Beans,3745,21.53,75.48,18.79,5.77,16.0,10.0,22,67.5,75,60,243.94444444444449,3.615220294,June,July to Nov,Nov to April,13539,kidneybeans
Chuadanga,Kharif 1,Beans,776,20.73,62.56,21.85,5.83,16.0,10.0,22,67.5,75,60,129.44444444444446,1.981958763,June,July to Nov,Nov to April,1538,kidneybeans
CoxsBazar,Kharif 1,Beans,605,19.63,69.55,22.28,5.9,16.0,10.0,22,67.5,75,60,303.40277777777777,2.631404959,June,July to Nov,Nov to April,1592,kidneybeans
Cumilla,Kharif 1,Beans,1823,20.84,65.65,19.93,5.82,16.0,10.0,22,67.5,75,60,185.7563131313132,3.019199122,June,July to Nov,Nov to April,5504,kidneybeans
Dhaka,Kharif 1,Beans,1416,19.91,67.11,18.56,5.83,16.0,10.0,22,67.5,75,60,169.94262295081967,3.037429379,June,July to Nov,Nov to April,4301,kidneybeans
Dinajpur,Kharif 1,Beans,635,21.96,78.26,22.57,5.48,16.0,10.0,22,67.5,75,60,154.21843434343435,1.88503937,June,July to Nov,Nov to April,1197,kidneybeans
Faridpur,Kharif 1,Beans,496,20.57,61.45,21.97,5.76,16.0,10.0,22,67.5,75,60,155.864898989899,1.816532258,June,July to Nov,Nov to April,901,kidneybeans
Feni,Kharif 1,Beans,319,19.72,68.57,20.87,5.83,16.0,10.0,22,67.5,75,60,248.1727642276423,1.639498433,June,July to Nov,Nov to April,523,kidneybeans
Gaibandha,Kharif 1,Beans,373,20.35,69.44,19.07,5.88,16.0,10.0,22,67.5,75,60,179.6013888888889,2.131367292,June,July to Nov,Nov to April,795,kidneybeans
Gazipur,Kharif 1,Beans,1129,21.26,71.94,19.99,5.63,16.0,10.0,22,67.5,75,60,169.94262295081967,1.568644818,June,July to Nov,Nov to April,1771,kidneybeans
Gopalganj,Kharif 1,Beans,331,20.05,67.94,19.86,5.64,16.0,10.0,22,67.5,75,60,155.864898989899,2.607250755,June,July to Nov,Nov to April,863,kidneybeans
Habiganj,Kharif 1,Beans,1426,19.73,68.79,20.45,5.65,16.0,10.0,22,67.5,75,60,333.72557471264366,3.512622721,June,July to Nov,Nov to April,5009,kidneybeans
Jamalpur,Kharif 1,Beans,1239,21.05,65.95,21.8,5.84,16.0,10.0,22,67.5,75,60,181.08838383838383,2.015334948,June,July to Nov,Nov to April,2497,kidneybeans
Jashore,Kharif 1,Beans,2779,21.05,68.63,21.11,5.93,16.0,10.0,22,67.5,75,60,134.2247474747475,3.338611011,June,July to Nov,Nov to April,9278,kidneybeans
Jhallokati,Kharif 1,Beans,709,20.12,66.15,18.75,5.68,16.0,10.0,22,67.5,75,60,175.42564102564103,1.696755994,June,July to Nov,Nov to April,1203,kidneybeans
Jhenaidah,Kharif 1,Beans,1576,20.16,70.06,21.71,5.91,16.0,10.0,22,67.5,75,60,134.2247474747475,4.381979695,June,July to Nov,Nov to April,6906,kidneybeans
Joypurhat,Kharif 1,Beans,219,21.04,66.04,20.43,5.77,16.0,10.0,22,67.5,75,60,142.85416666666666,3.03196347,June,July to Nov,Nov to April,664,kidneybeans
Khagrachari,Kharif 1,Beans,728,18.95,69.07,20.88,5.73,16.0,10.0,22,67.5,75,60,204.11111111111111,2.129120879,June,July to Nov,Nov to April,1550,kidneybeans
Khulna,Kharif 1,Beans,586,19.0,67.42,21.81,5.71,16.0,10.0,22,67.5,75,60,144.96843434343435,3.737201365,June,July to Nov,Nov to April,2190,kidneybeans
Kishoreganj,Kharif 1,Beans,1192,19.86,72.1,18.71,5.88,16.0,10.0,22,67.5,75,60,181.08838383838383,3.339765101,June,July to Nov,Nov to April,3981,kidneybeans
Kurigram,Kharif 1,Beans,370,20.48,67.33,20.01,5.81,16.0,10.0,22,67.5,75,60,179.6013888888889,1.608108108,June,July to Nov,Nov to April,595,kidneybeans
Kushtia,Kharif 1,Beans,669,21.14,60.35,19.41,6.14,16.0,10.0,22,67.5,75,60,129.44444444444446,2.92077728,June,July to Nov,Nov to April,1954,kidneybeans
Lakshmipur,Kharif 1,Beans,769,22.59,72.65,18.16,5.6,16.0,10.0,22,67.5,75,60,185.7563131313132,1.357607282,June,July to Nov,Nov to April,1044,kidneybeans
Lalmonirhat,Kharif 1,Beans,251,21.82,63.87,20.47,5.84,16.0,10.0,22,67.5,75,60,179.6013888888889,2.6812749,June,July to Nov,Nov to April,673,kidneybeans
Madaripur,Kharif 1,Beans,325,20.55,64.89,23.07,5.66,16.0,10.0,22,67.5,75,60,160.41666666666666,3.135384615,June,July to Nov,Nov to April,1019,kidneybeans
Magura,Kharif 1,Beans,186,20.73,65.13,17.84,5.6,16.0,10.0,22,67.5,75,60,134.2247474747475,3.413978495,June,July to Nov,Nov to April,635,kidneybeans
Manikganj,Kharif 1,Beans,819,19.5,73.11,20.01,5.75,16.0,10.0,22,67.5,75,60,169.94262295081967,5.078144078,June,July to Nov,Nov to April,4159,kidneybeans
Meherpur,Kharif 1,Beans,669,20.73,58.89,20.82,5.77,16.0,10.0,22,67.5,75,60,129.44444444444446,8.476831091,June,July to Nov,Nov to April,5671,kidneybeans
Moulvibazar,Kharif 1,Beans,449,20.39,80.26,20.2,6.25,16.0,10.0,22,67.5,75,60,333.72557471264366,2.902004454,June,July to Nov,Nov to April,1303,kidneybeans
Munshiganj,Kharif 1,Beans,551,21.15,71.82,19.91,5.72,16.0,10.0,22,67.5,75,60,169.94262295081967,1.843920145,June,July to Nov,Nov to April,1016,kidneybeans
Mymensingh,Kharif 1,Beans,2127,19.72,68.44,18.49,5.56,16.0,10.0,22,67.5,75,60,181.08838383838383,2.968500235,June,July to Nov,Nov to April,6314,kidneybeans
Naogaon,Kharif 1,Beans,817,21.4,67.32,20.33,5.8,16.0,10.0,22,67.5,75,60,124.92,3.335373317,June,July to Nov,Nov to April,2725,kidneybeans
Narail,Kharif 1,Beans,360,22.66,68.7,19.14,5.39,16.0,10.0,22,67.5,75,60,134.2247474747475,3.352777778,June,July to Nov,Nov to April,1207,kidneybeans
Narayanganj,Kharif 1,Beans,785,20.61,69.65,17.42,5.73,16.0,10.0,22,67.5,75,60,169.94262295081967,2.597452229,June,July to Nov,Nov to April,2039,kidneybeans
Narsingdi,Kharif 1,Beans,2661,21.25,70.15,21.49,5.75,16.0,10.0,22,67.5,75,60,169.94262295081967,4.383690342,June,July to Nov,Nov to April,11665,kidneybeans
Natore,Kharif 1,Beans,560,21.61,69.79,21.2,5.89,16.0,10.0,22,67.5,75,60,124.92,2.371428571,June,July to Nov,Nov to April,1328,kidneybeans
Netrokona,Kharif 1,Beans,595,20.25,67.9,20.11,5.92,16.0,10.0,22,67.5,75,60,181.08838383838383,2.645378151,June,July to Nov,Nov to April,1574,kidneybeans
Nilphamari,Kharif 1,Beans,400,21.03,66.74,20.33,5.66,16.0,10.0,22,67.5,75,60,179.6013888888889,2.9675,June,July to Nov,Nov to April,1187,kidneybeans
Noakhali,Kharif 1,Beans,1139,20.77,66.93,21.34,5.72,16.0,10.0,22,67.5,75,60,185.7563131313132,1.762949956,June,July to Nov,Nov to April,2008,kidneybeans
Pabna,Kharif 1,Beans,718,20.87,66.75,20.32,5.62,16.0,10.0,22,67.5,75,60,124.92,2.777158774,June,July to Nov,Nov to April,1994,kidneybeans
Panchagar,Kharif 1,Beans,463,19.79,72.13,21.14,5.56,16.0,10.0,22,67.5,75,60,154.21843434343435,2.98488121,June,July to Nov,Nov to April,1382,kidneybeans
Patuakhali,Kharif 1,Beans,187,20.78,69.95,19.69,5.8,16.0,10.0,22,67.5,75,60,207.8076923076923,0.9090909091,June,July to Nov,Nov to April,170,kidneybeans
Pirojpur,Kharif 1,Beans,326,21.37,55.62,21.63,5.53,16.0,10.0,22,67.5,75,60,175.42564102564103,1.77607362,June,July to Nov,Nov to April,579,kidneybeans
Rajbari,Kharif 1,Beans,468,22.56,70.2,20.44,5.68,16.0,10.0,22,67.5,75,60,155.864898989899,2.446581197,June,July to Nov,Nov to April,1145,kidneybeans
Rajshahi,Kharif 1,Beans,1097,21.94,68.33,20.28,5.58,16.0,10.0,22,67.5,75,60,124.92,3.835004558,June,July to Nov,Nov to April,4207,kidneybeans
Rangamati,Kharif 1,Beans,634,23.43,67.46,18.52,5.84,16.0,10.0,22,67.5,75,60,204.11111111111111,1.430599369,June,July to Nov,Nov to April,907,kidneybeans
Rangpur,Kharif 1,Beans,544,19.79,65.97,20.4,6.06,16.0,10.0,22,67.5,75,60,179.6013888888889,1.709558824,June,July to Nov,Nov to April,930,kidneybeans
Satkhira,Kharif 1,Beans,689,21.84,72.1,19.05,5.53,16.0,10.0,22,67.5,75,60,140.35353535353536,2.534107402,June,July to Nov,Nov to April,1746,kidneybeans
Shariatpur,Kharif 1,Beans,398,20.98,71.38,19.28,5.43,16.0,10.0,22,67.5,75,60,155.864898989899,2.180904523,June,July to Nov,Nov to April,868,kidneybeans
Sherpur,Kharif 1,Beans,533,23.48,64.41,19.07,5.73,16.0,10.0,22,67.5,75,60,181.08838383838383,3.150093809,June,July to Nov,Nov to April,1679,kidneybeans
Sirajganj,Kharif 1,Beans,490,19.74,69.19,18.77,5.75,16.0,10.0,22,67.5,75,60,142.85416666666666,2.259183673,June,July to Nov,Nov to April,1107,kidneybeans
Sunamganj,Kharif 1,Beans,1620,19.7,63.6,22.61,5.79,16.0,10.0,22,67.5,75,60,333.72557471264366,8.634567901,June,July to Nov,Nov to April,13988,kidneybeans
Sylhet,Kharif 1,Beans,2305,20.0,61.95,21.65,5.67,16.0,10.0,22,67.5,75,60,333.72557471264366,2.321475054,June,July to Nov,Nov to April,5351,kidneybeans
Tangail,Kharif 1,Beans,1887,18.11,65.0,22.36,5.72,16.0,10.0,22,67.5,75,60,153.4104938271605,1.815050344,June,July to Nov,Nov to April,3425,kidneybeans
Thakurgaon,Kharif 1,Beans,376,20.1,71.03,18.58,5.81,16.0,10.0,22,67.5,75,60,154.21843434343435,2.321808511,June,July to Nov,Nov to April,873,kidneybeans
Bagerhat,Rabi,Boro,145439,76.25,50.3,40.04,6.63,26.0,12.0,40,72.5,85,60,144.96843434343435,1.847881242,Nov,Dec to March,April,268754,rice
Bandarban,Rabi,Boro,15427,80.61,49.04,36.78,6.05,26.0,12.0,40,72.5,85,60,243.94444444444449,1.563233292,Nov,Dec to March,April,24116,rice
Barguna,Rabi,Boro,17220,81.53,49.65,38.21,6.36,26.0,12.0,40,72.5,85,60,207.8076923076923,1.317073171,Nov,Dec to March,April,22680,rice
Barishal,Rabi,Boro,130120,88.88,49.05,37.67,6.47,26.0,12.0,40,72.5,85,60,175.42564102564103,1.61278051,Nov,Dec to March,April,209855,rice
Bhola,Rabi,Boro,93653,84.45,45.75,42.84,6.25,26.0,12.0,40,72.5,85,60,185.23090277777777,1.548791817,Nov,Dec to March,April,145049,rice
Bogura,Rabi,Boro,457983,77.12,48.81,38.92,6.76,26.0,12.0,40,72.5,85,60,142.85416666666666,1.571584535,Nov,Dec to March,April,719759,rice
Brahmanbaria,Rabi,Boro,276814,75.58,49.87,42.43,6.31,26.0,12.0,40,72.5,85,60,185.7563131313132,1.86520913,Nov,Dec to March,April,516316,rice
Chandpur,Rabi,Boro,150393,82.25,49.73,41.32,6.42,26.0,12.0,40,72.5,85,60,168.796875,1.659046631,Nov,Dec to March,April,249509,rice
Chapai Nawabganj,Rabi,Boro,118339,73.56,50.97,45.38,6.54,26.0,12.0,40,72.5,85,60,124.92,1.802803809,Nov,Dec to March,April,213342,rice
Chattogram,Rabi,Boro,155621,88.67,49.6,36.33,6.32,26.0,12.0,40,72.5,85,60,243.94444444444449,1.620880215,Nov,Dec to March,April,252243,rice
Chuadanga,Rabi,Boro,82100,85.54,48.58,42.88,6.07,26.0,12.0,40,72.5,85,60,129.44444444444446,1.524445798,Nov,Dec to March,April,125157,rice
CoxsBazar,Rabi,Boro,128735,77.64,50.64,42.61,6.35,26.0,12.0,40,72.5,85,60,303.40277777777777,1.600504913,Nov,Dec to March,April,206041,rice
Cumilla,Rabi,Boro,369206,71.68,47.5,37.54,6.63,26.0,12.0,40,72.5,85,60,185.7563131313132,1.784729934,Nov,Dec to March,April,658933,rice
Dhaka,Rabi,Boro,110401,86.38,45.06,42.28,6.37,26.0,12.0,40,72.5,85,60,169.94262295081967,1.864394344,Nov,Dec to March,April,205831,rice
Dinajpur,Rabi,Boro,429961,79.34,47.11,40.67,6.27,26.0,12.0,40,72.5,85,60,154.21843434343435,1.655352462,Nov,Dec to March,April,711737,rice
Faridpur,Rabi,Boro,56903,85.82,45.45,39.33,6.61,26.0,12.0,40,72.5,85,60,155.864898989899,1.868056166,Nov,Dec to March,April,106298,rice
Feni,Rabi,Boro,66737,72.25,45.65,37.9,6.37,26.0,12.0,40,72.5,85,60,248.1727642276423,1.47762111,Nov,Dec to March,April,98612,rice
Gaibandha,Rabi,Boro,321264,77.02,47.17,38.15,6.33,26.0,12.0,40,72.5,85,60,179.6013888888889,1.630549953,Nov,Dec to March,April,523837,rice
Gazipur,Rabi,Boro,146748,79.92,45.32,44.77,6.46,26.0,12.0,40,72.5,85,60,169.94262295081967,1.755812686,Nov,Dec to March,April,257662,rice
Gopalganj,Rabi,Boro,183726,80.12,46.7,39.87,6.58,26.0,12.0,40,72.5,85,60,155.864898989899,1.994410154,Nov,Dec to March,April,366425,rice
Habiganj,Rabi,Boro,295677,77.73,42.17,41.74,6.89,26.0,12.0,40,72.5,85,60,333.72557471264366,1.479824268,Nov,Dec to March,April,437550,rice
Jamalpur,Rabi,Boro,322186,82.88,48.19,37.98,6.59,26.0,12.0,40,72.5,85,60,181.08838383838383,1.711852781,Nov,Dec to March,April,551535,rice
Jashore,Rabi,Boro,388502,74.77,47.58,38.0,6.65,26.0,12.0,40,72.5,85,60,134.2247474747475,1.809630324,Nov,Dec to March,April,703045,rice
Jhallokati,Rabi,Boro,26405,79.21,45.25,42.46,6.33,26.0,12.0,40,72.5,85,60,175.42564102564103,1.516265859,Nov,Dec to March,April,40037,rice
Jhenaidah,Rabi,Boro,197602,80.47,49.46,36.64,6.23,26.0,12.0,40,72.5,85,60,134.2247474747475,1.720068623,Nov,Dec to March,April,339889,rice
Joypurhat,Rabi,Boro,169581,82.36,50.26,38.88,6.44,26.0,12.0,40,72.5,85,60,142.85416666666666,1.645367111,Nov,Dec to March,April,279023,rice
Khagrachari,Rabi,Boro,26856,83.3,42.99,39.95,6.45,26.0,12.0,40,72.5,85,60,204.11111111111111,1.548555258,Nov,Dec to March,April,41588,rice
Khulna,Rabi,Boro,142077,74.5,45.4,40.14,6.22,26.0,12.0,40,72.5,85,60,144.96843434343435,1.712261661,Nov,Dec to March,April,243273,rice
Kishoreganj,Rabi,Boro,403798,72.54,45.38,39.44,6.4,26.0,12.0,40,72.5,85,60,181.08838383838383,1.720010996,Nov,Dec to March,April,694537,rice
Kurigram,Rabi,Boro,276736,86.01,44.9,40.82,6.51,26.0,12.0,40,72.5,85,60,179.6013888888889,1.607156279,Nov,Dec to March,April,444758,rice
Kushtia,Rabi,Boro,86620,81.48,49.95,41.53,6.5,26.0,12.0,40,72.5,85,60,129.44444444444446,1.725202032,Nov,Dec to March,April,149437,rice
Lakshmipur,Rabi,Boro,76552,76.3,47.03,41.63,6.53,26.0,12.0,40,72.5,85,60,185.7563131313132,1.571219563,Nov,Dec to March,April,120280,rice
Lalmonirhat,Rabi,Boro,114112,87.33,46.82,37.51,6.49,26.0,12.0,40,72.5,85,60,179.6013888888889,1.681689919,Nov,Dec to March,April,191901,rice
Madaripur,Rabi,Boro,80650,80.44,41.86,39.19,6.33,26.0,12.0,40,72.5,85,60,160.41666666666666,1.722083075,Nov,Dec to March,April,138886,rice
Magura,Rabi,Boro,86301,85.54,49.39,42.73,6.33,26.0,12.0,40,72.5,85,60,134.2247474747475,1.535497851,Nov,Dec to March,April,132515,rice
Manikganj,Rabi,Boro,118316,80.21,44.04,42.01,6.2,26.0,12.0,40,72.5,85,60,169.94262295081967,1.956793671,Nov,Dec to March,April,231520,rice
Meherpur,Rabi,Boro,47938,89.77,47.75,36.59,6.77,26.0,12.0,40,72.5,85,60,129.44444444444446,1.607493012,Nov,Dec to March,April,77060,rice
Moulvibazar,Rabi,Boro,138015,88.3,48.37,40.71,6.43,26.0,12.0,40,72.5,85,60,333.72557471264366,1.312603702,Nov,Dec to March,April,181159,rice
Munshiganj,Rabi,Boro,56700,78.7,51.46,35.14,6.39,26.0,12.0,40,72.5,85,60,169.94262295081967,1.787407407,Nov,Dec to March,April,101346,rice
Mymensingh,Rabi,Boro,645176,84.55,43.84,39.98,6.25,26.0,12.0,40,72.5,85,60,181.08838383838383,1.669687031,Nov,Dec to March,April,1077242,rice
Naogaon,Rabi,Boro,458122,82.98,38.96,44.41,7.0,26.0,12.0,40,72.5,85,60,124.92,1.787063271,Nov,Dec to March,April,818693,rice
Narail,Rabi,Boro,116842,86.45,48.1,37.6,6.22,26.0,12.0,40,72.5,85,60,134.2247474747475,1.849668783,Nov,Dec to March,April,216119,rice
Narayanganj,Rabi,Boro,49627,75.26,52.72,37.87,6.35,26.0,12.0,40,72.5,85,60,169.94262295081967,1.741431076,Nov,Dec to March,April,86422,rice
Narsingdi,Rabi,Boro,132083,83.18,51.12,41.7,6.51,26.0,12.0,40,72.5,85,60,169.94262295081967,1.603143478,Nov,Dec to March,April,211748,rice
Natore,Rabi,Boro,148250,84.96,48.18,36.18,6.55,26.0,12.0,40,72.5,85,60,124.92,1.742569983,Nov,Dec to March,April,258336,rice
Netrokona,Rabi,Boro,449438,71.46,46.18,38.36,6.61,26.0,12.0,40,72.5,85,60,181.08838383838383,1.668539376,Nov,Dec to March,April,749905,rice
Nilphamari,Rabi,Boro,204505,74.22,49.88,41.3,6.78,26.0,12.0,40,72.5,85,60,179.6013888888889,1.762934892,Nov,Dec to March,April,360529,rice
Noakhali,Rabi,Boro,166632,70.12,44.8,38.35,6.53,26.0,12.0,40,72.5,85,60,185.7563131313132,1.874573911,Nov,Dec to March,April,312364,rice
Pabna,Rabi,Boro,134501,78.6,48.94,39.31,6.23,26.0,12.0,40,72.5,85,60,124.92,1.747830871,Nov,Dec to March,April,235085,rice
Panchagar,Rabi,Boro,77506,83.33,49.02,41.65,6.38,26.0,12.0,40,72.5,85,60,154.21843434343435,1.550641241,Nov,Dec to March,April,120184,rice
Patuakhali,Rabi,Boro,2655,87.09,50.61,40.88,6.49,26.0,12.0,40,72.5,85,60,207.8076923076923,1.324670433,Nov,Dec to March,April,3517,rice
Pirojpur,Rabi,Boro,56336,80.25,55.46,40.51,6.83,26.0,12.0,40,72.5,85,60,175.42564102564103,1.710469327,Nov,Dec to March,April,96361,rice
Rajbari,Rabi,Boro,32310,87.7,48.7,39.06,6.16,26.0,12.0,40,72.5,85,60,155.864898989899,1.71999381,Nov,Dec to March,April,55573,rice
Rajshahi,Rabi,Boro,161465,73.27,46.13,40.76,6.66,26.0,12.0,40,72.5,85,60,124.92,1.643080544,Nov,Dec to March,April,265300,rice
Rangamati,Rabi,Boro,17437,71.73,47.51,39.57,6.46,26.0,12.0,40,72.5,85,60,204.11111111111111,1.615816941,Nov,Dec to March,April,28175,rice
Rangpur,Rabi,Boro,326394,79.62,42.53,40.97,6.59,26.0,12.0,40,72.5,85,60,179.6013888888889,1.797211346,Nov,Dec to March,April,586599,rice
Satkhira,Rabi,Boro,185546,81.73,45.6,38.68,6.41,26.0,12.0,40,72.5,85,60,140.35353535353536,1.593098207,Nov,Dec to March,April,295593,rice
Shariatpur,Rabi,Boro,64104,79.73,46.41,39.43,6.27,26.0,12.0,40,72.5,85,60,155.864898989899,1.880912268,Nov,Dec to March,April,120574,rice
Sherpur,Rabi,Boro,225451,69.98,46.08,37.5,6.57,26.0,12.0,40,72.5,85,60,181.08838383838383,1.672864614,Nov,Dec to March,April,377149,rice
Sirajganj,Rabi,Boro,347176,79.46,48.01,39.79,6.56,26.0,12.0,40,72.5,85,60,142.85416666666666,1.710895914,Nov,Dec to March,April,593982,rice
Sunamganj,Rabi,Boro,546442,73.64,45.23,37.93,6.62,26.0,12.0,40,72.5,85,60,333.72557471264366,1.500594757,Nov,Dec to March,April,819988,rice
Sylhet,Rabi,Boro,204408,83.1,50.78,37.2,6.43,26.0,12.0,40,72.5,85,60,333.72557471264366,1.225470627,Nov,Dec to March,April,250496,rice
Tangail,Rabi,Boro,420470,81.65,47.58,40.49,6.31,26.0,12.0,40,72.5,85,60,153.4104938271605,1.74931862,Nov,Dec to March,April,735536,rice
Thakurgaon,Rabi,Boro,144862,75.38,47.55,40.38,6.13,26.0,12.0,40,72.5,85,60,154.21843434343435,1.576106916,Nov,Dec to March,April,228318,rice
Bagerhat,Rabi,Cheena,0,77.43,46.64,41.74,6.59,21.0,17.0,25,62.5,85,40,144.96843434343435,2.518413598,Nov,Dec to Feb,Feb to April,0,rice
Bandarban,Rabi,Cheena,118,74.81,48.02,38.84,6.51,21.0,17.0,25,62.5,85,40,243.94444444444449,0.2118644068,Nov,Dec to Feb,Feb to April,25,rice
Barguna,Rabi,Cheena,0,79.59,49.94,40.85,6.24,21.0,17.0,25,62.5,85,40,207.8076923076923,2.518413598,Nov,Dec to Feb,Feb to April,0,rice
Barishal,Rabi,Cheena,0,84.47,45.1,41.19,6.33,21.0,17.0,25,62.5,85,40,175.42564102564103,2.518413598,Nov,Dec to Feb,Feb to April,0,rice
Bhola,Rabi,Cheena,58,75.17,45.7,40.93,6.34,21.0,17.0,25,62.5,85,40,185.23090277777777,0.8448275862,Nov,Dec to Feb,Feb to April,49,rice
Bogura,Rabi,Cheena,107,82.31,46.71,37.89,6.14,21.0,17.0,25,62.5,85,40,142.85416666666666,0.308411215,Nov,Dec to Feb,Feb to April,33,rice
Brahmanbaria,Rabi,Cheena,0,77.35,43.74,40.23,6.27,21.0,17.0,25,62.5,85,40,185.7563131313132,2.518413598,Nov,Dec to Feb,Feb to April,0,rice
Chandpur,Rabi,Cheena,49,76.09,45.24,40.74,6.21,21.0,17.0,25,62.5,85,40,168.796875,0.3265306122,Nov,Dec to Feb,Feb to April,16,rice
Chapai Nawabganj,Rabi,Cheena,57,79.38,46.22,39.89,6.35,21.0,17.0,25,62.5,85,40,124.92,0.3157894737,Nov,Dec to Feb,Feb to April,18,rice
Chattogram,Rabi,Cheena,0,74.93,50.08,34.88,6.29,21.0,17.0,25,62.5,85,40,243.94444444444449,2.518413598,Nov,Dec to Feb,Feb to April,0,rice
Chuadanga,Rabi,Cheena,0,77.24,48.33,40.25,6.12,21.0,17.0,25,62.5,85,40,129.44444444444446,2.518413598,Nov,Dec to Feb,Feb to April,0,rice
CoxsBazar,Rabi,Cheena,0,74.15,48.13,45.16,6.82,21.0,17.0,25,62.5,85,40,303.40277777777777,2.518413598,Nov,Dec to Feb,Feb to April,0,rice
Cumilla,Rabi,Cheena,0,89.31,50.01,39.01,6.67,21.0,17.0,25,62.5,85,40,185.7563131313132,2.518413598,Nov,Dec to Feb,Feb to April,0,rice
Dhaka,Rabi,Cheena,0,80.06,47.19,38.13,6.28,21.0,17.0,25,62.5,85,40,169.94262295081967,2.518413598,Nov,Dec to Feb,Feb to April,0,rice
Dinajpur,Rabi,Cheena,4,76.54,48.69,40.76,6.48,21.0,17.0,25,62.5,85,40,154.21843434343435,0.25,Nov,Dec to Feb,Feb to April,1,rice
Faridpur,Rabi,Cheena,0,80.92,47.29,40.62,6.51,21.0,17.0,25,62.5,85,40,155.864898989899,2.518413598,Nov,Dec to Feb,Feb to April,0,rice
Feni,Rabi,Cheena,0,79.35,48.34,42.72,6.66,21.0,17.0,25,62.5,85,40,248.1727642276423,2.518413598,Nov,Dec to Feb,Feb to April,0,rice
Gaibandha,Rabi,Cheena,200,78.83,45.92,36.86,6.27,21.0,17.0,25,62.5,85,40,179.6013888888889,0.835,Nov,Dec to Feb,Feb to April,167,rice
Gazipur,Rabi,Cheena,0,82.83,40.62,41.62,6.64,21.0,17.0,25,62.5,85,40,169.94262295081967,2.518413598,Nov,Dec to Feb,Feb to April,0,rice
Gopalganj,Rabi,Cheena,0,83.52,47.2,41.28,6.32,21.0,17.0,25,62.5,85,40,155.864898989899,2.518413598,Nov,Dec to Feb,Feb to April,0,rice
Habiganj,Rabi,Cheena,0,77.35,51.64,39.53,6.17,21.0,17.0,25,62.5,85,40,333.72557471264366,2.518413598,Nov,Dec to Feb,Feb to April,0,rice
Jamalpur,Rabi,Cheena,20,77.13,50.22,40.68,6.57,21.0,17.0,25,62.5,85,40,181.08838383838383,0.5,Nov,Dec to Feb,Feb to April,10,rice
Jashore,Rabi,Cheena,0,78.57,50.34,42.33,6.68,21.0,17.0,25,62.5,85,40,134.2247474747475,2.518413598,Nov,Dec to Feb,Feb to April,0,rice
Jhallokati,Rabi,Cheena,0,68.86,51.11,41.96,6.93,21.0,17.0,25,62.5,85,40,175.42564102564103,2.518413598,Nov,Dec to Feb,Feb to April,0,rice
Jhenaidah,Rabi,Cheena,0,72.63,47.83,37.14,6.2,21.0,17.0,25,62.5,85,40,134.2247474747475,2.518413598,Nov,Dec to Feb,Feb to April,0,rice
Joypurhat,Rabi,Cheena,0,86.44,48.14,41.83,6.56,21.0,17.0,25,62.5,85,40,142.85416666666666,2.518413598,Nov,Dec to Feb,Feb to April,0,rice
Khagrachari,Rabi,Cheena,19,87.77,45.82,39.72,6.35,21.0,17.0,25,62.5,85,40,204.11111111111111,0.3684210526,Nov,Dec to Feb,Feb to April,7,rice
Khulna,Rabi,Cheena,0,78.7,46.68,40.04,6.58,21.0,17.0,25,62.5,85,40,144.96843434343435,2.518413598,Nov,Dec to Feb,Feb to April,0,rice
Kishoreganj,Rabi,Cheena,0,82.65,49.34,40.05,6.15,21.0,17.0,25,62.5,85,40,181.08838383838383,2.518413598,Nov,Dec to Feb,Feb to April,0,rice
Kurigram,Rabi,Cheena,812,81.38,51.02,39.51,6.19,21.0,17.0,25,62.5,85,40,179.6013888888889,0.4568965517,Nov,Dec to Feb,Feb to April,371,rice
Kushtia,Rabi,Cheena,0,94.65,47.18,42.72,6.28,21.0,17.0,25,62.5,85,40,129.44444444444446,2.518413598,Nov,Dec to Feb,Feb to April,0,rice
Lakshmipur,Rabi,Cheena,2,85.26,46.29,39.67,6.45,21.0,17.0,25,62.5,85,40,185.7563131313132,0.0,Nov,Dec to Feb,Feb to April,0,rice
Lalmonirhat,Rabi,Cheena,10,79.28,47.58,37.19,6.31,21.0,17.0,25,62.5,85,40,179.6013888888889,0.5,Nov,Dec to Feb,Feb to April,5,rice
Madaripur,Rabi,Cheena,0,75.31,49.3,38.93,6.56,21.0,17.0,25,62.5,85,40,160.41666666666666,2.518413598,Nov,Dec to Feb,Feb to April,0,rice
Magura,Rabi,Cheena,0,72.19,43.46,40.3,6.63,21.0,17.0,25,62.5,85,40,134.2247474747475,2.518413598,Nov,Dec to Feb,Feb to April,0,rice
Manikganj,Rabi,Cheena,0,80.87,41.02,42.81,6.55,21.0,17.0,25,62.5,85,40,169.94262295081967,2.518413598,Nov,Dec to Feb,Feb to April,0,rice
Meherpur,Rabi,Cheena,0,76.26,46.01,41.31,6.74,21.0,17.0,25,62.5,85,40,129.44444444444446,2.518413598,Nov,Dec to Feb,Feb to April,0,rice
Moulvibazar,Rabi,Cheena,0,73.07,44.1,37.84,6.51,21.0,17.0,25,62.5,85,40,333.72557471264366,2.518413598,Nov,Dec to Feb,Feb to April,0,rice
Munshiganj,Rabi,Cheena,51,76.79,46.13,45.82,6.2,21.0,17.0,25,62.5,85,40,169.94262295081967,0.4117647059,Nov,Dec to Feb,Feb to April,21,rice
Mymensingh,Rabi,Cheena,0,74.71,47.16,40.5,6.69,21.0,17.0,25,62.5,85,40,181.08838383838383,2.518413598,Nov,Dec to Feb,Feb to April,0,rice
Naogaon,Rabi,Cheena,0,87.98,46.29,42.92,6.31,21.0,17.0,25,62.5,85,40,124.92,2.518413598,Nov,Dec to Feb,Feb to April,0,rice
Narail,Rabi,Cheena,0,84.12,51.73,39.51,6.61,21.0,17.0,25,62.5,85,40,134.2247474747475,2.518413598,Nov,Dec to Feb,Feb to April,0,rice
Narayanganj,Rabi,Cheena,0,79.85,48.51,41.15,6.73,21.0,17.0,25,62.5,85,40,169.94262295081967,2.518413598,Nov,Dec to Feb,Feb to April,0,rice
Narsingdi,Rabi,Cheena,0,86.98,48.44,41.88,6.52,21.0,17.0,25,62.5,85,40,169.94262295081967,2.518413598,Nov,Dec to Feb,Feb to April,0,rice
Natore,Rabi,Cheena,0,80.26,49.36,42.78,6.14,21.0,17.0,25,62.5,85,40,124.92,2.518413598,Nov,Dec to Feb,Feb to April,0,rice
Netrokona,Rabi,Cheena,0,75.76,44.33,42.4,6.25,21.0,17.0,25,62.5,85,40,181.08838383838383,2.518413598,Nov,Dec to Feb,Feb to April,0,rice
Nilphamari,Rabi,Cheena,9,87.19,50.55,41.96,6.69,21.0,17.0,25,62.5,85,40,179.6013888888889,0.4444444444,Nov,Dec to Feb,Feb to April,4,rice
Noakhali,Rabi,Cheena,3,82.47,47.36,39.12,6.4,21.0,17.0,25,62.5,85,40,185.7563131313132,0.0,Nov,Dec to Feb,Feb to April,0,rice
Pabna,Rabi,Cheena,0,74.92,49.49,38.5,6.45,21.0,17.0,25,62.5,85,40,124.92,2.518413598,Nov,Dec to Feb,Feb to April,0,rice
Panchagar,Rabi,Cheena,30,78.98,44.52,40.67,6.58,21.0,17.0,25,62.5,85,40,154.21843434343435,0.4333333333,Nov,Dec to Feb,Feb to April,13,rice
Patuakhali,Rabi,Cheena,0,75.69,43.14,42.1,6.56,21.0,17.0,25,62.5,85,40,207.8076923076923,2.518413598,Nov,Dec to Feb,Feb to April,0,rice
Pirojpur,Rabi,Cheena,0,73.26,49.91,39.34,6.48,21.0,17.0,25,62.5,85,40,175.42564102564103,2.518413598,Nov,Dec to Feb,Feb to April,0,rice
Rajbari,Rabi,Cheena,0,84.33,48.65,42.42,6.39,21.0,17.0,25,62.5,85,40,155.864898989899,2.518413598,Nov,Dec to Feb,Feb to April,0,rice
Rajshahi,Rabi,Cheena,0,89.04,45.0,43.34,6.37,21.0,17.0,25,62.5,85,40,124.92,2.518413598,Nov,Dec to Feb,Feb to April,0,rice
Rangamati,Rabi,Cheena,82,73.19,45.1,37.68,6.6,21.0,17.0,25,62.5,85,40,204.11111111111111,0.4390243902,Nov,Dec to Feb,Feb to April,36,rice
Rangpur,Rabi,Cheena,15,82.59,50.79,37.87,6.54,21.0,17.0,25,62.5,85,40,179.6013888888889,0.6,Nov,Dec to Feb,Feb to April,9,rice
Satkhira,Rabi,Cheena,0,76.77,44.18,39.53,6.38,21.0,17.0,25,62.5,85,40,140.35353535353536,2.518413598,Nov,Dec to Feb,Feb to April,0,rice
Shariatpur,Rabi,Cheena,0,77.56,52.27,40.61,6.64,21.0,17.0,25,62.5,85,40,155.864898989899,2.518413598,Nov,Dec to Feb,Feb to April,0,rice
Sherpur,Rabi,Cheena,0,77.05,45.01,38.62,6.41,21.0,17.0,25,62.5,85,40,181.08838383838383,2.518413598,Nov,Dec to Feb,Feb to April,0,rice
Sirajganj,Rabi,Cheena,229,75.75,49.4,43.1,6.27,21.0,17.0,25,62.5,85,40,142.85416666666666,0.5414847162,Nov,Dec to Feb,Feb to April,124,rice
Sunamganj,Rabi,Cheena,0,80.12,46.64,40.88,6.28,21.0,17.0,25,62.5,85,40,333.72557471264366,2.518413598,Nov,Dec to Feb,Feb to April,0,rice
Sylhet,Rabi,Cheena,0,75.91,49.3,39.96,6.24,21.0,17.0,25,62.5,85,40,333.72557471264366,2.518413598,Nov,Dec to Feb,Feb to April,0,rice
Tangail,Rabi,Cheena,0,81.19,46.03,36.44,6.38,21.0,17.0,25,62.5,85,40,153.4104938271605,2.518413598,Nov,Dec to Feb,Feb to April,0,rice
Thakurgaon,Rabi,Cheena,111,79.65,47.12,36.72,6.67,21.0,17.0,25,62.5,85,40,154.21843434343435,0.2522522523,Nov,Dec to Feb,Feb to April,28,rice
Bagerhat,Kharif 1,Dalim,0,18.6,18.8,40.89,6.27,21.5,5.0,38,82.5,95,70,144.96843434343435,2.518413598,April,No need to do,Throuout The year,0,pomegranate
Bandarban,Kharif 1,Dalim,21,17.84,17.62,35.06,6.47,21.5,5.0,38,82.5,95,70,243.94444444444449,0.04761904762,April,No need to do,Throuout The year,1,pomegranate
Barguna,Kharif 1,Dalim,0,18.22,19.58,42.65,6.3,21.5,5.0,38,82.5,95,70,207.8076923076923,2.518413598,April,No need to do,Throuout The year,0,pomegranate
Barishal,Kharif 1,Dalim,24,19.73,18.17,39.83,6.38,21.5,5.0,38,82.5,95,70,175.42564102564103,2.583333333,April,No need to do,Throuout The year,62,pomegranate
Bhola,Kharif 1,Dalim,3,19.44,18.49,48.03,6.14,21.5,5.0,38,82.5,95,70,185.23090277777777,0.3333333333,April,No need to do,Throuout The year,1,pomegranate
Bogura,Kharif 1,Dalim,2,17.76,17.63,45.78,6.39,21.5,5.0,38,82.5,95,70,142.85416666666666,4.0,April,No need to do,Throuout The year,8,pomegranate
Brahmanbaria,Kharif 1,Dalim,33,18.98,15.87,39.77,6.39,21.5,5.0,38,82.5,95,70,185.7563131313132,0.8787878788,April,No need to do,Throuout The year,29,pomegranate
Chandpur,Kharif 1,Dalim,6,19.72,18.54,39.95,6.53,21.5,5.0,38,82.5,95,70,168.796875,1.666666667,April,No need to do,Throuout The year,10,pomegranate
Chapai Nawabganj,Kharif 1,Dalim,23,16.98,21.46,42.61,6.47,21.5,5.0,38,82.5,95,70,124.92,2.130434783,April,No need to do,Throuout The year,49,pomegranate
Chattogram,Kharif 1,Dalim,3,19.49,19.63,44.32,6.2,21.5,5.0,38,82.5,95,70,243.94444444444449,2.0,April,No need to do,Throuout The year,6,pomegranate
Chuadanga,Kharif 1,Dalim,5,18.12,18.73,36.26,6.64,21.5,5.0,38,82.5,95,70,129.44444444444446,1.0,April,No need to do,Throuout The year,5,pomegranate
CoxsBazar,Kharif 1,Dalim,6,19.52,18.45,35.9,6.47,21.5,5.0,38,82.5,95,70,303.40277777777777,1.333333333,April,No need to do,Throuout The year,8,pomegranate
Cumilla,Kharif 1,Dalim,44,18.01,18.78,38.71,6.47,21.5,5.0,38,82.5,95,70,185.7563131313132,0.75,April,No need to do,Throuout The year,33,pomegranate
Dhaka,Kharif 1,Dalim,5,16.83,19.37,41.62,6.43,21.5,5.0,38,82.5,95,70,169.94262295081967,3.8,April,No need to do,Throuout The year,19,pomegranate
Dinajpur,Kharif 1,Dalim,26,17.03,17.42,41.41,6.33,21.5,5.0,38,82.5,95,70,154.21843434343435,2.5,April,No need to do,Throuout The year,65,pomegranate
Faridpur,Kharif 1,Dalim,18,18.92,20.0,42.79,6.47,21.5,5.0,38,82.5,95,70,155.864898989899,3.0,April,No need to do,Throuout The year,54,pomegranate
Feni,Kharif 1,Dalim,1,19.16,19.55,37.32,6.52,21.5,5.0,38,82.5,95,70,248.1727642276423,1.0,April,No need to do,Throuout The year,1,pomegranate
Gaibandha,Kharif 1,Dalim,12,17.85,19.56,34.62,6.09,21.5,5.0,38,82.5,95,70,179.6013888888889,1.583333333,April,No need to do,Throuout The year,19,pomegranate
Gazipur,Kharif 1,Dalim,24,19.59,19.24,42.28,6.33,21.5,5.0,38,82.5,95,70,169.94262295081967,0.7083333333,April,No need to do,Throuout The year,17,pomegranate
Gopalganj,Kharif 1,Dalim,4,16.99,18.77,38.21,6.38,21.5,5.0,38,82.5,95,70,155.864898989899,7.25,April,No need to do,Throuout The year,29,pomegranate
Habiganj,Kharif 1,Dalim,0,18.8,19.51,35.34,6.48,21.5,5.0,38,82.5,95,70,333.72557471264366,2.518413598,April,No need to do,Throuout The year,0,pomegranate
Jamalpur,Kharif 1,Dalim,6,17.5,19.42,40.56,6.66,21.5,5.0,38,82.5,95,70,181.08838383838383,1.5,April,No need to do,Throuout The year,9,pomegranate
Jashore,Kharif 1,Dalim,13,18.13,18.35,42.12,6.28,21.5,5.0,38,82.5,95,70,134.2247474747475,8.461538462,April,No need to do,Throuout The year,110,pomegranate
Jhallokati,Kharif 1,Dalim,13,18.92,18.1,39.92,6.33,21.5,5.0,38,82.5,95,70,175.42564102564103,0.7692307692,April,No need to do,Throuout The year,10,pomegranate
Jhenaidah,Kharif 1,Dalim,12,17.9,18.86,39.11,6.33,21.5,5.0,38,82.5,95,70,134.2247474747475,3.833333333,April,No need to do,Throuout The year,46,pomegranate
Joypurhat,Kharif 1,Dalim,5,18.43,20.49,39.83,6.28,21.5,5.0,38,82.5,95,70,142.85416666666666,2.8,April,No need to do,Throuout The year,14,pomegranate
Khagrachari,Kharif 1,Dalim,4,20.01,17.36,39.32,6.36,21.5,5.0,38,82.5,95,70,204.11111111111111,0.5,April,No need to do,Throuout The year,2,pomegranate
Khulna,Kharif 1,Dalim,7,18.22,17.1,36.96,6.58,21.5,5.0,38,82.5,95,70,144.96843434343435,4.714285714,April,No need to do,Throuout The year,33,pomegranate
Kishoreganj,Kharif 1,Dalim,11,19.82,18.94,38.49,6.23,21.5,5.0,38,82.5,95,70,181.08838383838383,1.363636364,April,No need to do,Throuout The year,15,pomegranate
Kurigram,Kharif 1,Dalim,6,17.59,18.81,41.47,6.51,21.5,5.0,38,82.5,95,70,179.6013888888889,5.166666667,April,No need to do,Throuout The year,31,pomegranate
Kushtia,Kharif 1,Dalim,12,19.47,18.95,40.99,6.1,21.5,5.0,38,82.5,95,70,129.44444444444446,2.583333333,April,No need to do,Throuout The year,31,pomegranate
Lakshmipur,Kharif 1,Dalim,8,20.5,19.02,40.62,6.32,21.5,5.0,38,82.5,95,70,185.7563131313132,1.125,April,No need to do,Throuout The year,9,pomegranate
Lalmonirhat,Kharif 1,Dalim,8,16.07,18.5,37.81,6.37,21.5,5.0,38,82.5,95,70,179.6013888888889,2.25,April,No need to do,Throuout The year,18,pomegranate
Madaripur,Kharif 1,Dalim,7,17.97,20.43,39.77,6.75,21.5,5.0,38,82.5,95,70,160.41666666666666,7.0,April,No need to do,Throuout The year,49,pomegranate
Magura,Kharif 1,Dalim,46,19.52,16.95,34.96,6.38,21.5,5.0,38,82.5,95,70,134.2247474747475,1.413043478,April,No need to do,Throuout The year,65,pomegranate
Manikganj,Kharif 1,Dalim,2,18.64,17.82,40.64,6.01,21.5,5.0,38,82.5,95,70,169.94262295081967,2.0,April,No need to do,Throuout The year,4,pomegranate
Meherpur,Kharif 1,Dalim,14,19.29,18.63,43.66,6.04,21.5,5.0,38,82.5,95,70,129.44444444444446,0.6428571429,April,No need to do,Throuout The year,9,pomegranate
Moulvibazar,Kharif 1,Dalim,5,18.19,16.9,36.65,6.44,21.5,5.0,38,82.5,95,70,333.72557471264366,0.8,April,No need to do,Throuout The year,4,pomegranate
Munshiganj,Kharif 1,Dalim,1,18.97,18.55,38.8,6.55,21.5,5.0,38,82.5,95,70,169.94262295081967,4.0,April,No need to do,Throuout The year,4,pomegranate
Mymensingh,Kharif 1,Dalim,18,18.69,20.62,41.0,6.5,21.5,5.0,38,82.5,95,70,181.08838383838383,0.6111111111,April,No need to do,Throuout The year,11,pomegranate
Naogaon,Kharif 1,Dalim,5,20.19,18.77,43.23,6.46,21.5,5.0,38,82.5,95,70,124.92,4.2,April,No need to do,Throuout The year,21,pomegranate
Narail,Kharif 1,Dalim,21,19.16,19.01,39.13,6.65,21.5,5.0,38,82.5,95,70,134.2247474747475,0.380952381,April,No need to do,Throuout The year,8,pomegranate
Narayanganj,Kharif 1,Dalim,4,19.25,17.33,38.54,6.33,21.5,5.0,38,82.5,95,70,169.94262295081967,7.25,April,No need to do,Throuout The year,29,pomegranate
Narsingdi,Kharif 1,Dalim,12,18.4,18.06,35.46,6.6,21.5,5.0,38,82.5,95,70,169.94262295081967,2.416666667,April,No need to do,Throuout The year,29,pomegranate
Natore,Kharif 1,Dalim,8,18.32,18.33,40.46,6.12,21.5,5.0,38,82.5,95,70,124.92,6.375,April,No need to do,Throuout The year,51,pomegranate
Netrokona,Kharif 1,Dalim,15,18.38,18.39,45.14,6.26,21.5,5.0,38,82.5,95,70,181.08838383838383,1.733333333,April,No need to do,Throuout The year,26,pomegranate
Nilphamari,Kharif 1,Dalim,6,19.32,20.19,40.88,6.08,21.5,5.0,38,82.5,95,70,179.6013888888889,3.0,April,No need to do,Throuout The year,18,pomegranate
Noakhali,Kharif 1,Dalim,2,18.39,19.38,40.16,6.38,21.5,5.0,38,82.5,95,70,185.7563131313132,0.5,April,No need to do,Throuout The year,1,pomegranate
Pabna,Kharif 1,Dalim,4,19.2,17.5,40.99,6.42,21.5,5.0,38,82.5,95,70,124.92,2.0,April,No need to do,Throuout The year,8,pomegranate
Panchagar,Kharif 1,Dalim,21,21.22,19.03,40.18,6.45,21.5,5.0,38,82.5,95,70,154.21843434343435,0.7619047619,April,No need to do,Throuout The year,16,pomegranate
Patuakhali,Kharif 1,Dalim,11,19.86,19.31,38.25,6.44,21.5,5.0,38,82.5,95,70,207.8076923076923,0.6363636364,April,No need to do,Throuout The year,7,pomegranate
Pirojpur,Kharif 1,Dalim,1,18.5,20.03,42.2,6.25,21.5,5.0,38,82.5,95,70,175.42564102564103,2.0,April,No need to do,Throuout The year,2,pomegranate
Rajbari,Kharif 1,Dalim,2,20.23,20.53,40.75,6.39,21.5,5.0,38,82.5,95,70,155.864898989899,5.0,April,No need to do,Throuout The year,10,pomegranate
Rajshahi,Kharif 1,Dalim,16,18.41,17.61,40.25,6.14,21.5,5.0,38,82.5,95,70,124.92,5.625,April,No need to do,Throuout The year,90,pomegranate
Rangamati,Kharif 1,Dalim,2,16.56,17.84,37.86,6.69,21.5,5.0,38,82.5,95,70,204.11111111111111,0.5,April,No need to do,Throuout The year,1,pomegranate
Rangpur,Kharif 1,Dalim,7,17.73,17.34,43.35,6.37,21.5,5.0,38,82.5,95,70,179.6013888888889,3.142857143,April,No need to do,Throuout The year,22,pomegranate
Satkhira,Kharif 1,Dalim,0,16.75,18.49,41.81,6.34,21.5,5.0,38,82.5,95,70,140.35353535353536,2.518413598,April,No need to do,Throuout The year,0,pomegranate
Shariatpur,Kharif 1,Dalim,3,18.47,19.27,38.88,6.74,21.5,5.0,38,82.5,95,70,155.864898989899,8.333333333,April,No need to do,Throuout The year,25,pomegranate
Sherpur,Kharif 1,Dalim,3,18.89,19.86,42.63,6.19,21.5,5.0,38,82.5,95,70,181.08838383838383,1.333333333,April,No need to do,Throuout The year,4,pomegranate
Sirajganj,Kharif 1,Dalim,5,20.77,18.66,39.01,6.21,21.5,5.0,38,82.5,95,70,142.85416666666666,2.8,April,No need to do,Throuout The year,14,pomegranate
Sunamganj,Kharif 1,Dalim,4,19.24,18.39,38.32,6.22,21.5,5.0,38,82.5,95,70,333.72557471264366,0.5,April,No need to do,Throuout The year,2,pomegranate
Sylhet,Kharif 1,Dalim,0,18.62,18.92,38.38,6.42,21.5,5.0,38,82.5,95,70,333.72557471264366,2.518413598,April,No need to do,Throuout The year,0,pomegranate
Tangail,Kharif 1,Dalim,24,19.81,17.81,35.94,6.51,21.5,5.0,38,82.5,95,70,153.4104938271605,3.416666667,April,No need to do,Throuout The year,82,pomegranate
Thakurgaon,Kharif 1,Dalim,12,16.37,21.1,41.35,6.57,21.5,5.0,38,82.5,95,70,154.21843434343435,3.0,April,No need to do,Throuout The year,36,pomegranate
Bagerhat,Kharif 2,Gram,7,40.66,61.25,71.14,7.91,27.5,20.0,35,35.0,45,25,144.96843434343435,0.2857142857,Aug,Sep to Oct,Nov,2,chickpea
Bandarban,Kharif 2,Gram,7,41.94,68.54,74.03,6.84,27.5,20.0,35,35.0,45,25,243.94444444444449,0.4285714286,Aug,Sep to Oct,Nov,3,chickpea
Barguna,Kharif 2,Gram,42,36.53,76.02,69.97,7.47,27.5,20.0,35,35.0,45,25,207.8076923076923,0.3571428571,Aug,Sep to Oct,Nov,15,chickpea
Barishal,Kharif 2,Gram,959,42.84,67.82,79.51,7.22,27.5,20.0,35,35.0,45,25,175.42564102564103,0.3993743483,Aug,Sep to Oct,Nov,383,chickpea
Bhola,Kharif 2,Gram,74,40.9,67.02,79.2,7.21,27.5,20.0,35,35.0,45,25,185.23090277777777,0.6891891892,Aug,Sep to Oct,Nov,51,chickpea
Bogura,Kharif 2,Gram,8,39.09,66.34,78.35,7.2,27.5,20.0,35,35.0,45,25,142.85416666666666,0.375,Aug,Sep to Oct,Nov,3,chickpea
Brahmanbaria,Kharif 2,Gram,0,41.61,67.06,74.92,7.14,27.5,20.0,35,35.0,45,25,185.7563131313132,2.518413598,Aug,Sep to Oct,Nov,0,chickpea
Chandpur,Kharif 2,Gram,0,45.55,73.37,74.3,7.71,27.5,20.0,35,35.0,45,25,168.796875,2.518413598,Aug,Sep to Oct,Nov,0,chickpea
Chapai Nawabganj,Kharif 2,Gram,1798,40.53,58.79,82.15,7.53,27.5,20.0,35,35.0,45,25,124.92,0.3820912125,Aug,Sep to Oct,Nov,687,chickpea
Chattogram,Kharif 2,Gram,26,40.69,74.03,77.28,7.35,27.5,20.0,35,35.0,45,25,243.94444444444449,0.3076923077,Aug,Sep to Oct,Nov,8,chickpea
Chuadanga,Kharif 2,Gram,144,38.99,62.0,81.44,7.64,27.5,20.0,35,35.0,45,25,129.44444444444446,0.3680555556,Aug,Sep to Oct,Nov,53,chickpea
CoxsBazar,Kharif 2,Gram,0,38.05,66.71,75.68,7.01,27.5,20.0,35,35.0,45,25,303.40277777777777,2.518413598,Aug,Sep to Oct,Nov,0,chickpea
Cumilla,Kharif 2,Gram,0,42.09,66.04,80.79,7.05,27.5,20.0,35,35.0,45,25,185.7563131313132,2.518413598,Aug,Sep to Oct,Nov,0,chickpea
Dhaka,Kharif 2,Gram,7,38.03,70.18,86.17,6.86,27.5,20.0,35,35.0,45,25,169.94262295081967,0.2857142857,Aug,Sep to Oct,Nov,2,chickpea
Dinajpur,Kharif 2,Gram,9,40.26,61.29,82.73,7.19,27.5,20.0,35,35.0,45,25,154.21843434343435,0.3333333333,Aug,Sep to Oct,Nov,3,chickpea
Faridpur,Kharif 2,Gram,210,38.94,69.67,77.94,7.38,27.5,20.0,35,35.0,45,25,155.864898989899,0.4047619048,Aug,Sep to Oct,Nov,85,chickpea
Feni,Kharif 2,Gram,38,41.24,76.02,81.15,7.36,27.5,20.0,35,35.0,45,25,248.1727642276423,0.4473684211,Aug,Sep to Oct,Nov,17,chickpea
Gaibandha,Kharif 2,Gram,31,40.89,62.25,78.77,7.37,27.5,20.0,35,35.0,45,25,179.6013888888889,0.5806451613,Aug,Sep to Oct,Nov,18,chickpea
Gazipur,Kharif 2,Gram,38,42.59,68.56,79.96,7.03,27.5,20.0,35,35.0,45,25,169.94262295081967,0.5,Aug,Sep to Oct,Nov,19,chickpea
Gopalganj,Kharif 2,Gram,103,38.86,65.1,78.36,7.52,27.5,20.0,35,35.0,45,25,155.864898989899,0.1941747573,Aug,Sep to Oct,Nov,20,chickpea
Habiganj,Kharif 2,Gram,0,39.44,69.52,79.13,7.39,27.5,20.0,35,35.0,45,25,333.72557471264366,2.518413598,Aug,Sep to Oct,Nov,0,chickpea
Jamalpur,Kharif 2,Gram,90,37.74,67.87,80.94,7.5,27.5,20.0,35,35.0,45,25,181.08838383838383,0.3777777778,Aug,Sep to Oct,Nov,34,chickpea
Jashore,Kharif 2,Gram,234,39.02,65.18,75.16,6.92,27.5,20.0,35,35.0,45,25,134.2247474747475,0.4444444444,Aug,Sep to Oct,Nov,104,chickpea
Jhallokati,Kharif 2,Gram,255,41.0,69.77,75.05,7.41,27.5,20.0,35,35.0,45,25,175.42564102564103,0.3725490196,Aug,Sep to Oct,Nov,95,chickpea
Jhenaidah,Kharif 2,Gram,89,41.91,75.13,73.26,7.08,27.5,20.0,35,35.0,45,25,134.2247474747475,0.5056179775,Aug,Sep to Oct,Nov,45,chickpea
Joypurhat,Kharif 2,Gram,0,37.87,67.01,72.25,7.25,27.5,20.0,35,35.0,45,25,142.85416666666666,2.518413598,Aug,Sep to Oct,Nov,0,chickpea
Khagrachari,Kharif 2,Gram,0,42.18,70.72,74.08,7.46,27.5,20.0,35,35.0,45,25,204.11111111111111,2.518413598,Aug,Sep to Oct,Nov,0,chickpea
Khulna,Kharif 2,Gram,3,43.35,62.53,80.68,7.36,27.5,20.0,35,35.0,45,25,144.96843434343435,0.3333333333,Aug,Sep to Oct,Nov,1,chickpea
Kishoreganj,Kharif 2,Gram,5,41.08,63.9,75.64,7.15,27.5,20.0,35,35.0,45,25,181.08838383838383,0.2,Aug,Sep to Oct,Nov,1,chickpea
Kurigram,Kharif 2,Gram,242,44.6,69.71,82.38,7.34,27.5,20.0,35,35.0,45,25,179.6013888888889,0.4380165289,Aug,Sep to Oct,Nov,106,chickpea
Kushtia,Kharif 2,Gram,164,38.23,73.83,80.09,7.0,27.5,20.0,35,35.0,45,25,129.44444444444446,0.4817073171,Aug,Sep to Oct,Nov,79,chickpea
Lakshmipur,Kharif 2,Gram,11,37.1,69.24,70.48,7.59,27.5,20.0,35,35.0,45,25,185.7563131313132,0.5454545455,Aug,Sep to Oct,Nov,6,chickpea
Lalmonirhat,Kharif 2,Gram,11,35.81,66.52,83.06,7.29,27.5,20.0,35,35.0,45,25,179.6013888888889,0.8181818182,Aug,Sep to Oct,Nov,9,chickpea
Madaripur,Kharif 2,Gram,965,43.69,67.79,83.81,7.59,27.5,20.0,35,35.0,45,25,160.41666666666666,0.4165803109,Aug,Sep to Oct,Nov,402,chickpea
Magura,Kharif 2,Gram,257,41.66,62.7,75.15,7.22,27.5,20.0,35,35.0,45,25,134.2247474747475,0.2918287938,Aug,Sep to Oct,Nov,75,chickpea
Manikganj,Kharif 2,Gram,4,39.96,70.25,81.93,7.22,27.5,20.0,35,35.0,45,25,169.94262295081967,0.25,Aug,Sep to Oct,Nov,1,chickpea
Meherpur,Kharif 2,Gram,16,40.76,71.38,75.81,7.17,27.5,20.0,35,35.0,45,25,129.44444444444446,0.375,Aug,Sep to Oct,Nov,6,chickpea
Moulvibazar,Kharif 2,Gram,1,37.38,65.95,80.39,7.53,27.5,20.0,35,35.0,45,25,333.72557471264366,1.0,Aug,Sep to Oct,Nov,1,chickpea
Munshiganj,Kharif 2,Gram,0,45.97,65.88,73.86,7.18,27.5,20.0,35,35.0,45,25,169.94262295081967,2.518413598,Aug,Sep to Oct,Nov,0,chickpea
Mymensingh,Kharif 2,Gram,45,40.4,68.87,71.32,7.48,27.5,20.0,35,35.0,45,25,181.08838383838383,0.5111111111,Aug,Sep to Oct,Nov,23,chickpea
Naogaon,Kharif 2,Gram,190,40.35,66.01,78.08,7.26,27.5,20.0,35,35.0,45,25,124.92,0.3736842105,Aug,Sep to Oct,Nov,71,chickpea
Narail,Kharif 2,Gram,43,41.84,67.52,79.33,6.9,27.5,20.0,35,35.0,45,25,134.2247474747475,0.4418604651,Aug,Sep to Oct,Nov,19,chickpea
Narayanganj,Kharif 2,Gram,0,41.25,76.33,78.01,7.21,27.5,20.0,35,35.0,45,25,169.94262295081967,2.518413598,Aug,Sep to Oct,Nov,0,chickpea
Narsingdi,Kharif 2,Gram,3,40.63,66.79,74.24,7.08,27.5,20.0,35,35.0,45,25,169.94262295081967,1.666666667,Aug,Sep to Oct,Nov,5,chickpea
Natore,Kharif 2,Gram,66,38.19,66.33,78.0,7.35,27.5,20.0,35,35.0,45,25,124.92,0.4090909091,Aug,Sep to Oct,Nov,27,chickpea
Netrokona,Kharif 2,Gram,0,41.22,65.16,81.21,7.08,27.5,20.0,35,35.0,45,25,181.08838383838383,2.518413598,Aug,Sep to Oct,Nov,0,chickpea
Nilphamari,Kharif 2,Gram,0,44.62,70.82,79.7,7.54,27.5,20.0,35,35.0,45,25,179.6013888888889,2.518413598,Aug,Sep to Oct,Nov,0,chickpea
Noakhali,Kharif 2,Gram,7,43.33,67.05,80.8,7.32,27.5,20.0,35,35.0,45,25,185.7563131313132,0.1428571429,Aug,Sep to Oct,Nov,1,chickpea
Pabna,Kharif 2,Gram,161,43.92,65.15,76.71,7.3,27.5,20.0,35,35.0,45,25,124.92,0.6459627329,Aug,Sep to Oct,Nov,104,chickpea
Panchagar,Kharif 2,Gram,40,38.86,73.16,85.54,7.48,27.5,20.0,35,35.0,45,25,154.21843434343435,0.325,Aug,Sep to Oct,Nov,13,chickpea
Patuakhali,Kharif 2,Gram,1242,37.71,73.56,74.28,7.55,27.5,20.0,35,35.0,45,25,207.8076923076923,0.4347826087,Aug,Sep to Oct,Nov,540,chickpea
Pirojpur,Kharif 2,Gram,0,39.79,65.35,82.26,7.34,27.5,20.0,35,35.0,45,25,175.42564102564103,2.518413598,Aug,Sep to Oct,Nov,0,chickpea
Rajbari,Kharif 2,Gram,61,40.22,60.2,85.59,7.17,27.5,20.0,35,35.0,45,25,155.864898989899,0.5081967213,Aug,Sep to Oct,Nov,31,chickpea
Rajshahi,Kharif 2,Gram,3101,42.72,71.89,82.23,6.95,27.5,20.0,35,35.0,45,25,124.92,0.4898419865,Aug,Sep to Oct,Nov,1519,chickpea
Rangamati,Kharif 2,Gram,0,36.02,65.01,78.95,7.19,27.5,20.0,35,35.0,45,25,204.11111111111111,2.518413598,Aug,Sep to Oct,Nov,0,chickpea
Rangpur,Kharif 2,Gram,24,43.77,71.01,77.39,7.2,27.5,20.0,35,35.0,45,25,179.6013888888889,0.4583333333,Aug,Sep to Oct,Nov,11,chickpea
Satkhira,Kharif 2,Gram,0,39.71,59.78,84.89,7.36,27.5,20.0,35,35.0,45,25,140.35353535353536,2.518413598,Aug,Sep to Oct,Nov,0,chickpea
Shariatpur,Kharif 2,Gram,273,39.06,71.42,73.1,7.26,27.5,20.0,35,35.0,45,25,155.864898989899,0.7032967033,Aug,Sep to Oct,Nov,192,chickpea
Sherpur,Kharif 2,Gram,58,37.66,62.86,75.27,7.49,27.5,20.0,35,35.0,45,25,181.08838383838383,0.6896551724,Aug,Sep to Oct,Nov,40,chickpea
Sirajganj,Kharif 2,Gram,52,36.11,70.76,78.01,7.21,27.5,20.0,35,35.0,45,25,142.85416666666666,0.5192307692,Aug,Sep to Oct,Nov,27,chickpea
Sunamganj,Kharif 2,Gram,0,42.07,67.85,85.85,7.33,27.5,20.0,35,35.0,45,25,333.72557471264366,2.518413598,Aug,Sep to Oct,Nov,0,chickpea
Sylhet,Kharif 2,Gram,7,40.27,63.91,81.74,7.6,27.5,20.0,35,35.0,45,25,333.72557471264366,0.2857142857,Aug,Sep to Oct,Nov,2,chickpea
Tangail,Kharif 2,Gram,3,36.99,66.13,75.28,7.42,27.5,20.0,35,35.0,45,25,153.4104938271605,0.3333333333,Aug,Sep to Oct,Nov,1,chickpea
Thakurgaon,Kharif 2,Gram,82,36.97,70.58,78.43,7.33,27.5,20.0,35,35.0,45,25,154.21843434343435,0.4390243902,Aug,Sep to Oct,Nov,36,chickpea
Bagerhat,Kharif 1,Green Coconut,1007,21.54,17.04,29.46,5.87,25.0,20.0,30,70.0,80,60,144.96843434343435,28.86097319,May,June to August,August to September,29063,coconut
Bandarban,Kharif 1,Green Coconut,134,24.18,17.52,29.29,5.87,25.0,20.0,30,70.0,80,60,243.94444444444449,6.111940299,May,June to August,August to September,819,coconut
Barguna,Kharif 1,Green Coconut,8120,21.64,18.94,32.39,5.83,25.0,20.0,30,70.0,80,60,207.8076923076923,1.116871921,May,June to August,August to September,9069,coconut
Barishal,Kharif 1,Green Coconut,6623,20.0,15.34,28.07,5.88,25.0,20.0,30,70.0,80,60,175.42564102564103,2.039710101,May,June to August,August to September,13509,coconut
Bhola,Kharif 1,Green Coconut,1346,21.66,18.57,33.54,6.12,25.0,20.0,30,70.0,80,60,185.23090277777777,10.50742942,May,June to August,August to September,14143,coconut
Bogura,Kharif 1,Green Coconut,328,21.62,17.04,32.11,5.94,25.0,20.0,30,70.0,80,60,142.85416666666666,24.33231707,May,June to August,August to September,7981,coconut
Brahmanbaria,Kharif 1,Green Coconut,400,18.42,16.02,32.59,5.74,25.0,20.0,30,70.0,80,60,185.7563131313132,16.7225,May,June to August,August to September,6689,coconut
Chandpur,Kharif 1,Green Coconut,394,21.91,15.58,29.74,6.3,25.0,20.0,30,70.0,80,60,168.796875,9.984771574,May,June to August,August to September,3934,coconut
Chapai Nawabganj,Kharif 1,Green Coconut,106,21.68,16.74,30.31,6.04,25.0,20.0,30,70.0,80,60,124.92,7.594339623,May,June to August,August to September,805,coconut
Chattogram,Kharif 1,Green Coconut,5826,22.9,17.87,27.96,5.73,25.0,20.0,30,70.0,80,60,243.94444444444449,1.490902849,May,June to August,August to September,8686,coconut
Chuadanga,Kharif 1,Green Coconut,179,24.42,16.8,29.63,5.9,25.0,20.0,30,70.0,80,60,129.44444444444446,21.46368715,May,June to August,August to September,3842,coconut
CoxsBazar,Kharif 1,Green Coconut,426,23.47,18.47,31.5,6.0,25.0,20.0,30,70.0,80,60,303.40277777777777,15.43661972,May,June to August,August to September,6576,coconut
Cumilla,Kharif 1,Green Coconut,1228,21.63,15.46,32.97,6.29,25.0,20.0,30,70.0,80,60,185.7563131313132,4.802117264,May,June to August,August to September,5897,coconut
Dhaka,Kharif 1,Green Coconut,145,20.52,16.92,28.56,5.78,25.0,20.0,30,70.0,80,60,169.94262295081967,22.42068966,May,June to August,August to September,3251,coconut
Dinajpur,Kharif 1,Green Coconut,260,25.37,15.66,29.92,6.16,25.0,20.0,30,70.0,80,60,154.21843434343435,8.053846154,May,June to August,August to September,2094,coconut
Faridpur,Kharif 1,Green Coconut,544,22.06,17.3,30.31,6.23,25.0,20.0,30,70.0,80,60,155.864898989899,9.648897059,May,June to August,August to September,5249,coconut
Feni,Kharif 1,Green Coconut,915,22.0,17.83,28.03,5.87,25.0,20.0,30,70.0,80,60,248.1727642276423,2.170491803,May,June to August,August to September,1986,coconut
Gaibandha,Kharif 1,Green Coconut,584,21.95,16.5,31.68,5.93,25.0,20.0,30,70.0,80,60,179.6013888888889,3.782534247,May,June to August,August to September,2209,coconut
Gazipur,Kharif 1,Green Coconut,393,22.24,14.28,29.26,5.79,25.0,20.0,30,70.0,80,60,169.94262295081967,3.893129771,May,June to August,August to September,1530,coconut
Gopalganj,Kharif 1,Green Coconut,333,21.79,17.13,30.23,5.94,25.0,20.0,30,70.0,80,60,155.864898989899,10.44744745,May,June to August,August to September,3479,coconut
Habiganj,Kharif 1,Green Coconut,731,21.22,17.37,29.76,5.97,25.0,20.0,30,70.0,80,60,333.72557471264366,7.452804378,May,June to August,August to September,5448,coconut
Jamalpur,Kharif 1,Green Coconut,512,21.26,17.34,29.14,6.1,25.0,20.0,30,70.0,80,60,181.08838383838383,9.53515625,May,June to August,August to September,4882,coconut
Jashore,Kharif 1,Green Coconut,1164,21.94,18.19,30.58,6.18,25.0,20.0,30,70.0,80,60,134.2247474747475,11.21993127,May,June to August,August to September,13060,coconut
Jhallokati,Kharif 1,Green Coconut,2444,21.26,15.84,30.19,5.85,25.0,20.0,30,70.0,80,60,175.42564102564103,3.273322422,May,June to August,August to September,8000,coconut
Jhenaidah,Kharif 1,Green Coconut,378,21.04,17.62,29.91,5.63,25.0,20.0,30,70.0,80,60,134.2247474747475,32.25132275,May,June to August,August to September,12191,coconut
Joypurhat,Kharif 1,Green Coconut,134,22.12,18.14,29.25,5.98,25.0,20.0,30,70.0,80,60,142.85416666666666,1.380597015,May,June to August,August to September,185,coconut
Khagrachari,Kharif 1,Green Coconut,656,21.64,15.12,31.18,6.03,25.0,20.0,30,70.0,80,60,204.11111111111111,2.364329268,May,June to August,August to September,1551,coconut
Khulna,Kharif 1,Green Coconut,1518,23.96,17.25,33.63,6.02,25.0,20.0,30,70.0,80,60,144.96843434343435,7.009881423,May,June to August,August to September,10641,coconut
Kishoreganj,Kharif 1,Green Coconut,313,18.48,16.42,30.85,5.92,25.0,20.0,30,70.0,80,60,181.08838383838383,24.11182109,May,June to August,August to September,7547,coconut
Kurigram,Kharif 1,Green Coconut,90,23.42,16.85,32.42,6.0,25.0,20.0,30,70.0,80,60,179.6013888888889,5.944444444,May,June to August,August to September,535,coconut
Kushtia,Kharif 1,Green Coconut,1286,23.62,17.28,28.04,6.25,25.0,20.0,30,70.0,80,60,129.44444444444446,13.03810264,May,June to August,August to September,16767,coconut
Lakshmipur,Kharif 1,Green Coconut,107,19.25,16.44,30.88,6.05,25.0,20.0,30,70.0,80,60,185.7563131313132,98.99065421,May,June to August,August to September,10592,coconut
Lalmonirhat,Kharif 1,Green Coconut,82,21.53,16.24,28.58,5.91,25.0,20.0,30,70.0,80,60,179.6013888888889,7.951219512,May,June to August,August to September,652,coconut
Madaripur,Kharif 1,Green Coconut,940,21.49,16.96,27.88,5.89,25.0,20.0,30,70.0,80,60,160.41666666666666,12.53510638,May,June to August,August to September,11783,coconut
Magura,Kharif 1,Green Coconut,695,20.12,15.83,29.23,5.95,25.0,20.0,30,70.0,80,60,134.2247474747475,7.732374101,May,June to August,August to September,5374,coconut
Manikganj,Kharif 1,Green Coconut,1533,20.95,15.83,32.78,6.27,25.0,20.0,30,70.0,80,60,169.94262295081967,9.075016308,May,June to August,August to September,13912,coconut
Meherpur,Kharif 1,Green Coconut,129,20.52,17.62,32.33,5.95,25.0,20.0,30,70.0,80,60,129.44444444444446,10.60465116,May,June to August,August to September,1368,coconut
Moulvibazar,Kharif 1,Green Coconut,269,24.29,15.76,31.04,5.98,25.0,20.0,30,70.0,80,60,333.72557471264366,16.28624535,May,June to August,August to September,4381,coconut
Munshiganj,Kharif 1,Green Coconut,67,23.21,17.61,27.78,5.89,25.0,20.0,30,70.0,80,60,169.94262295081967,14.23880597,May,June to August,August to September,954,coconut
Mymensingh,Kharif 1,Green Coconut,1667,23.66,17.4,30.23,6.18,25.0,20.0,30,70.0,80,60,181.08838383838383,6.588482304,May,June to August,August to September,10983,coconut
Naogaon,Kharif 1,Green Coconut,285,22.93,15.18,31.14,6.33,25.0,20.0,30,70.0,80,60,124.92,8.614035088,May,June to August,August to September,2455,coconut
Narail,Kharif 1,Green Coconut,943,20.49,16.24,30.91,6.06,25.0,20.0,30,70.0,80,60,134.2247474747475,9.19088017,May,June to August,August to September,8667,coconut
Narayanganj,Kharif 1,Green Coconut,43,21.29,18.14,27.21,5.99,25.0,20.0,30,70.0,80,60,169.94262295081967,48.60465116,May,June to August,August to September,2090,coconut
Narsingdi,Kharif 1,Green Coconut,84,22.63,15.93,28.96,5.99,25.0,20.0,30,70.0,80,60,169.94262295081967,17.92857143,May,June to August,August to September,1506,coconut
Natore,Kharif 1,Green Coconut,667,20.37,16.46,30.47,5.55,25.0,20.0,30,70.0,80,60,124.92,14.54572714,May,June to August,August to September,9702,coconut
Netrokona,Kharif 1,Green Coconut,521,22.92,17.4,31.57,6.11,25.0,20.0,30,70.0,80,60,181.08838383838383,9.451055662,May,June to August,August to September,4924,coconut
Nilphamari,Kharif 1,Green Coconut,103,21.66,17.73,26.56,6.0,25.0,20.0,30,70.0,80,60,179.6013888888889,15.31067961,May,June to August,August to September,1577,coconut
Noakhali,Kharif 1,Green Coconut,1694,21.49,16.67,30.29,6.06,25.0,20.0,30,70.0,80,60,185.7563131313132,14.84946871,May,June to August,August to September,25155,coconut
Pabna,Kharif 1,Green Coconut,725,22.92,16.32,30.85,5.85,25.0,20.0,30,70.0,80,60,124.92,16.29517241,May,June to August,August to September,11814,coconut
Panchagar,Kharif 1,Green Coconut,126,22.57,18.37,32.15,5.91,25.0,20.0,30,70.0,80,60,154.21843434343435,16.53968254,May,June to August,August to September,2084,coconut
Patuakhali,Kharif 1,Green Coconut,1779,21.5,18.7,31.86,5.91,25.0,20.0,30,70.0,80,60,207.8076923076923,7.897133221,May,June to August,August to September,14049,coconut
Pirojpur,Kharif 1,Green Coconut,3250,23.51,17.92,31.66,6.16,25.0,20.0,30,70.0,80,60,175.42564102564103,4.780923077,May,June to August,August to September,15538,coconut
Rajbari,Kharif 1,Green Coconut,350,20.55,17.02,29.12,5.91,25.0,20.0,30,70.0,80,60,155.864898989899,27.58857143,May,June to August,August to September,9656,coconut
Rajshahi,Kharif 1,Green Coconut,860,22.79,16.11,27.09,6.35,25.0,20.0,30,70.0,80,60,124.92,13.59534884,May,June to August,August to September,11692,coconut
Rangamati,Kharif 1,Green Coconut,1858,22.76,16.09,29.87,6.06,25.0,20.0,30,70.0,80,60,204.11111111111111,1.701829925,May,June to August,August to September,3162,coconut
Rangpur,Kharif 1,Green Coconut,153,21.57,17.46,32.43,5.75,25.0,20.0,30,70.0,80,60,179.6013888888889,15.83660131,May,June to August,August to September,2423,coconut
Satkhira,Kharif 1,Green Coconut,1741,22.41,17.36,33.15,5.96,25.0,20.0,30,70.0,80,60,140.35353535353536,9.78518093,May,June to August,August to September,17036,coconut
Shariatpur,Kharif 1,Green Coconut,313,20.33,18.35,31.89,5.86,25.0,20.0,30,70.0,80,60,155.864898989899,38.1629393,May,June to August,August to September,11945,coconut
Sherpur,Kharif 1,Green Coconut,199,23.2,17.59,31.38,5.59,25.0,20.0,30,70.0,80,60,181.08838383838383,10.10552764,May,June to August,August to September,2011,coconut
Sirajganj,Kharif 1,Green Coconut,172,21.74,15.4,31.29,6.27,25.0,20.0,30,70.0,80,60,142.85416666666666,21.3255814,May,June to August,August to September,3668,coconut
Sunamganj,Kharif 1,Green Coconut,182,21.29,18.0,29.57,6.11,25.0,20.0,30,70.0,80,60,333.72557471264366,16.51648352,May,June to August,August to September,3006,coconut
Sylhet,Kharif 1,Green Coconut,2191,23.36,15.92,30.35,6.08,25.0,20.0,30,70.0,80,60,333.72557471264366,0.6458238247,May,June to August,August to September,1415,coconut
Tangail,Kharif 1,Green Coconut,272,21.05,16.54,33.65,6.01,25.0,20.0,30,70.0,80,60,153.4104938271605,17.72794118,May,June to August,August to September,4822,coconut
Thakurgaon,Kharif 1,Green Coconut,59,20.12,17.18,28.86,5.73,25.0,20.0,30,70.0,80,60,154.21843434343435,11.76271186,May,June to August,August to September,694,coconut
Bagerhat,Kharif 1,Green Papaya,83,45.22,66.12,54.89,6.64,25.0,20.0,30,70.0,80,60,144.96843434343435,17.27710843,June,June to August,August to September,1434,papaya
Bandarban,Kharif 1,Green Papaya,276,51.69,70.07,49.07,6.91,25.0,20.0,30,70.0,80,60,243.94444444444449,5.916666667,June,June to August,August to September,1633,papaya
Barguna,Kharif 1,Green Papaya,3169,46.05,61.2,54.02,6.53,25.0,20.0,30,70.0,80,60,207.8076923076923,0.8094035973,June,June to August,August to September,2565,papaya
Barishal,Kharif 1,Green Papaya,1373,55.13,58.4,45.82,6.23,25.0,20.0,30,70.0,80,60,175.42564102564103,3.510560816,June,June to August,August to September,4820,papaya
Bhola,Kharif 1,Green Papaya,207,43.65,60.94,51.8,6.69,25.0,20.0,30,70.0,80,60,185.23090277777777,6.202898551,June,June to August,August to September,1284,papaya
Bogura,Kharif 1,Green Papaya,436,54.96,62.19,47.83,6.71,25.0,20.0,30,70.0,80,60,142.85416666666666,16.28669725,June,June to August,August to September,7101,papaya
Brahmanbaria,Kharif 1,Green Papaya,176,50.51,57.91,45.79,6.77,25.0,20.0,30,70.0,80,60,185.7563131313132,7.079545455,June,June to August,August to September,1246,papaya
Chandpur,Kharif 1,Green Papaya,102,49.59,65.41,50.7,6.89,25.0,20.0,30,70.0,80,60,168.796875,25.56862745,June,June to August,August to September,2608,papaya
Chapai Nawabganj,Kharif 1,Green Papaya,244,48.25,59.87,53.07,6.87,25.0,20.0,30,70.0,80,60,124.92,12.95081967,June,June to August,August to September,3160,papaya
Chattogram,Kharif 1,Green Papaya,321,51.07,60.81,47.5,6.79,25.0,20.0,30,70.0,80,60,243.94444444444449,12.08099688,June,June to August,August to September,3878,papaya
Chuadanga,Kharif 1,Green Papaya,142,49.77,61.41,45.54,6.98,25.0,20.0,30,70.0,80,60,129.44444444444446,25.4084507,June,June to August,August to September,3608,papaya
CoxsBazar,Kharif 1,Green Papaya,300,53.18,60.54,49.76,6.43,25.0,20.0,30,70.0,80,60,303.40277777777777,7.816666667,June,June to August,August to September,2345,papaya
Cumilla,Kharif 1,Green Papaya,457,50.22,62.02,49.78,6.84,25.0,20.0,30,70.0,80,60,185.7563131313132,5.238512035,June,June to August,August to September,2394,papaya
Dhaka,Kharif 1,Green Papaya,118,50.33,56.86,51.69,6.87,25.0,20.0,30,70.0,80,60,169.94262295081967,21.1779661,June,June to August,August to September,2499,papaya
Dinajpur,Kharif 1,Green Papaya,437,48.79,57.07,52.89,6.49,25.0,20.0,30,70.0,80,60,154.21843434343435,8.782608696,June,June to August,August to September,3838,papaya
Faridpur,Kharif 1,Green Papaya,473,49.71,55.15,49.86,6.44,25.0,20.0,30,70.0,80,60,155.864898989899,26.82663848,June,June to August,August to September,12689,papaya
Feni,Kharif 1,Green Papaya,495,50.8,60.61,55.61,6.59,25.0,20.0,30,70.0,80,60,248.1727642276423,1.113131313,June,June to August,August to September,551,papaya
Gaibandha,Kharif 1,Green Papaya,177,44.76,61.81,50.71,6.61,25.0,20.0,30,70.0,80,60,179.6013888888889,10.33333333,June,June to August,August to September,1829,papaya
Gazipur,Kharif 1,Green Papaya,2715,45.85,60.67,49.0,6.89,25.0,20.0,30,70.0,80,60,169.94262295081967,1.303867403,June,June to August,August to September,3540,papaya
Gopalganj,Kharif 1,Green Papaya,464,52.1,64.98,45.2,6.62,25.0,20.0,30,70.0,80,60,155.864898989899,4.588362069,June,June to August,August to September,2129,papaya
Habiganj,Kharif 1,Green Papaya,8,50.39,59.03,49.25,6.57,25.0,20.0,30,70.0,80,60,333.72557471264366,90.0,June,June to August,August to September,720,papaya
Jamalpur,Kharif 1,Green Papaya,304,49.33,61.42,49.03,6.62,25.0,20.0,30,70.0,80,60,181.08838383838383,17.44736842,June,June to August,August to September,5304,papaya
Jashore,Kharif 1,Green Papaya,841,49.94,55.18,52.92,6.97,25.0,20.0,30,70.0,80,60,134.2247474747475,20.23662307,June,June to August,August to September,17019,papaya
Jhallokati,Kharif 1,Green Papaya,436,50.92,57.68,51.43,6.74,25.0,20.0,30,70.0,80,60,175.42564102564103,2.866972477,June,June to August,August to September,1250,papaya
Jhenaidah,Kharif 1,Green Papaya,489,48.26,61.51,46.5,6.7,25.0,20.0,30,70.0,80,60,134.2247474747475,12.98364008,June,June to August,August to September,6349,papaya
Joypurhat,Kharif 1,Green Papaya,62,47.55,62.06,50.56,6.72,25.0,20.0,30,70.0,80,60,142.85416666666666,28.43548387,June,June to August,August to September,1763,papaya
Khagrachari,Kharif 1,Green Papaya,300,50.47,58.01,52.06,7.0,25.0,20.0,30,70.0,80,60,204.11111111111111,8.11,June,June to August,August to September,2433,papaya
Khulna,Kharif 1,Green Papaya,171,46.95,58.8,54.63,6.59,25.0,20.0,30,70.0,80,60,144.96843434343435,15.05263158,June,June to August,August to September,2574,papaya
Kishoreganj,Kharif 1,Green Papaya,108,51.1,53.67,52.7,7.01,25.0,20.0,30,70.0,80,60,181.08838383838383,37.91666667,June,June to August,August to September,4095,papaya
Kurigram,Kharif 1,Green Papaya,184,44.78,57.79,52.32,6.78,25.0,20.0,30,70.0,80,60,179.6013888888889,11.88586957,June,June to August,August to September,2187,papaya
Kushtia,Kharif 1,Green Papaya,300,52.96,62.2,50.22,6.71,25.0,20.0,30,70.0,80,60,129.44444444444446,16.88666667,June,June to August,August to September,5066,papaya
Lakshmipur,Kharif 1,Green Papaya,95,51.29,61.09,51.21,7.25,25.0,20.0,30,70.0,80,60,185.7563131313132,41.62105263,June,June to August,August to September,3954,papaya
Lalmonirhat,Kharif 1,Green Papaya,168,50.65,60.82,53.79,6.53,25.0,20.0,30,70.0,80,60,179.6013888888889,9.214285714,June,June to August,August to September,1548,papaya
Madaripur,Kharif 1,Green Papaya,252,52.82,59.23,46.04,6.67,25.0,20.0,30,70.0,80,60,160.41666666666666,8.777777778,June,June to August,August to September,2212,papaya
Magura,Kharif 1,Green Papaya,752,54.86,59.08,48.99,6.49,25.0,20.0,30,70.0,80,60,134.2247474747475,8.829787234,June,June to August,August to September,6640,papaya
Manikganj,Kharif 1,Green Papaya,181,52.92,56.71,47.72,6.93,25.0,20.0,30,70.0,80,60,169.94262295081967,14.35911602,June,June to August,August to September,2599,papaya
Meherpur,Kharif 1,Green Papaya,85,44.37,61.53,51.18,7.08,25.0,20.0,30,70.0,80,60,129.44444444444446,21.23529412,June,June to August,August to September,1805,papaya
Moulvibazar,Kharif 1,Green Papaya,263,46.05,60.54,53.73,7.08,25.0,20.0,30,70.0,80,60,333.72557471264366,5.338403042,June,June to August,August to September,1404,papaya
Munshiganj,Kharif 1,Green Papaya,97,48.01,60.79,48.25,6.99,25.0,20.0,30,70.0,80,60,169.94262295081967,6.18556701,June,June to August,August to September,600,papaya
Mymensingh,Kharif 1,Green Papaya,1234,49.96,57.19,42.86,6.7,25.0,20.0,30,70.0,80,60,181.08838383838383,18.47082658,June,June to August,August to September,22793,papaya
Naogaon,Kharif 1,Green Papaya,142,51.43,51.42,48.8,6.67,25.0,20.0,30,70.0,80,60,124.92,13.43661972,June,June to August,August to September,1908,papaya
Narail,Kharif 1,Green Papaya,365,47.71,62.94,52.78,6.4,25.0,20.0,30,70.0,80,60,134.2247474747475,10.36438356,June,June to August,August to September,3783,papaya
Narayanganj,Kharif 1,Green Papaya,48,50.44,57.35,51.65,7.15,25.0,20.0,30,70.0,80,60,169.94262295081967,21.375,June,June to August,August to September,1026,papaya
Narsingdi,Kharif 1,Green Papaya,293,47.62,55.99,51.33,6.83,25.0,20.0,30,70.0,80,60,169.94262295081967,18.97952218,June,June to August,August to September,5561,papaya
Natore,Kharif 1,Green Papaya,313,48.05,61.51,49.2,6.64,25.0,20.0,30,70.0,80,60,124.92,19.14057508,June,June to August,August to September,5991,papaya
Netrokona,Kharif 1,Green Papaya,191,45.67,57.66,46.2,7.01,25.0,20.0,30,70.0,80,60,181.08838383838383,18.41361257,June,June to August,August to September,3517,papaya
Nilphamari,Kharif 1,Green Papaya,69,47.12,62.81,51.59,6.54,25.0,20.0,30,70.0,80,60,179.6013888888889,29.24637681,June,June to August,August to September,2018,papaya
Noakhali,Kharif 1,Green Papaya,190,45.83,61.24,47.54,6.82,25.0,20.0,30,70.0,80,60,185.7563131313132,7.821052632,June,June to August,August to September,1486,papaya
Pabna,Kharif 1,Green Papaya,495,46.96,61.47,56.6,6.71,25.0,20.0,30,70.0,80,60,124.92,14.93737374,June,June to August,August to September,7394,papaya
Panchagar,Kharif 1,Green Papaya,74,53.03,54.21,51.75,6.87,25.0,20.0,30,70.0,80,60,154.21843434343435,23.43243243,June,June to August,August to September,1734,papaya
Patuakhali,Kharif 1,Green Papaya,753,47.04,63.34,48.3,6.73,25.0,20.0,30,70.0,80,60,207.8076923076923,4.887118194,June,June to August,August to September,3680,papaya
Pirojpur,Kharif 1,Green Papaya,438,57.76,59.98,48.2,6.45,25.0,20.0,30,70.0,80,60,175.42564102564103,3.46347032,June,June to August,August to September,1517,papaya
Rajbari,Kharif 1,Green Papaya,513,51.36,57.74,49.76,6.76,25.0,20.0,30,70.0,80,60,155.864898989899,11.94346979,June,June to August,August to September,6127,papaya
Rajshahi,Kharif 1,Green Papaya,1476,50.43,59.56,49.32,6.95,25.0,20.0,30,70.0,80,60,124.92,40.41531165,June,June to August,August to September,59653,papaya
Rangamati,Kharif 1,Green Papaya,498,47.31,52.76,53.39,6.73,25.0,20.0,30,70.0,80,60,204.11111111111111,15.42570281,June,June to August,August to September,7682,papaya
Rangpur,Kharif 1,Green Papaya,234,51.98,60.5,50.6,6.9,25.0,20.0,30,70.0,80,60,179.6013888888889,14.70512821,June,June to August,August to September,3441,papaya
Satkhira,Kharif 1,Green Papaya,341,48.16,55.4,47.84,6.53,25.0,20.0,30,70.0,80,60,140.35353535353536,8.95601173,June,June to August,August to September,3054,papaya
Shariatpur,Kharif 1,Green Papaya,98,50.25,54.26,55.72,6.73,25.0,20.0,30,70.0,80,60,155.864898989899,11.42857143,June,June to August,August to September,1120,papaya
Sherpur,Kharif 1,Green Papaya,217,57.54,53.66,50.19,6.61,25.0,20.0,30,70.0,80,60,181.08838383838383,13.17511521,June,June to August,August to September,2859,papaya
Sirajganj,Kharif 1,Green Papaya,297,49.59,62.99,52.35,6.89,25.0,20.0,30,70.0,80,60,142.85416666666666,13.30976431,June,June to August,August to September,3953,papaya
Sunamganj,Kharif 1,Green Papaya,74,53.32,56.82,48.21,6.75,25.0,20.0,30,70.0,80,60,333.72557471264366,1.027027027,June,June to August,August to September,76,papaya
Sylhet,Kharif 1,Green Papaya,278,47.78,64.48,51.13,6.88,25.0,20.0,30,70.0,80,60,333.72557471264366,3.654676259,June,June to August,August to September,1016,papaya
Tangail,Kharif 1,Green Papaya,394,49.78,57.15,50.97,6.96,25.0,20.0,30,70.0,80,60,153.4104938271605,12.64974619,June,June to August,August to September,4984,papaya
Thakurgaon,Kharif 1,Green Papaya,91,55.18,53.0,44.37,6.88,25.0,20.0,30,70.0,80,60,154.21843434343435,14.20879121,June,June to August,August to September,1293,papaya
Bagerhat,Kharif 1,Jambura,84,18.84,15.44,11.22,7.08,27.5,25.0,30,80.0,90,70,144.96843434343435,8.607142857,April,No need to do,May to June,723,orange
Bandarban,Kharif 1,Jambura,989,21.71,17.78,10.79,6.81,27.5,25.0,30,80.0,90,70,243.94444444444449,0.8695652174,April,No need to do,May to June,860,orange
Barguna,Kharif 1,Jambura,373,20.41,16.4,9.77,7.02,27.5,25.0,30,80.0,90,70,207.8076923076923,0.691689008,April,No need to do,May to June,258,orange
Barishal,Kharif 1,Jambura,405,18.92,16.01,9.35,6.91,27.5,25.0,30,80.0,90,70,175.42564102564103,3.414814815,April,No need to do,May to June,1383,orange
Bhola,Kharif 1,Jambura,273,20.32,16.71,10.22,6.95,27.5,25.0,30,80.0,90,70,185.23090277777777,1.582417582,April,No need to do,May to June,432,orange
Bogura,Kharif 1,Jambura,190,20.72,17.05,10.06,6.94,27.5,25.0,30,80.0,90,70,142.85416666666666,9.626315789,April,No need to do,May to June,1829,orange
Brahmanbaria,Kharif 1,Jambura,178,20.31,17.66,10.22,6.81,27.5,25.0,30,80.0,90,70,185.7563131313132,6.668539326,April,No need to do,May to June,1187,orange
Chandpur,Kharif 1,Jambura,22,17.74,17.99,10.13,6.61,27.5,25.0,30,80.0,90,70,168.796875,19.90909091,April,No need to do,May to June,438,orange
Chapai Nawabganj,Kharif 1,Jambura,109,18.73,16.19,10.31,6.88,27.5,25.0,30,80.0,90,70,124.92,3.651376147,April,No need to do,May to June,398,orange
Chattogram,Kharif 1,Jambura,556,19.29,15.23,10.88,7.06,27.5,25.0,30,80.0,90,70,243.94444444444449,10.38489209,April,No need to do,May to June,5774,orange
Chuadanga,Kharif 1,Jambura,51,19.49,16.14,10.35,6.74,27.5,25.0,30,80.0,90,70,129.44444444444446,3.941176471,April,No need to do,May to June,201,orange
CoxsBazar,Kharif 1,Jambura,157,20.31,16.81,9.38,7.02,27.5,25.0,30,80.0,90,70,303.40277777777777,14.63694268,April,No need to do,May to June,2298,orange
Cumilla,Kharif 1,Jambura,316,19.79,15.59,10.83,7.42,27.5,25.0,30,80.0,90,70,185.7563131313132,6.693037975,April,No need to do,May to June,2115,orange
Dhaka,Kharif 1,Jambura,70,18.01,15.6,11.0,7.24,27.5,25.0,30,80.0,90,70,169.94262295081967,17.35714286,April,No need to do,May to June,1215,orange
Dinajpur,Kharif 1,Jambura,141,20.03,16.89,11.9,7.37,27.5,25.0,30,80.0,90,70,154.21843434343435,8.156028369,April,No need to do,May to June,1150,orange
Faridpur,Kharif 1,Jambura,100,20.3,16.5,9.34,7.1,27.5,25.0,30,80.0,90,70,155.864898989899,6.4,April,No need to do,May to June,640,orange
Feni,Kharif 1,Jambura,59,20.24,16.58,10.16,7.27,27.5,25.0,30,80.0,90,70,248.1727642276423,2.661016949,April,No need to do,May to June,157,orange
Gaibandha,Kharif 1,Jambura,64,20.85,15.8,8.76,6.87,27.5,25.0,30,80.0,90,70,179.6013888888889,7.078125,April,No need to do,May to June,453,orange
Gazipur,Kharif 1,Jambura,191,20.56,16.32,10.34,6.88,27.5,25.0,30,80.0,90,70,169.94262295081967,4.434554974,April,No need to do,May to June,847,orange
Gopalganj,Kharif 1,Jambura,64,20.12,15.63,9.68,6.44,27.5,25.0,30,80.0,90,70,155.864898989899,10.765625,April,No need to do,May to June,689,orange
Habiganj,Kharif 1,Jambura,375,19.5,17.43,11.17,7.27,27.5,25.0,30,80.0,90,70,333.72557471264366,3.797333333,April,No need to do,May to June,1424,orange
Jamalpur,Kharif 1,Jambura,189,17.63,17.58,9.54,7.34,27.5,25.0,30,80.0,90,70,181.08838383838383,6.248677249,April,No need to do,May to June,1181,orange
Jashore,Kharif 1,Jambura,392,20.08,14.72,9.0,6.9,27.5,25.0,30,80.0,90,70,134.2247474747475,5.918367347,April,No need to do,May to June,2320,orange
Jhallokati,Kharif 1,Jambura,336,19.82,15.63,9.73,6.97,27.5,25.0,30,80.0,90,70,175.42564102564103,4.425595238,April,No need to do,May to June,1487,orange
Jhenaidah,Kharif 1,Jambura,114,19.9,15.06,8.82,6.86,27.5,25.0,30,80.0,90,70,134.2247474747475,12.66666667,April,No need to do,May to June,1444,orange
Joypurhat,Kharif 1,Jambura,25,18.08,15.9,10.46,7.1,27.5,25.0,30,80.0,90,70,142.85416666666666,8.76,April,No need to do,May to June,219,orange
Khagrachari,Kharif 1,Jambura,494,18.31,16.47,8.77,7.26,27.5,25.0,30,80.0,90,70,204.11111111111111,2.101214575,April,No need to do,May to June,1038,orange
Khulna,Kharif 1,Jambura,221,20.82,15.11,10.03,6.65,27.5,25.0,30,80.0,90,70,144.96843434343435,6.131221719,April,No need to do,May to June,1355,orange
Kishoreganj,Kharif 1,Jambura,150,19.53,15.63,8.76,7.11,27.5,25.0,30,80.0,90,70,181.08838383838383,10.76666667,April,No need to do,May to June,1615,orange
Kurigram,Kharif 1,Jambura,48,20.38,15.55,9.82,6.96,27.5,25.0,30,80.0,90,70,179.6013888888889,8.5625,April,No need to do,May to June,411,orange
Kushtia,Kharif 1,Jambura,91,19.61,16.76,11.0,7.04,27.5,25.0,30,80.0,90,70,129.44444444444446,19.17582418,April,No need to do,May to June,1745,orange
Lakshmipur,Kharif 1,Jambura,476,19.61,16.62,10.23,7.12,27.5,25.0,30,80.0,90,70,185.7563131313132,1.159663866,April,No need to do,May to June,552,orange
Lalmonirhat,Kharif 1,Jambura,180,20.68,15.83,9.49,6.98,27.5,25.0,30,80.0,90,70,179.6013888888889,3.566666667,April,No need to do,May to June,642,orange
Madaripur,Kharif 1,Jambura,63,18.97,16.73,9.99,7.0,27.5,25.0,30,80.0,90,70,160.41666666666666,7.603174603,April,No need to do,May to June,479,orange
Magura,Kharif 1,Jambura,136,19.69,16.01,10.02,6.97,27.5,25.0,30,80.0,90,70,134.2247474747475,11.875,April,No need to do,May to June,1615,orange
Manikganj,Kharif 1,Jambura,106,19.04,16.28,10.29,7.22,27.5,25.0,30,80.0,90,70,169.94262295081967,6.688679245,April,No need to do,May to June,709,orange
Meherpur,Kharif 1,Jambura,117,19.07,18.21,9.19,7.11,27.5,25.0,30,80.0,90,70,129.44444444444446,6.008547009,April,No need to do,May to June,703,orange
Moulvibazar,Kharif 1,Jambura,285,19.22,17.88,10.37,7.07,27.5,25.0,30,80.0,90,70,333.72557471264366,13.24210526,April,No need to do,May to June,3774,orange
Munshiganj,Kharif 1,Jambura,25,19.84,15.26,8.39,6.75,27.5,25.0,30,80.0,90,70,169.94262295081967,6.32,April,No need to do,May to June,158,orange
Mymensingh,Kharif 1,Jambura,1257,19.02,17.37,9.63,6.94,27.5,25.0,30,80.0,90,70,181.08838383838383,3.180588703,April,No need to do,May to June,3998,orange
Naogaon,Kharif 1,Jambura,182,21.06,17.36,9.72,7.21,27.5,25.0,30,80.0,90,70,124.92,3.5,April,No need to do,May to June,637,orange
Narail,Kharif 1,Jambura,227,18.53,15.41,10.39,7.03,27.5,25.0,30,80.0,90,70,134.2247474747475,5.797356828,April,No need to do,May to June,1316,orange
Narayanganj,Kharif 1,Jambura,14,19.36,17.36,10.02,7.16,27.5,25.0,30,80.0,90,70,169.94262295081967,10.0,April,No need to do,May to June,140,orange
Narsingdi,Kharif 1,Jambura,80,19.06,18.08,9.17,7.39,27.5,25.0,30,80.0,90,70,169.94262295081967,11.1375,April,No need to do,May to June,891,orange
Natore,Kharif 1,Jambura,229,21.28,15.44,9.42,7.24,27.5,25.0,30,80.0,90,70,124.92,14.95196507,April,No need to do,May to June,3424,orange
Netrokona,Kharif 1,Jambura,242,19.81,15.64,10.13,7.04,27.5,25.0,30,80.0,90,70,181.08838383838383,6.17768595,April,No need to do,May to June,1495,orange
Nilphamari,Kharif 1,Jambura,88,20.79,17.56,9.96,6.91,27.5,25.0,30,80.0,90,70,179.6013888888889,17.0,April,No need to do,May to June,1496,orange
Noakhali,Kharif 1,Jambura,45,17.83,16.82,9.66,6.48,27.5,25.0,30,80.0,90,70,185.7563131313132,6.511111111,April,No need to do,May to June,293,orange
Pabna,Kharif 1,Jambura,66,19.89,17.1,9.72,6.98,27.5,25.0,30,80.0,90,70,124.92,9.181818182,April,No need to do,May to June,606,orange
Panchagar,Kharif 1,Jambura,185,20.63,16.89,10.43,6.95,27.5,25.0,30,80.0,90,70,154.21843434343435,8.540540541,April,No need to do,May to June,1580,orange
Patuakhali,Kharif 1,Jambura,219,19.68,16.94,9.7,7.1,27.5,25.0,30,80.0,90,70,207.8076923076923,1.02283105,April,No need to do,May to June,224,orange
Pirojpur,Kharif 1,Jambura,251,20.83,15.23,9.96,6.99,27.5,25.0,30,80.0,90,70,175.42564102564103,3.346613546,April,No need to do,May to June,840,orange
Rajbari,Kharif 1,Jambura,373,18.97,17.59,11.31,6.95,27.5,25.0,30,80.0,90,70,155.864898989899,3.54691689,April,No need to do,May to June,1323,orange
Rajshahi,Kharif 1,Jambura,256,21.24,17.71,9.15,6.65,27.5,25.0,30,80.0,90,70,124.92,5.28125,April,No need to do,May to June,1352,orange
Rangamati,Kharif 1,Jambura,380,22.28,16.32,8.9,6.82,27.5,25.0,30,80.0,90,70,204.11111111111111,7.397368421,April,No need to do,May to June,2811,orange
Rangpur,Kharif 1,Jambura,114,19.15,16.51,10.48,7.12,27.5,25.0,30,80.0,90,70,179.6013888888889,11.4122807,April,No need to do,May to June,1301,orange
Satkhira,Kharif 1,Jambura,189,19.06,15.03,9.6,7.38,27.5,25.0,30,80.0,90,70,140.35353535353536,4.301587302,April,No need to do,May to June,813,orange
Shariatpur,Kharif 1,Jambura,292,21.29,17.06,9.82,7.0,27.5,25.0,30,80.0,90,70,155.864898989899,3.626712329,April,No need to do,May to June,1059,orange
Sherpur,Kharif 1,Jambura,115,21.44,17.12,9.54,7.09,27.5,25.0,30,80.0,90,70,181.08838383838383,4.686956522,April,No need to do,May to June,539,orange
Sirajganj,Kharif 1,Jambura,42,18.97,16.49,9.85,7.22,27.5,25.0,30,80.0,90,70,142.85416666666666,15.42857143,April,No need to do,May to June,648,orange
Sunamganj,Kharif 1,Jambura,107,19.09,17.67,10.97,6.85,27.5,25.0,30,80.0,90,70,333.72557471264366,29.14018692,April,No need to do,May to June,3118,orange
Sylhet,Kharif 1,Jambura,516,19.25,16.22,10.49,7.1,27.5,25.0,30,80.0,90,70,333.72557471264366,0.8178294574,April,No need to do,May to June,422,orange
Tangail,Kharif 1,Jambura,155,18.0,17.11,10.53,6.86,27.5,25.0,30,80.0,90,70,153.4104938271605,12.26451613,April,No need to do,May to June,1901,orange
Thakurgaon,Kharif 1,Jambura,105,18.5,15.54,9.16,7.2,27.5,25.0,30,80.0,90,70,154.21843434343435,4.79047619,April,No need to do,May to June,503,orange
Bagerhat,Kharif 1,Jute,3603,73.68,46.79,37.23,6.76,30.0,20.0,40,75.0,80,70,144.96843434343435,5.070496808,March,April to Aug,Sep,18269,jute
Bandarban,Kharif 1,Jute,0,74.79,46.37,33.18,6.79,30.0,20.0,40,75.0,80,70,243.94444444444449,2.518413598,March,April to Aug,Sep,0,jute
Barguna,Kharif 1,Jute,0,78.24,47.49,38.05,6.57,30.0,20.0,40,75.0,80,70,207.8076923076923,2.518413598,March,April to Aug,Sep,0,jute
Barishal,Kharif 1,Jute,33909,79.5,45.82,42.29,6.87,30.0,20.0,40,75.0,80,70,175.42564102564103,2.410009142,March,April to Aug,Sep,81721,jute
Bhola,Kharif 1,Jute,0,85.69,46.49,41.23,7.15,30.0,20.0,40,75.0,80,70,185.23090277777777,2.518413598,March,April to Aug,Sep,0,jute
Bogura,Kharif 1,Jute,18175,73.7,49.18,39.46,6.53,30.0,20.0,40,75.0,80,70,142.85416666666666,5.469876204,March,April to Aug,Sep,99415,jute
Brahmanbaria,Kharif 1,Jute,5559,83.03,45.63,39.94,6.66,30.0,20.0,40,75.0,80,70,185.7563131313132,5.329555675,March,April to Aug,Sep,29627,jute
Chandpur,Kharif 1,Jute,12001,77.39,42.34,38.34,6.78,30.0,20.0,40,75.0,80,70,168.796875,3.930005833,March,April to Aug,Sep,47164,jute
Chapai Nawabganj,Kharif 1,Jute,3099,78.17,51.78,40.48,6.89,30.0,20.0,40,75.0,80,70,124.92,5.020006454,March,April to Aug,Sep,15557,jute
Chattogram,Kharif 1,Jute,0,81.57,50.74,41.83,6.62,30.0,20.0,40,75.0,80,70,243.94444444444449,2.518413598,March,April to Aug,Sep,0,jute
Chuadanga,Kharif 1,Jute,43540,73.12,43.23,36.11,6.16,30.0,20.0,40,75.0,80,70,129.44444444444446,5.670004593,March,April to Aug,Sep,246872,jute
CoxsBazar,Kharif 1,Jute,0,80.2,48.8,40.71,7.0,30.0,20.0,40,75.0,80,70,303.40277777777777,2.518413598,March,April to Aug,Sep,0,jute
Cumilla,Kharif 1,Jute,818,79.18,45.45,42.23,6.88,30.0,20.0,40,75.0,80,70,185.7563131313132,4.371638142,March,April to Aug,Sep,3576,jute
Dhaka,Kharif 1,Jute,7754,80.72,47.6,38.99,6.38,30.0,20.0,40,75.0,80,70,169.94262295081967,4.409724013,March,April to Aug,Sep,34193,jute
Dinajpur,Kharif 1,Jute,9383,79.76,47.69,41.67,6.61,30.0,20.0,40,75.0,80,70,154.21843434343435,5.149952041,March,April to Aug,Sep,48322,jute
Faridpur,Kharif 1,Jute,209824,89.95,46.2,46.74,7.05,30.0,20.0,40,75.0,80,70,155.864898989899,3.519997712,March,April to Aug,Sep,738580,jute
Feni,Kharif 1,Jute,0,75.4,44.66,39.74,7.02,30.0,20.0,40,75.0,80,70,248.1727642276423,2.518413598,March,April to Aug,Sep,0,jute
Gaibandha,Kharif 1,Jute,32621,75.9,44.92,40.93,6.92,30.0,20.0,40,75.0,80,70,179.6013888888889,4.330002146,March,April to Aug,Sep,141249,jute
Gazipur,Kharif 1,Jute,3712,75.47,44.28,38.22,6.69,30.0,20.0,40,75.0,80,70,169.94262295081967,3.480064655,March,April to Aug,Sep,12918,jute
Gopalganj,Kharif 1,Jute,59408,75.79,44.52,40.42,6.75,30.0,20.0,40,75.0,80,70,155.864898989899,5.460005386,March,April to Aug,Sep,324368,jute
Habiganj,Kharif 1,Jute,745,75.4,46.67,41.09,6.7,30.0,20.0,40,75.0,80,70,333.72557471264366,5.420134228,March,April to Aug,Sep,4038,jute
Jamalpur,Kharif 1,Jute,60887,83.99,44.85,40.46,6.96,30.0,20.0,40,75.0,80,70,181.08838383838383,3.919999343,March,April to Aug,Sep,238677,jute
Jashore,Kharif 1,Jute,57823,85.08,48.78,37.54,6.55,30.0,20.0,40,75.0,80,70,134.2247474747475,5.240008301,March,April to Aug,Sep,302993,jute
Jhallokati,Kharif 1,Jute,0,75.72,51.04,40.49,6.57,30.0,20.0,40,75.0,80,70,175.42564102564103,2.518413598,March,April to Aug,Sep,0,jute
Jhenaidah,Kharif 1,Jute,53557,74.48,45.23,43.5,6.93,30.0,20.0,40,75.0,80,70,134.2247474747475,5.719999253,March,April to Aug,Sep,306346,jute
Joypurhat,Kharif 1,Jute,4339,80.62,47.53,41.07,6.72,30.0,20.0,40,75.0,80,70,142.85416666666666,5.410002305,March,April to Aug,Sep,23474,jute
Khagrachari,Kharif 1,Jute,0,75.8,48.26,42.3,7.01,30.0,20.0,40,75.0,80,70,204.11111111111111,2.518413598,March,April to Aug,Sep,0,jute
Khulna,Kharif 1,Jute,3181,81.38,48.19,39.42,6.59,30.0,20.0,40,75.0,80,70,144.96843434343435,5.149952845,March,April to Aug,Sep,16382,jute
Kishoreganj,Kharif 1,Jute,40682,79.35,47.07,41.79,6.72,30.0,20.0,40,75.0,80,70,181.08838383838383,4.559952805,March,April to Aug,Sep,185508,jute
Kurigram,Kharif 1,Jute,46093,71.27,48.95,40.66,6.54,30.0,20.0,40,75.0,80,70,179.6013888888889,5.040006075,March,April to Aug,Sep,232309,jute
Kushtia,Kharif 1,Jute,98413,85.68,48.22,37.71,6.73,30.0,20.0,40,75.0,80,70,129.44444444444446,5.019997358,March,April to Aug,Sep,494033,jute
Lakshmipur,Kharif 1,Jute,484,86.85,43.38,40.75,6.43,30.0,20.0,40,75.0,80,70,185.7563131313132,3.840909091,March,April to Aug,Sep,1859,jute
Lalmonirhat,Kharif 1,Jute,8165,75.52,49.3,37.61,6.63,30.0,20.0,40,75.0,80,70,179.6013888888889,5.8,March,April to Aug,Sep,47357,jute
Madaripur,Kharif 1,Jute,78336,76.58,49.35,38.47,6.44,30.0,20.0,40,75.0,80,70,160.41666666666666,4.210005617,March,April to Aug,Sep,329795,jute
Magura,Kharif 1,Jute,85406,79.74,44.71,40.44,6.87,30.0,20.0,40,75.0,80,70,134.2247474747475,4.120003278,March,April to Aug,Sep,351873,jute
Manikganj,Kharif 1,Jute,8914,79.97,46.97,40.7,6.87,30.0,20.0,40,75.0,80,70,169.94262295081967,4.130020193,March,April to Aug,Sep,36815,jute
Meherpur,Kharif 1,Jute,48911,81.5,48.78,37.14,6.38,30.0,20.0,40,75.0,80,70,129.44444444444446,6.420007769,March,April to Aug,Sep,314009,jute
Moulvibazar,Kharif 1,Jute,0,87.86,46.27,42.52,7.0,30.0,20.0,40,75.0,80,70,333.72557471264366,2.518413598,March,April to Aug,Sep,0,jute
Munshiganj,Kharif 1,Jute,7320,77.57,49.88,41.36,7.23,30.0,20.0,40,75.0,80,70,169.94262295081967,3.9,March,April to Aug,Sep,28548,jute
Mymensingh,Kharif 1,Jute,13251,74.64,53.51,38.3,6.74,30.0,20.0,40,75.0,80,70,181.08838383838383,3.940004528,March,April to Aug,Sep,52209,jute
Naogaon,Kharif 1,Jute,13828,71.91,44.65,36.3,6.6,30.0,20.0,40,75.0,80,70,124.92,5.829982644,March,April to Aug,Sep,80617,jute
Narail,Kharif 1,Jute,52484,74.96,42.98,39.64,7.3,30.0,20.0,40,75.0,80,70,134.2247474747475,5.080005335,March,April to Aug,Sep,266619,jute
Narayanganj,Kharif 1,Jute,720,78.24,47.71,38.92,6.46,30.0,20.0,40,75.0,80,70,169.94262295081967,4.816666667,March,April to Aug,Sep,3468,jute
Narsingdi,Kharif 1,Jute,6636,86.84,48.89,40.26,6.73,30.0,20.0,40,75.0,80,70,169.94262295081967,4.889993972,March,April to Aug,Sep,32450,jute
Natore,Kharif 1,Jute,59968,75.97,46.21,39.12,6.77,30.0,20.0,40,75.0,80,70,124.92,4.119997332,March,April to Aug,Sep,247068,jute
Netrokona,Kharif 1,Jute,11562,79.45,50.95,35.17,7.0,30.0,20.0,40,75.0,80,70,181.08838383838383,4.279968864,March,April to Aug,Sep,49485,jute
Nilphamari,Kharif 1,Jute,17177,78.32,43.1,39.06,6.8,30.0,20.0,40,75.0,80,70,179.6013888888889,5.350002911,March,April to Aug,Sep,91897,jute
Noakhali,Kharif 1,Jute,0,83.99,48.81,39.26,6.63,30.0,20.0,40,75.0,80,70,185.7563131313132,2.518413598,March,April to Aug,Sep,0,jute
Pabna,Kharif 1,Jute,102319,90.29,45.16,41.51,6.54,30.0,20.0,40,75.0,80,70,124.92,5.009998143,March,April to Aug,Sep,512618,jute
Panchagar,Kharif 1,Jute,21056,75.9,51.69,38.31,6.66,30.0,20.0,40,75.0,80,70,154.21843434343435,4.940017097,March,April to Aug,Sep,104017,jute
Patuakhali,Kharif 1,Jute,0,76.1,52.46,44.02,6.53,30.0,20.0,40,75.0,80,70,207.8076923076923,2.518413598,March,April to Aug,Sep,0,jute
Pirojpur,Kharif 1,Jute,900,83.31,44.7,35.4,6.74,30.0,20.0,40,75.0,80,70,175.42564102564103,2.31,March,April to Aug,Sep,2079,jute
Rajbari,Kharif 1,Jute,118952,81.61,45.31,43.14,6.62,30.0,20.0,40,75.0,80,70,155.864898989899,4.070003026,March,April to Aug,Sep,484135,jute
Rajshahi,Kharif 1,Jute,35401,87.09,49.28,39.45,6.43,30.0,20.0,40,75.0,80,70,124.92,5.349990113,March,April to Aug,Sep,189395,jute
Rangamati,Kharif 1,Jute,0,81.15,45.77,42.05,6.98,30.0,20.0,40,75.0,80,70,204.11111111111111,2.518413598,March,April to Aug,Sep,0,jute
Rangpur,Kharif 1,Jute,19997,76.71,46.73,40.18,6.63,30.0,20.0,40,75.0,80,70,179.6013888888889,6.400010002,March,April to Aug,Sep,127981,jute
Satkhira,Kharif 1,Jute,25378,81.18,46.93,42.72,6.47,30.0,20.0,40,75.0,80,70,140.35353535353536,4.970013397,March,April to Aug,Sep,126129,jute
Shariatpur,Kharif 1,Jute,57084,83.62,41.46,39.06,6.7,30.0,20.0,40,75.0,80,70,155.864898989899,4.090007708,March,April to Aug,Sep,233474,jute
Sherpur,Kharif 1,Jute,3302,82.26,46.82,37.35,6.74,30.0,20.0,40,75.0,80,70,181.08838383838383,5.350090854,March,April to Aug,Sep,17666,jute
Sirajganj,Kharif 1,Jute,28308,80.79,44.92,43.4,6.38,30.0,20.0,40,75.0,80,70,142.85416666666666,4.139995761,March,April to Aug,Sep,117195,jute
Sunamganj,Kharif 1,Jute,821,83.42,45.47,39.72,6.8,30.0,20.0,40,75.0,80,70,333.72557471264366,4.790499391,March,April to Aug,Sep,3933,jute
Sylhet,Kharif 1,Jute,0,83.9,50.92,40.52,6.52,30.0,20.0,40,75.0,80,70,333.72557471264366,2.518413598,March,April to Aug,Sep,0,jute
Tangail,Kharif 1,Jute,35993,84.9,43.33,42.95,7.08,30.0,20.0,40,75.0,80,70,153.4104938271605,4.209985275,March,April to Aug,Sep,151530,jute
Thakurgaon,Kharif 1,Jute,13914,81.45,49.15,37.51,6.84,30.0,20.0,40,75.0,80,70,154.21843434343435,5.410018686,March,April to Aug,Sep,75275,jute
Bagerhat,Rabi,Lemon,89,19.38,16.27,10.37,6.94,17.5,10.0,25,77.5,95,60,144.96843434343435,4.404494382,Jan,Jan to Jan,Jan,392,orange
Bandarban,Rabi,Lemon,3726,19.75,16.27,9.66,6.86,17.5,10.0,25,77.5,95,60,243.94444444444449,0.1307031669,Jan,Jan to Jan,Jan,487,orange
Barguna,Rabi,Lemon,1337,21.0,17.33,9.93,7.0,17.5,10.0,25,77.5,95,60,207.8076923076923,0.3440538519,Jan,Jan to Jan,Jan,460,orange
Barishal,Rabi,Lemon,1005,18.62,16.89,10.05,7.15,17.5,10.0,25,77.5,95,60,175.42564102564103,1.412935323,Jan,Jan to Jan,Jan,1420,orange
Bhola,Rabi,Lemon,471,20.01,17.12,9.11,7.01,17.5,10.0,25,77.5,95,60,185.23090277777777,0.3864118896,Jan,Jan to Jan,Jan,182,orange
Bogura,Rabi,Lemon,108,19.12,17.51,9.54,6.97,17.5,10.0,25,77.5,95,60,142.85416666666666,3.074074074,Jan,Jan to Jan,Jan,332,orange
Brahmanbaria,Rabi,Lemon,205,19.61,16.22,10.82,7.03,17.5,10.0,25,77.5,95,60,185.7563131313132,6.936585366,Jan,Jan to Jan,Jan,1422,orange
Chandpur,Rabi,Lemon,44,21.08,15.94,10.54,6.89,17.5,10.0,25,77.5,95,60,168.796875,10.63636364,Jan,Jan to Jan,Jan,468,orange
Chapai Nawabganj,Rabi,Lemon,307,19.8,15.47,9.97,6.95,17.5,10.0,25,77.5,95,60,124.92,2.003257329,Jan,Jan to Jan,Jan,615,orange
Chattogram,Rabi,Lemon,66350,19.63,15.73,10.16,6.58,17.5,10.0,25,77.5,95,60,243.94444444444449,0.104777694,Jan,Jan to Jan,Jan,6952,orange
Chuadanga,Rabi,Lemon,89,17.98,19.48,9.83,7.23,17.5,10.0,25,77.5,95,60,129.44444444444446,1.853932584,Jan,Jan to Jan,Jan,165,orange
CoxsBazar,Rabi,Lemon,67500,20.46,17.79,10.82,7.08,17.5,10.0,25,77.5,95,60,303.40277777777777,0.01392592593,Jan,Jan to Jan,Jan,940,orange
Cumilla,Rabi,Lemon,1642,20.34,15.21,9.89,6.86,17.5,10.0,25,77.5,95,60,185.7563131313132,1.333739342,Jan,Jan to Jan,Jan,2190,orange
Dhaka,Rabi,Lemon,552,22.12,15.24,10.15,7.42,17.5,10.0,25,77.5,95,60,169.94262295081967,16.65217391,Jan,Jan to Jan,Jan,9192,orange
Dinajpur,Rabi,Lemon,348,19.22,17.03,10.7,7.04,17.5,10.0,25,77.5,95,60,154.21843434343435,2.117816092,Jan,Jan to Jan,Jan,737,orange
Faridpur,Rabi,Lemon,110,19.84,17.09,9.54,6.8,17.5,10.0,25,77.5,95,60,155.864898989899,2.4,Jan,Jan to Jan,Jan,264,orange
Feni,Rabi,Lemon,72,19.87,17.1,10.95,7.2,17.5,10.0,25,77.5,95,60,248.1727642276423,1.986111111,Jan,Jan to Jan,Jan,143,orange
Gaibandha,Rabi,Lemon,145,21.43,16.3,9.09,7.1,17.5,10.0,25,77.5,95,60,179.6013888888889,2.317241379,Jan,Jan to Jan,Jan,336,orange
Gazipur,Rabi,Lemon,213,19.47,16.43,10.99,7.1,17.5,10.0,25,77.5,95,60,169.94262295081967,2.615023474,Jan,Jan to Jan,Jan,557,orange
Gopalganj,Rabi,Lemon,1250,19.91,16.88,9.79,6.93,17.5,10.0,25,77.5,95,60,155.864898989899,0.3704,Jan,Jan to Jan,Jan,463,orange
Habiganj,Rabi,Lemon,212,20.29,16.64,9.86,7.11,17.5,10.0,25,77.5,95,60,333.72557471264366,3.933962264,Jan,Jan to Jan,Jan,834,orange
Jamalpur,Rabi,Lemon,425,19.8,14.35,8.87,6.96,17.5,10.0,25,77.5,95,60,181.08838383838383,0.8447058824,Jan,Jan to Jan,Jan,359,orange
Jashore,Rabi,Lemon,865,19.06,16.32,9.74,7.14,17.5,10.0,25,77.5,95,60,134.2247474747475,1.14566474,Jan,Jan to Jan,Jan,991,orange
Jhallokati,Rabi,Lemon,1625,19.81,15.7,9.39,6.62,17.5,10.0,25,77.5,95,60,175.42564102564103,0.3907692308,Jan,Jan to Jan,Jan,635,orange
Jhenaidah,Rabi,Lemon,142,20.84,16.72,9.65,6.93,17.5,10.0,25,77.5,95,60,134.2247474747475,4.718309859,Jan,Jan to Jan,Jan,670,orange
Joypurhat,Rabi,Lemon,48,18.37,19.51,9.93,7.38,17.5,10.0,25,77.5,95,60,142.85416666666666,3.395833333,Jan,Jan to Jan,Jan,163,orange
Khagrachari,Rabi,Lemon,689,19.74,16.91,10.59,6.86,17.5,10.0,25,77.5,95,60,204.11111111111111,1.269956459,Jan,Jan to Jan,Jan,875,orange
Khulna,Rabi,Lemon,291,18.76,16.24,10.13,6.89,17.5,10.0,25,77.5,95,60,144.96843434343435,1.419243986,Jan,Jan to Jan,Jan,413,orange
Kishoreganj,Rabi,Lemon,119,20.98,17.47,10.19,6.93,17.5,10.0,25,77.5,95,60,181.08838383838383,7.176470588,Jan,Jan to Jan,Jan,854,orange
Kurigram,Rabi,Lemon,125,17.79,17.03,9.35,6.76,17.5,10.0,25,77.5,95,60,179.6013888888889,1.344,Jan,Jan to Jan,Jan,168,orange
Kushtia,Rabi,Lemon,146,18.92,16.97,9.48,6.55,17.5,10.0,25,77.5,95,60,129.44444444444446,12.04109589,Jan,Jan to Jan,Jan,1758,orange
Lakshmipur,Rabi,Lemon,560,20.02,17.15,11.09,6.97,17.5,10.0,25,77.5,95,60,185.7563131313132,0.65,Jan,Jan to Jan,Jan,364,orange
Lalmonirhat,Rabi,Lemon,130,21.42,18.59,9.57,7.05,17.5,10.0,25,77.5,95,60,179.6013888888889,2.769230769,Jan,Jan to Jan,Jan,360,orange
Madaripur,Rabi,Lemon,28,19.5,15.43,11.0,7.01,17.5,10.0,25,77.5,95,60,160.41666666666666,12.10714286,Jan,Jan to Jan,Jan,339,orange
Magura,Rabi,Lemon,257,18.93,17.02,9.86,6.99,17.5,10.0,25,77.5,95,60,134.2247474747475,5.412451362,Jan,Jan to Jan,Jan,1391,orange
Manikganj,Rabi,Lemon,310,21.79,15.63,10.01,7.03,17.5,10.0,25,77.5,95,60,169.94262295081967,4.561290323,Jan,Jan to Jan,Jan,1414,orange
Meherpur,Rabi,Lemon,157,17.88,17.1,10.65,7.24,17.5,10.0,25,77.5,95,60,129.44444444444446,5.656050955,Jan,Jan to Jan,Jan,888,orange
Moulvibazar,Rabi,Lemon,1101,17.0,15.64,10.77,6.98,17.5,10.0,25,77.5,95,60,333.72557471264366,8.990009083,Jan,Jan to Jan,Jan,9898,orange
Munshiganj,Rabi,Lemon,49,20.1,16.14,9.94,6.9,17.5,10.0,25,77.5,95,60,169.94262295081967,2.469387755,Jan,Jan to Jan,Jan,121,orange
Mymensingh,Rabi,Lemon,1292,18.99,16.26,9.78,6.96,17.5,10.0,25,77.5,95,60,181.08838383838383,4.287925697,Jan,Jan to Jan,Jan,5540,orange
Naogaon,Rabi,Lemon,483,18.38,17.52,9.98,7.14,17.5,10.0,25,77.5,95,60,124.92,1.556935818,Jan,Jan to Jan,Jan,752,orange
Narail,Rabi,Lemon,413,20.41,17.46,10.21,7.32,17.5,10.0,25,77.5,95,60,134.2247474747475,2.200968523,Jan,Jan to Jan,Jan,909,orange
Narayanganj,Rabi,Lemon,309,19.87,15.31,10.55,6.89,17.5,10.0,25,77.5,95,60,169.94262295081967,0.09385113269,Jan,Jan to Jan,Jan,29,orange
Narsingdi,Rabi,Lemon,346,18.92,16.6,10.01,7.04,17.5,10.0,25,77.5,95,60,169.94262295081967,7.37283237,Jan,Jan to Jan,Jan,2551,orange
Natore,Rabi,Lemon,240,18.08,15.85,10.38,7.09,17.5,10.0,25,77.5,95,60,124.92,5.383333333,Jan,Jan to Jan,Jan,1292,orange
Netrokona,Rabi,Lemon,212,20.6,15.3,10.99,6.81,17.5,10.0,25,77.5,95,60,181.08838383838383,9.613207547,Jan,Jan to Jan,Jan,2038,orange
Nilphamari,Rabi,Lemon,144,20.34,16.33,10.24,7.02,17.5,10.0,25,77.5,95,60,179.6013888888889,2.048611111,Jan,Jan to Jan,Jan,295,orange
Noakhali,Rabi,Lemon,103,19.46,16.24,10.2,6.71,17.5,10.0,25,77.5,95,60,185.7563131313132,3.640776699,Jan,Jan to Jan,Jan,375,orange
Pabna,Rabi,Lemon,232,21.75,18.96,9.1,6.65,17.5,10.0,25,77.5,95,60,124.92,8.775862069,Jan,Jan to Jan,Jan,2036,orange
Panchagar,Rabi,Lemon,190,18.32,16.98,8.43,7.1,17.5,10.0,25,77.5,95,60,154.21843434343435,2.368421053,Jan,Jan to Jan,Jan,450,orange
Patuakhali,Rabi,Lemon,550,17.79,15.18,10.24,6.94,17.5,10.0,25,77.5,95,60,207.8076923076923,0.5636363636,Jan,Jan to Jan,Jan,310,orange
Pirojpur,Rabi,Lemon,365,18.77,15.99,9.95,7.06,17.5,10.0,25,77.5,95,60,175.42564102564103,1.361643836,Jan,Jan to Jan,Jan,497,orange
Rajbari,Rabi,Lemon,183,19.53,17.56,9.7,7.02,17.5,10.0,25,77.5,95,60,155.864898989899,7.224043716,Jan,Jan to Jan,Jan,1322,orange
Rajshahi,Rabi,Lemon,201,19.87,18.62,10.16,6.81,17.5,10.0,25,77.5,95,60,124.92,18.83084577,Jan,Jan to Jan,Jan,3785,orange
Rangamati,Rabi,Lemon,1220,19.3,14.98,9.97,7.01,17.5,10.0,25,77.5,95,60,204.11111111111111,3.380327869,Jan,Jan to Jan,Jan,4124,orange
Rangpur,Rabi,Lemon,121,19.99,14.68,10.69,6.76,17.5,10.0,25,77.5,95,60,179.6013888888889,2.975206612,Jan,Jan to Jan,Jan,360,orange
Satkhira,Rabi,Lemon,321,18.11,18.41,10.06,7.31,17.5,10.0,25,77.5,95,60,140.35353535353536,1.211838006,Jan,Jan to Jan,Jan,389,orange
Shariatpur,Rabi,Lemon,191,21.28,16.94,9.56,6.73,17.5,10.0,25,77.5,95,60,155.864898989899,2.502617801,Jan,Jan to Jan,Jan,478,orange
Sherpur,Rabi,Lemon,114,19.48,15.69,10.6,6.98,17.5,10.0,25,77.5,95,60,181.08838383838383,2.666666667,Jan,Jan to Jan,Jan,304,orange
Sirajganj,Rabi,Lemon,94,20.89,17.08,9.88,6.8,17.5,10.0,25,77.5,95,60,142.85416666666666,5.127659574,Jan,Jan to Jan,Jan,482,orange
Sunamganj,Rabi,Lemon,147,19.98,13.93,10.33,7.14,17.5,10.0,25,77.5,95,60,333.72557471264366,5.197278912,Jan,Jan to Jan,Jan,764,orange
Sylhet,Rabi,Lemon,235,20.12,16.55,9.72,6.95,17.5,10.0,25,77.5,95,60,333.72557471264366,1.327659574,Jan,Jan to Jan,Jan,312,orange
Tangail,Rabi,Lemon,452,20.25,16.88,9.62,6.91,17.5,10.0,25,77.5,95,60,153.4104938271605,3.661504425,Jan,Jan to Jan,Jan,1655,orange
Thakurgaon,Rabi,Lemon,1225,20.11,17.47,10.06,7.2,17.5,10.0,25,77.5,95,60,154.21843434343435,0.266122449,Jan,Jan to Jan,Jan,326,orange
Bagerhat,Kharif 2,Lentil,1449,19.49,64.2,19.42,6.94,15.0,10.0,20,90.0,95,85,144.96843434343435,0.3388543823,Oct,Nov  to  Feb,Feb to March,491,lentil
Bandarban,Kharif 2,Lentil,27,20.27,68.71,19.97,7.04,15.0,10.0,20,90.0,95,85,243.94444444444449,0.3703703704,Oct,Nov  to  Feb,Feb to March,10,lentil
Barguna,Kharif 2,Lentil,177,18.99,64.56,19.1,6.73,15.0,10.0,20,90.0,95,85,207.8076923076923,0.3672316384,Oct,Nov  to  Feb,Feb to March,65,lentil
Barishal,Kharif 2,Lentil,4293,19.57,69.41,17.27,6.64,15.0,10.0,20,90.0,95,85,175.42564102564103,0.4346610762,Oct,Nov  to  Feb,Feb to March,1866,lentil
Bhola,Kharif 2,Lentil,1584,18.67,64.69,18.91,6.95,15.0,10.0,20,90.0,95,85,185.23090277777777,0.4577020202,Oct,Nov  to  Feb,Feb to March,725,lentil
Bogura,Kharif 2,Lentil,923,20.39,66.69,20.33,6.86,15.0,10.0,20,90.0,95,85,142.85416666666666,0.4236186349,Oct,Nov  to  Feb,Feb to March,391,lentil
Brahmanbaria,Kharif 2,Lentil,2861,18.01,64.28,19.06,7.06,15.0,10.0,20,90.0,95,85,185.7563131313132,0.3030408948,Oct,Nov  to  Feb,Feb to March,867,lentil
Chandpur,Kharif 2,Lentil,551,20.8,71.03,19.12,6.91,15.0,10.0,20,90.0,95,85,168.796875,0.3956442831,Oct,Nov  to  Feb,Feb to March,218,lentil
Chapai Nawabganj,Kharif 2,Lentil,5307,18.72,71.88,20.56,6.97,15.0,10.0,20,90.0,95,85,124.92,0.302996043,Oct,Nov  to  Feb,Feb to March,1608,lentil
Chattogram,Kharif 2,Lentil,256,17.16,67.4,18.58,6.59,15.0,10.0,20,90.0,95,85,243.94444444444449,0.23046875,Oct,Nov  to  Feb,Feb to March,59,lentil
Chuadanga,Kharif 2,Lentil,4477,18.91,68.52,17.61,7.32,15.0,10.0,20,90.0,95,85,129.44444444444446,0.4134465044,Oct,Nov  to  Feb,Feb to March,1851,lentil
CoxsBazar,Kharif 2,Lentil,0,18.0,62.42,19.22,6.9,15.0,10.0,20,90.0,95,85,303.40277777777777,2.518413598,Oct,Nov  to  Feb,Feb to March,0,lentil
Cumilla,Kharif 2,Lentil,960,19.72,67.13,18.85,7.08,15.0,10.0,20,90.0,95,85,185.7563131313132,0.2677083333,Oct,Nov  to  Feb,Feb to March,257,lentil
Dhaka,Kharif 2,Lentil,617,18.04,68.15,18.28,6.76,15.0,10.0,20,90.0,95,85,169.94262295081967,0.4408427877,Oct,Nov  to  Feb,Feb to March,272,lentil
Dinajpur,Kharif 2,Lentil,100,18.27,79.11,19.21,6.99,15.0,10.0,20,90.0,95,85,154.21843434343435,0.38,Oct,Nov  to  Feb,Feb to March,38,lentil
Faridpur,Kharif 2,Lentil,41417,16.64,63.8,19.98,6.66,15.0,10.0,20,90.0,95,85,155.864898989899,0.691648357,Oct,Nov  to  Feb,Feb to March,28646,lentil
Feni,Kharif 2,Lentil,1122,18.26,74.37,19.4,7.02,15.0,10.0,20,90.0,95,85,248.1727642276423,0.4572192513,Oct,Nov  to  Feb,Feb to March,513,lentil
Gaibandha,Kharif 2,Lentil,1296,16.04,72.45,19.77,6.86,15.0,10.0,20,90.0,95,85,179.6013888888889,0.7430555556,Oct,Nov  to  Feb,Feb to March,963,lentil
Gazipur,Kharif 2,Lentil,172,16.99,69.51,21.52,6.94,15.0,10.0,20,90.0,95,85,169.94262295081967,0.3953488372,Oct,Nov  to  Feb,Feb to March,68,lentil
Gopalganj,Kharif 2,Lentil,9399,19.63,75.57,19.01,7.08,15.0,10.0,20,90.0,95,85,155.864898989899,0.4063198213,Oct,Nov  to  Feb,Feb to March,3819,lentil
Habiganj,Kharif 2,Lentil,40,19.65,69.89,19.73,6.67,15.0,10.0,20,90.0,95,85,333.72557471264366,0.225,Oct,Nov  to  Feb,Feb to March,9,lentil
Jamalpur,Kharif 2,Lentil,765,19.25,69.96,18.82,6.79,15.0,10.0,20,90.0,95,85,181.08838383838383,0.3477124183,Oct,Nov  to  Feb,Feb to March,266,lentil
Jashore,Kharif 2,Lentil,24551,17.68,68.14,18.42,7.03,15.0,10.0,20,90.0,95,85,134.2247474747475,0.4846238442,Oct,Nov  to  Feb,Feb to March,11898,lentil
Jhallokati,Kharif 2,Lentil,683,18.72,73.38,18.73,7.37,15.0,10.0,20,90.0,95,85,175.42564102564103,0.4699853587,Oct,Nov  to  Feb,Feb to March,321,lentil
Jhenaidah,Kharif 2,Lentil,29147,18.77,72.86,18.85,6.9,15.0,10.0,20,90.0,95,85,134.2247474747475,0.5656156723,Oct,Nov  to  Feb,Feb to March,16486,lentil
Joypurhat,Kharif 2,Lentil,333,17.47,65.79,19.83,7.05,15.0,10.0,20,90.0,95,85,142.85416666666666,0.4894894895,Oct,Nov  to  Feb,Feb to March,163,lentil
Khagrachari,Kharif 2,Lentil,67,20.46,62.95,22.15,6.91,15.0,10.0,20,90.0,95,85,204.11111111111111,0.2537313433,Oct,Nov  to  Feb,Feb to March,17,lentil
Khulna,Kharif 2,Lentil,225,19.76,67.53,18.58,7.33,15.0,10.0,20,90.0,95,85,144.96843434343435,0.3155555556,Oct,Nov  to  Feb,Feb to March,71,lentil
Kishoreganj,Kharif 2,Lentil,260,18.52,65.08,18.92,6.57,15.0,10.0,20,90.0,95,85,181.08838383838383,0.3846153846,Oct,Nov  to  Feb,Feb to March,100,lentil
Kurigram,Kharif 2,Lentil,1411,18.8,68.1,19.34,6.95,15.0,10.0,20,90.0,95,85,179.6013888888889,0.3805811481,Oct,Nov  to  Feb,Feb to March,537,lentil
Kushtia,Kharif 2,Lentil,21146,19.0,73.44,19.87,6.59,15.0,10.0,20,90.0,95,85,129.44444444444446,0.5926416344,Oct,Nov  to  Feb,Feb to March,12532,lentil
Lakshmipur,Kharif 2,Lentil,64,16.47,66.48,19.72,6.41,15.0,10.0,20,90.0,95,85,185.7563131313132,0.28125,Oct,Nov  to  Feb,Feb to March,18,lentil
Lalmonirhat,Kharif 2,Lentil,104,18.49,68.18,20.91,6.99,15.0,10.0,20,90.0,95,85,179.6013888888889,0.4134615385,Oct,Nov  to  Feb,Feb to March,43,lentil
Madaripur,Kharif 2,Lentil,11427,18.0,68.6,16.58,6.96,15.0,10.0,20,90.0,95,85,160.41666666666666,0.4725649777,Oct,Nov  to  Feb,Feb to March,5400,lentil
Magura,Kharif 2,Lentil,32570,17.64,71.84,16.63,6.87,15.0,10.0,20,90.0,95,85,134.2247474747475,0.3564630028,Oct,Nov  to  Feb,Feb to March,11610,lentil
Manikganj,Kharif 2,Lentil,2235,18.45,59.14,18.83,6.91,15.0,10.0,20,90.0,95,85,169.94262295081967,0.4501118568,Oct,Nov  to  Feb,Feb to March,1006,lentil
Meherpur,Kharif 2,Lentil,14079,20.79,65.87,20.69,7.57,15.0,10.0,20,90.0,95,85,129.44444444444446,0.5237587897,Oct,Nov  to  Feb,Feb to March,7374,lentil
Moulvibazar,Kharif 2,Lentil,70,19.49,69.23,17.59,6.88,15.0,10.0,20,90.0,95,85,333.72557471264366,0.4285714286,Oct,Nov  to  Feb,Feb to March,30,lentil
Munshiganj,Kharif 2,Lentil,40,18.13,73.28,15.91,7.04,15.0,10.0,20,90.0,95,85,169.94262295081967,0.35,Oct,Nov  to  Feb,Feb to March,14,lentil
Mymensingh,Kharif 2,Lentil,728,19.41,66.34,20.08,6.79,15.0,10.0,20,90.0,95,85,181.08838383838383,0.5151098901,Oct,Nov  to  Feb,Feb to March,375,lentil
Naogaon,Kharif 2,Lentil,432,20.35,60.66,19.69,6.99,15.0,10.0,20,90.0,95,85,124.92,0.5,Oct,Nov  to  Feb,Feb to March,216,lentil
Narail,Kharif 2,Lentil,13887,19.81,70.9,18.14,6.88,15.0,10.0,20,90.0,95,85,134.2247474747475,0.48779434,Oct,Nov  to  Feb,Feb to March,6774,lentil
Narayanganj,Kharif 2,Lentil,247,18.84,65.75,18.26,6.84,15.0,10.0,20,90.0,95,85,169.94262295081967,0.2874493927,Oct,Nov  to  Feb,Feb to March,71,lentil
Narsingdi,Kharif 2,Lentil,48,18.04,63.48,18.28,7.31,15.0,10.0,20,90.0,95,85,169.94262295081967,0.2916666667,Oct,Nov  to  Feb,Feb to March,14,lentil
Natore,Kharif 2,Lentil,30860,19.56,65.8,19.54,7.17,15.0,10.0,20,90.0,95,85,124.92,0.5981853532,Oct,Nov  to  Feb,Feb to March,18460,lentil
Netrokona,Kharif 2,Lentil,92,19.21,67.6,18.68,6.96,15.0,10.0,20,90.0,95,85,181.08838383838383,0.3913043478,Oct,Nov  to  Feb,Feb to March,36,lentil
Nilphamari,Kharif 2,Lentil,21,19.78,65.88,19.99,6.45,15.0,10.0,20,90.0,95,85,179.6013888888889,0.4285714286,Oct,Nov  to  Feb,Feb to March,9,lentil
Noakhali,Kharif 2,Lentil,86,19.49,59.31,16.09,6.85,15.0,10.0,20,90.0,95,85,185.7563131313132,0.3488372093,Oct,Nov  to  Feb,Feb to March,30,lentil
Pabna,Kharif 2,Lentil,26691,19.95,72.04,18.41,7.49,15.0,10.0,20,90.0,95,85,124.92,0.4986324978,Oct,Nov  to  Feb,Feb to March,13309,lentil
Panchagar,Kharif 2,Lentil,179,18.17,73.59,18.1,6.88,15.0,10.0,20,90.0,95,85,154.21843434343435,0.3351955307,Oct,Nov  to  Feb,Feb to March,60,lentil
Patuakhali,Kharif 2,Lentil,602,20.25,71.03,19.11,7.16,15.0,10.0,20,90.0,95,85,207.8076923076923,0.3637873754,Oct,Nov  to  Feb,Feb to March,219,lentil
Pirojpur,Kharif 2,Lentil,77,18.99,63.69,18.78,7.23,15.0,10.0,20,90.0,95,85,175.42564102564103,0.5194805195,Oct,Nov  to  Feb,Feb to March,40,lentil
Rajbari,Kharif 2,Lentil,17356,21.11,67.53,20.34,6.98,15.0,10.0,20,90.0,95,85,155.864898989899,0.5173427057,Oct,Nov  to  Feb,Feb to March,8979,lentil
Rajshahi,Kharif 2,Lentil,36337,17.99,68.33,17.24,6.75,15.0,10.0,20,90.0,95,85,124.92,0.5226903707,Oct,Nov  to  Feb,Feb to March,18993,lentil
Rangamati,Kharif 2,Lentil,72,20.73,70.82,19.46,6.42,15.0,10.0,20,90.0,95,85,204.11111111111111,0.3472222222,Oct,Nov  to  Feb,Feb to March,25,lentil
Rangpur,Kharif 2,Lentil,215,18.99,71.1,20.06,7.07,15.0,10.0,20,90.0,95,85,179.6013888888889,0.5255813953,Oct,Nov  to  Feb,Feb to March,113,lentil
Satkhira,Kharif 2,Lentil,766,18.04,65.35,21.57,6.76,15.0,10.0,20,90.0,95,85,140.35353535353536,0.361618799,Oct,Nov  to  Feb,Feb to March,277,lentil
Shariatpur,Kharif 2,Lentil,5433,18.23,68.7,18.85,6.97,15.0,10.0,20,90.0,95,85,155.864898989899,0.5124240751,Oct,Nov  to  Feb,Feb to March,2784,lentil
Sherpur,Kharif 2,Lentil,133,18.41,70.24,19.79,6.67,15.0,10.0,20,90.0,95,85,181.08838383838383,0.3458646617,Oct,Nov  to  Feb,Feb to March,46,lentil
Sirajganj,Kharif 2,Lentil,7010,19.25,74.33,17.31,6.87,15.0,10.0,20,90.0,95,85,142.85416666666666,0.4417974322,Oct,Nov  to  Feb,Feb to March,3097,lentil
Sunamganj,Kharif 2,Lentil,0,19.36,71.25,16.62,6.94,15.0,10.0,20,90.0,95,85,333.72557471264366,2.518413598,Oct,Nov  to  Feb,Feb to March,0,lentil
Sylhet,Kharif 2,Lentil,42,18.12,71.6,20.39,6.99,15.0,10.0,20,90.0,95,85,333.72557471264366,0.5238095238,Oct,Nov  to  Feb,Feb to March,22,lentil
Tangail,Kharif 2,Lentil,2716,18.74,68.7,19.4,6.7,15.0,10.0,20,90.0,95,85,153.4104938271605,0.2750368189,Oct,Nov  to  Feb,Feb to March,747,lentil
Thakurgaon,Kharif 2,Lentil,464,21.18,74.15,20.78,7.18,15.0,10.0,20,90.0,95,85,154.21843434343435,0.3922413793,Oct,Nov  to  Feb,Feb to March,182,lentil
Bagerhat,Kharif 1,Maize 1,0,85.82,49.63,18.16,6.14,27.0,20.0,34,72.5,85,60,144.96843434343435,2.518413598,March,April to May,June to July,0,maize
Bandarban,Kharif 1,Maize 1,412,79.8,45.94,20.41,5.94,27.0,20.0,34,72.5,85,60,243.94444444444449,0.963592233,March,April to May,June to July,397,maize
Barguna,Kharif 1,Maize 1,0,77.94,52.52,22.01,6.23,27.0,20.0,34,72.5,85,60,207.8076923076923,2.518413598,March,April to May,June to July,0,maize
Barishal,Kharif 1,Maize 1,0,78.32,50.47,20.29,6.26,27.0,20.0,34,72.5,85,60,175.42564102564103,2.518413598,March,April to May,June to July,0,maize
Bhola,Kharif 1,Maize 1,0,80.62,47.15,20.12,6.28,27.0,20.0,34,72.5,85,60,185.23090277777777,2.518413598,March,April to May,June to July,0,maize
Bogura,Kharif 1,Maize 1,1142,72.99,47.05,19.8,6.51,27.0,20.0,34,72.5,85,60,142.85416666666666,2.758318739,March,April to May,June to July,3150,maize
Brahmanbaria,Kharif 1,Maize 1,33,76.56,49.3,17.92,6.21,27.0,20.0,34,72.5,85,60,185.7563131313132,2.0,March,April to May,June to July,66,maize
Chandpur,Kharif 1,Maize 1,1778,69.98,49.79,21.4,6.23,27.0,20.0,34,72.5,85,60,168.796875,2.233970754,March,April to May,June to July,3972,maize
Chapai Nawabganj,Kharif 1,Maize 1,2259,79.62,49.01,19.06,6.04,27.0,20.0,34,72.5,85,60,124.92,1.813634351,March,April to May,June to July,4097,maize
Chattogram,Kharif 1,Maize 1,0,80.78,49.34,20.39,6.4,27.0,20.0,34,72.5,85,60,243.94444444444449,2.518413598,March,April to May,June to July,0,maize
Chuadanga,Kharif 1,Maize 1,49,75.51,53.38,17.93,6.28,27.0,20.0,34,72.5,85,60,129.44444444444446,2.0,March,April to May,June to July,98,maize
CoxsBazar,Kharif 1,Maize 1,0,85.1,51.55,18.39,6.17,27.0,20.0,34,72.5,85,60,303.40277777777777,2.518413598,March,April to May,June to July,0,maize
Cumilla,Kharif 1,Maize 1,0,72.04,48.99,21.49,5.89,27.0,20.0,34,72.5,85,60,185.7563131313132,2.518413598,March,April to May,June to July,0,maize
Dhaka,Kharif 1,Maize 1,6108,70.93,51.18,19.38,6.52,27.0,20.0,34,72.5,85,60,169.94262295081967,2.610019646,March,April to May,June to July,15942,maize
Dinajpur,Kharif 1,Maize 1,13541,78.81,45.44,21.52,6.02,27.0,20.0,34,72.5,85,60,154.21843434343435,2.951480688,March,April to May,June to July,39966,maize
Faridpur,Kharif 1,Maize 1,753,82.65,49.6,19.7,6.14,27.0,20.0,34,72.5,85,60,155.864898989899,2.298804781,March,April to May,June to July,1731,maize
Feni,Kharif 1,Maize 1,166,85.62,53.7,17.6,6.32,27.0,20.0,34,72.5,85,60,248.1727642276423,2.903614458,March,April to May,June to July,482,maize
Gaibandha,Kharif 1,Maize 1,1246,75.62,47.81,20.85,6.03,27.0,20.0,34,72.5,85,60,179.6013888888889,3.283306581,March,April to May,June to July,4091,maize
Gazipur,Kharif 1,Maize 1,340,82.79,45.98,19.09,5.97,27.0,20.0,34,72.5,85,60,169.94262295081967,2.294117647,March,April to May,June to July,780,maize
Gopalganj,Kharif 1,Maize 1,27,77.58,46.54,20.62,5.85,27.0,20.0,34,72.5,85,60,155.864898989899,2.814814815,March,April to May,June to July,76,maize
Habiganj,Kharif 1,Maize 1,0,76.95,45.27,19.82,6.39,27.0,20.0,34,72.5,85,60,333.72557471264366,2.518413598,March,April to May,June to July,0,maize
Jamalpur,Kharif 1,Maize 1,12,81.88,46.16,17.96,6.15,27.0,20.0,34,72.5,85,60,181.08838383838383,3.0,March,April to May,June to July,36,maize
Jashore,Kharif 1,Maize 1,76,80.8,47.36,19.99,6.8,27.0,20.0,34,72.5,85,60,134.2247474747475,3.723684211,March,April to May,June to July,283,maize
Jhallokati,Kharif 1,Maize 1,0,70.41,44.35,22.4,6.06,27.0,20.0,34,72.5,85,60,175.42564102564103,2.518413598,March,April to May,June to July,0,maize
Jhenaidah,Kharif 1,Maize 1,212,84.65,48.49,20.38,6.08,27.0,20.0,34,72.5,85,60,134.2247474747475,2.900943396,March,April to May,June to July,615,maize
Joypurhat,Kharif 1,Maize 1,0,84.2,51.06,19.72,6.14,27.0,20.0,34,72.5,85,60,142.85416666666666,2.518413598,March,April to May,June to July,0,maize
Khagrachari,Kharif 1,Maize 1,411,74.84,45.8,21.07,6.3,27.0,20.0,34,72.5,85,60,204.11111111111111,1.104622871,March,April to May,June to July,454,maize
Khulna,Kharif 1,Maize 1,10,79.61,52.86,20.04,6.16,27.0,20.0,34,72.5,85,60,144.96843434343435,1.9,March,April to May,June to July,19,maize
Kishoreganj,Kharif 1,Maize 1,0,80.06,49.92,20.04,6.36,27.0,20.0,34,72.5,85,60,181.08838383838383,2.518413598,March,April to May,June to July,0,maize
Kurigram,Kharif 1,Maize 1,6575,78.98,51.44,18.49,6.07,27.0,20.0,34,72.5,85,60,179.6013888888889,3.255057034,March,April to May,June to July,21402,maize
Kushtia,Kharif 1,Maize 1,1088,75.19,46.53,20.07,5.99,27.0,20.0,34,72.5,85,60,129.44444444444446,2.609375,March,April to May,June to July,2839,maize
Lakshmipur,Kharif 1,Maize 1,0,74.63,50.92,21.02,5.91,27.0,20.0,34,72.5,85,60,185.7563131313132,2.518413598,March,April to May,June to July,0,maize
Lalmonirhat,Kharif 1,Maize 1,17465,77.64,45.27,18.8,5.83,27.0,20.0,34,72.5,85,60,179.6013888888889,2.934726596,March,April to May,June to July,51255,maize
Madaripur,Kharif 1,Maize 1,0,83.23,51.03,21.48,6.15,27.0,20.0,34,72.5,85,60,160.41666666666666,2.518413598,March,April to May,June to July,0,maize
Magura,Kharif 1,Maize 1,0,80.3,48.94,19.68,6.19,27.0,20.0,34,72.5,85,60,134.2247474747475,2.518413598,March,April to May,June to July,0,maize
Manikganj,Kharif 1,Maize 1,13736,76.03,50.05,18.74,6.13,27.0,20.0,34,72.5,85,60,169.94262295081967,2.142617938,March,April to May,June to July,29431,maize
Meherpur,Kharif 1,Maize 1,0,81.36,45.02,20.97,6.48,27.0,20.0,34,72.5,85,60,129.44444444444446,2.518413598,March,April to May,June to July,0,maize
Moulvibazar,Kharif 1,Maize 1,0,64.47,45.84,19.45,6.48,27.0,20.0,34,72.5,85,60,333.72557471264366,2.518413598,March,April to May,June to July,0,maize
Munshiganj,Kharif 1,Maize 1,10584,83.12,50.18,20.69,6.19,27.0,20.0,34,72.5,85,60,169.94262295081967,2.193783069,March,April to May,June to July,23219,maize
Mymensingh,Kharif 1,Maize 1,0,69.64,45.68,19.44,5.91,27.0,20.0,34,72.5,85,60,181.08838383838383,2.518413598,March,April to May,June to July,0,maize
Naogaon,Kharif 1,Maize 1,2419,76.07,49.79,19.72,6.14,27.0,20.0,34,72.5,85,60,124.92,2.442744936,March,April to May,June to July,5909,maize
Narail,Kharif 1,Maize 1,0,72.54,44.47,20.38,6.14,27.0,20.0,34,72.5,85,60,134.2247474747475,2.518413598,March,April to May,June to July,0,maize
Narayanganj,Kharif 1,Maize 1,0,71.72,50.91,20.14,6.13,27.0,20.0,34,72.5,85,60,169.94262295081967,2.518413598,March,April to May,June to July,0,maize
Narsingdi,Kharif 1,Maize 1,0,83.18,44.86,17.42,6.12,27.0,20.0,34,72.5,85,60,169.94262295081967,2.518413598,March,April to May,June to July,0,maize
Natore,Kharif 1,Maize 1,21198,75.58,50.05,18.46,6.13,27.0,20.0,34,72.5,85,60,124.92,2.466411926,March,April to May,June to July,52283,maize
Netrokona,Kharif 1,Maize 1,0,79.38,50.26,20.89,6.18,27.0,20.0,34,72.5,85,60,181.08838383838383,2.518413598,March,April to May,June to July,0,maize
Nilphamari,Kharif 1,Maize 1,3210,77.54,46.41,19.63,6.13,27.0,20.0,34,72.5,85,60,179.6013888888889,3.483800623,March,April to May,June to July,11183,maize
Noakhali,Kharif 1,Maize 1,0,79.99,50.13,19.17,6.29,27.0,20.0,34,72.5,85,60,185.7563131313132,2.518413598,March,April to May,June to July,0,maize
Pabna,Kharif 1,Maize 1,90,78.12,49.2,18.18,6.32,27.0,20.0,34,72.5,85,60,124.92,2.744444444,March,April to May,June to July,247,maize
Panchagar,Kharif 1,Maize 1,2498,71.77,46.87,18.51,6.08,27.0,20.0,34,72.5,85,60,154.21843434343435,3.470376301,March,April to May,June to July,8669,maize
Patuakhali,Kharif 1,Maize 1,0,82.41,45.51,17.39,6.49,27.0,20.0,34,72.5,85,60,207.8076923076923,2.518413598,March,April to May,June to July,0,maize
Pirojpur,Kharif 1,Maize 1,0,75.46,42.74,19.67,6.07,27.0,20.0,34,72.5,85,60,175.42564102564103,2.518413598,March,April to May,June to July,0,maize
Rajbari,Kharif 1,Maize 1,34,70.5,49.46,19.08,5.95,27.0,20.0,34,72.5,85,60,155.864898989899,2.352941176,March,April to May,June to July,80,maize
Rajshahi,Kharif 1,Maize 1,22695,75.76,43.89,18.64,6.32,27.0,20.0,34,72.5,85,60,124.92,2.658735404,March,April to May,June to July,60340,maize
Rangamati,Kharif 1,Maize 1,500,84.76,48.72,19.71,6.1,27.0,20.0,34,72.5,85,60,204.11111111111111,1.336,March,April to May,June to July,668,maize
Rangpur,Kharif 1,Maize 1,23269,81.73,47.67,20.22,6.31,27.0,20.0,34,72.5,85,60,179.6013888888889,3.127422751,March,April to May,June to July,72772,maize
Satkhira,Kharif 1,Maize 1,10,76.13,50.41,22.28,5.8,27.0,20.0,34,72.5,85,60,140.35353535353536,3.2,March,April to May,June to July,32,maize
Shariatpur,Kharif 1,Maize 1,0,76.13,47.56,17.99,6.51,27.0,20.0,34,72.5,85,60,155.864898989899,2.518413598,March,April to May,June to July,0,maize
Sherpur,Kharif 1,Maize 1,136,76.26,47.48,21.17,6.38,27.0,20.0,34,72.5,85,60,181.08838383838383,3.514705882,March,April to May,June to July,478,maize
Sirajganj,Kharif 1,Maize 1,305,87.45,50.57,20.95,5.97,27.0,20.0,34,72.5,85,60,142.85416666666666,2.249180328,March,April to May,June to July,686,maize
Sunamganj,Kharif 1,Maize 1,0,79.54,49.41,18.86,5.97,27.0,20.0,34,72.5,85,60,333.72557471264366,2.518413598,March,April to May,June to July,0,maize
Sylhet,Kharif 1,Maize 1,0,79.77,49.36,20.03,6.56,27.0,20.0,34,72.5,85,60,333.72557471264366,2.518413598,March,April to May,June to July,0,maize
Tangail,Kharif 1,Maize 1,0,82.57,49.8,19.25,6.11,27.0,20.0,34,72.5,85,60,153.4104938271605,2.518413598,March,April to May,June to July,0,maize
Thakurgaon,Kharif 1,Maize 1,52049,78.87,43.98,20.01,6.09,27.0,20.0,34,72.5,85,60,154.21843434343435,2.593844262,March,April to May,June to July,135007,maize
Bagerhat,Rabi,Maize 2,421,76.55,50.64,21.58,5.83,20.5,14.0,27,60.0,70,50,144.96843434343435,2.247030879,Dec,Jan  to  March,April,946,maize
Bandarban,Rabi,Maize 2,373,76.84,50.22,20.51,6.18,20.5,14.0,27,60.0,70,50,243.94444444444449,1.461126005,Dec,Jan  to  March,April,545,maize
Barguna,Rabi,Maize 2,126,77.43,45.49,20.39,6.21,20.5,14.0,27,60.0,70,50,207.8076923076923,1.436507937,Dec,Jan  to  March,April,181,maize
Barishal,Rabi,Maize 2,660,77.59,47.73,19.28,6.38,20.5,14.0,27,60.0,70,50,175.42564102564103,2.0,Dec,Jan  to  March,April,1320,maize
Bhola,Rabi,Maize 2,1954,81.15,48.33,18.03,5.99,20.5,14.0,27,60.0,70,50,185.23090277777777,2.688843398,Dec,Jan  to  March,April,5254,maize
Bogura,Rabi,Maize 2,17441,78.0,48.05,19.54,5.96,20.5,14.0,27,60.0,70,50,142.85416666666666,3.050283814,Dec,Jan  to  March,April,53200,maize
Brahmanbaria,Rabi,Maize 2,233,81.18,49.41,21.22,6.33,20.5,14.0,27,60.0,70,50,185.7563131313132,1.454935622,Dec,Jan  to  March,April,339,maize
Chandpur,Rabi,Maize 2,11951,77.38,52.6,17.98,6.44,20.5,14.0,27,60.0,70,50,168.796875,2.890051042,Dec,Jan  to  March,April,34539,maize
Chapai Nawabganj,Rabi,Maize 2,14687,78.13,51.58,18.54,5.96,20.5,14.0,27,60.0,70,50,124.92,2.858786682,Dec,Jan  to  March,April,41987,maize
Chattogram,Rabi,Maize 2,66,68.44,44.63,19.94,6.45,20.5,14.0,27,60.0,70,50,243.94444444444449,2.590909091,Dec,Jan  to  March,April,171,maize
Chuadanga,Rabi,Maize 2,117887,82.04,50.25,18.62,6.26,20.5,14.0,27,60.0,70,50,129.44444444444446,4.386955305,Dec,Jan  to  March,April,517165,maize
CoxsBazar,Rabi,Maize 2,200,79.38,52.3,18.85,6.45,20.5,14.0,27,60.0,70,50,303.40277777777777,2.12,Dec,Jan  to  March,April,424,maize
Cumilla,Rabi,Maize 2,23305,82.42,49.56,19.29,6.24,20.5,14.0,27,60.0,70,50,185.7563131313132,2.450761639,Dec,Jan  to  March,April,57115,maize
Dhaka,Rabi,Maize 2,10394,64.25,51.61,18.17,5.78,20.5,14.0,27,60.0,70,50,169.94262295081967,2.740908216,Dec,Jan  to  March,April,28489,maize
Dinajpur,Rabi,Maize 2,152992,87.5,54.29,18.63,6.22,20.5,14.0,27,60.0,70,50,154.21843434343435,3.562369274,Dec,Jan  to  March,April,545014,maize
Faridpur,Rabi,Maize 2,797,77.11,51.42,20.63,6.45,20.5,14.0,27,60.0,70,50,155.864898989899,2.213299875,Dec,Jan  to  March,April,1764,maize
Feni,Rabi,Maize 2,184,82.93,49.16,18.24,6.08,20.5,14.0,27,60.0,70,50,248.1727642276423,2.902173913,Dec,Jan  to  March,April,534,maize
Gaibandha,Rabi,Maize 2,32955,72.91,51.48,17.89,6.18,20.5,14.0,27,60.0,70,50,179.6013888888889,3.212380519,Dec,Jan  to  March,April,105864,maize
Gazipur,Rabi,Maize 2,6,80.62,48.86,19.04,6.22,20.5,14.0,27,60.0,70,50,169.94262295081967,1.666666667,Dec,Jan  to  March,April,10,maize
Gopalganj,Rabi,Maize 2,88,72.85,48.51,20.66,5.71,20.5,14.0,27,60.0,70,50,155.864898989899,2.863636364,Dec,Jan  to  March,April,252,maize
Habiganj,Rabi,Maize 2,27,74.85,47.42,19.56,6.56,20.5,14.0,27,60.0,70,50,333.72557471264366,1.444444444,Dec,Jan  to  March,April,39,maize
Jamalpur,Rabi,Maize 2,27683,86.69,52.98,19.24,6.08,20.5,14.0,27,60.0,70,50,181.08838383838383,4.108008525,Dec,Jan  to  March,April,113722,maize
Jashore,Rabi,Maize 2,1394,76.87,46.06,19.84,6.34,20.5,14.0,27,60.0,70,50,134.2247474747475,3.233142037,Dec,Jan  to  March,April,4507,maize
Jhallokati,Rabi,Maize 2,1095,78.77,52.89,17.72,6.23,20.5,14.0,27,60.0,70,50,175.42564102564103,2.19543379,Dec,Jan  to  March,April,2404,maize
Jhenaidah,Rabi,Maize 2,43029,81.82,49.89,20.38,6.49,20.5,14.0,27,60.0,70,50,134.2247474747475,3.984405866,Dec,Jan  to  March,April,171445,maize
Joypurhat,Rabi,Maize 2,817,80.07,44.37,20.25,6.33,20.5,14.0,27,60.0,70,50,142.85416666666666,3.461444308,Dec,Jan  to  March,April,2828,maize
Khagrachari,Rabi,Maize 2,1062,78.46,49.51,19.3,6.21,20.5,14.0,27,60.0,70,50,204.11111111111111,2.04519774,Dec,Jan  to  March,April,2172,maize
Khulna,Rabi,Maize 2,203,79.46,42.34,20.98,6.08,20.5,14.0,27,60.0,70,50,144.96843434343435,2.871921182,Dec,Jan  to  March,April,583,maize
Kishoreganj,Rabi,Maize 2,13926,88.97,50.26,18.45,6.4,20.5,14.0,27,60.0,70,50,181.08838383838383,3.099310642,Dec,Jan  to  March,April,43161,maize
Kurigram,Rabi,Maize 2,16200,77.49,51.01,21.13,5.9,20.5,14.0,27,60.0,70,50,179.6013888888889,3.302962963,Dec,Jan  to  March,April,53508,maize
Kushtia,Rabi,Maize 2,23472,78.7,46.72,19.97,6.37,20.5,14.0,27,60.0,70,50,129.44444444444446,4.03889741,Dec,Jan  to  March,April,94801,maize
Lakshmipur,Rabi,Maize 2,0,82.66,48.8,19.39,6.04,20.5,14.0,27,60.0,70,50,185.7563131313132,2.518413598,Dec,Jan  to  March,April,0,maize
Lalmonirhat,Rabi,Maize 2,71196,82.92,54.12,19.77,6.48,20.5,14.0,27,60.0,70,50,179.6013888888889,3.621818641,Dec,Jan  to  March,April,257859,maize
Madaripur,Rabi,Maize 2,568,83.3,46.97,19.66,6.28,20.5,14.0,27,60.0,70,50,160.41666666666666,3.790492958,Dec,Jan  to  March,April,2153,maize
Magura,Rabi,Maize 2,155,80.74,45.36,21.24,6.37,20.5,14.0,27,60.0,70,50,134.2247474747475,3.303225806,Dec,Jan  to  March,April,512,maize
Manikganj,Rabi,Maize 2,39569,72.43,52.75,18.51,6.27,20.5,14.0,27,60.0,70,50,169.94262295081967,3.337107331,Dec,Jan  to  March,April,132046,maize
Meherpur,Rabi,Maize 2,28300,85.38,54.14,18.88,5.92,20.5,14.0,27,60.0,70,50,129.44444444444446,4.413992933,Dec,Jan  to  March,April,124916,maize
Moulvibazar,Rabi,Maize 2,2,72.41,48.45,21.02,6.09,20.5,14.0,27,60.0,70,50,333.72557471264366,3.5,Dec,Jan  to  March,April,7,maize
Munshiganj,Rabi,Maize 2,721,79.17,51.38,19.08,6.38,20.5,14.0,27,60.0,70,50,169.94262295081967,2.67961165,Dec,Jan  to  March,April,1932,maize
Mymensingh,Rabi,Maize 2,290,74.24,52.34,20.86,6.28,20.5,14.0,27,60.0,70,50,181.08838383838383,3.5,Dec,Jan  to  March,April,1015,maize
Naogaon,Rabi,Maize 2,14819,77.46,46.28,21.81,6.47,20.5,14.0,27,60.0,70,50,124.92,3.748093664,Dec,Jan  to  March,April,55543,maize
Narail,Rabi,Maize 2,301,79.29,47.03,19.31,6.33,20.5,14.0,27,60.0,70,50,134.2247474747475,3.524916944,Dec,Jan  to  March,April,1061,maize
Narayanganj,Rabi,Maize 2,65,79.26,52.02,20.6,6.07,20.5,14.0,27,60.0,70,50,169.94262295081967,3.215384615,Dec,Jan  to  March,April,209,maize
Narsingdi,Rabi,Maize 2,39,79.73,53.34,18.42,6.1,20.5,14.0,27,60.0,70,50,169.94262295081967,2.58974359,Dec,Jan  to  March,April,101,maize
Natore,Rabi,Maize 2,11500,85.29,50.08,20.69,6.27,20.5,14.0,27,60.0,70,50,124.92,3.425478261,Dec,Jan  to  March,April,39393,maize
Netrokona,Rabi,Maize 2,0,79.88,45.88,20.03,5.82,20.5,14.0,27,60.0,70,50,181.08838383838383,2.518413598,Dec,Jan  to  March,April,0,maize
Nilphamari,Rabi,Maize 2,56777,76.62,54.22,20.35,6.56,20.5,14.0,27,60.0,70,50,179.6013888888889,4.236310478,Dec,Jan  to  March,April,240525,maize
Noakhali,Rabi,Maize 2,256,82.26,46.9,19.02,6.33,20.5,14.0,27,60.0,70,50,185.7563131313132,3.1171875,Dec,Jan  to  March,April,798,maize
Pabna,Rabi,Maize 2,1710,83.31,47.47,17.82,6.48,20.5,14.0,27,60.0,70,50,124.92,2.819883041,Dec,Jan  to  March,April,4822,maize
Panchagar,Rabi,Maize 2,64720,72.03,49.43,20.39,5.95,20.5,14.0,27,60.0,70,50,154.21843434343435,4.201297899,Dec,Jan  to  March,April,271908,maize
Patuakhali,Rabi,Maize 2,112,80.55,52.96,17.34,6.48,20.5,14.0,27,60.0,70,50,207.8076923076923,1.491071429,Dec,Jan  to  March,April,167,maize
Pirojpur,Rabi,Maize 2,533,81.03,50.92,19.41,6.67,20.5,14.0,27,60.0,70,50,175.42564102564103,1.866791745,Dec,Jan  to  March,April,995,maize
Rajbari,Rabi,Maize 2,695,76.37,49.65,20.91,6.0,20.5,14.0,27,60.0,70,50,155.864898989899,2.998561151,Dec,Jan  to  March,April,2084,maize
Rajshahi,Rabi,Maize 2,17226,84.18,49.79,20.02,6.39,20.5,14.0,27,60.0,70,50,124.92,3.345698363,Dec,Jan  to  March,April,57633,maize
Rangamati,Rabi,Maize 2,554,77.06,48.57,22.1,6.25,20.5,14.0,27,60.0,70,50,204.11111111111111,2.124548736,Dec,Jan  to  March,April,1177,maize
Rangpur,Rabi,Maize 2,44132,78.35,50.06,21.01,5.96,20.5,14.0,27,60.0,70,50,179.6013888888889,3.241616061,Dec,Jan  to  March,April,143059,maize
Satkhira,Rabi,Maize 2,146,76.95,41.09,19.01,6.34,20.5,14.0,27,60.0,70,50,140.35353535353536,2.828767123,Dec,Jan  to  March,April,413,maize
Shariatpur,Rabi,Maize 2,32,77.83,47.58,19.82,6.41,20.5,14.0,27,60.0,70,50,155.864898989899,3.09375,Dec,Jan  to  March,April,99,maize
Sherpur,Rabi,Maize 2,1922,72.65,49.14,19.73,6.14,20.5,14.0,27,60.0,70,50,181.08838383838383,2.475026015,Dec,Jan  to  March,April,4757,maize
Sirajganj,Rabi,Maize 2,30236,71.04,45.09,17.91,6.47,20.5,14.0,27,60.0,70,50,142.85416666666666,3.451316312,Dec,Jan  to  March,April,104354,maize
Sunamganj,Rabi,Maize 2,15,85.2,49.56,18.67,5.94,20.5,14.0,27,60.0,70,50,333.72557471264366,2.066666667,Dec,Jan  to  March,April,31,maize
Sylhet,Rabi,Maize 2,29,73.81,47.85,19.12,5.97,20.5,14.0,27,60.0,70,50,333.72557471264366,1.827586207,Dec,Jan  to  March,April,53,maize
Tangail,Rabi,Maize 2,7685,73.13,53.54,17.37,6.28,20.5,14.0,27,60.0,70,50,153.4104938271605,2.931554977,Dec,Jan  to  March,April,22529,maize
Thakurgaon,Rabi,Maize 2,69266,67.71,53.01,19.85,6.25,20.5,14.0,27,60.0,70,50,154.21843434343435,2.991727543,Dec,Jan  to  March,April,207225,maize
Bagerhat,Kharif 1,Malta,0,18.83,16.09,9.86,6.87,27.5,20.0,35,85.0,90,80,144.96843434343435,2.518413598,June,June to August,August to September,0,orange
Bandarban,Kharif 1,Malta,1022,18.03,16.4,9.01,7.19,27.5,20.0,35,85.0,90,80,243.94444444444449,0.3238747554,June,June to August,August to September,331,orange
Barguna,Kharif 1,Malta,0,21.51,16.48,10.25,7.13,27.5,20.0,35,85.0,90,80,207.8076923076923,2.518413598,June,June to August,August to September,0,orange
Barishal,Kharif 1,Malta,190,20.77,16.1,10.44,7.2,27.5,20.0,35,85.0,90,80,175.42564102564103,0.4210526316,June,June to August,August to September,80,orange
Bhola,Kharif 1,Malta,0,18.77,16.74,10.15,6.99,27.5,20.0,35,85.0,90,80,185.23090277777777,2.518413598,June,June to August,August to September,0,orange
Bogura,Kharif 1,Malta,1,22.23,15.8,9.82,7.15,27.5,20.0,35,85.0,90,80,142.85416666666666,1.0,June,June to August,August to September,1,orange
Brahmanbaria,Kharif 1,Malta,127,20.73,15.43,10.37,6.93,27.5,20.0,35,85.0,90,80,185.7563131313132,2.031496063,June,June to August,August to September,258,orange
Chandpur,Kharif 1,Malta,0,19.2,17.17,10.42,7.45,27.5,20.0,35,85.0,90,80,168.796875,2.518413598,June,June to August,August to September,0,orange
Chapai Nawabganj,Kharif 1,Malta,46,16.64,17.18,10.19,6.85,27.5,20.0,35,85.0,90,80,124.92,0.6304347826,June,June to August,August to September,29,orange
Chattogram,Kharif 1,Malta,0,22.27,15.75,9.51,7.46,27.5,20.0,35,85.0,90,80,243.94444444444449,2.518413598,June,June to August,August to September,0,orange
Chuadanga,Kharif 1,Malta,17,17.95,17.44,10.18,7.03,27.5,20.0,35,85.0,90,80,129.44444444444446,5.058823529,June,June to August,August to September,86,orange
CoxsBazar,Kharif 1,Malta,0,17.65,15.92,10.73,6.73,27.5,20.0,35,85.0,90,80,303.40277777777777,2.518413598,June,June to August,August to September,0,orange
Cumilla,Kharif 1,Malta,0,20.78,16.8,9.65,7.31,27.5,20.0,35,85.0,90,80,185.7563131313132,2.518413598,June,June to August,August to September,0,orange
Dhaka,Kharif 1,Malta,0,22.45,17.36,11.27,7.05,27.5,20.0,35,85.0,90,80,169.94262295081967,2.518413598,June,June to August,August to September,0,orange
Dinajpur,Kharif 1,Malta,107,21.21,16.52,9.69,7.2,27.5,20.0,35,85.0,90,80,154.21843434343435,2.644859813,June,June to August,August to September,283,orange
Faridpur,Kharif 1,Malta,0,20.24,17.0,10.03,7.28,27.5,20.0,35,85.0,90,80,155.864898989899,2.518413598,June,June to August,August to September,0,orange
Feni,Kharif 1,Malta,0,20.28,16.04,9.61,7.09,27.5,20.0,35,85.0,90,80,248.1727642276423,2.518413598,June,June to August,August to September,0,orange
Gaibandha,Kharif 1,Malta,0,20.58,16.35,10.14,6.9,27.5,20.0,35,85.0,90,80,179.6013888888889,2.518413598,June,June to August,August to September,0,orange
Gazipur,Kharif 1,Malta,72,20.47,16.35,8.96,7.23,27.5,20.0,35,85.0,90,80,169.94262295081967,1.402777778,June,June to August,August to September,101,orange
Gopalganj,Kharif 1,Malta,0,19.91,15.81,9.68,7.02,27.5,20.0,35,85.0,90,80,155.864898989899,2.518413598,June,June to August,August to September,0,orange
Habiganj,Kharif 1,Malta,0,19.7,16.37,9.35,7.16,27.5,20.0,35,85.0,90,80,333.72557471264366,2.518413598,June,June to August,August to September,0,orange
Jamalpur,Kharif 1,Malta,0,19.51,15.01,10.09,6.57,27.5,20.0,35,85.0,90,80,181.08838383838383,2.518413598,June,June to August,August to September,0,orange
Jashore,Kharif 1,Malta,81,18.69,16.06,10.61,7.11,27.5,20.0,35,85.0,90,80,134.2247474747475,3.728395062,June,June to August,August to September,302,orange
Jhallokati,Kharif 1,Malta,55,19.25,16.27,10.4,6.89,27.5,20.0,35,85.0,90,80,175.42564102564103,3.363636364,June,June to August,August to September,185,orange
Jhenaidah,Kharif 1,Malta,60,17.59,16.3,8.59,7.37,27.5,20.0,35,85.0,90,80,134.2247474747475,1.233333333,June,June to August,August to September,74,orange
Joypurhat,Kharif 1,Malta,0,19.46,16.31,11.24,7.15,27.5,20.0,35,85.0,90,80,142.85416666666666,2.518413598,June,June to August,August to September,0,orange
Khagrachari,Kharif 1,Malta,5561,18.42,16.49,10.19,7.07,27.5,20.0,35,85.0,90,80,204.11111111111111,0.04783312354,June,June to August,August to September,266,orange
Khulna,Kharif 1,Malta,0,18.28,17.03,9.54,7.12,27.5,20.0,35,85.0,90,80,144.96843434343435,2.518413598,June,June to August,August to September,0,orange
Kishoreganj,Kharif 1,Malta,4,19.79,17.42,10.1,6.81,27.5,20.0,35,85.0,90,80,181.08838383838383,6.0,June,June to August,August to September,24,orange
Kurigram,Kharif 1,Malta,2,21.22,15.9,10.12,7.36,27.5,20.0,35,85.0,90,80,179.6013888888889,1.0,June,June to August,August to September,2,orange
Kushtia,Kharif 1,Malta,0,20.66,15.36,9.61,7.44,27.5,20.0,35,85.0,90,80,129.44444444444446,2.518413598,June,June to August,August to September,0,orange
Lakshmipur,Kharif 1,Malta,0,17.73,15.52,10.13,7.1,27.5,20.0,35,85.0,90,80,185.7563131313132,2.518413598,June,June to August,August to September,0,orange
Lalmonirhat,Kharif 1,Malta,96,18.42,16.07,9.65,7.35,27.5,20.0,35,85.0,90,80,179.6013888888889,0.6041666667,June,June to August,August to September,58,orange
Madaripur,Kharif 1,Malta,0,20.69,16.2,9.77,6.9,27.5,20.0,35,85.0,90,80,160.41666666666666,2.518413598,June,June to August,August to September,0,orange
Magura,Kharif 1,Malta,4772,18.43,15.79,9.6,6.85,27.5,20.0,35,85.0,90,80,134.2247474747475,0.3233445096,June,June to August,August to September,1543,orange
Manikganj,Kharif 1,Malta,0,19.32,15.26,9.15,7.03,27.5,20.0,35,85.0,90,80,169.94262295081967,2.518413598,June,June to August,August to September,0,orange
Meherpur,Kharif 1,Malta,24,20.23,16.1,10.1,7.11,27.5,20.0,35,85.0,90,80,129.44444444444446,1.875,June,June to August,August to September,45,orange
Moulvibazar,Kharif 1,Malta,0,18.44,16.73,10.36,6.94,27.5,20.0,35,85.0,90,80,333.72557471264366,2.518413598,June,June to August,August to September,0,orange
Munshiganj,Kharif 1,Malta,0,19.7,17.14,10.32,7.13,27.5,20.0,35,85.0,90,80,169.94262295081967,2.518413598,June,June to August,August to September,0,orange
Mymensingh,Kharif 1,Malta,0,18.01,16.0,10.5,7.08,27.5,20.0,35,85.0,90,80,181.08838383838383,2.518413598,June,June to August,August to September,0,orange
Naogaon,Kharif 1,Malta,34,18.87,16.14,10.2,6.81,27.5,20.0,35,85.0,90,80,124.92,6.558823529,June,June to August,August to September,223,orange
Narail,Kharif 1,Malta,4,19.96,15.63,9.69,7.13,27.5,20.0,35,85.0,90,80,134.2247474747475,1.25,June,June to August,August to September,5,orange
Narayanganj,Kharif 1,Malta,0,17.71,16.52,10.51,7.2,27.5,20.0,35,85.0,90,80,169.94262295081967,2.518413598,June,June to August,August to September,0,orange
Narsingdi,Kharif 1,Malta,55,20.1,15.71,9.19,7.06,27.5,20.0,35,85.0,90,80,169.94262295081967,0.9454545455,June,June to August,August to September,52,orange
Natore,Kharif 1,Malta,30,19.56,17.12,9.47,7.26,27.5,20.0,35,85.0,90,80,124.92,3.566666667,June,June to August,August to September,107,orange
Netrokona,Kharif 1,Malta,0,20.23,14.78,9.43,6.76,27.5,20.0,35,85.0,90,80,181.08838383838383,2.518413598,June,June to August,August to September,0,orange
Nilphamari,Kharif 1,Malta,24,19.84,16.19,10.66,7.12,27.5,20.0,35,85.0,90,80,179.6013888888889,1.5,June,June to August,August to September,36,orange
Noakhali,Kharif 1,Malta,0,21.18,16.85,10.58,6.77,27.5,20.0,35,85.0,90,80,185.7563131313132,2.518413598,June,June to August,August to September,0,orange
Pabna,Kharif 1,Malta,5,19.73,16.73,10.3,6.79,27.5,20.0,35,85.0,90,80,124.92,1.8,June,June to August,August to September,9,orange
Panchagar,Kharif 1,Malta,30,19.08,19.22,10.65,6.89,27.5,20.0,35,85.0,90,80,154.21843434343435,2.7,June,June to August,August to September,81,orange
Patuakhali,Kharif 1,Malta,0,19.72,16.9,9.48,6.82,27.5,20.0,35,85.0,90,80,207.8076923076923,2.518413598,June,June to August,August to September,0,orange
Pirojpur,Kharif 1,Malta,87,20.22,15.55,10.22,6.9,27.5,20.0,35,85.0,90,80,175.42564102564103,2.390804598,June,June to August,August to September,208,orange
Rajbari,Kharif 1,Malta,0,19.64,16.46,9.93,6.97,27.5,20.0,35,85.0,90,80,155.864898989899,2.518413598,June,June to August,August to September,0,orange
Rajshahi,Kharif 1,Malta,322,19.63,14.79,10.52,7.2,27.5,20.0,35,85.0,90,80,124.92,2.102484472,June,June to August,August to September,677,orange
Rangamati,Kharif 1,Malta,90,18.76,16.47,9.94,6.95,27.5,20.0,35,85.0,90,80,204.11111111111111,4.533333333,June,June to August,August to September,408,orange
Rangpur,Kharif 1,Malta,38,18.8,15.72,9.78,6.69,27.5,20.0,35,85.0,90,80,179.6013888888889,3.289473684,June,June to August,August to September,125,orange
Satkhira,Kharif 1,Malta,0,17.93,17.46,10.33,7.26,27.5,20.0,35,85.0,90,80,140.35353535353536,2.518413598,June,June to August,August to September,0,orange
Shariatpur,Kharif 1,Malta,7,21.64,16.0,10.54,6.84,27.5,20.0,35,85.0,90,80,155.864898989899,11.71428571,June,June to August,August to September,82,orange
Sherpur,Kharif 1,Malta,25,18.12,16.43,9.61,7.01,27.5,20.0,35,85.0,90,80,181.08838383838383,5.44,June,June to August,August to September,136,orange
Sirajganj,Kharif 1,Malta,2,18.77,15.92,9.97,7.11,27.5,20.0,35,85.0,90,80,142.85416666666666,6.0,June,June to August,August to September,12,orange
Sunamganj,Kharif 1,Malta,0,18.74,18.28,9.37,7.06,27.5,20.0,35,85.0,90,80,333.72557471264366,2.518413598,June,June to August,August to September,0,orange
Sylhet,Kharif 1,Malta,1,20.63,16.23,8.51,7.25,27.5,20.0,35,85.0,90,80,333.72557471264366,21.0,June,June to August,August to September,21,orange
Tangail,Kharif 1,Malta,225,19.23,18.37,10.13,7.12,27.5,20.0,35,85.0,90,80,153.4104938271605,2.026666667,June,June to August,August to September,456,orange
Thakurgaon,Kharif 1,Malta,40,21.05,17.36,10.38,6.84,27.5,20.0,35,85.0,90,80,154.21843434343435,4.875,June,June to August,August to September,195,orange
Bagerhat,Kharif 1,Mango,383,19.26,27.97,30.39,6.15,31.5,27.0,36,70.0,90,50,144.96843434343435,4.994778068,April,No need to do,April to June,1913,mango
Bandarban,Kharif 1,Mango,2839,20.41,27.78,26.42,5.8,31.5,27.0,36,70.0,90,50,243.94444444444449,1.316308559,April,No need to do,April to June,3737,mango
Barguna,Kharif 1,Mango,2348,19.06,27.82,29.29,5.74,31.5,27.0,36,70.0,90,50,207.8076923076923,3.066439523,April,No need to do,April to June,7200,mango
Barishal,Kharif 1,Mango,27465,22.65,24.04,25.94,5.94,31.5,27.0,36,70.0,90,50,175.42564102564103,0.3897687967,April,No need to do,April to June,10705,mango
Bhola,Kharif 1,Mango,715,18.64,26.73,32.38,5.81,31.5,27.0,36,70.0,90,50,185.23090277777777,2.116083916,April,No need to do,April to June,1513,mango
Bogura,Kharif 1,Mango,3148,20.44,28.56,27.97,5.84,31.5,27.0,36,70.0,90,50,142.85416666666666,7.126429479,April,No need to do,April to June,22434,mango
Brahmanbaria,Kharif 1,Mango,2856,20.83,27.1,32.17,6.2,31.5,27.0,36,70.0,90,50,185.7563131313132,3.445028011,April,No need to do,April to June,9839,mango
Chandpur,Kharif 1,Mango,1054,20.57,24.89,31.62,5.72,31.5,27.0,36,70.0,90,50,168.796875,9.240037951,April,No need to do,April to June,9739,mango
Chapai Nawabganj,Kharif 1,Mango,63886,19.85,27.09,28.3,5.71,31.5,27.0,36,70.0,90,50,124.92,2.087906584,April,No need to do,April to June,133388,mango
Chattogram,Kharif 1,Mango,2583,19.91,29.96,27.89,5.79,31.5,27.0,36,70.0,90,50,243.94444444444449,7.667053813,April,No need to do,April to June,19804,mango
Chuadanga,Kharif 1,Mango,914,20.12,29.21,30.55,5.96,31.5,27.0,36,70.0,90,50,129.44444444444446,6.927789934,April,No need to do,April to June,6332,mango
CoxsBazar,Kharif 1,Mango,1192,19.89,27.08,28.4,5.51,31.5,27.0,36,70.0,90,50,303.40277777777777,8.095637584,April,No need to do,April to June,9650,mango
Cumilla,Kharif 1,Mango,5878,21.23,28.73,30.1,5.43,31.5,27.0,36,70.0,90,50,185.7563131313132,3.832766247,April,No need to do,April to June,22529,mango
Dhaka,Kharif 1,Mango,533,22.73,26.58,29.05,5.67,31.5,27.0,36,70.0,90,50,169.94262295081967,10.64915572,April,No need to do,April to June,5676,mango
Dinajpur,Kharif 1,Mango,1534,19.4,24.4,26.72,5.49,31.5,27.0,36,70.0,90,50,154.21843434343435,27.2464146,April,No need to do,April to June,41796,mango
Faridpur,Kharif 1,Mango,1339,18.42,25.67,25.92,5.7,31.5,27.0,36,70.0,90,50,155.864898989899,6.035847647,April,No need to do,April to June,8082,mango
Feni,Kharif 1,Mango,1569,19.96,29.73,30.33,5.86,31.5,27.0,36,70.0,90,50,248.1727642276423,2.333970682,April,No need to do,April to June,3662,mango
Gaibandha,Kharif 1,Mango,1818,23.18,26.73,28.91,5.62,31.5,27.0,36,70.0,90,50,179.6013888888889,7.425192519,April,No need to do,April to June,13499,mango
Gazipur,Kharif 1,Mango,1796,19.1,26.78,28.93,5.52,31.5,27.0,36,70.0,90,50,169.94262295081967,4.920378619,April,No need to do,April to June,8837,mango
Gopalganj,Kharif 1,Mango,1044,22.04,26.69,31.17,5.78,31.5,27.0,36,70.0,90,50,155.864898989899,3.66954023,April,No need to do,April to June,3831,mango
Habiganj,Kharif 1,Mango,17256,22.09,30.29,32.03,5.92,31.5,27.0,36,70.0,90,50,333.72557471264366,2.091620306,April,No need to do,April to June,36093,mango
Jamalpur,Kharif 1,Mango,2664,19.4,29.83,29.43,5.48,31.5,27.0,36,70.0,90,50,181.08838383838383,4.801801802,April,No need to do,April to June,12792,mango
Jashore,Kharif 1,Mango,3653,20.76,30.8,29.31,5.91,31.5,27.0,36,70.0,90,50,134.2247474747475,2.622502053,April,No need to do,April to June,9580,mango
Jhallokati,Kharif 1,Mango,1957,22.03,26.92,30.82,5.91,31.5,27.0,36,70.0,90,50,175.42564102564103,0.5569749617,April,No need to do,April to June,1090,mango
Jhenaidah,Kharif 1,Mango,1768,19.61,27.66,27.48,5.94,31.5,27.0,36,70.0,90,50,134.2247474747475,9.680429864,April,No need to do,April to June,17115,mango
Joypurhat,Kharif 1,Mango,883,19.82,24.71,30.32,5.98,31.5,27.0,36,70.0,90,50,142.85416666666666,5.171007928,April,No need to do,April to June,4566,mango
Khagrachari,Kharif 1,Mango,4207,19.37,29.59,30.91,6.15,31.5,27.0,36,70.0,90,50,204.11111111111111,2.166389351,April,No need to do,April to June,9114,mango
Khulna,Kharif 1,Mango,1336,18.85,25.28,31.14,5.71,31.5,27.0,36,70.0,90,50,144.96843434343435,5.32260479,April,No need to do,April to June,7111,mango
Kishoreganj,Kharif 1,Mango,644,19.29,27.53,26.44,5.79,31.5,27.0,36,70.0,90,50,181.08838383838383,16.17701863,April,No need to do,April to June,10418,mango
Kurigram,Kharif 1,Mango,1173,18.6,25.39,28.55,5.7,31.5,27.0,36,70.0,90,50,179.6013888888889,9.415174766,April,No need to do,April to June,11044,mango
Kushtia,Kharif 1,Mango,4450,20.11,26.22,28.34,5.77,31.5,27.0,36,70.0,90,50,129.44444444444446,11.08539326,April,No need to do,April to June,49330,mango
Lakshmipur,Kharif 1,Mango,1923,19.14,25.81,30.1,6.04,31.5,27.0,36,70.0,90,50,185.7563131313132,1.001040042,April,No need to do,April to June,1925,mango
Lalmonirhat,Kharif 1,Mango,899,20.35,26.19,30.78,5.54,31.5,27.0,36,70.0,90,50,179.6013888888889,6.351501669,April,No need to do,April to June,5710,mango
Madaripur,Kharif 1,Mango,1015,18.2,26.3,32.61,5.62,31.5,27.0,36,70.0,90,50,160.41666666666666,7.310344828,April,No need to do,April to June,7420,mango
Magura,Kharif 1,Mango,529,20.47,26.29,29.03,6.01,31.5,27.0,36,70.0,90,50,134.2247474747475,13.43289225,April,No need to do,April to June,7106,mango
Manikganj,Kharif 1,Mango,2707,21.07,28.54,29.03,5.95,31.5,27.0,36,70.0,90,50,169.94262295081967,2.033247137,April,No need to do,April to June,5504,mango
Meherpur,Kharif 1,Mango,6050,17.67,25.38,31.98,5.71,31.5,27.0,36,70.0,90,50,129.44444444444446,2.246942149,April,No need to do,April to June,13594,mango
Moulvibazar,Kharif 1,Mango,777,20.52,27.54,30.45,5.92,31.5,27.0,36,70.0,90,50,333.72557471264366,7.642213642,April,No need to do,April to June,5938,mango
Munshiganj,Kharif 1,Mango,265,21.55,29.17,32.2,5.83,31.5,27.0,36,70.0,90,50,169.94262295081967,11.76981132,April,No need to do,April to June,3119,mango
Mymensingh,Kharif 1,Mango,6934,18.61,26.34,30.44,6.03,31.5,27.0,36,70.0,90,50,181.08838383838383,3.132391116,April,No need to do,April to June,21720,mango
Naogaon,Kharif 1,Mango,6061,22.08,26.01,27.84,5.78,31.5,27.0,36,70.0,90,50,124.92,6.631413958,April,No need to do,April to June,40193,mango
Narail,Kharif 1,Mango,1629,20.57,26.8,27.53,5.95,31.5,27.0,36,70.0,90,50,134.2247474747475,4.742786986,April,No need to do,April to June,7726,mango
Narayanganj,Kharif 1,Mango,80,19.22,29.1,27.13,6.23,31.5,27.0,36,70.0,90,50,169.94262295081967,23.7625,April,No need to do,April to June,1901,mango
Narsingdi,Kharif 1,Mango,996,20.0,27.5,31.11,5.87,31.5,27.0,36,70.0,90,50,169.94262295081967,5.029116466,April,No need to do,April to June,5009,mango
Natore,Kharif 1,Mango,4083,20.74,26.31,32.05,5.78,31.5,27.0,36,70.0,90,50,124.92,14.94342395,April,No need to do,April to June,61014,mango
Netrokona,Kharif 1,Mango,4404,20.16,27.97,33.24,5.9,31.5,27.0,36,70.0,90,50,181.08838383838383,6.514532243,April,No need to do,April to June,28690,mango
Nilphamari,Kharif 1,Mango,595,20.72,25.38,31.43,5.71,31.5,27.0,36,70.0,90,50,179.6013888888889,17.17647059,April,No need to do,April to June,10220,mango
Noakhali,Kharif 1,Mango,730,18.96,28.29,32.01,6.18,31.5,27.0,36,70.0,90,50,185.7563131313132,9.063013699,April,No need to do,April to June,6616,mango
Pabna,Kharif 1,Mango,2480,20.27,27.85,28.88,5.8,31.5,27.0,36,70.0,90,50,124.92,14.0141129,April,No need to do,April to June,34755,mango
Panchagar,Kharif 1,Mango,1934,18.37,26.68,27.84,5.72,31.5,27.0,36,70.0,90,50,154.21843434343435,8.198552223,April,No need to do,April to June,15856,mango
Patuakhali,Kharif 1,Mango,4944,19.94,25.81,31.45,5.63,31.5,27.0,36,70.0,90,50,207.8076923076923,0.8181634304,April,No need to do,April to June,4045,mango
Pirojpur,Kharif 1,Mango,3842,18.98,25.73,30.67,5.96,31.5,27.0,36,70.0,90,50,175.42564102564103,1.232170744,April,No need to do,April to June,4734,mango
Rajbari,Kharif 1,Mango,2771,19.18,28.05,30.11,5.92,31.5,27.0,36,70.0,90,50,155.864898989899,5.96030314,April,No need to do,April to June,16516,mango
Rajshahi,Kharif 1,Mango,35724,21.56,29.18,30.62,5.68,31.5,27.0,36,70.0,90,50,124.92,6.885343187,April,No need to do,April to June,245972,mango
Rangamati,Kharif 1,Mango,3748,21.38,26.14,30.5,5.87,31.5,27.0,36,70.0,90,50,204.11111111111111,1.634204909,April,No need to do,April to June,6125,mango
Rangpur,Kharif 1,Mango,951,20.8,27.93,32.22,5.51,31.5,27.0,36,70.0,90,50,179.6013888888889,24.89695058,April,No need to do,April to June,23677,mango
Satkhira,Kharif 1,Mango,3161,18.75,23.78,32.24,5.8,31.5,27.0,36,70.0,90,50,140.35353535353536,3.162923126,April,No need to do,April to June,9998,mango
Shariatpur,Kharif 1,Mango,10042,19.69,26.23,30.9,5.85,31.5,27.0,36,70.0,90,50,155.864898989899,0.585939056,April,No need to do,April to June,5884,mango
Sherpur,Kharif 1,Mango,2355,21.53,27.13,31.44,6.07,31.5,27.0,36,70.0,90,50,181.08838383838383,4.869639066,April,No need to do,April to June,11468,mango
Sirajganj,Kharif 1,Mango,772,20.24,25.7,30.84,5.64,31.5,27.0,36,70.0,90,50,142.85416666666666,30.50129534,April,No need to do,April to June,23547,mango
Sunamganj,Kharif 1,Mango,1667,22.86,25.65,29.09,5.55,31.5,27.0,36,70.0,90,50,333.72557471264366,8.347330534,April,No need to do,April to June,13915,mango
Sylhet,Kharif 1,Mango,1487,20.54,26.09,31.28,5.62,31.5,27.0,36,70.0,90,50,333.72557471264366,3.347679892,April,No need to do,April to June,4978,mango
Tangail,Kharif 1,Mango,2204,20.3,27.66,27.42,5.54,31.5,27.0,36,70.0,90,50,153.4104938271605,8.319419238,April,No need to do,April to June,18336,mango
Thakurgaon,Kharif 1,Mango,4179,19.7,26.87,31.81,6.0,31.5,27.0,36,70.0,90,50,154.21843434343435,6.931562575,April,No need to do,April to June,28967,mango
Bagerhat,Kharif 2,Mashkalai,0,40.34,58.41,17.86,7.46,27.5,20.0,35,35.0,45,25,144.96843434343435,2.518413598,Aug,Sep to Oct,Nov,0,blackgram
Bandarban,Kharif 2,Mashkalai,3,39.65,58.88,19.57,7.2,27.5,20.0,35,35.0,45,25,243.94444444444449,0.0,Aug,Sep to Oct,Nov,0,blackgram
Barguna,Kharif 2,Mashkalai,210,41.72,65.01,18.26,7.39,27.5,20.0,35,35.0,45,25,207.8076923076923,0.380952381,Aug,Sep to Oct,Nov,80,blackgram
Barishal,Kharif 2,Mashkalai,4,42.32,69.32,19.88,7.16,27.5,20.0,35,35.0,45,25,175.42564102564103,0.5,Aug,Sep to Oct,Nov,2,blackgram
Bhola,Kharif 2,Mashkalai,0,38.13,56.35,19.2,7.11,27.5,20.0,35,35.0,45,25,185.23090277777777,2.518413598,Aug,Sep to Oct,Nov,0,blackgram
Bogura,Kharif 2,Mashkalai,696,36.82,65.45,17.4,7.06,27.5,20.0,35,35.0,45,25,142.85416666666666,0.4698275862,Aug,Sep to Oct,Nov,327,blackgram
Brahmanbaria,Kharif 2,Mashkalai,1022,35.61,65.34,19.73,7.06,27.5,20.0,35,35.0,45,25,185.7563131313132,0.4637964775,Aug,Sep to Oct,Nov,474,blackgram
Chandpur,Kharif 2,Mashkalai,623,41.24,73.09,18.57,6.8,27.5,20.0,35,35.0,45,25,168.796875,0.3258426966,Aug,Sep to Oct,Nov,203,blackgram
Chapai Nawabganj,Kharif 2,Mashkalai,23226,37.37,65.91,20.26,7.19,27.5,20.0,35,35.0,45,25,124.92,0.3376819082,Aug,Sep to Oct,Nov,7843,blackgram
Chattogram,Kharif 2,Mashkalai,82,34.85,69.02,19.24,7.12,27.5,20.0,35,35.0,45,25,243.94444444444449,0.4512195122,Aug,Sep to Oct,Nov,37,blackgram
Chuadanga,Kharif 2,Mashkalai,904,40.95,68.04,19.7,7.29,27.5,20.0,35,35.0,45,25,129.44444444444446,0.3296460177,Aug,Sep to Oct,Nov,298,blackgram
CoxsBazar,Kharif 2,Mashkalai,0,46.01,58.85,18.13,7.15,27.5,20.0,35,35.0,45,25,303.40277777777777,2.518413598,Aug,Sep to Oct,Nov,0,blackgram
Cumilla,Kharif 2,Mashkalai,423,40.01,70.58,18.56,7.1,27.5,20.0,35,35.0,45,25,185.7563131313132,0.4113475177,Aug,Sep to Oct,Nov,174,blackgram
Dhaka,Kharif 2,Mashkalai,1434,42.03,68.34,18.71,6.94,27.5,20.0,35,35.0,45,25,169.94262295081967,0.440027894,Aug,Sep to Oct,Nov,631,blackgram
Dinajpur,Kharif 2,Mashkalai,645,40.22,69.53,20.23,7.15,27.5,20.0,35,35.0,45,25,154.21843434343435,0.4945736434,Aug,Sep to Oct,Nov,319,blackgram
Faridpur,Kharif 2,Mashkalai,1969,39.78,83.36,21.18,7.29,27.5,20.0,35,35.0,45,25,155.864898989899,0.3941086846,Aug,Sep to Oct,Nov,776,blackgram
Feni,Kharif 2,Mashkalai,114,42.23,59.03,18.31,6.89,27.5,20.0,35,35.0,45,25,248.1727642276423,0.3245614035,Aug,Sep to Oct,Nov,37,blackgram
Gaibandha,Kharif 2,Mashkalai,820,39.32,74.45,20.48,7.15,27.5,20.0,35,35.0,45,25,179.6013888888889,0.3707317073,Aug,Sep to Oct,Nov,304,blackgram
Gazipur,Kharif 2,Mashkalai,632,40.66,66.31,16.74,7.18,27.5,20.0,35,35.0,45,25,169.94262295081967,0.2515822785,Aug,Sep to Oct,Nov,159,blackgram
Gopalganj,Kharif 2,Mashkalai,389,40.79,68.63,17.86,6.98,27.5,20.0,35,35.0,45,25,155.864898989899,0.3393316195,Aug,Sep to Oct,Nov,132,blackgram
Habiganj,Kharif 2,Mashkalai,3,38.42,67.29,18.13,7.0,27.5,20.0,35,35.0,45,25,333.72557471264366,0.0,Aug,Sep to Oct,Nov,0,blackgram
Jamalpur,Kharif 2,Mashkalai,4169,42.4,65.75,17.68,7.18,27.5,20.0,35,35.0,45,25,181.08838383838383,0.3547613337,Aug,Sep to Oct,Nov,1479,blackgram
Jashore,Kharif 2,Mashkalai,908,39.6,65.16,17.41,6.89,27.5,20.0,35,35.0,45,25,134.2247474747475,0.3755506608,Aug,Sep to Oct,Nov,341,blackgram
Jhallokati,Kharif 2,Mashkalai,0,38.21,68.8,19.72,7.2,27.5,20.0,35,35.0,45,25,175.42564102564103,2.518413598,Aug,Sep to Oct,Nov,0,blackgram
Jhenaidah,Kharif 2,Mashkalai,1710,41.31,61.33,18.99,6.94,27.5,20.0,35,35.0,45,25,134.2247474747475,0.3409356725,Aug,Sep to Oct,Nov,583,blackgram
Joypurhat,Kharif 2,Mashkalai,147,37.86,70.51,19.68,7.36,27.5,20.0,35,35.0,45,25,142.85416666666666,0.380952381,Aug,Sep to Oct,Nov,56,blackgram
Khagrachari,Kharif 2,Mashkalai,0,40.09,65.79,20.04,7.63,27.5,20.0,35,35.0,45,25,204.11111111111111,2.518413598,Aug,Sep to Oct,Nov,0,blackgram
Khulna,Kharif 2,Mashkalai,105,40.0,62.9,19.55,6.95,27.5,20.0,35,35.0,45,25,144.96843434343435,0.4285714286,Aug,Sep to Oct,Nov,45,blackgram
Kishoreganj,Kharif 2,Mashkalai,1059,42.63,65.65,20.0,7.24,27.5,20.0,35,35.0,45,25,181.08838383838383,0.5269121813,Aug,Sep to Oct,Nov,558,blackgram
Kurigram,Kharif 2,Mashkalai,2084,41.16,72.56,19.16,6.97,27.5,20.0,35,35.0,45,25,179.6013888888889,0.4227447217,Aug,Sep to Oct,Nov,881,blackgram
Kushtia,Kharif 2,Mashkalai,620,39.96,65.3,17.87,7.35,27.5,20.0,35,35.0,45,25,129.44444444444446,0.4967741935,Aug,Sep to Oct,Nov,308,blackgram
Lakshmipur,Kharif 2,Mashkalai,77,41.98,68.92,20.46,6.86,27.5,20.0,35,35.0,45,25,185.7563131313132,0.2337662338,Aug,Sep to Oct,Nov,18,blackgram
Lalmonirhat,Kharif 2,Mashkalai,218,43.36,64.51,18.56,7.23,27.5,20.0,35,35.0,45,25,179.6013888888889,0.3899082569,Aug,Sep to Oct,Nov,85,blackgram
Madaripur,Kharif 2,Mashkalai,1075,41.36,70.54,18.16,6.94,27.5,20.0,35,35.0,45,25,160.41666666666666,0.3990697674,Aug,Sep to Oct,Nov,429,blackgram
Magura,Kharif 2,Mashkalai,158,40.04,70.25,19.03,7.09,27.5,20.0,35,35.0,45,25,134.2247474747475,0.4050632911,Aug,Sep to Oct,Nov,64,blackgram
Manikganj,Kharif 2,Mashkalai,8930,36.87,74.95,18.19,6.91,27.5,20.0,35,35.0,45,25,169.94262295081967,0.3913773796,Aug,Sep to Oct,Nov,3495,blackgram
Meherpur,Kharif 2,Mashkalai,1733,37.46,66.76,18.76,7.31,27.5,20.0,35,35.0,45,25,129.44444444444446,0.4852856319,Aug,Sep to Oct,Nov,841,blackgram
Moulvibazar,Kharif 2,Mashkalai,267,39.29,70.18,19.64,6.95,27.5,20.0,35,35.0,45,25,333.72557471264366,0.456928839,Aug,Sep to Oct,Nov,122,blackgram
Munshiganj,Kharif 2,Mashkalai,158,38.56,67.87,19.64,7.25,27.5,20.0,35,35.0,45,25,169.94262295081967,0.4430379747,Aug,Sep to Oct,Nov,70,blackgram
Mymensingh,Kharif 2,Mashkalai,2050,39.57,72.72,18.2,7.06,27.5,20.0,35,35.0,45,25,181.08838383838383,0.3907317073,Aug,Sep to Oct,Nov,801,blackgram
Naogaon,Kharif 2,Mashkalai,579,40.16,64.56,18.68,7.11,27.5,20.0,35,35.0,45,25,124.92,0.4162348877,Aug,Sep to Oct,Nov,241,blackgram
Narail,Kharif 2,Mashkalai,103,41.29,70.49,20.48,7.16,27.5,20.0,35,35.0,45,25,134.2247474747475,0.3495145631,Aug,Sep to Oct,Nov,36,blackgram
Narayanganj,Kharif 2,Mashkalai,45,39.85,66.68,19.81,6.97,27.5,20.0,35,35.0,45,25,169.94262295081967,0.4,Aug,Sep to Oct,Nov,18,blackgram
Narsingdi,Kharif 2,Mashkalai,501,41.19,67.21,21.64,7.17,27.5,20.0,35,35.0,45,25,169.94262295081967,0.4550898204,Aug,Sep to Oct,Nov,228,blackgram
Natore,Kharif 2,Mashkalai,701,40.17,67.84,20.6,7.46,27.5,20.0,35,35.0,45,25,124.92,0.332382311,Aug,Sep to Oct,Nov,233,blackgram
Netrokona,Kharif 2,Mashkalai,341,35.28,68.49,20.56,6.96,27.5,20.0,35,35.0,45,25,181.08838383838383,0.6011730205,Aug,Sep to Oct,Nov,205,blackgram
Nilphamari,Kharif 2,Mashkalai,93,37.76,67.0,17.64,7.38,27.5,20.0,35,35.0,45,25,179.6013888888889,0.3978494624,Aug,Sep to Oct,Nov,37,blackgram
Noakhali,Kharif 2,Mashkalai,121,39.67,68.34,20.12,7.45,27.5,20.0,35,35.0,45,25,185.7563131313132,0.3305785124,Aug,Sep to Oct,Nov,40,blackgram
Pabna,Kharif 2,Mashkalai,4860,37.12,73.86,19.18,6.96,27.5,20.0,35,35.0,45,25,124.92,0.4816872428,Aug,Sep to Oct,Nov,2341,blackgram
Panchagar,Kharif 2,Mashkalai,310,41.46,71.46,18.6,6.82,27.5,20.0,35,35.0,45,25,154.21843434343435,0.4387096774,Aug,Sep to Oct,Nov,136,blackgram
Patuakhali,Kharif 2,Mashkalai,0,43.7,70.99,19.43,7.19,27.5,20.0,35,35.0,45,25,207.8076923076923,2.518413598,Aug,Sep to Oct,Nov,0,blackgram
Pirojpur,Kharif 2,Mashkalai,0,42.95,65.63,20.33,7.01,27.5,20.0,35,35.0,45,25,175.42564102564103,2.518413598,Aug,Sep to Oct,Nov,0,blackgram
Rajbari,Kharif 2,Mashkalai,1036,39.51,63.87,19.82,7.53,27.5,20.0,35,35.0,45,25,155.864898989899,0.4208494208,Aug,Sep to Oct,Nov,436,blackgram
Rajshahi,Kharif 2,Mashkalai,8204,43.6,71.34,18.23,7.14,27.5,20.0,35,35.0,45,25,124.92,0.3728668942,Aug,Sep to Oct,Nov,3059,blackgram
Rangamati,Kharif 2,Mashkalai,0,40.38,71.02,20.1,6.96,27.5,20.0,35,35.0,45,25,204.11111111111111,2.518413598,Aug,Sep to Oct,Nov,0,blackgram
Rangpur,Kharif 2,Mashkalai,1197,39.21,73.43,18.5,6.88,27.5,20.0,35,35.0,45,25,179.6013888888889,0.4711779449,Aug,Sep to Oct,Nov,564,blackgram
Satkhira,Kharif 2,Mashkalai,330,38.55,65.02,19.49,7.36,27.5,20.0,35,35.0,45,25,140.35353535353536,0.2939393939,Aug,Sep to Oct,Nov,97,blackgram
Shariatpur,Kharif 2,Mashkalai,238,39.29,66.54,18.89,7.01,27.5,20.0,35,35.0,45,25,155.864898989899,0.5378151261,Aug,Sep to Oct,Nov,128,blackgram
Sherpur,Kharif 2,Mashkalai,1359,39.09,60.83,18.99,7.14,27.5,20.0,35,35.0,45,25,181.08838383838383,0.5607064018,Aug,Sep to Oct,Nov,762,blackgram
Sirajganj,Kharif 2,Mashkalai,7306,40.43,65.88,20.12,7.33,27.5,20.0,35,35.0,45,25,142.85416666666666,0.33657268,Aug,Sep to Oct,Nov,2459,blackgram
Sunamganj,Kharif 2,Mashkalai,278,40.41,71.5,18.04,7.03,27.5,20.0,35,35.0,45,25,333.72557471264366,0.428057554,Aug,Sep to Oct,Nov,119,blackgram
Sylhet,Kharif 2,Mashkalai,131,40.03,65.58,21.49,7.12,27.5,20.0,35,35.0,45,25,333.72557471264366,0.5114503817,Aug,Sep to Oct,Nov,67,blackgram
Tangail,Kharif 2,Mashkalai,13122,41.07,70.06,17.14,7.13,27.5,20.0,35,35.0,45,25,153.4104938271605,0.2970583752,Aug,Sep to Oct,Nov,3898,blackgram
Thakurgaon,Kharif 2,Mashkalai,803,42.88,66.7,18.55,7.28,27.5,20.0,35,35.0,45,25,154.21843434343435,0.3212951432,Aug,Sep to Oct,Nov,258,blackgram
Bagerhat,Kharif 2,Motor,141,22.66,48.94,20.68,6.95,22.5,15.0,30,82.5,90,75,144.96843434343435,0.3191489362,Oct,Nov to March,March to April,45,mothbeans
Bandarban,Kharif 2,Motor,64,19.53,44.7,20.94,6.78,22.5,15.0,30,82.5,90,75,243.94444444444449,0.375,Oct,Nov to March,March to April,24,mothbeans
Barguna,Kharif 2,Motor,18,18.15,48.26,20.11,6.84,22.5,15.0,30,82.5,90,75,207.8076923076923,0.9444444444,Oct,Nov to March,March to April,17,mothbeans
Barishal,Kharif 2,Motor,28,22.64,39.39,20.16,6.75,22.5,15.0,30,82.5,90,75,175.42564102564103,0.5,Oct,Nov to March,March to April,14,mothbeans
Bhola,Kharif 2,Motor,0,19.68,47.47,20.73,6.53,22.5,15.0,30,82.5,90,75,185.23090277777777,2.518413598,Oct,Nov to March,March to April,0,mothbeans
Bogura,Kharif 2,Motor,0,21.15,43.31,19.95,6.88,22.5,15.0,30,82.5,90,75,142.85416666666666,2.518413598,Oct,Nov to March,March to April,0,mothbeans
Brahmanbaria,Kharif 2,Motor,56,19.93,51.48,21.92,7.22,22.5,15.0,30,82.5,90,75,185.7563131313132,0.3392857143,Oct,Nov to March,March to April,19,mothbeans
Chandpur,Kharif 2,Motor,95,19.12,50.25,21.25,6.65,22.5,15.0,30,82.5,90,75,168.796875,0.5157894737,Oct,Nov to March,March to April,49,mothbeans
Chapai Nawabganj,Kharif 2,Motor,397,22.14,49.35,21.29,6.67,22.5,15.0,30,82.5,90,75,124.92,0.3098236776,Oct,Nov to March,March to April,123,mothbeans
Chattogram,Kharif 2,Motor,132,22.42,52.39,19.06,6.65,22.5,15.0,30,82.5,90,75,243.94444444444449,0.3484848485,Oct,Nov to March,March to April,46,mothbeans
Chuadanga,Kharif 2,Motor,118,20.7,45.28,20.13,6.98,22.5,15.0,30,82.5,90,75,129.44444444444446,0.4491525424,Oct,Nov to March,March to April,53,mothbeans
CoxsBazar,Kharif 2,Motor,0,18.11,53.04,19.87,6.92,22.5,15.0,30,82.5,90,75,303.40277777777777,2.518413598,Oct,Nov to March,March to April,0,mothbeans
Cumilla,Kharif 2,Motor,43,20.74,50.7,19.01,6.8,22.5,15.0,30,82.5,90,75,185.7563131313132,0.511627907,Oct,Nov to March,March to April,22,mothbeans
Dhaka,Kharif 2,Motor,205,21.94,47.33,20.67,6.64,22.5,15.0,30,82.5,90,75,169.94262295081967,0.556097561,Oct,Nov to March,March to April,114,mothbeans
Dinajpur,Kharif 2,Motor,59,19.54,51.28,19.58,6.85,22.5,15.0,30,82.5,90,75,154.21843434343435,0.1355932203,Oct,Nov to March,March to April,8,mothbeans
Faridpur,Kharif 2,Motor,1319,21.68,44.82,21.03,6.51,22.5,15.0,30,82.5,90,75,155.864898989899,0.4078847612,Oct,Nov to March,March to April,538,mothbeans
Feni,Kharif 2,Motor,318,21.42,45.63,18.93,6.86,22.5,15.0,30,82.5,90,75,248.1727642276423,0.5503144654,Oct,Nov to March,March to April,175,mothbeans
Gaibandha,Kharif 2,Motor,7,22.19,46.26,22.32,7.01,22.5,15.0,30,82.5,90,75,179.6013888888889,0.2857142857,Oct,Nov to March,March to April,2,mothbeans
Gazipur,Kharif 2,Motor,7,21.59,46.49,19.14,6.57,22.5,15.0,30,82.5,90,75,169.94262295081967,0.2857142857,Oct,Nov to March,March to April,2,mothbeans
Gopalganj,Kharif 2,Motor,574,20.19,44.97,20.5,6.52,22.5,15.0,30,82.5,90,75,155.864898989899,0.4216027875,Oct,Nov to March,March to April,242,mothbeans
Habiganj,Kharif 2,Motor,0,22.98,51.53,21.19,7.15,22.5,15.0,30,82.5,90,75,333.72557471264366,2.518413598,Oct,Nov to March,March to April,0,mothbeans
Jamalpur,Kharif 2,Motor,37,21.24,47.26,19.54,6.7,22.5,15.0,30,82.5,90,75,181.08838383838383,0.3783783784,Oct,Nov to March,March to April,14,mothbeans
Jashore,Kharif 2,Motor,655,21.4,49.03,21.26,7.06,22.5,15.0,30,82.5,90,75,134.2247474747475,0.4396946565,Oct,Nov to March,March to April,288,mothbeans
Jhallokati,Kharif 2,Motor,28,20.24,46.37,18.74,6.8,22.5,15.0,30,82.5,90,75,175.42564102564103,0.5357142857,Oct,Nov to March,March to April,15,mothbeans
Jhenaidah,Kharif 2,Motor,671,20.87,42.77,21.99,6.8,22.5,15.0,30,82.5,90,75,134.2247474747475,0.3740685544,Oct,Nov to March,March to April,251,mothbeans
Joypurhat,Kharif 2,Motor,17,20.3,48.79,20.25,6.92,22.5,15.0,30,82.5,90,75,142.85416666666666,0.4705882353,Oct,Nov to March,March to April,8,mothbeans
Khagrachari,Kharif 2,Motor,104,21.22,42.5,19.51,6.65,22.5,15.0,30,82.5,90,75,204.11111111111111,0.4134615385,Oct,Nov to March,March to April,43,mothbeans
Khulna,Kharif 2,Motor,16,23.64,47.81,19.87,6.86,22.5,15.0,30,82.5,90,75,144.96843434343435,0.3125,Oct,Nov to March,March to April,5,mothbeans
Kishoreganj,Kharif 2,Motor,10,19.68,44.07,21.21,6.75,22.5,15.0,30,82.5,90,75,181.08838383838383,0.3,Oct,Nov to March,March to April,3,mothbeans
Kurigram,Kharif 2,Motor,47,19.36,53.73,19.52,6.56,22.5,15.0,30,82.5,90,75,179.6013888888889,0.3829787234,Oct,Nov to March,March to April,18,mothbeans
Kushtia,Kharif 2,Motor,921,23.33,50.64,19.32,6.9,22.5,15.0,30,82.5,90,75,129.44444444444446,0.5895765472,Oct,Nov to March,March to April,543,mothbeans
Lakshmipur,Kharif 2,Motor,64,21.17,48.31,19.96,6.78,22.5,15.0,30,82.5,90,75,185.7563131313132,0.3125,Oct,Nov to March,March to April,20,mothbeans
Lalmonirhat,Kharif 2,Motor,0,20.58,51.65,18.8,6.8,22.5,15.0,30,82.5,90,75,179.6013888888889,2.518413598,Oct,Nov to March,March to April,0,mothbeans
Madaripur,Kharif 2,Motor,1150,22.78,45.57,22.44,6.58,22.5,15.0,30,82.5,90,75,160.41666666666666,0.3913043478,Oct,Nov to March,March to April,450,mothbeans
Magura,Kharif 2,Motor,1763,20.66,49.58,19.54,7.16,22.5,15.0,30,82.5,90,75,134.2247474747475,0.3159387408,Oct,Nov to March,March to April,557,mothbeans
Manikganj,Kharif 2,Motor,714,23.79,48.59,21.24,7.01,22.5,15.0,30,82.5,90,75,169.94262295081967,0.3823529412,Oct,Nov to March,March to April,273,mothbeans
Meherpur,Kharif 2,Motor,21,22.31,48.77,20.48,7.03,22.5,15.0,30,82.5,90,75,129.44444444444446,0.4285714286,Oct,Nov to March,March to April,9,mothbeans
Moulvibazar,Kharif 2,Motor,16,20.81,51.68,19.03,6.77,22.5,15.0,30,82.5,90,75,333.72557471264366,0.4375,Oct,Nov to March,March to April,7,mothbeans
Munshiganj,Kharif 2,Motor,61,24.22,50.12,20.22,6.48,22.5,15.0,30,82.5,90,75,169.94262295081967,0.9672131148,Oct,Nov to March,March to April,59,mothbeans
Mymensingh,Kharif 2,Motor,117,20.66,48.84,21.18,7.23,22.5,15.0,30,82.5,90,75,181.08838383838383,0.5811965812,Oct,Nov to March,March to April,68,mothbeans
Naogaon,Kharif 2,Motor,38,22.39,43.24,20.0,6.82,22.5,15.0,30,82.5,90,75,124.92,0.4736842105,Oct,Nov to March,March to April,18,mothbeans
Narail,Kharif 2,Motor,896,21.83,45.24,21.68,6.68,22.5,15.0,30,82.5,90,75,134.2247474747475,0.4207589286,Oct,Nov to March,March to April,377,mothbeans
Narayanganj,Kharif 2,Motor,16,23.11,47.66,21.47,6.92,22.5,15.0,30,82.5,90,75,169.94262295081967,0.4375,Oct,Nov to March,March to April,7,mothbeans
Narsingdi,Kharif 2,Motor,0,23.45,48.28,21.35,7.07,22.5,15.0,30,82.5,90,75,169.94262295081967,2.518413598,Oct,Nov to March,March to April,0,mothbeans
Natore,Kharif 2,Motor,2048,21.48,44.75,19.67,6.83,22.5,15.0,30,82.5,90,75,124.92,0.4018554688,Oct,Nov to March,March to April,823,mothbeans
Netrokona,Kharif 2,Motor,33,20.47,54.96,18.92,7.09,22.5,15.0,30,82.5,90,75,181.08838383838383,0.4242424242,Oct,Nov to March,March to April,14,mothbeans
Nilphamari,Kharif 2,Motor,3,22.03,52.38,19.49,7.05,22.5,15.0,30,82.5,90,75,179.6013888888889,0.3333333333,Oct,Nov to March,March to April,1,mothbeans
Noakhali,Kharif 2,Motor,126,20.57,49.74,20.47,6.61,22.5,15.0,30,82.5,90,75,185.7563131313132,0.3888888889,Oct,Nov to March,March to April,49,mothbeans
Pabna,Kharif 2,Motor,1734,24.03,48.22,20.89,6.69,22.5,15.0,30,82.5,90,75,124.92,0.4925028835,Oct,Nov to March,March to April,854,mothbeans
Panchagar,Kharif 2,Motor,27,21.62,47.4,17.59,7.03,22.5,15.0,30,82.5,90,75,154.21843434343435,0.4074074074,Oct,Nov to March,March to April,11,mothbeans
Patuakhali,Kharif 2,Motor,0,20.97,45.27,20.22,6.27,22.5,15.0,30,82.5,90,75,207.8076923076923,2.518413598,Oct,Nov to March,March to April,0,mothbeans
Pirojpur,Kharif 2,Motor,0,21.68,48.23,20.42,6.8,22.5,15.0,30,82.5,90,75,175.42564102564103,2.518413598,Oct,Nov to March,March to April,0,mothbeans
Rajbari,Kharif 2,Motor,1801,19.71,48.75,19.89,6.54,22.5,15.0,30,82.5,90,75,155.864898989899,0.4197667962,Oct,Nov to March,March to April,756,mothbeans
Rajshahi,Kharif 2,Motor,1241,20.19,44.43,21.8,6.73,22.5,15.0,30,82.5,90,75,124.92,0.5858178888,Oct,Nov to March,March to April,727,mothbeans
Rangamati,Kharif 2,Motor,152,22.98,48.97,20.74,6.77,22.5,15.0,30,82.5,90,75,204.11111111111111,0.5789473684,Oct,Nov to March,March to April,88,mothbeans
Rangpur,Kharif 2,Motor,4,20.59,47.56,21.82,6.76,22.5,15.0,30,82.5,90,75,179.6013888888889,0.5,Oct,Nov to March,March to April,2,mothbeans
Satkhira,Kharif 2,Motor,9,20.09,42.51,19.97,6.72,22.5,15.0,30,82.5,90,75,140.35353535353536,0.3333333333,Oct,Nov to March,March to April,3,mothbeans
Shariatpur,Kharif 2,Motor,305,22.13,45.53,21.37,6.61,22.5,15.0,30,82.5,90,75,155.864898989899,0.5639344262,Oct,Nov to March,March to April,172,mothbeans
Sherpur,Kharif 2,Motor,11,22.97,46.82,22.21,7.3,22.5,15.0,30,82.5,90,75,181.08838383838383,0.3636363636,Oct,Nov to March,March to April,4,mothbeans
Sirajganj,Kharif 2,Motor,10,22.36,53.45,21.82,7.21,22.5,15.0,30,82.5,90,75,142.85416666666666,0.5,Oct,Nov to March,March to April,5,mothbeans
Sunamganj,Kharif 2,Motor,0,22.72,49.61,18.9,6.59,22.5,15.0,30,82.5,90,75,333.72557471264366,2.518413598,Oct,Nov to March,March to April,0,mothbeans
Sylhet,Kharif 2,Motor,12,20.47,44.16,19.92,7.15,22.5,15.0,30,82.5,90,75,333.72557471264366,0.3333333333,Oct,Nov to March,March to April,4,mothbeans
Tangail,Kharif 2,Motor,10,19.61,49.41,19.81,6.75,22.5,15.0,30,82.5,90,75,153.4104938271605,0.3,Oct,Nov to March,March to April,3,mothbeans
Thakurgaon,Kharif 2,Motor,32,23.37,43.55,20.82,6.86,22.5,15.0,30,82.5,90,75,154.21843434343435,0.28125,Oct,Nov to March,March to April,9,mothbeans
Bagerhat,Kharif 2,Mug,475,20.58,50.35,20.69,6.71,30.0,25.0,35,70.0,80,60,144.96843434343435,0.2736842105,Feb,March to May,May,130,mungbean
Bandarban,Kharif 2,Mug,50,20.67,45.94,18.87,6.59,30.0,25.0,35,70.0,80,60,243.94444444444449,0.38,Feb,March to May,May,19,mungbean
Barguna,Kharif 2,Mug,13617,22.66,47.01,19.95,6.92,30.0,25.0,35,70.0,80,60,207.8076923076923,0.3514724242,Feb,March to May,May,4786,mungbean
Barishal,Kharif 2,Mug,12212,21.69,51.04,17.46,6.75,30.0,25.0,35,70.0,80,60,175.42564102564103,0.413937111,Feb,March to May,May,5055,mungbean
Bhola,Kharif 2,Mug,25459,21.56,43.63,21.59,6.62,30.0,25.0,35,70.0,80,60,185.23090277777777,0.3654110531,Feb,March to May,May,9303,mungbean
Bogura,Kharif 2,Mug,11,23.72,43.32,19.26,6.46,30.0,25.0,35,70.0,80,60,142.85416666666666,0.3636363636,Feb,March to May,May,4,mungbean
Brahmanbaria,Kharif 2,Mug,21,20.18,45.62,19.94,6.54,30.0,25.0,35,70.0,80,60,185.7563131313132,0.3333333333,Feb,March to May,May,7,mungbean
Chandpur,Kharif 2,Mug,167,22.16,50.23,19.5,6.39,30.0,25.0,35,70.0,80,60,168.796875,0.4251497006,Feb,March to May,May,71,mungbean
Chapai Nawabganj,Kharif 2,Mug,26,21.06,42.97,21.24,6.72,30.0,25.0,35,70.0,80,60,124.92,0.2692307692,Feb,March to May,May,7,mungbean
Chattogram,Kharif 2,Mug,1678,21.33,39.25,16.49,6.48,30.0,25.0,35,70.0,80,60,243.94444444444449,0.3009535161,Feb,March to May,May,505,mungbean
Chuadanga,Kharif 2,Mug,1387,22.91,46.0,19.85,6.67,30.0,25.0,35,70.0,80,60,129.44444444444446,0.570295602,Feb,March to May,May,791,mungbean
CoxsBazar,Kharif 2,Mug,0,21.63,48.85,19.74,7.0,30.0,25.0,35,70.0,80,60,303.40277777777777,2.518413598,Feb,March to May,May,0,mungbean
Cumilla,Kharif 2,Mug,3,21.67,50.68,19.33,6.96,30.0,25.0,35,70.0,80,60,185.7563131313132,0.6666666667,Feb,March to May,May,2,mungbean
Dhaka,Kharif 2,Mug,61,22.34,45.97,21.93,6.71,30.0,25.0,35,70.0,80,60,169.94262295081967,0.606557377,Feb,March to May,May,37,mungbean
Dinajpur,Kharif 2,Mug,38,20.53,46.11,18.81,6.7,30.0,25.0,35,70.0,80,60,154.21843434343435,0.3157894737,Feb,March to May,May,12,mungbean
Faridpur,Kharif 2,Mug,960,19.93,50.55,20.79,7.1,30.0,25.0,35,70.0,80,60,155.864898989899,0.3645833333,Feb,March to May,May,350,mungbean
Feni,Kharif 2,Mug,1381,19.67,41.98,20.29,6.82,30.0,25.0,35,70.0,80,60,248.1727642276423,0.5228095583,Feb,March to May,May,722,mungbean
Gaibandha,Kharif 2,Mug,133,18.51,46.18,21.37,6.65,30.0,25.0,35,70.0,80,60,179.6013888888889,0.4060150376,Feb,March to May,May,54,mungbean
Gazipur,Kharif 2,Mug,132,23.58,47.82,19.07,6.43,30.0,25.0,35,70.0,80,60,169.94262295081967,0.2651515152,Feb,March to May,May,35,mungbean
Gopalganj,Kharif 2,Mug,169,19.6,48.55,19.0,6.8,30.0,25.0,35,70.0,80,60,155.864898989899,0.3964497041,Feb,March to May,May,67,mungbean
Habiganj,Kharif 2,Mug,0,20.71,45.83,21.18,6.89,30.0,25.0,35,70.0,80,60,333.72557471264366,2.518413598,Feb,March to May,May,0,mungbean
Jamalpur,Kharif 2,Mug,87,20.64,47.38,20.38,6.59,30.0,25.0,35,70.0,80,60,181.08838383838383,0.3793103448,Feb,March to May,May,33,mungbean
Jashore,Kharif 2,Mug,1638,21.38,40.22,18.03,6.78,30.0,25.0,35,70.0,80,60,134.2247474747475,0.3882783883,Feb,March to May,May,636,mungbean
Jhallokati,Kharif 2,Mug,2269,22.02,45.41,19.23,6.65,30.0,25.0,35,70.0,80,60,175.42564102564103,0.3389158219,Feb,March to May,May,769,mungbean
Jhenaidah,Kharif 2,Mug,1654,22.07,48.57,20.33,6.68,30.0,25.0,35,70.0,80,60,134.2247474747475,0.4268440145,Feb,March to May,May,706,mungbean
Joypurhat,Kharif 2,Mug,18,20.26,44.49,20.87,6.22,30.0,25.0,35,70.0,80,60,142.85416666666666,0.2777777778,Feb,March to May,May,5,mungbean
Khagrachari,Kharif 2,Mug,0,20.78,47.45,19.06,6.68,30.0,25.0,35,70.0,80,60,204.11111111111111,2.518413598,Feb,March to May,May,0,mungbean
Khulna,Kharif 2,Mug,217,21.35,48.55,16.4,6.92,30.0,25.0,35,70.0,80,60,144.96843434343435,0.2811059908,Feb,March to May,May,61,mungbean
Kishoreganj,Kharif 2,Mug,233,20.68,46.31,20.49,6.59,30.0,25.0,35,70.0,80,60,181.08838383838383,0.3690987124,Feb,March to May,May,86,mungbean
Kurigram,Kharif 2,Mug,125,23.01,47.76,18.42,6.73,30.0,25.0,35,70.0,80,60,179.6013888888889,0.368,Feb,March to May,May,46,mungbean
Kushtia,Kharif 2,Mug,157,21.61,44.55,17.46,6.57,30.0,25.0,35,70.0,80,60,129.44444444444446,0.5350318471,Feb,March to May,May,84,mungbean
Lakshmipur,Kharif 2,Mug,1542,21.92,46.69,16.49,6.79,30.0,25.0,35,70.0,80,60,185.7563131313132,0.2548638132,Feb,March to May,May,393,mungbean
Lalmonirhat,Kharif 2,Mug,118,21.82,49.01,20.84,6.68,30.0,25.0,35,70.0,80,60,179.6013888888889,0.3220338983,Feb,March to May,May,38,mungbean
Madaripur,Kharif 2,Mug,480,22.47,47.73,20.02,6.53,30.0,25.0,35,70.0,80,60,160.41666666666666,0.3208333333,Feb,March to May,May,154,mungbean
Magura,Kharif 2,Mug,129,21.22,45.62,19.6,6.99,30.0,25.0,35,70.0,80,60,134.2247474747475,0.2248062016,Feb,March to May,May,29,mungbean
Manikganj,Kharif 2,Mug,268,19.36,47.92,21.53,6.91,30.0,25.0,35,70.0,80,60,169.94262295081967,0.302238806,Feb,March to May,May,81,mungbean
Meherpur,Kharif 2,Mug,78,21.49,49.31,20.63,6.6,30.0,25.0,35,70.0,80,60,129.44444444444446,0.9358974359,Feb,March to May,May,73,mungbean
Moulvibazar,Kharif 2,Mug,11,20.17,41.46,21.8,6.82,30.0,25.0,35,70.0,80,60,333.72557471264366,0.2727272727,Feb,March to May,May,3,mungbean
Munshiganj,Kharif 2,Mug,0,20.32,50.57,18.21,6.83,30.0,25.0,35,70.0,80,60,169.94262295081967,2.518413598,Feb,March to May,May,0,mungbean
Mymensingh,Kharif 2,Mug,154,21.73,46.33,19.83,6.85,30.0,25.0,35,70.0,80,60,181.08838383838383,0.3766233766,Feb,March to May,May,58,mungbean
Naogaon,Kharif 2,Mug,158,22.55,48.49,17.94,6.38,30.0,25.0,35,70.0,80,60,124.92,0.4810126582,Feb,March to May,May,76,mungbean
Narail,Kharif 2,Mug,385,21.02,50.68,19.6,6.92,30.0,25.0,35,70.0,80,60,134.2247474747475,0.3974025974,Feb,March to May,May,153,mungbean
Narayanganj,Kharif 2,Mug,29,21.38,43.39,19.57,6.61,30.0,25.0,35,70.0,80,60,169.94262295081967,0.4137931034,Feb,March to May,May,12,mungbean
Narsingdi,Kharif 2,Mug,28,23.13,45.27,20.62,6.65,30.0,25.0,35,70.0,80,60,169.94262295081967,0.2857142857,Feb,March to May,May,8,mungbean
Natore,Kharif 2,Mug,10616,21.29,46.46,19.92,7.25,30.0,25.0,35,70.0,80,60,124.92,0.3733986436,Feb,March to May,May,3964,mungbean
Netrokona,Kharif 2,Mug,33,24.27,45.06,20.61,6.78,30.0,25.0,35,70.0,80,60,181.08838383838383,0.303030303,Feb,March to May,May,10,mungbean
Nilphamari,Kharif 2,Mug,11,21.7,52.2,20.71,6.64,30.0,25.0,35,70.0,80,60,179.6013888888889,0.4545454545,Feb,March to May,May,5,mungbean
Noakhali,Kharif 2,Mug,7793,18.77,44.85,22.44,6.28,30.0,25.0,35,70.0,80,60,185.7563131313132,0.3292698576,Feb,March to May,May,2566,mungbean
Pabna,Kharif 2,Mug,462,21.94,45.7,19.49,7.0,30.0,25.0,35,70.0,80,60,124.92,0.4199134199,Feb,March to May,May,194,mungbean
Panchagar,Kharif 2,Mug,246,21.47,47.86,18.75,6.45,30.0,25.0,35,70.0,80,60,154.21843434343435,0.5691056911,Feb,March to May,May,140,mungbean
Patuakhali,Kharif 2,Mug,12559,22.61,43.87,20.16,6.52,30.0,25.0,35,70.0,80,60,207.8076923076923,0.3673063142,Feb,March to May,May,4613,mungbean
Pirojpur,Kharif 2,Mug,602,21.84,46.16,18.91,6.65,30.0,25.0,35,70.0,80,60,175.42564102564103,0.353820598,Feb,March to May,May,213,mungbean
Rajbari,Kharif 2,Mug,150,20.82,48.18,21.64,7.01,30.0,25.0,35,70.0,80,60,155.864898989899,0.4,Feb,March to May,May,60,mungbean
Rajshahi,Kharif 2,Mug,8557,19.45,46.34,19.53,6.88,30.0,25.0,35,70.0,80,60,124.92,0.4377702466,Feb,March to May,May,3746,mungbean
Rangamati,Kharif 2,Mug,0,20.73,47.02,19.2,6.69,30.0,25.0,35,70.0,80,60,204.11111111111111,2.518413598,Feb,March to May,May,0,mungbean
Rangpur,Kharif 2,Mug,46,19.92,45.78,19.31,6.78,30.0,25.0,35,70.0,80,60,179.6013888888889,0.4347826087,Feb,March to May,May,20,mungbean
Satkhira,Kharif 2,Mug,30,20.26,42.98,20.73,6.6,30.0,25.0,35,70.0,80,60,140.35353535353536,0.2666666667,Feb,March to May,May,8,mungbean
Shariatpur,Kharif 2,Mug,215,21.73,48.19,19.68,6.75,30.0,25.0,35,70.0,80,60,155.864898989899,0.5023255814,Feb,March to May,May,108,mungbean
Sherpur,Kharif 2,Mug,11,23.09,52.26,19.11,6.73,30.0,25.0,35,70.0,80,60,181.08838383838383,0.3636363636,Feb,March to May,May,4,mungbean
Sirajganj,Kharif 2,Mug,19,21.49,47.33,21.86,6.92,30.0,25.0,35,70.0,80,60,142.85416666666666,0.3157894737,Feb,March to May,May,6,mungbean
Sunamganj,Kharif 2,Mug,0,19.48,47.92,18.85,6.91,30.0,25.0,35,70.0,80,60,333.72557471264366,2.518413598,Feb,March to May,May,0,mungbean
Sylhet,Kharif 2,Mug,9,21.55,49.25,19.91,6.82,30.0,25.0,35,70.0,80,60,333.72557471264366,0.2222222222,Feb,March to May,May,2,mungbean
Tangail,Kharif 2,Mug,2,22.5,43.68,20.65,6.65,30.0,25.0,35,70.0,80,60,153.4104938271605,0.5,Feb,March to May,May,1,mungbean
Thakurgaon,Kharif 2,Mug,171,20.22,52.11,17.93,6.87,30.0,25.0,35,70.0,80,60,154.21843434343435,0.3040935673,Feb,March to May,May,52,mungbean
Bagerhat,Kharif 1,Ripe Papaya,90,49.48,59.77,51.48,6.72,30.0,25.0,35,80.0,90,70,144.96843434343435,11.4,April,No need to do,April to May,1026,papaya
Bandarban,Kharif 1,Ripe Papaya,100,49.92,64.83,46.87,6.52,30.0,25.0,35,80.0,90,70,243.94444444444449,21.8,April,No need to do,April to May,2180,papaya
Barguna,Kharif 1,Ripe Papaya,150,47.53,56.45,52.51,6.66,30.0,25.0,35,80.0,90,70,207.8076923076923,3.773333333,April,No need to do,April to May,566,papaya
Barishal,Kharif 1,Ripe Papaya,170,51.82,65.49,47.15,6.76,30.0,25.0,35,80.0,90,70,175.42564102564103,13.70588235,April,No need to do,April to May,2330,papaya
Bhola,Kharif 1,Ripe Papaya,62,49.52,61.8,52.12,6.92,30.0,25.0,35,80.0,90,70,185.23090277777777,15.35483871,April,No need to do,April to May,952,papaya
Bogura,Kharif 1,Ripe Papaya,277,51.14,61.01,53.36,6.7,30.0,25.0,35,80.0,90,70,142.85416666666666,17.55234657,April,No need to do,April to May,4862,papaya
Brahmanbaria,Kharif 1,Ripe Papaya,39,47.22,59.88,52.63,6.5,30.0,25.0,35,80.0,90,70,185.7563131313132,14.58974359,April,No need to do,April to May,569,papaya
Chandpur,Kharif 1,Ripe Papaya,191,48.57,58.17,50.79,6.75,30.0,25.0,35,80.0,90,70,168.796875,8.806282723,April,No need to do,April to May,1682,papaya
Chapai Nawabganj,Kharif 1,Ripe Papaya,86,52.04,63.3,49.35,6.76,30.0,25.0,35,80.0,90,70,124.92,15.98837209,April,No need to do,April to May,1375,papaya
Chattogram,Kharif 1,Ripe Papaya,200,48.76,59.55,48.31,6.78,30.0,25.0,35,80.0,90,70,243.94444444444449,13.695,April,No need to do,April to May,2739,papaya
Chuadanga,Kharif 1,Ripe Papaya,69,55.05,52.08,54.46,6.93,30.0,25.0,35,80.0,90,70,129.44444444444446,28.10144928,April,No need to do,April to May,1939,papaya
CoxsBazar,Kharif 1,Ripe Papaya,100,48.68,55.09,47.94,6.95,30.0,25.0,35,80.0,90,70,303.40277777777777,40.86,April,No need to do,April to May,4086,papaya
Cumilla,Kharif 1,Ripe Papaya,190,50.55,58.39,46.93,6.62,30.0,25.0,35,80.0,90,70,185.7563131313132,12.67894737,April,No need to do,April to May,2409,papaya
Dhaka,Kharif 1,Ripe Papaya,160,52.67,60.15,52.04,6.62,30.0,25.0,35,80.0,90,70,169.94262295081967,10.0875,April,No need to do,April to May,1614,papaya
Dinajpur,Kharif 1,Ripe Papaya,158,45.64,58.85,47.65,6.53,30.0,25.0,35,80.0,90,70,154.21843434343435,15.64556962,April,No need to do,April to May,2472,papaya
Faridpur,Kharif 1,Ripe Papaya,55,44.61,63.37,47.19,6.88,30.0,25.0,35,80.0,90,70,155.864898989899,19.8,April,No need to do,April to May,1089,papaya
Feni,Kharif 1,Ripe Papaya,60,45.31,52.14,45.71,7.03,30.0,25.0,35,80.0,90,70,248.1727642276423,8.2,April,No need to do,April to May,492,papaya
Gaibandha,Kharif 1,Ripe Papaya,147,53.66,59.56,48.59,6.68,30.0,25.0,35,80.0,90,70,179.6013888888889,10.37414966,April,No need to do,April to May,1525,papaya
Gazipur,Kharif 1,Ripe Papaya,200,48.23,52.61,49.79,6.69,30.0,25.0,35,80.0,90,70,169.94262295081967,8.595,April,No need to do,April to May,1719,papaya
Gopalganj,Kharif 1,Ripe Papaya,114,57.54,61.74,50.77,7.04,30.0,25.0,35,80.0,90,70,155.864898989899,9.333333333,April,No need to do,April to May,1064,papaya
Habiganj,Kharif 1,Ripe Papaya,20,48.19,58.72,52.9,6.84,30.0,25.0,35,80.0,90,70,333.72557471264366,25.5,April,No need to do,April to May,510,papaya
Jamalpur,Kharif 1,Ripe Papaya,155,50.43,60.54,51.62,6.83,30.0,25.0,35,80.0,90,70,181.08838383838383,21.0,April,No need to do,April to May,3255,papaya
Jashore,Kharif 1,Ripe Papaya,150,54.5,55.99,49.47,6.5,30.0,25.0,35,80.0,90,70,134.2247474747475,22.04666667,April,No need to do,April to May,3307,papaya
Jhallokati,Kharif 1,Ripe Papaya,130,55.88,63.58,49.44,6.88,30.0,25.0,35,80.0,90,70,175.42564102564103,10.13846154,April,No need to do,April to May,1318,papaya
Jhenaidah,Kharif 1,Ripe Papaya,107,56.05,62.74,51.57,6.55,30.0,25.0,35,80.0,90,70,134.2247474747475,11.12149533,April,No need to do,April to May,1190,papaya
Joypurhat,Kharif 1,Ripe Papaya,47,53.5,61.12,53.86,6.51,30.0,25.0,35,80.0,90,70,142.85416666666666,11.9787234,April,No need to do,April to May,563,papaya
Khagrachari,Kharif 1,Ripe Papaya,150,52.94,58.59,50.42,6.67,30.0,25.0,35,80.0,90,70,204.11111111111111,16.02666667,April,No need to do,April to May,2404,papaya
Khulna,Kharif 1,Ripe Papaya,200,51.65,61.1,48.63,6.62,30.0,25.0,35,80.0,90,70,144.96843434343435,5.495,April,No need to do,April to May,1099,papaya
Kishoreganj,Kharif 1,Ripe Papaya,90,52.21,56.55,47.06,6.7,30.0,25.0,35,80.0,90,70,181.08838383838383,12.96666667,April,No need to do,April to May,1167,papaya
Kurigram,Kharif 1,Ripe Papaya,70,48.23,62.08,45.7,6.45,30.0,25.0,35,80.0,90,70,179.6013888888889,15.32857143,April,No need to do,April to May,1073,papaya
Kushtia,Kharif 1,Ripe Papaya,126,47.43,64.89,52.04,6.93,30.0,25.0,35,80.0,90,70,129.44444444444446,43.79365079,April,No need to do,April to May,5518,papaya
Lakshmipur,Kharif 1,Ripe Papaya,165,49.87,62.84,51.78,6.97,30.0,25.0,35,80.0,90,70,185.7563131313132,21.6,April,No need to do,April to May,3564,papaya
Lalmonirhat,Kharif 1,Ripe Papaya,75,49.37,56.47,51.77,6.35,30.0,25.0,35,80.0,90,70,179.6013888888889,10.30666667,April,No need to do,April to May,773,papaya
Madaripur,Kharif 1,Ripe Papaya,134,48.52,60.33,49.65,6.94,30.0,25.0,35,80.0,90,70,160.41666666666666,8.171641791,April,No need to do,April to May,1095,papaya
Magura,Kharif 1,Ripe Papaya,95,51.96,54.47,54.26,6.58,30.0,25.0,35,80.0,90,70,134.2247474747475,25.77894737,April,No need to do,April to May,2449,papaya
Manikganj,Kharif 1,Ripe Papaya,110,52.74,61.08,48.59,6.91,30.0,25.0,35,80.0,90,70,169.94262295081967,13.80909091,April,No need to do,April to May,1519,papaya
Meherpur,Kharif 1,Ripe Papaya,55,50.14,60.65,52.91,6.73,30.0,25.0,35,80.0,90,70,129.44444444444446,28.90909091,April,No need to do,April to May,1590,papaya
Moulvibazar,Kharif 1,Ripe Papaya,45,54.3,52.43,49.92,6.75,30.0,25.0,35,80.0,90,70,333.72557471264366,20.42222222,April,No need to do,April to May,919,papaya
Munshiganj,Kharif 1,Ripe Papaya,92,46.46,54.93,48.21,6.7,30.0,25.0,35,80.0,90,70,169.94262295081967,5.608695652,April,No need to do,April to May,516,papaya
Mymensingh,Kharif 1,Ripe Papaya,400,49.3,58.05,51.82,6.99,30.0,25.0,35,80.0,90,70,181.08838383838383,11.995,April,No need to do,April to May,4798,papaya
Naogaon,Kharif 1,Ripe Papaya,70,47.73,57.98,51.27,6.49,30.0,25.0,35,80.0,90,70,124.92,22.22857143,April,No need to do,April to May,1556,papaya
Narail,Kharif 1,Ripe Papaya,29,44.29,54.76,51.11,6.86,30.0,25.0,35,80.0,90,70,134.2247474747475,47.86206897,April,No need to do,April to May,1388,papaya
Narayanganj,Kharif 1,Ripe Papaya,57,49.63,60.43,50.28,6.96,30.0,25.0,35,80.0,90,70,169.94262295081967,16.33333333,April,No need to do,April to May,931,papaya
Narsingdi,Kharif 1,Ripe Papaya,147,49.52,59.94,49.93,6.88,30.0,25.0,35,80.0,90,70,169.94262295081967,10.00680272,April,No need to do,April to May,1471,papaya
Natore,Kharif 1,Ripe Papaya,330,54.41,58.36,57.21,7.21,30.0,25.0,35,80.0,90,70,124.92,24.65151515,April,No need to do,April to May,8135,papaya
Netrokona,Kharif 1,Ripe Papaya,60,51.77,56.37,53.6,6.63,30.0,25.0,35,80.0,90,70,181.08838383838383,15.83333333,April,No need to do,April to May,950,papaya
Nilphamari,Kharif 1,Ripe Papaya,72,46.81,62.77,52.21,6.93,30.0,25.0,35,80.0,90,70,179.6013888888889,19.20833333,April,No need to do,April to May,1383,papaya
Noakhali,Kharif 1,Ripe Papaya,150,55.43,64.92,50.38,6.72,30.0,25.0,35,80.0,90,70,185.7563131313132,14.30666667,April,No need to do,April to May,2146,papaya
Pabna,Kharif 1,Ripe Papaya,399,53.53,57.34,53.06,6.99,30.0,25.0,35,80.0,90,70,124.92,11.37092732,April,No need to do,April to May,4537,papaya
Panchagar,Kharif 1,Ripe Papaya,65,51.62,56.88,51.6,6.74,30.0,25.0,35,80.0,90,70,154.21843434343435,19.53846154,April,No need to do,April to May,1270,papaya
Patuakhali,Kharif 1,Ripe Papaya,120,49.2,60.79,50.12,6.66,30.0,25.0,35,80.0,90,70,207.8076923076923,2.425,April,No need to do,April to May,291,papaya
Pirojpur,Kharif 1,Ripe Papaya,52,47.01,57.78,49.13,7.0,30.0,25.0,35,80.0,90,70,175.42564102564103,17.30769231,April,No need to do,April to May,900,papaya
Rajbari,Kharif 1,Ripe Papaya,90,48.77,58.56,49.8,6.64,30.0,25.0,35,80.0,90,70,155.864898989899,22.23333333,April,No need to do,April to May,2001,papaya
Rajshahi,Kharif 1,Ripe Papaya,175,53.14,61.67,40.52,6.45,30.0,25.0,35,80.0,90,70,124.92,16.46285714,April,No need to do,April to May,2881,papaya
Rangamati,Kharif 1,Ripe Papaya,300,55.52,52.29,50.67,6.64,30.0,25.0,35,80.0,90,70,204.11111111111111,15.46,April,No need to do,April to May,4638,papaya
Rangpur,Kharif 1,Ripe Papaya,100,54.5,63.72,48.57,6.87,30.0,25.0,35,80.0,90,70,179.6013888888889,14.82,April,No need to do,April to May,1482,papaya
Satkhira,Kharif 1,Ripe Papaya,200,48.42,59.31,54.82,7.02,30.0,25.0,35,80.0,90,70,140.35353535353536,8.465,April,No need to do,April to May,1693,papaya
Shariatpur,Kharif 1,Ripe Papaya,120,46.53,57.59,50.1,6.76,30.0,25.0,35,80.0,90,70,155.864898989899,16.075,April,No need to do,April to May,1929,papaya
Sherpur,Kharif 1,Ripe Papaya,115,50.3,58.73,46.47,7.01,30.0,25.0,35,80.0,90,70,181.08838383838383,9.12173913,April,No need to do,April to May,1049,papaya
Sirajganj,Kharif 1,Ripe Papaya,180,44.59,58.92,49.89,6.47,30.0,25.0,35,80.0,90,70,142.85416666666666,16.00555556,April,No need to do,April to May,2881,papaya
Sunamganj,Kharif 1,Ripe Papaya,60,50.85,52.92,46.9,6.65,30.0,25.0,35,80.0,90,70,333.72557471264366,7.833333333,April,No need to do,April to May,470,papaya
Sylhet,Kharif 1,Ripe Papaya,55,49.44,64.35,51.46,6.68,30.0,25.0,35,80.0,90,70,333.72557471264366,11.01818182,April,No need to do,April to May,606,papaya
Tangail,Kharif 1,Ripe Papaya,390,48.49,59.2,50.91,6.72,30.0,25.0,35,80.0,90,70,153.4104938271605,13.52051282,April,No need to do,April to May,5273,papaya
Thakurgaon,Kharif 1,Ripe Papaya,44,45.11,60.62,52.92,6.76,30.0,25.0,35,80.0,90,70,154.21843434343435,13.18181818,April,No need to do,April to May,580,papaya
Bagerhat,Rabi,Wheat,259,82.35,50.3,37.98,6.56,17.75,15.5,20,55.0,60,50,144.96843434343435,0.7722007722,Dec,Jan  to  March,April,200,rice
Bandarban,Rabi,Wheat,0,77.34,44.66,39.95,6.34,17.75,15.5,20,55.0,60,50,243.94444444444449,2.518413598,Dec,Jan  to  March,April,0,rice
Barguna,Rabi,Wheat,0,74.28,48.93,36.6,6.46,17.75,15.5,20,55.0,60,50,207.8076923076923,2.518413598,Dec,Jan  to  March,April,0,rice
Barishal,Rabi,Wheat,1800,66.12,46.82,41.55,6.42,17.75,15.5,20,55.0,60,50,175.42564102564103,0.9422222222,Dec,Jan  to  March,April,1696,rice
Bhola,Rabi,Wheat,5670,79.76,50.0,41.11,6.25,17.75,15.5,20,55.0,60,50,185.23090277777777,1.235449735,Dec,Jan  to  March,April,7005,rice
Bogura,Rabi,Wheat,6264,88.39,41.51,41.06,6.41,17.75,15.5,20,55.0,60,50,142.85416666666666,1.185185185,Dec,Jan  to  March,April,7424,rice
Brahmanbaria,Rabi,Wheat,1898,87.85,47.3,39.87,6.4,17.75,15.5,20,55.0,60,50,185.7563131313132,0.7260273973,Dec,Jan  to  March,April,1378,rice
Chandpur,Rabi,Wheat,107,77.7,45.86,40.86,6.4,17.75,15.5,20,55.0,60,50,168.796875,1.093457944,Dec,Jan  to  March,April,117,rice
Chapai Nawabganj,Rabi,Wheat,60134,77.0,48.81,43.71,6.44,17.75,15.5,20,55.0,60,50,124.92,1.468836266,Dec,Jan  to  March,April,88327,rice
Chattogram,Rabi,Wheat,0,82.14,48.92,39.19,6.44,17.75,15.5,20,55.0,60,50,243.94444444444449,2.518413598,Dec,Jan  to  March,April,0,rice
Chuadanga,Rabi,Wheat,1869,75.1,45.56,40.2,6.35,17.75,15.5,20,55.0,60,50,129.44444444444446,1.504547887,Dec,Jan  to  March,April,2812,rice
CoxsBazar,Rabi,Wheat,0,81.34,45.55,37.27,6.68,17.75,15.5,20,55.0,60,50,303.40277777777777,2.518413598,Dec,Jan  to  March,April,0,rice
Cumilla,Rabi,Wheat,1231,83.56,47.26,37.79,6.2,17.75,15.5,20,55.0,60,50,185.7563131313132,1.022745735,Dec,Jan  to  March,April,1259,rice
Dhaka,Rabi,Wheat,372,85.77,45.02,40.1,6.29,17.75,15.5,20,55.0,60,50,169.94262295081967,1.22311828,Dec,Jan  to  March,April,455,rice
Dinajpur,Rabi,Wheat,10237,79.41,49.98,42.51,6.97,17.75,15.5,20,55.0,60,50,154.21843434343435,1.279183354,Dec,Jan  to  March,April,13095,rice
Faridpur,Rabi,Wheat,55341,78.91,46.53,39.26,6.23,17.75,15.5,20,55.0,60,50,155.864898989899,1.37738747,Dec,Jan  to  March,April,76226,rice
Feni,Rabi,Wheat,150,75.68,39.28,39.31,6.17,17.75,15.5,20,55.0,60,50,248.1727642276423,1.073333333,Dec,Jan  to  March,April,161,rice
Gaibandha,Rabi,Wheat,7317,75.93,46.51,38.9,6.57,17.75,15.5,20,55.0,60,50,179.6013888888889,1.194888616,Dec,Jan  to  March,April,8743,rice
Gazipur,Rabi,Wheat,167,78.8,44.62,38.59,6.03,17.75,15.5,20,55.0,60,50,169.94262295081967,1.191616766,Dec,Jan  to  March,April,199,rice
Gopalganj,Rabi,Wheat,13291,81.65,42.92,40.58,6.38,17.75,15.5,20,55.0,60,50,155.864898989899,1.159355955,Dec,Jan  to  March,April,15409,rice
Habiganj,Rabi,Wheat,550,84.27,44.05,36.29,6.84,17.75,15.5,20,55.0,60,50,333.72557471264366,1.074545455,Dec,Jan  to  March,April,591,rice
Jamalpur,Rabi,Wheat,10623,76.04,47.89,42.93,6.13,17.75,15.5,20,55.0,60,50,181.08838383838383,1.145533277,Dec,Jan  to  March,April,12169,rice
Jashore,Rabi,Wheat,1890,87.05,51.37,38.28,6.05,17.75,15.5,20,55.0,60,50,134.2247474747475,1.227513228,Dec,Jan  to  March,April,2320,rice
Jhallokati,Rabi,Wheat,160,78.59,48.47,41.6,6.14,17.75,15.5,20,55.0,60,50,175.42564102564103,1.24375,Dec,Jan  to  March,April,199,rice
Jhenaidah,Rabi,Wheat,13261,79.79,45.85,36.83,6.6,17.75,15.5,20,55.0,60,50,134.2247474747475,1.406530428,Dec,Jan  to  March,April,18652,rice
Joypurhat,Rabi,Wheat,5649,76.31,48.88,41.47,6.65,17.75,15.5,20,55.0,60,50,142.85416666666666,1.09700832,Dec,Jan  to  March,April,6197,rice
Khagrachari,Rabi,Wheat,0,68.27,46.27,41.48,6.33,17.75,15.5,20,55.0,60,50,204.11111111111111,2.518413598,Dec,Jan  to  March,April,0,rice
Khulna,Rabi,Wheat,497,84.13,45.6,40.79,6.56,17.75,15.5,20,55.0,60,50,144.96843434343435,1.040241449,Dec,Jan  to  March,April,517,rice
Kishoreganj,Rabi,Wheat,3030,83.42,44.28,37.49,6.7,17.75,15.5,20,55.0,60,50,181.08838383838383,1.017821782,Dec,Jan  to  March,April,3084,rice
Kurigram,Rabi,Wheat,20932,78.54,42.58,40.47,6.77,17.75,15.5,20,55.0,60,50,179.6013888888889,1.337425951,Dec,Jan  to  March,April,27995,rice
Kushtia,Rabi,Wheat,27399,80.21,46.47,37.04,6.38,17.75,15.5,20,55.0,60,50,129.44444444444446,1.560640899,Dec,Jan  to  March,April,42760,rice
Lakshmipur,Rabi,Wheat,0,82.36,48.03,39.27,5.99,17.75,15.5,20,55.0,60,50,185.7563131313132,2.518413598,Dec,Jan  to  March,April,0,rice
Lalmonirhat,Rabi,Wheat,3302,72.4,47.3,42.33,6.27,17.75,15.5,20,55.0,60,50,179.6013888888889,1.216232586,Dec,Jan  to  March,April,4016,rice
Madaripur,Rabi,Wheat,11787,77.35,46.39,41.78,6.35,17.75,15.5,20,55.0,60,50,160.41666666666666,1.194451514,Dec,Jan  to  March,April,14079,rice
Magura,Rabi,Wheat,10947,83.7,44.88,39.91,6.38,17.75,15.5,20,55.0,60,50,134.2247474747475,1.132182333,Dec,Jan  to  March,April,12394,rice
Manikganj,Rabi,Wheat,3993,73.88,49.32,37.54,6.39,17.75,15.5,20,55.0,60,50,169.94262295081967,1.135487102,Dec,Jan  to  March,April,4534,rice
Meherpur,Rabi,Wheat,31854,81.3,43.82,41.41,6.65,17.75,15.5,20,55.0,60,50,129.44444444444446,1.718936397,Dec,Jan  to  March,April,54755,rice
Moulvibazar,Rabi,Wheat,88,73.39,49.8,39.92,6.68,17.75,15.5,20,55.0,60,50,333.72557471264366,0.7045454545,Dec,Jan  to  March,April,62,rice
Munshiganj,Rabi,Wheat,21,82.13,44.72,34.32,6.4,17.75,15.5,20,55.0,60,50,169.94262295081967,1.142857143,Dec,Jan  to  March,April,24,rice
Mymensingh,Rabi,Wheat,3247,79.72,45.43,41.74,6.64,17.75,15.5,20,55.0,60,50,181.08838383838383,1.121650755,Dec,Jan  to  March,April,3642,rice
Naogaon,Rabi,Wheat,56124,72.15,43.39,39.81,6.5,17.75,15.5,20,55.0,60,50,124.92,1.415829235,Dec,Jan  to  March,April,79462,rice
Narail,Rabi,Wheat,3717,85.47,46.15,42.75,6.44,17.75,15.5,20,55.0,60,50,134.2247474747475,1.182943234,Dec,Jan  to  March,April,4397,rice
Narayanganj,Rabi,Wheat,140,76.37,50.36,37.25,6.6,17.75,15.5,20,55.0,60,50,169.94262295081967,0.7642857143,Dec,Jan  to  March,April,107,rice
Narsingdi,Rabi,Wheat,241,76.01,49.05,32.27,6.44,17.75,15.5,20,55.0,60,50,169.94262295081967,0.9045643154,Dec,Jan  to  March,April,218,rice
Natore,Rabi,Wheat,53757,80.85,50.37,40.54,6.83,17.75,15.5,20,55.0,60,50,124.92,1.190003162,Dec,Jan  to  March,April,63971,rice
Netrokona,Rabi,Wheat,2005,85.4,49.07,40.57,6.15,17.75,15.5,20,55.0,60,50,181.08838383838383,0.8683291771,Dec,Jan  to  March,April,1741,rice
Nilphamari,Rabi,Wheat,12475,75.02,44.43,35.83,6.33,17.75,15.5,20,55.0,60,50,179.6013888888889,1.303807615,Dec,Jan  to  March,April,16265,rice
Noakhali,Rabi,Wheat,21,80.19,46.64,37.53,6.41,17.75,15.5,20,55.0,60,50,185.7563131313132,0.9523809524,Dec,Jan  to  March,April,20,rice
Pabna,Rabi,Wheat,64976,81.95,45.35,46.46,6.51,17.75,15.5,20,55.0,60,50,124.92,1.223959616,Dec,Jan  to  March,April,79528,rice
Panchagar,Rabi,Wheat,44594,83.21,51.38,39.14,6.67,17.75,15.5,20,55.0,60,50,154.21843434343435,1.334080818,Dec,Jan  to  March,April,59492,rice
Patuakhali,Rabi,Wheat,31,80.74,44.16,41.62,6.43,17.75,15.5,20,55.0,60,50,207.8076923076923,1.322580645,Dec,Jan  to  March,April,41,rice
Pirojpur,Rabi,Wheat,57,78.13,50.13,38.31,6.16,17.75,15.5,20,55.0,60,50,175.42564102564103,0.7368421053,Dec,Jan  to  March,April,42,rice
Rajbari,Rabi,Wheat,29485,75.92,50.13,34.87,6.59,17.75,15.5,20,55.0,60,50,155.864898989899,1.059725284,Dec,Jan  to  March,April,31246,rice
Rajshahi,Rabi,Wheat,62433,80.3,52.8,39.46,6.58,17.75,15.5,20,55.0,60,50,124.92,1.236269281,Dec,Jan  to  March,April,77184,rice
Rangamati,Rabi,Wheat,0,74.75,46.41,39.23,6.06,17.75,15.5,20,55.0,60,50,204.11111111111111,2.518413598,Dec,Jan  to  March,April,0,rice
Rangpur,Rabi,Wheat,4235,65.89,49.61,38.91,6.43,17.75,15.5,20,55.0,60,50,179.6013888888889,1.679338843,Dec,Jan  to  March,April,7112,rice
Satkhira,Rabi,Wheat,1843,81.98,54.09,39.6,6.12,17.75,15.5,20,55.0,60,50,140.35353535353536,1.174715138,Dec,Jan  to  March,April,2165,rice
Shariatpur,Rabi,Wheat,10260,84.22,45.82,40.5,6.3,17.75,15.5,20,55.0,60,50,155.864898989899,1.313157895,Dec,Jan  to  March,April,13473,rice
Sherpur,Rabi,Wheat,2080,68.56,43.2,39.51,6.26,17.75,15.5,20,55.0,60,50,181.08838383838383,1.173076923,Dec,Jan  to  March,April,2440,rice
Sirajganj,Rabi,Wheat,13460,75.05,42.21,36.85,6.59,17.75,15.5,20,55.0,60,50,142.85416666666666,1.149331352,Dec,Jan  to  March,April,15470,rice
Sunamganj,Rabi,Wheat,1172,82.86,49.61,41.03,6.45,17.75,15.5,20,55.0,60,50,333.72557471264366,0.7081911263,Dec,Jan  to  March,April,830,rice
Sylhet,Rabi,Wheat,590,89.75,42.2,35.21,6.18,17.75,15.5,20,55.0,60,50,333.72557471264366,0.7406779661,Dec,Jan  to  March,April,437,rice
Tangail,Rabi,Wheat,11985,79.99,46.52,34.97,6.6,17.75,15.5,20,55.0,60,50,153.4104938271605,1.135836462,Dec,Jan  to  March,April,13613,rice
Thakurgaon,Rabi,Wheat,121790,76.4,48.83,41.64,6.15,17.75,15.5,20,55.0,60,50,154.21843434343435,1.507652517,Dec,Jan  to  March,April,183617,rice
