Area,N,P,K,ph,Avg Temp,Min Temp,Max Temp,Avg Humidity,Min Relative Humidity,Max Relative Humidity,Rainfall,Season_enc,District_enc,Crop_enc
-0.2865678875751424,-1.1104349419207578,-1.1601797382801151,-0.08713580776138195,-0.9395473424830896,-0.714726888456093,-2.051134082799912,0.8469665319585392,0.033443696965827906,0.27812341015177994,-0.19250202198797847,-0.48522247572823496,-1.1965066274132958,0.9409870595939935,-0.7511819985150282
-0.22288337577329262,1.2789268685163104,-1.1568394705590088,0.6796484726614873,0.38803626753250386,0.36562507764992647,1.2375966411344874,-0.6226145083819664,1.3560794924906188,0.7133906013164308,1.78285899275332,-0.45330937043211694,1.3675043809518026,-0.6813557885851033,0.05007879990100188
-0.19585448413646103,1.8451044152818088,0.2384380746573705,-0.5179881059307273,1.434784883121723,1.554012240366548,1.7857184284568872,0.8469665319585392,-2.391388594829622,-2.7687469280007764,-1.7727908337810172,-0.66451343385658,1.3675043809518026,-1.7088395924318647,1.4022063972280525
3.788870608953696,1.8451044152818088,0.2384380746573705,-0.5179881059307273,1.434784883121723,-0.28258610201368517,-0.4067687208327123,-0.07152161825427683,0.25388299621995974,0.27812341015177994,0.20257018096028123,-0.8727562352098543,0.08549887676925344,0.5083623000795677,1.251969997525047
-0.20251914234828253,1.2789268685163104,-1.1568394705590088,0.6796484726614873,0.38803626753250386,0.5816954708711304,0.14135306648968757,0.8469665319585392,0.25388299621995974,0.7133906013164308,-0.19250202198797847,-0.07416729677918882,0.08549887676925344,-0.46504340882789036,-0.9514971981190357
-0.2458394207251222,0.6106213827974715,0.34341791732070936,-0.5090038784983656,-0.25022508343653194,-0.8227620850666949,-0.4067687208327123,-0.9900097684670929,-0.4074349015424357,-0.5924109721775218,-0.19250202198797847,0.03559255019714171,1.3675043809518026,0.7246746798367807,-0.6510243987130244
1.0585822948441608,-1.1693667737639242,-0.6710691076895581,-0.11330725289043549,-1.475686877297082,1.6620474369771499,1.7857184284568872,1.0306641620011023,-0.18699560228830392,0.7133906013164308,-0.9826464278844979,-0.8727562352098543,-1.1965066274132958,-0.5191215037671936,0.5508667989110206
-0.11735962075278578,1.2789268685163104,-1.1568394705590088,0.6796484726614873,0.38803626753250386,0.5816954708711304,0.14135306648968757,0.8469665319585392,0.6947615947282234,0.27812341015177994,0.9927145868568007,-0.9654119228257313,0.08549887676925344,-0.08649674425276777,-0.6009455988120226
-0.23621269219693558,-1.1693667737639242,-0.6710691076895581,-0.11330725289043549,-1.475686877297082,1.8781178301983537,1.4203039035752874,1.7654546821713553,-0.6278742007965675,-0.15714378101287094,-0.9826464278844979,-0.45330937043211694,-1.1965066274132958,-0.8976681683423162,1.60252159683206
-0.28323555846923165,0.6106213827974715,0.34341791732070936,-0.5090038784983656,-0.25022508343653194,0.7977658640923343,0.5067675913712875,0.8469665319585392,1.5765187917447507,1.5839249836457325,1.3877867898050604,-0.66451343385658,-1.1965066274132958,-0.24873102907067746,0.10015759980200376
-0.07255830721776356,0.6106213827974715,0.34341791732070936,-0.5090038784983656,-0.25022508343653194,-1.0388324782878988,-1.6857195579183122,-0.07152161825427683,0.47432229547409155,0.27812341015177994,0.597642383908541,0.03559255019714171,0.08549887676925344,-0.19465293413137422,-1.1518123977230432
-0.25879847835921954,-1.1270962975203966,0.32289912989105674,-0.49181666080167363,1.2305412508116313,-0.28258610201368517,-0.4067687208327123,-0.07152161825427683,0.9152008939823552,0.7133906013164308,0.9927145868568007,-0.20265138455711335,0.08549887676925344,-1.330292927856742,0.6510243987130244
-0.2906407342601444,-0.551662442088432,1.2667633516550785,1.8397856671881925,2.532594406788464,0.7977658640923343,0.5067675913712875,0.8469665319585392,-3.2731457918461495,-3.204014119165427,-2.9580074426257963,-0.48522247572823496,0.08549887676925344,-0.9517462632816194,-0.5508667989110206
-0.0699664956909441,-1.148385807453268,1.254833824079699,-0.4988477953139567,-1.5267477853746036,-1.6870436579515105,-1.320305033036712,-1.5411026585947825,-0.4074349015424357,-0.5924109721775218,-0.19250202198797847,2.406388753687064,-1.1965066274132958,-1.113980548099529,-1.5023639970300564
-0.27916271178422963,-1.2094774446519432,1.2939626745269432,-0.5238473846909631,1.4858457911992449,-1.9031140511727145,-1.320305033036712,-1.908497918679909,1.5765187917447507,1.1486577924810817,1.78285899275332,2.994129652669048,0.08549887676925344,-0.6272776936458,0.35055159930701313
0.1673693884078099,0.6106213827974715,0.34341791732070936,-0.5090038784983656,-0.25022508343653194,0.6897306674817323,0.5067675913712875,0.663268901915976,0.033443696965827906,0.27812341015177994,-0.19250202198797847,0.006770415145578656,-1.1965066274132958,-0.7895119784637097,0.400630399208015
-0.2380639861446638,0.6106213827974715,0.34341791732070936,-0.5090038784983656,-0.25022508343653194,-1.4709732647303067,-1.320305033036712,-1.173707398509656,0.25388299621995974,0.7133906013164308,-0.19250202198797847,0.5534877303040735,0.08549887676925344,-1.6006834025532581,-1.251969997525047
0.24845606331830464,1.8451044152818088,0.2384380746573705,-0.5179881059307273,1.434784883121723,-0.28258610201368517,-0.4067687208327123,-0.07152161825427683,0.25388299621995974,0.27812341015177994,0.20257018096028123,-0.66451343385658,0.08549887676925344,-1.7088395924318647,1.251969997525047
-0.10143849280232334,-0.24959823593942765,0.8497070676198127,0.6726173381492043,1.000767164462779,1.1218714539241401,1.0548893786936875,0.8469665319585392,-0.4074349015424357,0.27812341015177994,-0.9826464278844979,-1.053108353035776,-1.1965066274132958,0.6705965848974774,-0.3004727994060113
-0.03331087552592593,0.6106213827974715,0.34341791732070936,-0.5090038784983656,-0.25022508343653194,-0.8227620850666949,-0.4067687208327123,-0.9900097684670929,0.25388299621995974,-0.15714378101287094,0.597642383908541,-0.18044357397591915,1.3675043809518026,-1.0058243582209225,0.2003151996040075
-0.28323555846923165,-1.1490028946976991,1.2639002650369873,-0.48947294929757934,-1.4246259692195578,0.9058010607029362,1.6030111660160873,-0.07152161825427683,-3.2731457918461495,-2.7687469280007764,-3.353079645574056,0.481837613057126,0.08549887676925344,-0.30280912400998067,-1.702679196634064
1.0422909081041527,0.6763411743293793,0.3023803424614041,0.27535823820521127,0.20932308926117313,0.4736602742605284,-0.9548905081551122,1.7654546821713553,0.033443696965827906,0.27812341015177994,-0.19250202198797847,0.03559255019714171,-1.1965066274132958,0.7246746798367807,-1.652600396733062
-0.27916271178422963,-1.1490028946976991,1.2639002650369873,-0.48947294929757934,-1.4246259692195578,0.9058010607029362,1.6030111660160873,-0.07152161825427683,-3.2731457918461495,-2.7687469280007764,-3.353079645574056,-0.48522247572823496,0.08549887676925344,1.6980803887442388,-1.702679196634064
0.14922670772007363,-0.5538222474439407,1.2514935563585923,-0.5304879006192306,1.996454871974474,0.7977658640923343,0.5067675913712875,0.8469665319585392,-3.2731457918461495,-3.204014119165427,-2.9580074426257963,0.006770415145578656,0.08549887676925344,1.265455629229813,0.6009455988120226
-0.13661307780915896,1.2789268685163104,-1.1568394705590088,0.6796484726614873,0.38803626753250386,-0.17455090540308324,0.14135306648968757,-0.43891687833940324,0.6947615947282234,0.7133906013164308,0.597642383908541,2.994129652669048,-1.1965066274132958,1.5899241988656323,-0.10015759980200376
-0.0855173648518609,1.3039189019157686,1.945314880142661,0.6730079567332199,-0.9395473424830896,0.25758988103932456,-0.4067687208327123,0.8469665319585392,0.6947615947282234,0.27812341015177994,0.9927145868568007,0.11588619232781792,1.3675043809518026,-1.4925272126746516,-1.60252159683206
-0.2684252068874061,0.6106213827974715,0.34341791732070936,-0.5090038784983656,-0.25022508343653194,-0.606691691845491,-0.9548905081551122,-0.07152161825427683,-0.18699560228830392,-0.5924109721775218,0.20257018096028123,0.5534877303040735,0.08549887676925344,0.9950651545332968,0.9514971981190357
-0.2565769256219457,-1.1693667737639242,-0.6710691076895581,-0.11330725289043549,-1.475686877297082,0.25758988103932456,0.5067675913712875,-0.07152161825427683,-0.18699560228830392,-0.15714378101287094,-0.19250202198797847,-0.9654119228257313,-1.1965066274132958,0.2379718253830516,-1.7527579965350657
-0.2913812518392357,-0.551662442088432,1.2667633516550785,1.8397856671881925,2.532594406788464,0.7977658640923343,0.5067675913712875,0.8469665319585392,-3.2731457918461495,-3.204014119165427,-2.9580074426257963,2.994129652669048,0.08549887676925344,1.5899241988656323,-0.5508667989110206
-0.08810917637868036,0.6106213827974715,0.34341791732070936,-0.5090038784983656,-0.25022508343653194,-0.8227620850666949,-0.4067687208327123,-0.9900097684670929,0.6947615947282234,0.7133906013164308,0.597642383908541,-0.07416729677918882,1.3675043809518026,1.0491432494726,0.2503939995050094
-0.18363594408145498,0.6106213827974715,0.34341791732070936,-0.5090038784983656,-0.25022508343653194,-0.0665157087924813,-0.4067687208327123,0.2958736418308496,-0.9805770796031784,-1.0276781633421728,-0.824617546705194,-0.7539631269986905,0.08549887676925344,1.319533724169116,0.80126079841603
-0.24250709161921144,1.2789268685163104,-1.1568394705590088,0.6796484726614873,0.38803626753250386,0.36562507764992647,1.2375966411344874,-0.6226145083819664,1.3560794924906188,0.7133906013164308,1.78285899275332,0.5534877303040735,1.3675043809518026,0.9950651545332968,0.05007879990100188
-0.2565769256219457,0.6106213827974715,0.34341791732070936,-0.5090038784983656,-0.25022508343653194,-1.2549028715091026,-0.4067687208327123,-1.7248002886373457,-0.49561062124408845,0.3651768483847101,-1.2196897496534538,0.006770415145578656,0.08549887676925344,0.021659445625838693,-1.2018911976240452
-0.2858273699960511,0.6106213827974715,0.34341791732070936,-0.5090038784983656,-0.25022508343653194,-0.0665157087924813,-0.4067687208327123,0.2958736418308496,-0.9805770796031784,-1.0276781633421728,-0.824617546705194,-0.48522247572823496,0.08549887676925344,1.6980803887442388,0.80126079841603
-0.2821247821005947,-1.1270962975203966,0.32289912989105674,-0.49181666080167363,1.2305412508116313,0.7977658640923343,0.5067675913712875,0.8469665319585392,1.135640193236487,0.7133906013164308,1.3877867898050604,-0.18044357397591915,1.3675043809518026,-0.7354338835244065,-0.35055159930701313
-0.28138426452150345,0.6106213827974715,0.34341791732070936,-0.5090038784983656,-0.25022508343653194,-0.0665157087924813,-0.4067687208327123,0.2958736418308496,-0.9805770796031784,-1.0276781633421728,-0.824617546705194,-0.7054938746681985,0.08549887676925344,-0.3568872189492839,0.80126079841603
-0.09921694006504951,-1.0734097072548943,4.356033812575339,6.534630428473198,-0.8118950722892828,0.25758988103932456,0.5067675913712875,-0.07152161825427683,-0.18699560228830392,-0.5924109721775218,0.20257018096028123,0.03559255019714171,0.08549887676925344,0.7246746798367807,-1.4022063972280525
-0.29249202820787257,0.6106213827974715,0.34341791732070936,-0.5090038784983656,-0.25022508343653194,-1.2549028715091026,-0.4067687208327123,-1.7248002886373457,-0.49561062124408845,0.3651768483847101,-1.2196897496534538,1.253919396708919,0.08549887676925344,-1.6547614974925613,-1.2018911976240452
-0.2499122674101242,0.6106213827974715,0.34341791732070936,-0.5090038784983656,-0.25022508343653194,-0.606691691845491,-0.9548905081551122,-0.07152161825427683,-0.18699560228830392,-0.5924109721775218,0.20257018096028123,1.253919396708919,0.08549887676925344,-1.6547614974925613,0.9514971981190357
-0.2565769256219457,1.8451044152818088,0.2384380746573705,-0.5179881059307273,1.434784883121723,-0.28258610201368517,-0.4067687208327123,-0.07152161825427683,0.25388299621995974,0.27812341015177994,0.20257018096028123,-0.07416729677918882,0.08549887676925344,1.0491432494726,1.251969997525047
-0.15697731123416905,-1.148385807453268,1.254833824079699,-0.4988477953139567,-1.5267477853746036,-1.6870436579515105,-1.320305033036712,-1.5411026585947825,-0.4074349015424357,-0.5924109721775218,-0.19250202198797847,0.006770415145578656,-1.1965066274132958,-0.14057483919207098,-1.5023639970300564
0.1943982800446415,-1.1270962975203966,0.32289912989105674,-0.49181666080167363,1.2305412508116313,-0.28258610201368517,-0.4067687208327123,-0.07152161825427683,0.9152008939823552,0.7133906013164308,0.9927145868568007,-0.45330937043211694,0.08549887676925344,-0.8976681683423162,0.6510243987130244
-0.2936028045765095,-1.1104349419207578,-1.1601797382801151,-0.08713580776138195,-0.9395473424830896,-0.8227620850666949,-0.4067687208327123,-0.9900097684670929,-1.0687527993048311,-1.0276781633421728,-0.9826464278844979,-0.48522247572823496,1.3675043809518026,1.6980803887442388,0.9014183982180338
-0.27064675962467993,-1.1693667737639242,-0.6710691076895581,-0.11330725289043549,-1.475686877297082,0.25758988103932456,0.5067675913712875,-0.07152161825427683,-0.18699560228830392,-0.15714378101287094,-0.19250202198797847,-0.9654119228257313,-1.1965066274132958,-0.08649674425276777,-1.7527579965350657
-0.24620967951466782,-1.1270962975203966,0.32289912989105674,-0.49181666080167363,1.2305412508116313,0.7977658640923343,0.5067675913712875,0.8469665319585392,1.135640193236487,0.7133906013164308,1.3877867898050604,0.481837613057126,1.3675043809518026,-0.30280912400998067,-0.35055159930701313
-0.2558364080428544,-0.551662442088432,1.2667633516550785,1.8397856671881925,2.532594406788464,0.7977658640923343,0.5067675913712875,0.8469665319585392,-3.2731457918461495,-3.204014119165427,-2.9580074426257963,-0.45330937043211694,0.08549887676925344,-0.6813557885851033,-0.5508667989110206
-0.28619762878559674,-1.2063920084297877,-1.0733327775313528,0.2886392700617461,0.20932308926117313,-0.4986564952348891,-2.233841345240712,1.3980594220862288,0.9152008939823552,1.1486577924810817,0.597642383908541,-0.8727562352098543,-1.1965066274132958,0.5083623000795677,-0.9014183982180338
-0.1828954265023637,-1.1693667737639242,-0.6710691076895581,-0.11330725289043549,-1.475686877297082,2.3102586166407617,0.8721821162528874,3.051338092469298,0.9152008939823552,1.1486577924810817,0.597642383908541,-0.8727562352098543,-1.1965066274132958,0.12981563550444514,-0.2503939995050094
-0.28545711120650546,-1.1693667737639242,-0.6710691076895581,-0.11330725289043549,-1.475686877297082,1.337941847145344,1.4203039035752874,0.8469665319585392,0.6947615947282234,0.7133906013164308,0.597642383908541,0.481837613057126,0.08549887676925344,-0.30280912400998067,-0.15023639970300565
-0.2799032293633209,-0.551662442088432,1.2667633516550785,1.8397856671881925,2.532594406788464,0.7977658640923343,0.5067675913712875,0.8469665319585392,-3.2731457918461495,-3.204014119165427,-2.9580074426257963,-0.18044357397591915,0.08549887676925344,-0.7354338835244065,-0.5508667989110206
-0.25509589046376313,-1.1104349419207578,-1.1601797382801151,-0.08713580776138195,-0.9395473424830896,-0.8227620850666949,-0.4067687208327123,-0.9900097684670929,-1.0687527993048311,-1.0276781633421728,-0.9826464278844979,-0.7054938746681985,1.3675043809518026,-1.4384491177353484,0.9014183982180338
-0.23880450372375506,0.6106213827974715,0.34341791732070936,-0.5090038784983656,-0.25022508343653194,0.25758988103932456,0.5067675913712875,-0.07152161825427683,-0.4074349015424357,-1.0276781633421728,0.20257018096028123,-0.66451343385658,0.08549887676925344,-1.7088395924318647,-0.7011031986140263
-0.27175753599331687,0.6106213827974715,0.34341791732070936,-0.5090038784983656,-0.25022508343653194,0.7977658640923343,0.5067675913712875,0.8469665319585392,1.5765187917447507,1.5839249836457325,1.3877867898050604,-0.45330937043211694,-1.1965066274132958,-0.6813557885851033,0.10015759980200376
-0.1584583463923516,0.6106213827974715,0.34341791732070936,-0.5090038784983656,-0.25022508343653194,-0.606691691845491,-0.9548905081551122,-0.07152161825427683,-0.18699560228830392,-0.5924109721775218,0.20257018096028123,-1.053108353035776,0.08549887676925344,0.4542842051402645,1.1017335978220413
-0.286938146364688,-1.1693667737639242,-0.6710691076895581,-0.11330725289043549,-1.475686877297082,1.8781178301983537,1.4203039035752874,1.7654546821713553,-0.6278742007965675,-0.15714378101287094,-0.9826464278844979,0.006770415145578656,-1.1965066274132958,1.265455629229813,1.60252159683206
-0.0544156265300273,1.2789268685163104,-1.1568394705590088,0.6796484726614873,0.38803626753250386,-0.8227620850666949,-0.4067687208327123,-0.9900097684670929,-1.0687527993048311,-1.0276781633421728,-0.9826464278844979,-1.053108353035776,1.3675043809518026,0.8869089646546904,1.1518123977230432
0.26104486216285633,1.3039189019157686,1.945314880142661,0.6730079567332199,-0.9395473424830896,0.25758988103932456,-0.4067687208327123,0.8469665319585392,0.6947615947282234,0.27812341015177994,0.9927145868568007,-0.18044357397591915,1.3675043809518026,-0.7354338835244065,-1.60252159683206
0.22438924199783816,-1.1693667737639242,-0.6710691076895581,-0.11330725289043549,-1.475686877297082,-0.8227620850666949,-0.4067687208327123,-0.9900097684670929,-1.0687527993048311,-1.0276781633421728,-0.9826464278844979,-0.9654119228257313,1.3675043809518026,-0.08649674425276777,-1.3020487974260488
0.3943380263992861,-1.1693667737639242,-0.6710691076895581,-0.11330725289043549,-1.475686877297082,1.337941847145344,1.4203039035752874,0.8469665319585392,0.6947615947282234,0.7133906013164308,0.597642383908541,-0.7539631269986905,0.08549887676925344,1.319533724169116,-0.15023639970300565
-0.25694718441149134,-1.1693667737639242,-0.6710691076895581,-0.11330725289043549,-1.475686877297082,2.3102586166407617,0.8721821162528874,3.051338092469298,0.9152008939823552,1.1486577924810817,0.597642383908541,-0.8727562352098543,-1.1965066274132958,-0.5191215037671936,-0.2503939995050094
-0.24176657404012017,0.6106213827974715,0.34341791732070936,-0.5090038784983656,-0.25022508343653194,0.25758988103932456,0.14135306648968757,0.2958736418308496,0.6947615947282234,0.27812341015177994,0.9927145868568007,-0.7054938746681985,1.3675043809518026,-1.4384491177353484,-0.80126079841603
-0.28545711120650546,-0.24959823593942765,0.8497070676198127,0.6726173381492043,1.000767164462779,0.5816954708711304,0.14135306648968757,0.8469665319585392,0.25388299621995974,-0.15714378101287094,0.597642383908541,0.1260701194300788,0.08549887676925344,0.8328308697153871,1.0516547979210396
-0.2802734881528665,-1.1693667737639242,-0.6710691076895581,-0.11330725289043549,-1.475686877297082,0.04151948781812065,-1.320305033036712,1.3980594220862288,-0.18699560228830392,-0.15714378101287094,-0.19250202198797847,0.481837613057126,-1.1965066274132958,1.2113775342905098,1.3521275973270508
-0.27768167662604704,-1.1104349419207578,-1.1601797382801151,-0.08713580776138195,-0.9395473424830896,-0.714726888456093,-2.051134082799912,0.8469665319585392,0.033443696965827906,0.27812341015177994,-0.19250202198797847,-0.7054938746681985,-1.1965066274132958,1.4817680089870258,-0.7511819985150282
-0.1536449821282583,1.2789268685163104,-1.1568394705590088,0.6796484726614873,0.38803626753250386,0.5816954708711304,0.14135306648968757,0.8469665319585392,0.6947615947282234,0.27812341015177994,0.9927145868568007,1.3358760999740618,0.08549887676925344,-0.843590073403013,-0.6009455988120226
-0.03997553373774742,0.6106213827974715,0.34341791732070936,-0.5090038784983656,-0.25022508343653194,-0.714726888456093,-0.0413541959511124,-1.173707398509656,0.6947615947282234,0.7133906013164308,0.597642383908541,2.994129652669048,1.3675043809518026,-0.6272776936458,1.5524427969310584
-0.17363895676372276,1.3039189019157686,1.945314880142661,0.6730079567332199,-0.9395473424830896,0.25758988103932456,-0.4067687208327123,0.8469665319585392,0.6947615947282234,0.27812341015177994,0.9927145868568007,2.994129652669048,1.3675043809518026,1.5358461039263291,-1.60252159683206
-0.13476178386143076,1.2789268685163104,-1.1568394705590088,0.6796484726614873,0.38803626753250386,-0.28258610201368517,0.14135306648968757,-0.6226145083819664,0.25388299621995974,0.27812341015177994,0.20257018096028123,-0.48522247572823496,-1.1965066274132958,-0.9517462632816194,-1.1017335978220413
-0.23473165703875304,0.6763411743293793,0.3023803424614041,0.27535823820521127,0.20932308926117313,-1.3089204698144037,-0.31541508961231235,-1.908497918679909,-1.5096313978130949,-1.8982125456714745,-0.9826464278844979,-0.07416729677918882,1.3675043809518026,-0.46504340882789036,1.702679196634064
-0.2799032293633209,-1.1844854112524852,-1.1783126201946919,-0.8910288536657452,1.7156198775480973,0.7977658640923343,0.5067675913712875,0.8469665319585392,1.135640193236487,0.7133906013164308,1.3877867898050604,0.006770415145578656,-1.1965066274132958,1.265455629229813,0.5007879990100188
-0.15031265302234756,-0.24959823593942765,0.8497070676198127,0.6726173381492043,1.000767164462779,1.1218714539241401,1.0548893786936875,0.8469665319585392,-0.4074349015424357,0.27812341015177994,-0.9826464278844979,-0.8727562352098543,-1.1965066274132958,-0.41096531388858715,-0.3004727994060113
-0.22695622245829464,-0.24959823593942765,0.8497070676198127,0.6726173381492043,1.000767164462779,0.25758988103932456,0.5067675913712875,-0.07152161825427683,-0.18699560228830392,-0.15714378101287094,-0.19250202198797847,-0.18044357397591915,-1.1965066274132958,0.18389373044374838,-0.400630399208015
0.05110812849047955,-1.148385807453268,1.254833824079699,-0.4988477953139567,-1.5267477853746036,-1.6870436579515105,-1.320305033036712,-1.5411026585947825,-0.4074349015424357,-0.5924109721775218,-0.19250202198797847,0.1260701194300788,-1.1965066274132958,-1.3843710227960453,-1.5023639970300564
-0.04552941558093199,1.2789268685163104,-1.1568394705590088,0.6796484726614873,0.38803626753250386,0.5816954708711304,0.14135306648968757,0.8469665319585392,0.6947615947282234,0.27812341015177994,0.9927145868568007,-0.07416729677918882,0.08549887676925344,1.0491432494726,-0.6009455988120226
-0.17363895676372276,-1.148385807453268,1.254833824079699,-0.4988477953139567,-1.5267477853746036,-1.6870436579515105,-1.320305033036712,-1.5411026585947825,-0.4074349015424357,-0.5924109721775218,-0.19250202198797847,-0.3650833393028946,-1.1965066274132958,0.07573754056514193,-1.5023639970300564
-0.2713872772037712,-1.1270962975203966,0.32289912989105674,-0.49181666080167363,1.2305412508116313,-0.28258610201368517,-0.4067687208327123,-0.07152161825427683,0.9152008939823552,0.7133906013164308,0.9927145868568007,-0.18044357397591915,0.08549887676925344,0.34612801526165804,0.6510243987130244
-0.20437043629601073,-0.551662442088432,1.2667633516550785,1.8397856671881925,2.532594406788464,0.7977658640923343,0.5067675913712875,0.8469665319585392,-3.2731457918461495,-3.204014119165427,-2.9580074426257963,0.006770415145578656,0.08549887676925344,-0.14057483919207098,-0.5508667989110206
-0.0388647573691105,-1.1844854112524852,-1.1783126201946919,-0.8910288536657452,1.7156198775480973,-1.3629380681197047,-1.320305033036712,-0.9900097684670929,0.47432229547409155,1.1486577924810817,-0.19250202198797847,0.481837613057126,1.3675043809518026,-0.30280912400998067,0.3004727994060113
-0.17178766281599456,-0.22886971441058448,0.5783211603049987,0.5987549149898665,0.31144490541621894,-0.8227620850666949,-1.320305033036712,-0.07152161825427683,0.6947615947282234,0.27812341015177994,0.9927145868568007,0.1260701194300788,-1.1965066274132958,0.8328308697153871,0.15023639970300565
-0.1828954265023637,-0.24959823593942765,0.8497070676198127,0.6726173381492043,1.000767164462779,1.337941847145344,1.4203039035752874,0.8469665319585392,0.6947615947282234,0.7133906013164308,0.597642383908541,0.481837613057126,-1.1965066274132958,1.2113775342905098,1.3020487974260488
-0.2917515106287813,-1.1104349419207578,-1.1601797382801151,-0.08713580776138195,-0.9395473424830896,-0.8227620850666949,-0.4067687208327123,-0.9900097684670929,-1.0687527993048311,-1.0276781633421728,-0.9826464278844979,-0.18044357397591915,1.3675043809518026,-1.0058243582209225,0.9014183982180338
-0.29323254578696384,-1.1693667737639242,-0.6710691076895581,-0.11330725289043549,-1.475686877297082,1.337941847145344,1.4203039035752874,0.8469665319585392,0.6947615947282234,0.7133906013164308,0.597642383908541,2.994129652669048,0.08549887676925344,1.5358461039263291,-0.15023639970300565
-0.24509890314603092,-1.1270962975203966,0.32289912989105674,-0.49181666080167363,1.2305412508116313,-0.28258610201368517,-0.4067687208327123,-0.07152161825427683,0.9152008939823552,0.7133906013164308,0.9927145868568007,1.253919396708919,0.08549887676925344,-1.2221367379781356,0.6510243987130244
-0.06774494295367027,0.6106213827974715,0.34341791732070936,-0.5090038784983656,-0.25022508343653194,-0.8227620850666949,-0.4067687208327123,-0.9900097684670929,0.6947615947282234,0.7133906013164308,0.597642383908541,-0.66451343385658,1.3675043809518026,-1.7088395924318647,0.2503939995050094
-0.22510492851056646,1.2789268685163104,-1.1568394705590088,0.6796484726614873,0.38803626753250386,0.5816954708711304,0.14135306648968757,0.8469665319585392,0.25388299621995974,0.7133906013164308,-0.19250202198797847,2.994129652669048,0.08549887676925344,0.29204992032235483,-0.9514971981190357
-0.17956309739645296,0.6106213827974715,0.34341791732070936,-0.5090038784983656,-0.25022508343653194,0.25758988103932456,0.14135306648968757,0.2958736418308496,0.6947615947282234,0.27812341015177994,0.9927145868568007,-0.3650833393028946,1.3675043809518026,0.07573754056514193,-0.851339598317032
-0.13142945475552,1.2789268685163104,-1.1568394705590088,0.6796484726614873,0.38803626753250386,0.5816954708711304,0.14135306648968757,0.8469665319585392,0.6947615947282234,0.27812341015177994,0.9927145868568007,-0.8727562352098543,0.08549887676925344,0.5083623000795677,-0.6009455988120226
0.007787850113639895,-1.1693667737639242,-0.6710691076895581,-0.11330725289043549,-1.475686877297082,2.3102586166407617,0.8721821162528874,3.051338092469298,0.9152008939823552,1.1486577924810817,0.597642383908541,-0.8727562352098543,-1.1965066274132958,0.5083623000795677,-0.2503939995050094
-0.29249202820787257,-1.1104349419207578,-1.1601797382801151,-0.08713580776138195,-0.9395473424830896,1.337941847145344,1.4203039035752874,0.8469665319585392,0.25388299621995974,0.7133906013164308,-0.19250202198797847,0.006770415145578656,0.08549887676925344,0.7787527747760838,-0.4507091991090169
-0.18437646166054628,1.2789268685163104,-1.1568394705590088,0.6796484726614873,0.38803626753250386,0.7977658640923343,0.5067675913712875,0.8469665319585392,0.033443696965827906,0.27812341015177994,-0.19250202198797847,-0.5008826302442834,0.08549887676925344,1.6440022938049355,1.0015759980200376
-0.27694115904695576,-1.2063920084297877,-1.0733327775313528,0.2886392700617461,0.20932308926117313,-0.4986564952348891,-2.233841345240712,1.3980594220862288,0.9152008939823552,1.1486577924810817,0.597642383908541,-0.8727562352098543,-1.1965066274132958,0.12981563550444514,-0.9014183982180338
-0.2710170184142256,0.6106213827974715,0.34341791732070936,-0.5090038784983656,-0.25022508343653194,-2.659360427446928,-1.6857195579183122,-2.826986068892725,0.47432229547409155,0.7133906013164308,0.20257018096028123,0.1260701194300788,-1.1965066274132958,-1.3843710227960453,0.7511819985150282
0.29844099990696576,1.2789268685163104,-1.1568394705590088,0.6796484726614873,0.38803626753250386,0.36562507764992647,1.2375966411344874,-0.6226145083819664,1.3560794924906188,0.7133906013164308,1.78285899275332,-1.053108353035776,1.3675043809518026,0.4542842051402645,0.05007879990100188
-0.2532445965160349,-0.24959823593942765,0.8497070676198127,0.6726173381492043,1.000767164462779,1.1218714539241401,1.0548893786936875,0.8469665319585392,-0.4074349015424357,0.27812341015177994,-0.9826464278844979,-0.3650833393028946,-1.1965066274132958,0.07573754056514193,-0.3004727994060113
-0.15882860518189723,-0.24959823593942765,0.8497070676198127,0.6726173381492043,1.000767164462779,0.25758988103932456,0.5067675913712875,-0.07152161825427683,-0.18699560228830392,-0.15714378101287094,-0.19250202198797847,-0.8727562352098543,-1.1965066274132958,0.5083623000795677,-0.400630399208015
-0.14809110028507375,0.6106213827974715,0.34341791732070936,-0.5090038784983656,-0.25022508343653194,-0.8227620850666949,-0.4067687208327123,-0.9900097684670929,-0.4074349015424357,-0.5924109721775218,-0.19250202198797847,0.006770415145578656,1.3675043809518026,-0.7895119784637097,-0.6510243987130244
0.2947384120115094,1.2789268685163104,-1.1568394705590088,0.6796484726614873,0.38803626753250386,-0.17455090540308324,0.14135306648968757,-0.43891687833940324,0.6947615947282234,0.7133906013164308,0.597642383908541,1.253919396708919,-1.1965066274132958,-1.2221367379781356,-0.10015759980200376
-0.014427677259098388,0.6106213827974715,0.34341791732070936,-0.5090038784983656,-0.25022508343653194,-1.4709732647303067,-1.320305033036712,-1.173707398509656,0.25388299621995974,0.7133906013164308,-0.19250202198797847,-0.7054938746681985,0.08549887676925344,1.4817680089870258,-1.251969997525047
-0.1517936881805301,1.2789268685163104,-1.1568394705590088,0.6796484726614873,0.38803626753250386,-0.28258610201368517,0.14135306648968757,-0.6226145083819664,0.25388299621995974,0.27812341015177994,0.20257018096028123,-0.45330937043211694,-1.1965066274132958,1.1032213444119032,-1.1017335978220413
-0.16438248702508182,0.6106213827974715,0.34341791732070936,-0.5090038784983656,-0.25022508343653194,-0.8227620850666949,-0.4067687208327123,-0.9900097684670929,0.6947615947282234,0.7133906013164308,0.597642383908541,-0.07416729677918882,1.3675043809518026,-0.46504340882789036,0.2503939995050094
0.2925168592742356,-1.2094774446519432,1.2939626745269432,-0.5238473846909631,1.4858457911992449,-1.9031140511727145,-1.320305033036712,-1.908497918679909,1.5765187917447507,1.1486577924810817,1.78285899275332,0.11588619232781792,0.08549887676925344,-1.4925272126746516,0.35055159930701313
0.0037150034286378766,0.6106213827974715,0.34341791732070936,-0.5090038784983656,-0.25022508343653194,-1.6870436579515105,-1.320305033036712,-1.5411026585947825,1.135640193236487,1.1486577924810817,0.9927145868568007,-0.18044357397591915,0.08549887676925344,0.6165184899581742,1.2018911976240452
-0.2139971648241973,-1.1693667737639242,-0.6710691076895581,-0.11330725289043549,-1.475686877297082,1.8781178301983537,1.4203039035752874,1.7654546821713553,-0.6278742007965675,-0.15714378101287094,-0.9826464278844979,0.03559255019714171,-1.1965066274132958,0.4002061102009613,1.60252159683206
-0.11995143227960524,0.6106213827974715,0.34341791732070936,-0.5090038784983656,-0.25022508343653194,0.25758988103932456,0.14135306648968757,0.2958736418308496,0.6947615947282234,0.27812341015177994,0.9927145868568007,0.03559255019714171,1.3675043809518026,-0.19465293413137422,-0.851339598317032
-0.12180272622733343,1.2789268685163104,-1.1568394705590088,0.6796484726614873,0.38803626753250386,0.5816954708711304,0.14135306648968757,0.8469665319585392,0.6947615947282234,0.27812341015177994,0.9927145868568007,0.03559255019714171,0.08549887676925344,1.4276899140477226,-0.6009455988120226
0.0007529331122727719,1.2789268685163104,-1.1568394705590088,0.6796484726614873,0.38803626753250386,0.5816954708711304,0.14135306648968757,0.8469665319585392,0.6947615947282234,0.27812341015177994,0.9927145868568007,1.253919396708919,0.08549887676925344,-1.6547614974925613,-0.6009455988120226
-0.15882860518189723,0.6106213827974715,0.34341791732070936,-0.5090038784983656,-0.25022508343653194,-1.0388324782878988,-1.6857195579183122,-0.07152161825427683,0.47432229547409155,0.27812341015177994,0.597642383908541,-0.07416729677918882,0.08549887676925344,1.0491432494726,-1.1518123977230432
0.46320616125477476,0.6106213827974715,0.34341791732070936,-0.5090038784983656,-0.25022508343653194,-0.8227620850666949,-0.4067687208327123,-0.9900097684670929,-0.4074349015424357,-1.0276781633421728,0.20257018096028123,-0.5008826302442834,1.3675043809518026,1.6440022938049355,0.851339598317032
-0.16364196944599052,0.6106213827974715,0.34341791732070936,-0.5090038784983656,-0.25022508343653194,-0.714726888456093,-0.0413541959511124,-1.173707398509656,0.6947615947282234,0.7133906013164308,0.597642383908541,0.006770415145578656,1.3675043809518026,0.7787527747760838,1.5524427969310584
-0.29027047547059875,-0.24959823593942765,0.8497070676198127,0.6726173381492043,1.000767164462779,0.5816954708711304,0.14135306648968757,0.8469665319585392,0.25388299621995974,-0.15714378101287094,0.597642383908541,0.03559255019714171,0.08549887676925344,-0.19465293413137422,1.0516547979210396
0.28918453016832485,0.6106213827974715,0.34341791732070936,-0.5090038784983656,-0.25022508343653194,-0.28258610201368517,-0.4067687208327123,-0.07152161825427683,-1.0687527993048311,-1.0276781633421728,-0.9826464278844979,-1.053108353035776,1.3675043809518026,1.1572994393512064,-1.0015759980200376
0.05999433943957486,0.6106213827974715,0.34341791732070936,-0.5090038784983656,-0.25022508343653194,-0.28258610201368517,-0.4067687208327123,-0.07152161825427683,-1.0687527993048311,-1.0276781633421728,-0.9826464278844979,-0.9654119228257313,1.3675043809518026,-1.1680586430388322,-1.0015759980200376
0.09739047718368431,0.6106213827974715,0.34341791732070936,-0.5090038784983656,-0.25022508343653194,-1.6870436579515105,-1.320305033036712,-1.5411026585947825,1.135640193236487,1.1486577924810817,0.9927145868568007,-0.9654119228257313,0.08549887676925344,-1.1680586430388322,1.2018911976240452
-0.1136570328573294,0.6106213827974715,0.34341791732070936,-0.5090038784983656,-0.25022508343653194,-0.8227620850666949,-0.4067687208327123,-0.9900097684670929,0.25388299621995974,-0.15714378101287094,0.597642383908541,-0.07416729677918882,1.3675043809518026,-0.46504340882789036,0.2003151996040075
-0.26879546567695173,0.6106213827974715,0.34341791732070936,-0.5090038784983656,-0.25022508343653194,-1.2549028715091026,-0.4067687208327123,-1.7248002886373457,-0.49561062124408845,0.3651768483847101,-1.2196897496534538,-1.053108353035776,0.08549887676925344,0.4542842051402645,-1.2018911976240452
-0.2865678875751424,-1.1104349419207578,-1.1601797382801151,-0.08713580776138195,-0.9395473424830896,1.337941847145344,1.4203039035752874,0.8469665319585392,0.25388299621995974,0.7133906013164308,-0.19250202198797847,-0.18044357397591915,0.08549887676925344,-1.0058243582209225,-0.4507091991090169
-0.20770276540192145,0.6106213827974715,0.34341791732070936,-0.5090038784983656,-0.25022508343653194,-0.8227620850666949,-0.4067687208327123,-0.9900097684670929,-0.4074349015424357,-0.5924109721775218,-0.19250202198797847,2.994129652669048,1.3675043809518026,0.29204992032235483,-0.6510243987130244
-0.16216093428780798,1.2789268685163104,-1.1568394705590088,0.6796484726614873,0.38803626753250386,-0.28258610201368517,0.14135306648968757,-0.6226145083819664,0.25388299621995974,0.27812341015177994,0.20257018096028123,0.006770415145578656,-1.1965066274132958,-0.14057483919207098,-1.1017335978220413
0.07776676133776549,0.6106213827974715,0.34341791732070936,-0.5090038784983656,-0.25022508343653194,-0.28258610201368517,-0.4067687208327123,-0.07152161825427683,-1.0687527993048311,-1.0276781633421728,-0.9826464278844979,-0.07416729677918882,1.3675043809518026,1.0491432494726,-1.0015759980200376
-0.27175753599331687,-0.24959823593942765,0.8497070676198127,0.6726173381492043,1.000767164462779,1.337941847145344,1.4203039035752874,0.8469665319585392,0.6947615947282234,0.7133906013164308,0.597642383908541,2.994129652669048,-1.1965066274132958,1.5358461039263291,1.3020487974260488
0.3413910194942598,0.6106213827974715,0.34341791732070936,-0.5090038784983656,-0.25022508343653194,-1.6870436579515105,-1.320305033036712,-1.5411026585947825,1.135640193236487,1.1486577924810817,0.9927145868568007,-0.48522247572823496,0.08549887676925344,0.9409870595939935,1.2018911976240452
-0.27286831236195375,1.2789268685163104,-1.1568394705590088,0.6796484726614873,0.38803626753250386,0.25758988103932456,0.5067675913712875,-0.07152161825427683,0.033443696965827906,0.27812341015177994,-0.19250202198797847,0.1260701194300788,-1.1965066274132958,0.8328308697153871,0.0
-0.29212176941832696,-1.2063920084297877,-1.0733327775313528,0.2886392700617461,0.20932308926117313,-0.4986564952348891,-2.233841345240712,1.3980594220862288,0.9152008939823552,1.1486577924810817,0.597642383908541,-0.18044357397591915,-1.1965066274132958,-1.0058243582209225,-0.9014183982180338
-0.1962247429260067,0.6106213827974715,0.34341791732070936,-0.5090038784983656,-0.25022508343653194,0.25758988103932456,0.14135306648968757,0.2958736418308496,0.6947615947282234,0.27812341015177994,0.9927145868568007,0.1260701194300788,1.3675043809518026,-1.3843710227960453,-0.80126079841603
-0.27027650083513427,-1.1490028946976991,1.2639002650369873,-0.48947294929757934,-1.4246259692195578,0.9058010607029362,1.6030111660160873,-0.07152161825427683,-3.2731457918461495,-2.7687469280007764,-3.353079645574056,1.253919396708919,0.08549887676925344,-1.6547614974925613,-1.702679196634064
0.9082572262886317,0.6763411743293793,0.3023803424614041,0.27535823820521127,0.20932308926117313,-1.3089204698144037,-0.31541508961231235,-1.908497918679909,-1.5096313978130949,-1.8982125456714745,-0.9826464278844979,0.03559255019714171,1.3675043809518026,0.4002061102009613,1.702679196634064
-0.09440357580095621,0.6106213827974715,0.34341791732070936,-0.5090038784983656,-0.25022508343653194,-0.714726888456093,-0.0413541959511124,-1.173707398509656,0.6947615947282234,0.7133906013164308,0.597642383908541,-0.45330937043211694,1.3675043809518026,-0.8976681683423162,1.5524427969310584
1.5365863921475795,-1.1693667737639242,-0.6710691076895581,-0.11330725289043549,-1.475686877297082,1.6620474369771499,1.7857184284568872,1.0306641620011023,-0.18699560228830392,0.7133906013164308,-0.9826464278844979,0.5534877303040735,-1.1965066274132958,0.9950651545332968,0.5508667989110206
-0.047750968318205814,0.6106213827974715,0.34341791732070936,-0.5090038784983656,-0.25022508343653194,-1.6870436579515105,-1.320305033036712,-1.5411026585947825,1.135640193236487,1.1486577924810817,0.9927145868568007,1.253919396708919,0.08549887676925344,-1.6547614974925613,1.2018911976240452
-0.21510794119283422,-1.1693667737639242,-0.6710691076895581,-0.11330725289043549,-1.475686877297082,2.3102586166407617,0.8721821162528874,3.051338092469298,0.9152008939823552,1.1486577924810817,0.597642383908541,-0.18044357397591915,-1.1965066274132958,-1.0058243582209225,-0.2503939995050094
-0.26583339536058664,0.6106213827974715,0.34341791732070936,-0.5090038784983656,-0.25022508343653194,-1.2549028715091026,-0.4067687208327123,-1.7248002886373457,-0.49561062124408845,0.3651768483847101,-1.2196897496534538,0.006770415145578656,0.08549887676925344,-0.14057483919207098,-1.2018911976240452
-0.1943734489782785,1.2789268685163104,-1.1568394705590088,0.6796484726614873,0.38803626753250386,0.36562507764992647,1.2375966411344874,-0.6226145083819664,1.3560794924906188,0.7133906013164308,1.78285899275332,0.03559255019714171,1.3675043809518026,1.4276899140477226,0.05007879990100188
-0.21029457692874093,-1.1693667737639242,-0.6710691076895581,-0.11330725289043549,-1.475686877297082,1.337941847145344,1.4203039035752874,0.8469665319585392,0.6947615947282234,0.7133906013164308,0.597642383908541,-0.8727562352098543,0.08549887676925344,0.5083623000795677,-0.15023639970300565
-0.13291048991370258,1.2789268685163104,-1.1568394705590088,0.6796484726614873,0.38803626753250386,-0.28258610201368517,0.14135306648968757,-0.6226145083819664,0.25388299621995974,0.27812341015177994,0.20257018096028123,-0.8727562352098543,-1.1965066274132958,-0.41096531388858715,-1.1017335978220413
-0.273608829941045,-1.1844854112524852,-1.1783126201946919,-0.8910288536657452,1.7156198775480973,0.7977658640923343,0.5067675913712875,0.8469665319585392,1.135640193236487,0.7133906013164308,1.3877867898050604,-0.07416729677918882,-1.1965066274132958,-0.46504340882789036,0.5007879990100188
-0.27953297057377524,1.2789268685163104,-1.1568394705590088,0.6796484726614873,0.38803626753250386,0.7977658640923343,0.5067675913712875,0.8469665319585392,0.033443696965827906,0.27812341015177994,-0.19250202198797847,-0.66451343385658,0.08549887676925344,-1.7088395924318647,1.0015759980200376
0.7557106049958289,0.6106213827974715,0.34341791732070936,-0.5090038784983656,-0.25022508343653194,0.25758988103932456,0.5067675913712875,-0.07152161825427683,-0.4074349015424357,-1.0276781633421728,0.20257018096028123,-0.5008826302442834,0.08549887676925344,1.6440022938049355,-0.7011031986140263
-0.2128863884555604,-1.1844854112524852,-1.1783126201946919,-0.8910288536657452,1.7156198775480973,0.7977658640923343,1.4203039035752874,-0.07152161825427683,0.6947615947282234,0.7133906013164308,0.597642383908541,0.5534877303040735,-1.1965066274132958,0.9950651545332968,-0.2003151996040075
-0.23362088067011613,-1.148385807453268,1.254833824079699,-0.4988477953139567,-1.5267477853746036,0.25758988103932456,0.5067675913712875,-0.07152161825427683,0.033443696965827906,0.27812341015177994,-0.19250202198797847,0.006770415145578656,0.08549887676925344,0.021659445625838693,-1.5524427969310584
-0.11254625648869247,-1.148385807453268,1.254833824079699,-0.4988477953139567,-1.5267477853746036,-1.6870436579515105,-1.320305033036712,-1.5411026585947825,-0.4074349015424357,-0.5924109721775218,-0.19250202198797847,-0.7054938746681985,-1.1965066274132958,1.4817680089870258,-1.5023639970300564
-0.13957514812552405,1.2789268685163104,-1.1568394705590088,0.6796484726614873,0.38803626753250386,0.36562507764992647,1.2375966411344874,-0.6226145083819664,1.3560794924906188,0.7133906013164308,1.78285899275332,-0.07416729677918882,1.3675043809518026,1.0491432494726,0.05007879990100188
-0.2802734881528665,0.6106213827974715,0.34341791732070936,-0.5090038784983656,-0.25022508343653194,-2.011149247783316,-2.233841345240712,-1.173707398509656,0.9152008939823552,1.1486577924810817,0.597642383908541,-0.48522247572823496,0.08549887676925344,0.9409870595939935,1.4522851971290545
-0.2236238933523839,-1.1844854112524852,-1.1783126201946919,-0.8910288536657452,1.7156198775480973,0.7977658640923343,1.4203039035752874,-0.07152161825427683,0.6947615947282234,0.7133906013164308,0.597642383908541,-0.7054938746681985,-1.1965066274132958,-1.4384491177353484,-0.2003151996040075
0.0914663365509541,0.6106213827974715,0.34341791732070936,-0.5090038784983656,-0.25022508343653194,-1.4709732647303067,-1.320305033036712,-1.173707398509656,0.25388299621995974,0.7133906013164308,-0.19250202198797847,-0.7539631269986905,0.08549887676925344,1.319533724169116,-1.251969997525047
-0.2799032293633209,0.6106213827974715,0.34341791732070936,-0.5090038784983656,-0.25022508343653194,-0.0665157087924813,-0.4067687208327123,0.2958736418308496,-0.9805770796031784,-1.0276781633421728,-0.824617546705194,0.006770415145578656,0.08549887676925344,-0.7895119784637097,0.80126079841603
-0.10810315101414482,0.6106213827974715,0.34341791732070936,-0.5090038784983656,-0.25022508343653194,-0.8227620850666949,-0.4067687208327123,-0.9900097684670929,0.25388299621995974,-0.15714378101287094,0.597642383908541,-0.66451343385658,1.3675043809518026,-0.24873102907067746,0.2003151996040075
-0.08440658848322398,-1.148385807453268,1.254833824079699,-0.4988477953139567,-1.5267477853746036,0.25758988103932456,0.5067675913712875,-0.07152161825427683,0.033443696965827906,0.27812341015177994,-0.19250202198797847,0.03559255019714171,0.08549887676925344,0.4002061102009613,-1.5524427969310584
-0.1973355192946436,-0.22886971441058448,0.5783211603049987,0.5987549149898665,0.31144490541621894,-0.8227620850666949,-1.320305033036712,-0.07152161825427683,0.6947615947282234,0.27812341015177994,0.9927145868568007,-0.20265138455711335,-1.1965066274132958,-1.330292927856742,0.15023639970300565
-0.1817846501337268,0.6106213827974715,0.34341791732070936,-0.5090038784983656,-0.25022508343653194,-0.714726888456093,-0.0413541959511124,-1.173707398509656,0.6947615947282234,0.7133906013164308,0.597642383908541,2.994129652669048,1.3675043809518026,1.5899241988656323,1.5524427969310584
-0.28730840515423367,-1.1270962975203966,0.32289912989105674,-0.49181666080167363,1.2305412508116313,-0.28258610201368517,-0.4067687208327123,-0.07152161825427683,0.9152008939823552,0.7133906013164308,0.9927145868568007,0.5534877303040735,0.08549887676925344,-1.6006834025532581,0.6510243987130244
-0.13846437175688714,0.6106213827974715,0.34341791732070936,-0.5090038784983656,-0.25022508343653194,0.25758988103932456,0.14135306648968757,0.2958736418308496,0.6947615947282234,0.27812341015177994,0.9927145868568007,-0.18044357397591915,1.3675043809518026,0.34612801526165804,-0.851339598317032
-0.1506829118118932,0.6106213827974715,0.34341791732070936,-0.5090038784983656,-0.25022508343653194,-1.6870436579515105,-1.320305033036712,-1.5411026585947825,1.135640193236487,1.1486577924810817,0.9927145868568007,-0.18044357397591915,0.08549887676925344,0.562440395018871,1.2018911976240452
2.5914536835631026,-1.1409807605200954,0.2880649093709489,-0.5058789298262397,0.9497062563852547,1.337941847145344,1.4203039035752874,0.8469665319585392,-0.18699560228830392,-0.15714378101287094,-0.19250202198797847,0.1260701194300788,0.08549887676925344,0.8328308697153871,0.7011031986140263
-0.22991829277465975,0.6106213827974715,0.34341791732070936,-0.5090038784983656,-0.25022508343653194,-0.8227620850666949,-0.4067687208327123,-0.9900097684670929,-0.4074349015424357,-1.0276781633421728,0.20257018096028123,1.253919396708919,1.3675043809518026,-1.2221367379781356,0.851339598317032
-0.273608829941045,-1.1104349419207578,-1.1601797382801151,-0.08713580776138195,-0.9395473424830896,-0.8227620850666949,-0.4067687208327123,-0.9900097684670929,-1.0687527993048311,-1.0276781633421728,-0.9826464278844979,-1.053108353035776,1.3675043809518026,-1.2762148329174388,0.9014183982180338
-0.20696224782283018,0.6106213827974715,0.34341791732070936,-0.5090038784983656,-0.25022508343653194,-1.4709732647303067,-1.320305033036712,-1.173707398509656,0.25388299621995974,0.7133906013164308,-0.19250202198797847,1.253919396708919,0.08549887676925344,-1.6547614974925613,-1.251969997525047
-0.29249202820787257,-1.1844854112524852,-1.1783126201946919,-0.8910288536657452,1.7156198775480973,0.7977658640923343,0.5067675913712875,0.8469665319585392,1.135640193236487,0.7133906013164308,1.3877867898050604,-0.8727562352098543,-1.1965066274132958,0.5083623000795677,0.5007879990100188
-0.27657090025741016,-1.1693667737639242,-0.6710691076895581,-0.11330725289043549,-1.475686877297082,0.25758988103932456,0.5067675913712875,-0.07152161825427683,-0.18699560228830392,-0.15714378101287094,-0.19250202198797847,-0.48522247572823496,-1.1965066274132958,-0.9517462632816194,-1.7527579965350657
-0.27953297057377524,0.6106213827974715,0.34341791732070936,-0.5090038784983656,-0.25022508343653194,-2.011149247783316,-2.233841345240712,-1.173707398509656,0.9152008939823552,1.1486577924810817,0.597642383908541,-0.48522247572823496,0.08549887676925344,1.6980803887442388,1.4522851971290545
-0.05478588531957294,-1.1104349419207578,-1.1601797382801151,-0.08713580776138195,-0.9395473424830896,1.337941847145344,1.4203039035752874,0.8469665319585392,0.25388299621995974,0.7133906013164308,-0.19250202198797847,-0.07416729677918882,0.08549887676925344,1.0491432494726,-0.4507091991090169
-0.11624884438414886,-1.1693667737639242,-0.6710691076895581,-0.11330725289043549,-1.475686877297082,2.3102586166407617,0.8721821162528874,3.051338092469298,0.9152008939823552,1.1486577924810817,0.597642383908541,-0.20265138455711335,-1.1965066274132958,-1.330292927856742,-0.2503939995050094
-0.29323254578696384,-1.1693667737639242,-0.6710691076895581,-0.11330725289043549,-1.475686877297082,0.04151948781812065,-1.320305033036712,1.3980594220862288,-0.18699560228830392,-0.15714378101287094,-0.19250202198797847,-0.48522247572823496,-1.1965066274132958,-0.9517462632816194,1.3521275973270508
-0.12217298501687907,-0.24959823593942765,0.8497070676198127,0.6726173381492043,1.000767164462779,0.25758988103932456,0.5067675913712875,-0.07152161825427683,-0.18699560228830392,-0.15714378101287094,-0.19250202198797847,-0.45330937043211694,-1.1965066274132958,-0.6813557885851033,-0.400630399208015
-0.11661910317369449,0.6106213827974715,0.34341791732070936,-0.5090038784983656,-0.25022508343653194,-0.606691691845491,-0.9548905081551122,-0.07152161825427683,-0.18699560228830392,-0.5924109721775218,0.20257018096028123,-0.66451343385658,0.08549887676925344,-0.24873102907067746,0.9514971981190357
-0.24620967951466782,-0.22886971441058448,0.5783211603049987,0.5987549149898665,0.31144490541621894,-0.8227620850666949,-1.320305033036712,-0.07152161825427683,0.6947615947282234,0.27812341015177994,0.9927145868568007,-0.8727562352098543,-1.1965066274132958,0.12981563550444514,0.15023639970300565
-0.2021488835587369,0.6106213827974715,0.34341791732070936,-0.5090038784983656,-0.25022508343653194,0.25758988103932456,0.14135306648968757,0.2958736418308496,0.6947615947282234,0.27812341015177994,0.9927145868568007,-0.20265138455711335,1.3675043809518026,-1.330292927856742,-0.851339598317032
3.858479261388276,-1.1270962975203966,0.32289912989105674,-0.49181666080167363,1.2305412508116313,0.7977658640923343,0.5067675913712875,0.8469665319585392,1.135640193236487,0.7133906013164308,1.3877867898050604,0.1260701194300788,1.3675043809518026,0.8328308697153871,-0.35055159930701313
-0.2332506218805705,1.2789268685163104,-1.1568394705590088,0.6796484726614873,0.38803626753250386,-0.28258610201368517,0.14135306648968757,-0.6226145083819664,0.25388299621995974,0.27812341015177994,0.20257018096028123,0.5534877303040735,-1.1965066274132958,0.9950651545332968,-1.1017335978220413
-0.2217725994046557,1.2789268685163104,-1.1568394705590088,0.6796484726614873,0.38803626753250386,0.25758988103932456,0.5067675913712875,-0.07152161825427683,0.033443696965827906,0.27812341015177994,-0.19250202198797847,0.1260701194300788,-1.1965066274132958,-1.3843710227960453,0.0
0.24290218147512008,0.6106213827974715,0.34341791732070936,-0.5090038784983656,-0.25022508343653194,-2.659360427446928,-1.6857195579183122,-2.826986068892725,0.47432229547409155,0.7133906013164308,0.20257018096028123,-0.48522247572823496,-1.1965066274132958,0.9409870595939935,0.7511819985150282
-0.20177862476919126,0.6106213827974715,0.34341791732070936,-0.5090038784983656,-0.25022508343653194,-2.659360427446928,-1.6857195579183122,-2.826986068892725,0.47432229547409155,0.7133906013164308,0.20257018096028123,2.994129652669048,-1.1965066274132958,1.5899241988656323,0.7511819985150282
-0.2254751873001121,-1.148385807453268,1.254833824079699,-0.4988477953139567,-1.5267477853746036,0.25758988103932456,0.5067675913712875,-0.07152161825427683,0.033443696965827906,0.27812341015177994,-0.19250202198797847,-0.9654119228257313,0.08549887676925344,-0.08649674425276777,-1.5524427969310584
-0.22325363456283825,-1.1844854112524852,-1.1783126201946919,-0.8910288536657452,1.7156198775480973,-1.3629380681197047,-1.320305033036712,-0.9900097684670929,0.47432229547409155,1.1486577924810817,-0.19250202198797847,-0.45330937043211694,1.3675043809518026,1.3736118191084195,0.3004727994060113
0.209208631626467,-0.5538222474439407,1.2514935563585923,-0.5304879006192306,1.996454871974474,0.7977658640923343,0.5067675913712875,0.8469665319585392,-3.2731457918461495,-3.204014119165427,-2.9580074426257963,0.03559255019714171,0.08549887676925344,1.4276899140477226,0.6009455988120226
0.4306233877747586,-1.1693667737639242,-0.6710691076895581,-0.11330725289043549,-1.475686877297082,1.6620474369771499,1.7857184284568872,1.0306641620011023,-0.18699560228830392,0.7133906013164308,-0.9826464278844979,-0.07416729677918882,-1.1965066274132958,-0.46504340882789036,0.5508667989110206
-0.11661910317369449,1.2789268685163104,-1.1568394705590088,0.6796484726614873,0.38803626753250386,0.5816954708711304,0.14135306648968757,0.8469665319585392,0.25388299621995974,0.7133906013164308,-0.19250202198797847,0.481837613057126,0.08549887676925344,-0.30280912400998067,-0.9514971981190357
-0.06293157868957698,1.8451044152818088,0.2384380746573705,-0.5179881059307273,1.434784883121723,1.554012240366548,1.7857184284568872,0.8469665319585392,-2.391388594829622,-2.7687469280007764,-1.7727908337810172,-0.9654119228257313,1.3675043809518026,-1.1680586430388322,1.4022063972280525
-0.2865678875751424,1.2789268685163104,-1.1568394705590088,0.6796484726614873,0.38803626753250386,0.25758988103932456,0.5067675913712875,-0.07152161825427683,0.033443696965827906,0.27812341015177994,-0.19250202198797847,-0.9654119228257313,-1.1965066274132958,-0.08649674425276777,0.0
0.12775169792642663,-1.148385807453268,1.254833824079699,-0.4988477953139567,-1.5267477853746036,-1.6870436579515105,-1.320305033036712,-1.5411026585947825,-0.4074349015424357,-0.5924109721775218,-0.19250202198797847,0.1260701194300788,-1.1965066274132958,0.8328308697153871,-1.5023639970300564
-0.28545711120650546,0.6106213827974715,0.34341791732070936,-0.5090038784983656,-0.25022508343653194,-0.0665157087924813,-0.4067687208327123,0.2958736418308496,-0.9805770796031784,-1.0276781633421728,-0.824617546705194,-0.07416729677918882,0.08549887676925344,1.0491432494726,0.80126079841603
0.6998015277744375,0.6106213827974715,0.34341791732070936,-0.5090038784983656,-0.25022508343653194,-0.8227620850666949,-0.4067687208327123,-0.9900097684670929,-0.4074349015424357,-1.0276781633421728,0.20257018096028123,0.006770415145578656,1.3675043809518026,-0.7895119784637097,0.851339598317032
-0.2510230437787611,-1.1104349419207578,-1.1601797382801151,-0.08713580776138195,-0.9395473424830896,1.337941847145344,1.4203039035752874,0.8469665319585392,0.25388299621995974,0.7133906013164308,-0.19250202198797847,1.253919396708919,0.08549887676925344,-1.2221367379781356,-0.4507091991090169
-0.11995143227960524,1.2789268685163104,-1.1568394705590088,0.6796484726614873,0.38803626753250386,-0.8227620850666949,-0.4067687208327123,-0.9900097684670929,-1.0687527993048311,-1.0276781633421728,-0.9826464278844979,2.994129652669048,1.3675043809518026,0.29204992032235483,1.1518123977230432
-0.09144150548459111,1.2789268685163104,-1.1568394705590088,0.6796484726614873,0.38803626753250386,0.5816954708711304,0.14135306648968757,0.8469665319585392,0.25388299621995974,0.7133906013164308,-0.19250202198797847,-0.8727562352098543,0.08549887676925344,-0.41096531388858715,-0.9514971981190357
-0.27916271178422963,-0.551662442088432,1.2667633516550785,1.8397856671881925,2.532594406788464,0.7977658640923343,0.5067675913712875,0.8469665319585392,-3.2731457918461495,-3.204014119165427,-2.9580074426257963,-0.48522247572823496,0.08549887676925344,0.9409870595939935,-0.5508667989110206
-0.19918681324237178,0.6106213827974715,0.34341791732070936,-0.5090038784983656,-0.25022508343653194,0.25758988103932456,0.14135306648968757,0.2958736418308496,0.6947615947282234,0.27812341015177994,0.9927145868568007,2.994129652669048,1.3675043809518026,0.29204992032235483,-0.80126079841603
-0.27953297057377524,0.6106213827974715,0.34341791732070936,-0.5090038784983656,-0.25022508343653194,-0.714726888456093,-0.0413541959511124,-1.173707398509656,0.6947615947282234,0.7133906013164308,0.597642383908541,-0.7539631269986905,1.3675043809518026,1.319533724169116,1.5524427969310584
0.22883234747238582,1.8451044152818088,0.2384380746573705,-0.5179881059307273,1.434784883121723,1.554012240366548,1.7857184284568872,0.8469665319585392,-2.391388594829622,-2.7687469280007764,-1.7727908337810172,-1.053108353035776,1.3675043809518026,0.6705965848974774,1.4022063972280525
-0.24065579767148326,1.8451044152818088,0.2384380746573705,-0.5179881059307273,1.434784883121723,1.554012240366548,1.7857184284568872,0.8469665319585392,-2.391388594829622,-2.7687469280007764,-1.7727908337810172,0.006770415145578656,1.3675043809518026,1.265455629229813,1.4022063972280525
-0.2906407342601444,-0.24959823593942765,0.8497070676198127,0.6726173381492043,1.000767164462779,0.5816954708711304,0.14135306648968757,0.8469665319585392,0.25388299621995974,-0.15714378101287094,0.597642383908541,0.006770415145578656,0.08549887676925344,0.7787527747760838,1.0516547979210396
-0.2584282195696739,-1.1844854112524852,-1.1783126201946919,-0.8910288536657452,1.7156198775480973,0.7977658640923343,0.5067675913712875,0.8469665319585392,1.135640193236487,0.7133906013164308,1.3877867898050604,0.006770415145578656,-1.1965066274132958,0.021659445625838693,0.5007879990100188
0.27659573132377313,0.6106213827974715,0.34341791732070936,-0.5090038784983656,-0.25022508343653194,-1.0388324782878988,-1.6857195579183122,-0.07152161825427683,0.47432229547409155,0.27812341015177994,0.597642383908541,0.03559255019714171,0.08549887676925344,1.4276899140477226,-1.1518123977230432
-0.29027047547059875,-1.1693667737639242,-0.6710691076895581,-0.11330725289043549,-1.475686877297082,1.8781178301983537,1.4203039035752874,1.7654546821713553,-0.6278742007965675,-0.15714378101287094,-0.9826464278844979,-0.18044357397591915,-1.1965066274132958,0.562440395018871,1.60252159683206
-0.28730840515423367,-1.2063920084297877,-1.0733327775313528,0.2886392700617461,0.20932308926117313,-0.4986564952348891,-2.233841345240712,1.3980594220862288,0.9152008939823552,1.1486577924810817,0.597642383908541,0.03559255019714171,-1.1965066274132958,0.4002061102009613,-0.9014183982180338
0.19402802125509586,-0.24959823593942765,0.8497070676198127,0.6726173381492043,1.000767164462779,1.1218714539241401,1.0548893786936875,0.8469665319585392,-0.4074349015424357,0.27812341015177994,-0.9826464278844979,2.994129652669048,-1.1965066274132958,1.5358461039263291,-0.3004727994060113
-0.18733853197691136,0.6106213827974715,0.34341791732070936,-0.5090038784983656,-0.25022508343653194,-0.8227620850666949,-0.4067687208327123,-0.9900097684670929,0.6947615947282234,0.7133906013164308,0.597642383908541,1.253919396708919,1.3675043809518026,-1.2221367379781356,0.2503939995050094
-0.035902687052745394,1.2789268685163104,-1.1568394705590088,0.6796484726614873,0.38803626753250386,-0.8227620850666949,-0.4067687208327123,-0.9900097684670929,-1.0687527993048311,-1.0276781633421728,-0.9826464278844979,-0.7054938746681985,1.3675043809518026,-1.4384491177353484,1.1518123977230432
-0.2606497723069477,-1.1693667737639242,-0.6710691076895581,-0.11330725289043549,-1.475686877297082,0.04151948781812065,-1.320305033036712,1.3980594220862288,-0.18699560228830392,-0.15714378101287094,-0.19250202198797847,-0.66451343385658,-1.1965066274132958,-0.24873102907067746,1.3521275973270508
-0.003319913572729247,-1.148385807453268,1.254833824079699,-0.4988477953139567,-1.5267477853746036,-1.6870436579515105,-1.320305033036712,-1.5411026585947825,-0.4074349015424357,-0.5924109721775218,-0.19250202198797847,-0.18044357397591915,-1.1965066274132958,0.562440395018871,-1.5023639970300564
0.879377040704072,-0.24959823593942765,0.8497070676198127,0.6726173381492043,1.000767164462779,0.25758988103932456,0.5067675913712875,-0.07152161825427683,-0.18699560228830392,-0.15714378101287094,-0.19250202198797847,0.5534877303040735,-1.1965066274132958,-1.6006834025532581,-0.400630399208015
-0.18511697923963755,1.2789268685163104,-1.1568394705590088,0.6796484726614873,0.38803626753250386,0.5816954708711304,0.14135306648968757,0.8469665319585392,0.25388299621995974,0.7133906013164308,-0.19250202198797847,0.1260701194300788,0.08549887676925344,0.8328308697153871,-0.9514971981190357
1.8631546445268323,-1.1104349419207578,-1.1601797382801151,-0.08713580776138195,-0.9395473424830896,0.25758988103932456,0.5067675913712875,-0.07152161825427683,-0.18699560228830392,-0.15714378101287094,-0.19250202198797847,1.253919396708919,-1.1965066274132958,-1.2221367379781356,-0.5007879990100188
0.15589136593189512,-1.1693667737639242,-0.6710691076895581,-0.11330725289043549,-1.475686877297082,0.25758988103932456,0.5067675913712875,-0.07152161825427683,-0.18699560228830392,-0.15714378101287094,-0.19250202198797847,-0.45330937043211694,-1.1965066274132958,1.3736118191084195,1.7527579965350657
-0.10921392738278174,1.2789268685163104,-1.1568394705590088,0.6796484726614873,0.38803626753250386,-0.17455090540308324,0.14135306648968757,-0.43891687833940324,0.6947615947282234,0.7133906013164308,0.597642383908541,-0.9654119228257313,-1.1965066274132958,-1.1680586430388322,-0.10015759980200376
-0.2643523602024041,-1.1693667737639242,-0.6710691076895581,-0.11330725289043549,-1.475686877297082,1.6620474369771499,1.7857184284568872,1.0306641620011023,-0.18699560228830392,0.7133906013164308,-0.9826464278844979,-0.18044357397591915,-1.1965066274132958,0.562440395018871,0.5508667989110206
-0.11995143227960524,0.6106213827974715,0.34341791732070936,-0.5090038784983656,-0.25022508343653194,-1.0388324782878988,-1.6857195579183122,-0.07152161825427683,0.47432229547409155,0.27812341015177994,0.597642383908541,-0.66451343385658,0.08549887676925344,-1.7088395924318647,-1.1518123977230432
-0.2806437469424122,0.6106213827974715,0.34341791732070936,-0.5090038784983656,-0.25022508343653194,-2.011149247783316,-2.233841345240712,-1.173707398509656,0.9152008939823552,1.1486577924810817,0.597642383908541,0.03559255019714171,0.08549887676925344,-0.19465293413137422,1.4522851971290545
-0.17808206223827042,-1.148385807453268,1.254833824079699,-0.4988477953139567,-1.5267477853746036,0.25758988103932456,0.5067675913712875,-0.07152161825427683,0.033443696965827906,0.27812341015177994,-0.19250202198797847,-0.8727562352098543,0.08549887676925344,-0.41096531388858715,-1.5524427969310584
0.03000337748637818,0.6106213827974715,0.34341791732070936,-0.5090038784983656,-0.25022508343653194,-1.6870436579515105,-1.320305033036712,-1.5411026585947825,1.135640193236487,1.1486577924810817,0.9927145868568007,0.03559255019714171,0.08549887676925344,0.7246746798367807,1.2018911976240452
-0.26990624204558866,-1.1693667737639242,-0.6710691076895581,-0.11330725289043549,-1.475686877297082,1.8781178301983537,1.4203039035752874,1.7654546821713553,-0.6278742007965675,-0.15714378101287094,-0.9826464278844979,0.03559255019714171,-1.1965066274132958,-0.5731995987064968,1.60252159683206
-0.1884493083455483,-1.1104349419207578,-1.1601797382801151,-0.08713580776138195,-0.9395473424830896,0.25758988103932456,0.5067675913712875,-0.07152161825427683,-0.18699560228830392,-0.15714378101287094,-0.19250202198797847,-1.053108353035776,-1.1965066274132958,0.4542842051402645,-0.5007879990100188
-0.29286228699741823,-1.1693667737639242,-0.6710691076895581,-0.11330725289043549,-1.475686877297082,0.04151948781812065,-1.320305033036712,1.3980594220862288,-0.18699560228830392,-0.15714378101287094,-0.19250202198797847,-0.48522247572823496,-1.1965066274132958,1.6980803887442388,1.3521275973270508
-0.09958719885459515,-1.1104349419207578,-1.1601797382801151,-0.08713580776138195,-0.9395473424830896,-0.714726888456093,-2.051134082799912,0.8469665319585392,0.033443696965827906,0.27812341015177994,-0.19250202198797847,-0.18044357397591915,-1.1965066274132958,-0.7354338835244065,-0.7511819985150282
-0.25435537288467186,-1.1844854112524852,-1.1783126201946919,-0.8910288536657452,1.7156198775480973,0.7977658640923343,0.5067675913712875,0.8469665319585392,1.135640193236487,0.7133906013164308,1.3877867898050604,-0.48522247572823496,-1.1965066274132958,-0.9517462632816194,0.5007879990100188
3.6366942464504386,-1.1409807605200954,0.2880649093709489,-0.5058789298262397,0.9497062563852547,1.337941847145344,1.4203039035752874,0.8469665319585392,-0.18699560228830392,-0.15714378101287094,-0.19250202198797847,-1.053108353035776,0.08549887676925344,0.6705965848974774,0.7011031986140263
0.03185467143410637,1.2789268685163104,-1.1568394705590088,0.6796484726614873,0.38803626753250386,0.36562507764992647,1.2375966411344874,-0.6226145083819664,1.3560794924906188,0.7133906013164308,1.78285899275332,-0.66451343385658,1.3675043809518026,-1.7088395924318647,0.05007879990100188
-0.27286831236195375,0.6106213827974715,0.34341791732070936,-0.5090038784983656,-0.25022508343653194,-0.8227620850666949,-0.4067687208327123,-0.9900097684670929,0.6947615947282234,0.7133906013164308,0.597642383908541,2.994129652669048,1.3675043809518026,0.29204992032235483,0.2503939995050094
-0.13661307780915896,0.6106213827974715,0.34341791732070936,-0.5090038784983656,-0.25022508343653194,-1.0388324782878988,-1.6857195579183122,-0.07152161825427683,0.47432229547409155,0.27812341015177994,0.597642383908541,-0.45330937043211694,0.08549887676925344,-0.6813557885851033,-1.1518123977230432
-0.12402427896460726,0.6106213827974715,0.34341791732070936,-0.5090038784983656,-0.25022508343653194,-0.606691691845491,-0.9548905081551122,-0.07152161825427683,-0.18699560228830392,-0.5924109721775218,0.20257018096028123,-0.66451343385658,0.08549887676925344,-1.7088395924318647,1.1017335978220413
-0.09440357580095621,0.6106213827974715,0.34341791732070936,-0.5090038784983656,-0.25022508343653194,-1.4709732647303067,-1.320305033036712,-1.173707398509656,0.25388299621995974,0.7133906013164308,-0.19250202198797847,2.994129652669048,0.08549887676925344,-0.6272776936458,-1.251969997525047
-0.22695622245829464,0.6106213827974715,0.34341791732070936,-0.5090038784983656,-0.25022508343653194,-2.659360427446928,-1.6857195579183122,-2.826986068892725,0.47432229547409155,0.7133906013164308,0.20257018096028123,-0.45330937043211694,-1.1965066274132958,-0.8976681683423162,0.7511819985150282
-0.28175452331104905,-1.1693667737639242,-0.6710691076895581,-0.11330725289043549,-1.475686877297082,0.25758988103932456,0.5067675913712875,-0.07152161825427683,-0.18699560228830392,-0.15714378101287094,-0.19250202198797847,-0.3650833393028946,-1.1965066274132958,0.07573754056514193,-1.7527579965350657
-0.07440960116549175,0.6106213827974715,0.34341791732070936,-0.5090038784983656,-0.25022508343653194,-1.4709732647303067,-1.320305033036712,-1.173707398509656,0.25388299621995974,0.7133906013164308,-0.19250202198797847,2.994129652669048,0.08549887676925344,1.5358461039263291,-1.251969997525047
-0.26324158383376717,1.2789268685163104,-1.1568394705590088,0.6796484726614873,0.38803626753250386,0.7977658640923343,0.5067675913712875,0.8469665319585392,0.033443696965827906,0.27812341015177994,-0.19250202198797847,-0.18044357397591915,0.08549887676925344,0.6165184899581742,1.0015759980200376
-0.2936028045765095,-1.2063920084297877,-1.0733327775313528,0.2886392700617461,0.20932308926117313,-0.4986564952348891,-2.233841345240712,1.3980594220862288,0.9152008939823552,1.1486577924810817,0.597642383908541,-0.07416729677918882,-1.1965066274132958,1.0491432494726,-0.9014183982180338
-0.27027650083513427,-1.1693667737639242,-0.6710691076895581,-0.11330725289043549,-1.475686877297082,0.04151948781812065,-1.320305033036712,1.3980594220862288,-0.18699560228830392,-0.15714378101287094,-0.19250202198797847,-0.07416729677918882,-1.1965066274132958,1.0491432494726,1.3521275973270508
24.272697622987028,-1.1844854112524852,-1.1783126201946919,-0.8910288536657452,1.7156198775480973,-1.3629380681197047,-1.320305033036712,-0.9900097684670929,0.47432229547409155,1.1486577924810817,-0.19250202198797847,1.253919396708919,1.3675043809518026,-1.2221367379781356,0.3004727994060113
-0.23213984551193356,0.6106213827974715,0.34341791732070936,-0.5090038784983656,-0.25022508343653194,-1.4709732647303067,-1.320305033036712,-1.173707398509656,0.25388299621995974,0.7133906013164308,-0.19250202198797847,0.1260701194300788,0.08549887676925344,-0.03241864931346453,-1.251969997525047
-0.024424664576830617,0.6106213827974715,0.34341791732070936,-0.5090038784983656,-0.25022508343653194,0.25758988103932456,0.14135306648968757,0.2958736418308496,0.6947615947282234,0.27812341015177994,0.9927145868568007,-1.053108353035776,1.3675043809518026,1.1572994393512064,-0.851339598317032
-0.2806437469424122,-1.1693667737639242,-0.6710691076895581,-0.11330725289043549,-1.475686877297082,1.8781178301983537,1.4203039035752874,1.7654546821713553,-0.6278742007965675,-0.15714378101287094,-0.9826464278844979,-0.3650833393028946,-1.1965066274132958,0.07573754056514193,1.60252159683206
-0.22325363456283825,-1.1844854112524852,-1.1783126201946919,-0.8910288536657452,1.7156198775480973,0.7977658640923343,1.4203039035752874,-0.07152161825427683,0.6947615947282234,0.7133906013164308,0.597642383908541,-0.18044357397591915,-1.1965066274132958,-0.7354338835244065,-0.2003151996040075
-0.2284372576164772,0.6106213827974715,0.34341791732070936,-0.5090038784983656,-0.25022508343653194,-0.606691691845491,-0.9548905081551122,-0.07152161825427683,-0.18699560228830392,-0.5924109721775218,0.20257018096028123,-0.18044357397591915,0.08549887676925344,0.6165184899581742,1.1017335978220413
-0.12698634928097235,-1.1693667737639242,-0.6710691076895581,-0.11330725289043549,-1.475686877297082,0.25758988103932456,0.5067675913712875,-0.07152161825427683,-0.18699560228830392,-0.15714378101287094,-0.19250202198797847,0.03559255019714171,-1.1965066274132958,-0.19465293413137422,1.7527579965350657
-0.21140535329737783,0.6106213827974715,0.34341791732070936,-0.5090038784983656,-0.25022508343653194,0.25758988103932456,0.14135306648968757,0.2958736418308496,0.6947615947282234,0.27812341015177994,0.9927145868568007,0.006770415145578656,1.3675043809518026,-0.14057483919207098,-0.851339598317032
-0.17252818039508586,0.6106213827974715,0.34341791732070936,-0.5090038784983656,-0.25022508343653194,0.25758988103932456,0.5067675913712875,-0.07152161825427683,-0.4074349015424357,-1.0276781633421728,0.20257018096028123,-0.07416729677918882,0.08549887676925344,-1.546605307613955,-0.7011031986140263
-0.2899002166810531,-1.1693667737639242,-0.6710691076895581,-0.11330725289043549,-1.475686877297082,0.25758988103932456,0.5067675913712875,-0.07152161825427683,-0.18699560228830392,-0.15714378101287094,-0.19250202198797847,0.006770415145578656,-1.1965066274132958,-0.7895119784637097,-1.7527579965350657
0.2747444373760449,1.3039189019157686,1.945314880142661,0.6730079567332199,-0.9395473424830896,0.25758988103932456,-0.4067687208327123,0.8469665319585392,0.6947615947282234,0.27812341015177994,0.9927145868568007,0.03559255019714171,1.3675043809518026,-0.19465293413137422,-1.60252159683206
-0.2421368328296658,0.6106213827974715,0.34341791732070936,-0.5090038784983656,-0.25022508343653194,-0.606691691845491,-0.9548905081551122,-0.07152161825427683,-0.18699560228830392,-0.5924109721775218,0.20257018096028123,2.994129652669048,0.08549887676925344,1.5899241988656323,0.9514971981190357
-0.2650928777814954,-1.1409807605200954,0.2880649093709489,-0.5058789298262397,0.9497062563852547,1.337941847145344,1.4203039035752874,0.8469665319585392,-0.18699560228830392,-0.15714378101287094,-0.19250202198797847,-0.9654119228257313,0.08549887676925344,0.2379718253830516,0.7011031986140263
-0.24954200862057857,0.6106213827974715,0.34341791732070936,-0.5090038784983656,-0.25022508343653194,-0.8227620850666949,-0.4067687208327123,-0.9900097684670929,0.6947615947282234,0.7133906013164308,0.597642383908541,2.406388753687064,1.3675043809518026,-1.113980548099529,0.2503939995050094
0.5276311906357158,-1.1104349419207578,-1.1601797382801151,-0.08713580776138195,-0.9395473424830896,-0.8227620850666949,-0.4067687208327123,-0.9900097684670929,-1.0687527993048311,-1.0276781633421728,-0.9826464278844979,0.5534877303040735,1.3675043809518026,-1.6006834025532581,0.9014183982180338
-0.18030361497554426,0.6106213827974715,0.34341791732070936,-0.5090038784983656,-0.25022508343653194,-1.4709732647303067,-1.320305033036712,-1.173707398509656,0.25388299621995974,0.7133906013164308,-0.19250202198797847,0.11588619232781792,0.08549887676925344,-1.4925272126746516,-1.251969997525047
-0.27286831236195375,0.6763411743293793,0.3023803424614041,0.27535823820521127,0.20932308926117313,-0.606691691845491,-0.0413541959511124,-0.9900097684670929,-0.8483135000506994,0.27812341015177994,-1.7727908337810172,-1.053108353035776,1.3675043809518026,-1.2762148329174388,-1.0516547979210396
0.4957889347347909,-0.24959823593942765,0.8497070676198127,0.6726173381492043,1.000767164462779,0.5816954708711304,0.14135306648968757,0.8469665319585392,0.25388299621995974,-0.15714378101287094,0.597642383908541,0.481837613057126,0.08549887676925344,-0.30280912400998067,1.0516547979210396
-0.2199213054569275,0.6106213827974715,0.34341791732070936,-0.5090038784983656,-0.25022508343653194,-1.0388324782878988,-1.6857195579183122,-0.07152161825427683,0.47432229547409155,0.27812341015177994,0.597642383908541,0.481837613057126,0.08549887676925344,1.2113775342905098,-1.1518123977230432
-0.2236238933523839,-0.24959823593942765,0.8497070676198127,0.6726173381492043,1.000767164462779,0.25758988103932456,0.5067675913712875,-0.07152161825427683,-0.18699560228830392,-0.15714378101287094,-0.19250202198797847,0.1260701194300788,-1.1965066274132958,0.8328308697153871,-0.400630399208015
0.042221917541384234,-0.5538222474439407,1.2514935563585923,-0.5304879006192306,1.996454871974474,0.7977658640923343,0.5067675913712875,0.8469665319585392,-3.2731457918461495,-3.204014119165427,-2.9580074426257963,-0.8727562352098543,0.08549887676925344,-0.5191215037671936,0.6009455988120226
-0.2887894403124162,-1.1693667737639242,-0.6710691076895581,-0.11330725289043549,-1.475686877297082,0.04151948781812065,-1.320305033036712,1.3980594220862288,-0.18699560228830392,-0.15714378101287094,-0.19250202198797847,-0.48522247572823496,-1.1965066274132958,0.9409870595939935,1.3521275973270508
-0.2936028045765095,-1.1104349419207578,-1.1601797382801151,-0.08713580776138195,-0.9395473424830896,-0.714726888456093,-2.051134082799912,0.8469665319585392,0.033443696965827906,0.27812341015177994,-0.19250202198797847,2.994129652669048,-1.1965066274132958,1.5899241988656323,-0.7511819985150282
-0.2088135417705584,0.6106213827974715,0.34341791732070936,-0.5090038784983656,-0.25022508343653194,-0.714726888456093,-0.0413541959511124,-1.173707398509656,0.6947615947282234,0.7133906013164308,0.597642383908541,2.994129652669048,1.3675043809518026,0.29204992032235483,1.5524427969310584
-0.2899002166810531,-1.1693667737639242,-0.6710691076895581,-0.11330725289043549,-1.475686877297082,0.04151948781812065,-1.320305033036712,1.3980594220862288,-0.18699560228830392,-0.15714378101287094,-0.19250202198797847,2.994129652669048,-1.1965066274132958,0.29204992032235483,1.3521275973270508
-0.2606497723069477,-0.24959823593942765,0.8497070676198127,0.6726173381492043,1.000767164462779,1.337941847145344,1.4203039035752874,0.8469665319585392,0.6947615947282234,0.7133906013164308,0.597642383908541,-0.66451343385658,-1.1965066274132958,-1.7088395924318647,1.3020487974260488
-0.25879847835921954,-0.24959823593942765,0.8497070676198127,0.6726173381492043,1.000767164462779,0.25758988103932456,0.5067675913712875,-0.07152161825427683,-0.18699560228830392,-0.15714378101287094,-0.19250202198797847,0.1260701194300788,-1.1965066274132958,-0.03241864931346453,-0.400630399208015
-0.029238028840923913,1.8451044152818088,0.2384380746573705,-0.5179881059307273,1.434784883121723,1.554012240366548,1.7857184284568872,0.8469665319585392,-2.391388594829622,-2.7687469280007764,-1.7727908337810172,0.006770415145578656,1.3675043809518026,-0.7895119784637097,1.4022063972280525
-0.25694718441149134,-1.1104349419207578,-1.1601797382801151,-0.08713580776138195,-0.9395473424830896,-0.714726888456093,-2.051134082799912,0.8469665319585392,0.033443696965827906,0.27812341015177994,-0.19250202198797847,0.006770415145578656,-1.1965066274132958,-0.14057483919207098,-0.7511819985150282
-0.2899002166810531,-1.1693667737639242,-0.6710691076895581,-0.11330725289043549,-1.475686877297082,1.8781178301983537,1.4203039035752874,1.7654546821713553,-0.6278742007965675,-0.15714378101287094,-0.9826464278844979,2.994129652669048,-1.1965066274132958,1.5358461039263291,1.60252159683206
-0.03145958157819774,1.2789268685163104,-1.1568394705590088,0.6796484726614873,0.38803626753250386,-0.17455090540308324,0.14135306648968757,-0.43891687833940324,0.6947615947282234,0.7133906013164308,0.597642383908541,-0.18044357397591915,-1.1965066274132958,-1.0058243582209225,-0.10015759980200376
-0.1029195279605059,-1.1844854112524852,-1.1783126201946919,-0.8910288536657452,1.7156198775480973,0.7977658640923343,1.4203039035752874,-0.07152161825427683,0.6947615947282234,0.7133906013164308,0.597642383908541,2.994129652669048,-1.1965066274132958,1.5899241988656323,-0.2003151996040075
-0.22103208182556444,0.6106213827974715,0.34341791732070936,-0.5090038784983656,-0.25022508343653194,0.25758988103932456,0.5067675913712875,-0.07152161825427683,-0.4074349015424357,-1.0276781633421728,0.20257018096028123,2.994129652669048,0.08549887676925344,1.5358461039263291,-0.7011031986140263
-0.2547256316742175,-1.1693667737639242,-0.6710691076895581,-0.11330725289043549,-1.475686877297082,0.04151948781812065,-1.320305033036712,1.3980594220862288,-0.18699560228830392,-0.15714378101287094,-0.19250202198797847,-0.07416729677918882,-1.1965066274132958,-1.546605307613955,1.3521275973270508
-0.16067989912962544,-1.148385807453268,1.254833824079699,-0.4988477953139567,-1.5267477853746036,-1.6870436579515105,-1.320305033036712,-1.5411026585947825,-0.4074349015424357,-0.5924109721775218,-0.19250202198797847,-0.8727562352098543,-1.1965066274132958,0.5083623000795677,-1.5023639970300564
-0.23102906914329666,0.6106213827974715,0.34341791732070936,-0.5090038784983656,-0.25022508343653194,0.25758988103932456,0.5067675913712875,-0.07152161825427683,-0.4074349015424357,-1.0276781633421728,0.20257018096028123,-0.18044357397591915,0.08549887676925344,0.562440395018871,-0.7011031986140263
-0.06441261384775952,-0.5538222474439407,1.2514935563585923,-0.5304879006192306,1.996454871974474,0.7977658640923343,0.5067675913712875,0.8469665319585392,-3.2731457918461495,-3.204014119165427,-2.9580074426257963,-0.9654119228257313,0.08549887676925344,-0.08649674425276777,0.6009455988120226
-0.29212176941832696,0.6106213827974715,0.34341791732070936,-0.5090038784983656,-0.25022508343653194,-0.0665157087924813,-0.4067687208327123,0.2958736418308496,-0.9805770796031784,-1.0276781633421728,-0.824617546705194,0.1260701194300788,0.08549887676925344,-1.059902453160226,0.80126079841603
-0.17845232102781605,0.6106213827974715,0.34341791732070936,-0.5090038784983656,-0.25022508343653194,-0.606691691845491,-0.9548905081551122,-0.07152161825427683,-0.18699560228830392,-0.5924109721775218,0.20257018096028123,0.006770415145578656,0.08549887676925344,0.7787527747760838,1.1017335978220413
-0.2584282195696739,-1.0734097072548943,4.356033812575339,6.534630428473198,-0.8118950722892828,0.25758988103932456,0.5067675913712875,-0.07152161825427683,-0.18699560228830392,-0.5924109721775218,0.20257018096028123,-0.66451343385658,0.08549887676925344,-0.24873102907067746,-1.4022063972280525
-0.11661910317369449,-1.1693667737639242,-0.6710691076895581,-0.11330725289043549,-1.475686877297082,0.25758988103932456,0.5067675913712875,-0.07152161825427683,-0.18699560228830392,-0.15714378101287094,-0.19250202198797847,-0.45330937043211694,-1.1965066274132958,-0.8976681683423162,-1.7527579965350657
-0.28545711120650546,0.6106213827974715,0.34341791732070936,-0.5090038784983656,-0.25022508343653194,0.7977658640923343,0.5067675913712875,0.8469665319585392,1.5765187917447507,1.5839249836457325,1.3877867898050604,0.5534877303040735,-1.1965066274132958,-1.6006834025532581,0.10015759980200376
-0.28138426452150345,-1.1844854112524852,-1.1783126201946919,-0.8910288536657452,1.7156198775480973,0.7977658640923343,0.5067675913712875,0.8469665319585392,1.135640193236487,0.7133906013164308,1.3877867898050604,-1.053108353035776,-1.1965066274132958,0.4542842051402645,0.5007879990100188
-0.27694115904695576,-0.24959823593942765,0.8497070676198127,0.6726173381492043,1.000767164462779,1.1218714539241401,1.0548893786936875,0.8469665319585392,-0.4074349015424357,0.27812341015177994,-0.9826464278844979,-0.18044357397591915,-1.1965066274132958,0.562440395018871,-0.3004727994060113
-0.24546916193557655,-0.5538222474439407,1.2514935563585923,-0.5304879006192306,1.996454871974474,0.7977658640923343,0.5067675913712875,0.8469665319585392,-3.2731457918461495,-3.204014119165427,-2.9580074426257963,2.994129652669048,0.08549887676925344,1.5899241988656323,0.6009455988120226
4.564562773051808,-0.5538222474439407,1.2514935563585923,-0.5304879006192306,1.996454871974474,0.7977658640923343,0.5067675913712875,0.8469665319585392,-3.2731457918461495,-3.204014119165427,-2.9580074426257963,-0.5008826302442834,0.08549887676925344,1.6440022938049355,0.6009455988120226
-0.2917515106287813,0.6106213827974715,0.34341791732070936,-0.5090038784983656,-0.25022508343653194,-0.714726888456093,-0.5894759832735124,-0.6226145083819664,-1.0687527993048311,-1.0276781633421728,-0.9826464278844979,-0.18044357397591915,1.3675043809518026,-0.7354338835244065,0.4507091991090169
-0.26805494809786046,-1.1104349419207578,-1.1601797382801151,-0.08713580776138195,-0.9395473424830896,1.337941847145344,1.4203039035752874,0.8469665319585392,0.6947615947282234,0.7133906013164308,0.597642383908541,-0.9654119228257313,0.08549887676925344,0.2379718253830516,-1.4522851971290545
-0.2354721746178443,-0.5538222474439407,1.2514935563585923,-0.5304879006192306,1.996454871974474,0.7977658640923343,0.5067675913712875,0.8469665319585392,-3.2731457918461495,-3.204014119165427,-2.9580074426257963,-0.18044357397591915,0.08549887676925344,0.34612801526165804,0.6009455988120226
-0.16956611007872074,-1.1844854112524852,-1.1783126201946919,-0.8910288536657452,1.7156198775480973,0.7977658640923343,1.4203039035752874,-0.07152161825427683,0.6947615947282234,0.7133906013164308,0.597642383908541,-0.07416729677918882,-1.1965066274132958,-0.46504340882789036,-0.2003151996040075
-0.11810013833187705,-1.1409807605200954,0.2880649093709489,-0.5058789298262397,0.9497062563852547,1.337941847145344,1.4203039035752874,0.8469665319585392,-0.18699560228830392,-0.15714378101287094,-0.19250202198797847,-0.66451343385658,0.08549887676925344,-1.7088395924318647,0.7011031986140263
-0.23991528009239196,0.6106213827974715,0.34341791732070936,-0.5090038784983656,-0.25022508343653194,-0.714726888456093,-0.0413541959511124,-1.173707398509656,0.6947615947282234,0.7133906013164308,0.597642383908541,-0.8727562352098543,1.3675043809518026,-0.41096531388858715,1.5524427969310584
0.05369994001729902,1.2789268685163104,-1.1568394705590088,0.6796484726614873,0.38803626753250386,0.5816954708711304,0.14135306648968757,0.8469665319585392,0.6947615947282234,0.27812341015177994,0.9927145868568007,-0.45330937043211694,0.08549887676925344,-0.8976681683423162,-0.6009455988120226
-0.10440056311868844,-1.1104349419207578,-1.1601797382801151,-0.08713580776138195,-0.9395473424830896,0.25758988103932456,0.5067675913712875,-0.07152161825427683,-0.18699560228830392,-0.15714378101287094,-0.19250202198797847,0.03559255019714171,-1.1965066274132958,-0.5731995987064968,-0.5007879990100188
-0.14253721844188916,-1.148385807453268,1.254833824079699,-0.4988477953139567,-1.5267477853746036,0.25758988103932456,0.5067675913712875,-0.07152161825427683,0.033443696965827906,0.27812341015177994,-0.19250202198797847,2.994129652669048,0.08549887676925344,1.5899241988656323,-1.5524427969310584
-0.1040303043291428,-0.24959823593942765,0.8497070676198127,0.6726173381492043,1.000767164462779,0.25758988103932456,0.5067675913712875,-0.07152161825427683,-0.18699560228830392,-0.15714378101287094,-0.19250202198797847,-0.45330937043211694,-1.1965066274132958,1.1032213444119032,-0.400630399208015
0.028522342328195626,1.2789268685163104,-1.1568394705590088,0.6796484726614873,0.38803626753250386,-0.8227620850666949,-0.4067687208327123,-0.9900097684670929,-1.0687527993048311,-1.0276781633421728,-0.9826464278844979,0.03559255019714171,1.3675043809518026,0.4002061102009613,1.1518123977230432
-0.26768468930831485,1.2789268685163104,-1.1568394705590088,0.6796484726614873,0.38803626753250386,0.25758988103932456,0.5067675913712875,-0.07152161825427683,0.033443696965827906,0.27812341015177994,-0.19250202198797847,-0.7539631269986905,-1.1965066274132958,1.319533724169116,0.0
-0.15105317060143883,0.6106213827974715,0.34341791732070936,-0.5090038784983656,-0.25022508343653194,-1.6870436579515105,-1.320305033036712,-1.5411026585947825,1.135640193236487,1.1486577924810817,0.9927145868568007,-0.45330937043211694,0.08549887676925344,1.3736118191084195,1.2018911976240452
-0.29027047547059875,0.6106213827974715,0.34341791732070936,-0.5090038784983656,-0.25022508343653194,0.6897306674817323,0.5067675913712875,0.663268901915976,0.033443696965827906,0.27812341015177994,-0.19250202198797847,-0.66451343385658,-1.1965066274132958,-0.24873102907067746,0.400630399208015
-0.20770276540192145,-1.1693667737639242,-0.6710691076895581,-0.11330725289043549,-1.475686877297082,0.25758988103932456,0.5067675913712875,-0.07152161825427683,-0.18699560228830392,-0.15714378101287094,-0.19250202198797847,-0.45330937043211694,-1.1965066274132958,1.1032213444119032,-1.7527579965350657
-0.29249202820787257,0.6763411743293793,0.3023803424614041,0.27535823820521127,0.20932308926117313,-0.606691691845491,-0.0413541959511124,-0.9900097684670929,-0.8483135000506994,0.27812341015177994,-1.7727908337810172,-0.48522247572823496,1.3675043809518026,-0.9517462632816194,-1.0516547979210396
-0.18326568529190934,0.6106213827974715,0.34341791732070936,-0.5090038784983656,-0.25022508343653194,-2.659360427446928,-1.6857195579183122,-2.826986068892725,0.47432229547409155,0.7133906013164308,0.20257018096028123,0.006770415145578656,-1.1965066274132958,1.265455629229813,0.7511819985150282
-0.041826827685475604,1.2789268685163104,-1.1568394705590088,0.6796484726614873,0.38803626753250386,-0.8227620850666949,-0.4067687208327123,-0.9900097684670929,-1.0687527993048311,-1.0276781633421728,-0.9826464278844979,-0.07416729677918882,1.3675043809518026,1.0491432494726,1.1518123977230432
-0.2599092547278564,1.2789268685163104,-1.1568394705590088,0.6796484726614873,0.38803626753250386,0.25758988103932456,0.5067675913712875,-0.07152161825427683,0.033443696965827906,0.27812341015177994,-0.19250202198797847,-0.48522247572823496,-1.1965066274132958,0.9409870595939935,0.0
-0.07552037753412867,0.6106213827974715,0.34341791732070936,-0.5090038784983656,-0.25022508343653194,-0.8227620850666949,-0.4067687208327123,-0.9900097684670929,0.6947615947282234,0.7133906013164308,0.597642383908541,-0.18044357397591915,1.3675043809518026,0.562440395018871,0.2503939995050094
-0.06663416658503336,-1.1104349419207578,-1.1601797382801151,-0.08713580776138195,-0.9395473424830896,1.337941847145344,1.4203039035752874,0.8469665319585392,0.6947615947282234,0.7133906013164308,0.597642383908541,-0.20265138455711335,0.08549887676925344,-1.330292927856742,-1.4522851971290545
-0.25694718441149134,-0.24959823593942765,0.8497070676198127,0.6726173381492043,1.000767164462779,1.337941847145344,1.4203039035752874,0.8469665319585392,0.6947615947282234,0.7133906013164308,0.597642383908541,2.406388753687064,-1.1965066274132958,-1.113980548099529,1.3020487974260488
-0.22473466972102082,-1.148385807453268,1.254833824079699,-0.4988477953139567,-1.5267477853746036,-1.6870436579515105,-1.320305033036712,-1.5411026585947825,-0.4074349015424357,-0.5924109721775218,-0.19250202198797847,0.5534877303040735,-1.1965066274132958,0.9950651545332968,-1.5023639970300564
-0.2732385711514994,-1.1693667737639242,-0.6710691076895581,-0.11330725289043549,-1.475686877297082,1.8781178301983537,1.4203039035752874,1.7654546821713553,-0.6278742007965675,-0.15714378101287094,-0.9826464278844979,-0.07416729677918882,-1.1965066274132958,-0.46504340882789036,1.60252159683206
-0.27471960630968195,0.6106213827974715,0.34341791732070936,-0.5090038784983656,-0.25022508343653194,-1.2549028715091026,-0.4067687208327123,-1.7248002886373457,-0.49561062124408845,0.3651768483847101,-1.2196897496534538,-0.45330937043211694,0.08549887676925344,1.1032213444119032,-1.2018911976240452
-0.2606497723069477,0.6106213827974715,0.34341791732070936,-0.5090038784983656,-0.25022508343653194,-0.714726888456093,-0.0413541959511124,-1.173707398509656,0.6947615947282234,0.7133906013164308,0.597642383908541,-0.8727562352098543,1.3675043809518026,0.12981563550444514,1.5524427969310584
-0.06108028474184879,-1.1693667737639242,-0.6710691076895581,-0.11330725289043549,-1.475686877297082,1.8781178301983537,1.4203039035752874,1.7654546821713553,-0.6278742007965675,-0.15714378101287094,-0.9826464278844979,0.1260701194300788,-1.1965066274132958,-1.3843710227960453,1.60252159683206
-0.040345792527293055,0.6106213827974715,0.34341791732070936,-0.5090038784983656,-0.25022508343653194,-1.0388324782878988,-1.6857195579183122,-0.07152161825427683,0.47432229547409155,0.27812341015177994,0.597642383908541,-0.18044357397591915,0.08549887676925344,0.18389373044374838,-1.1518123977230432
-0.05515614410911858,-0.5538222474439407,1.2514935563585923,-0.5304879006192306,1.996454871974474,0.7977658640923343,0.5067675913712875,0.8469665319585392,-3.2731457918461495,-3.204014119165427,-2.9580074426257963,-0.48522247572823496,0.08549887676925344,-0.9517462632816194,0.6009455988120226
-0.2558364080428544,-0.5538222474439407,1.2514935563585923,-0.5304879006192306,1.996454871974474,0.7977658640923343,0.5067675913712875,0.8469665319585392,-3.2731457918461495,-3.204014119165427,-2.9580074426257963,-0.8727562352098543,0.08549887676925344,0.5083623000795677,0.6009455988120226
0.057772786702301036,-1.1693667737639242,-0.6710691076895581,-0.11330725289043549,-1.475686877297082,-0.8227620850666949,-0.4067687208327123,-0.9900097684670929,-1.0687527993048311,-1.0276781633421728,-0.9826464278844979,-0.7054938746681985,1.3675043809518026,-1.4384491177353484,-1.3020487974260488
0.08554219591822389,-0.24959823593942765,0.8497070676198127,0.6726173381492043,1.000767164462779,1.1218714539241401,1.0548893786936875,0.8469665319585392,-0.4074349015424357,0.27812341015177994,-0.9826464278844979,-0.8727562352098543,-1.1965066274132958,-0.5191215037671936,-0.3004727994060113
-0.25694718441149134,-0.24959823593942765,0.8497070676198127,0.6726173381492043,1.000767164462779,1.337941847145344,1.4203039035752874,0.8469665319585392,0.6947615947282234,0.7133906013164308,0.597642383908541,0.006770415145578656,-1.1965066274132958,1.265455629229813,1.3020487974260488
0.11034953481778165,-1.1104349419207578,-1.1601797382801151,-0.08713580776138195,-0.9395473424830896,-0.714726888456093,-2.051134082799912,0.8469665319585392,0.033443696965827906,0.27812341015177994,-0.19250202198797847,-0.45330937043211694,-1.1965066274132958,1.3736118191084195,-0.7511819985150282
-0.04738070952866018,0.6106213827974715,0.34341791732070936,-0.5090038784983656,-0.25022508343653194,-1.0388324782878988,-1.6857195579183122,-0.07152161825427683,0.47432229547409155,0.27812341015177994,0.597642383908541,-0.45330937043211694,0.08549887676925344,-0.8976681683423162,-1.1518123977230432
-0.07700141269231123,-1.148385807453268,1.254833824079699,-0.4988477953139567,-1.5267477853746036,-1.6870436579515105,-1.320305033036712,-1.5411026585947825,-0.4074349015424357,-0.5924109721775218,-0.19250202198797847,-0.66451343385658,-1.1965066274132958,-0.24873102907067746,-1.5023639970300564
-0.2547256316742175,-1.1104349419207578,-1.1601797382801151,-0.08713580776138195,-0.9395473424830896,-0.8227620850666949,-0.4067687208327123,-0.9900097684670929,-1.0687527993048311,-1.0276781633421728,-0.9826464278844979,-0.45330937043211694,1.3675043809518026,1.1032213444119032,0.9014183982180338
-0.282865299679686,-1.1844854112524852,-1.1783126201946919,-0.8910288536657452,1.7156198775480973,0.7977658640923343,0.5067675913712875,0.8469665319585392,1.135640193236487,0.7133906013164308,1.3877867898050604,-0.48522247572823496,-1.1965066274132958,0.9409870595939935,0.5007879990100188
-0.12476479654369853,-1.148385807453268,1.254833824079699,-0.4988477953139567,-1.5267477853746036,0.25758988103932456,0.5067675913712875,-0.07152161825427683,0.033443696965827906,0.27812341015177994,-0.19250202198797847,-0.66451343385658,0.08549887676925344,-1.7088395924318647,-1.5524427969310584
-0.27286831236195375,0.6106213827974715,0.34341791732070936,-0.5090038784983656,-0.25022508343653194,0.7977658640923343,0.5067675913712875,0.8469665319585392,1.5765187917447507,1.5839249836457325,1.3877867898050604,-0.8727562352098543,-1.1965066274132958,-0.41096531388858715,0.10015759980200376
-0.286938146364688,0.6763411743293793,0.3023803424614041,0.27535823820521127,0.20932308926117313,-0.606691691845491,-0.0413541959511124,-0.9900097684670929,-0.8483135000506994,0.27812341015177994,-1.7727908337810172,0.481837613057126,1.3675043809518026,-0.30280912400998067,-1.0516547979210396
-0.2939730633660551,-1.1693667737639242,-0.6710691076895581,-0.11330725289043549,-1.475686877297082,1.337941847145344,1.4203039035752874,0.8469665319585392,0.6947615947282234,0.7133906013164308,0.597642383908541,-0.48522247572823496,0.08549887676925344,-0.9517462632816194,-0.15023639970300565
3.563012747330857,1.8451044152818088,0.2384380746573705,-0.5179881059307273,1.434784883121723,-0.28258610201368517,-0.4067687208327123,-0.07152161825427683,0.25388299621995974,0.27812341015177994,0.20257018096028123,-0.45330937043211694,0.08549887676925344,1.3736118191084195,1.251969997525047
0.15478058956325821,1.3039189019157686,1.945314880142661,0.6730079567332199,-0.9395473424830896,0.25758988103932456,-0.4067687208327123,0.8469665319585392,0.6947615947282234,0.27812341015177994,0.9927145868568007,0.1260701194300788,1.3675043809518026,0.8328308697153871,-1.60252159683206
0.06147537459775742,-1.1409807605200954,0.2880649093709489,-0.5058789298262397,0.9497062563852547,1.337941847145344,1.4203039035752874,0.8469665319585392,-0.18699560228830392,-0.15714378101287094,-0.19250202198797847,-0.45330937043211694,0.08549887676925344,-0.8976681683423162,0.7011031986140263
-0.17030662765781202,1.2789268685163104,-1.1568394705590088,0.6796484726614873,0.38803626753250386,-0.17455090540308324,0.14135306648968757,-0.43891687833940324,0.6947615947282234,0.7133906013164308,0.597642383908541,-0.07416729677918882,-1.1965066274132958,-1.546605307613955,-0.10015759980200376
-0.27694115904695576,-1.1270962975203966,0.32289912989105674,-0.49181666080167363,1.2305412508116313,0.7977658640923343,0.5067675913712875,0.8469665319585392,1.135640193236487,0.7133906013164308,1.3877867898050604,-0.66451343385658,1.3675043809518026,-1.7088395924318647,-0.35055159930701313
-0.2865678875751424,-0.24959823593942765,0.8497070676198127,0.6726173381492043,1.000767164462779,1.337941847145344,1.4203039035752874,0.8469665319585392,0.6947615947282234,0.7133906013164308,0.597642383908541,2.994129652669048,-1.1965066274132958,-0.6272776936458,1.3020487974260488
-0.18696827318736572,0.6106213827974715,0.34341791732070936,-0.5090038784983656,-0.25022508343653194,-2.011149247783316,-2.233841345240712,-1.173707398509656,0.9152008939823552,1.1486577924810817,0.597642383908541,-0.07416729677918882,0.08549887676925344,-1.546605307613955,1.4522851971290545
-0.22029156424647317,0.6106213827974715,0.34341791732070936,-0.5090038784983656,-0.25022508343653194,-0.8227620850666949,-0.4067687208327123,-0.9900097684670929,-0.4074349015424357,-0.5924109721775218,-0.19250202198797847,0.03559255019714171,1.3675043809518026,-0.19465293413137422,-0.6510243987130244
-0.02553544094546753,-1.1104349419207578,-1.1601797382801151,-0.08713580776138195,-0.9395473424830896,0.25758988103932456,0.5067675913712875,-0.07152161825427683,-0.18699560228830392,-0.15714378101287094,-0.19250202198797847,-1.053108353035776,-1.1965066274132958,0.8869089646546904,-0.5007879990100188
-0.28730840515423367,-1.2063920084297877,-1.0733327775313528,0.2886392700617461,0.20932308926117313,-0.4986564952348891,-2.233841345240712,1.3980594220862288,0.9152008939823552,1.1486577924810817,0.597642383908541,-0.45330937043211694,-1.1965066274132958,-0.8976681683423162,-0.9014183982180338
-0.058118214425483684,1.2789268685163104,-1.1568394705590088,0.6796484726614873,0.38803626753250386,-0.28258610201368517,0.14135306648968757,-0.6226145083819664,0.25388299621995974,0.27812341015177994,0.20257018096028123,0.03559255019714171,-1.1965066274132958,1.4276899140477226,-1.1017335978220413
-0.1865980143978201,0.6106213827974715,0.34341791732070936,-0.5090038784983656,-0.25022508343653194,-1.2549028715091026,-0.4067687208327123,-1.7248002886373457,-0.49561062124408845,0.3651768483847101,-1.2196897496534538,0.03559255019714171,0.08549887676925344,-0.5731995987064968,-1.2018911976240452
-0.2584282195696739,0.6106213827974715,0.34341791732070936,-0.5090038784983656,-0.25022508343653194,-0.0665157087924813,-0.4067687208327123,0.2958736418308496,-0.9805770796031784,-1.0276781633421728,-0.824617546705194,-0.8727562352098543,0.08549887676925344,0.5083623000795677,0.80126079841603
-0.20066784840055435,1.2789268685163104,-1.1568394705590088,0.6796484726614873,0.38803626753250386,-0.8227620850666949,-0.4067687208327123,-0.9900097684670929,-1.0687527993048311,-1.0276781633421728,-0.9826464278844979,-0.7054938746681985,1.3675043809518026,-0.3568872189492839,1.1518123977230432
-0.2469501970937591,0.6106213827974715,0.34341791732070936,-0.5090038784983656,-0.25022508343653194,-2.659360427446928,-1.6857195579183122,-2.826986068892725,0.47432229547409155,0.7133906013164308,0.20257018096028123,-1.053108353035776,-1.1965066274132958,-1.2762148329174388,0.7511819985150282
-0.2913812518392357,-1.1104349419207578,-1.1601797382801151,-0.08713580776138195,-0.9395473424830896,-0.8227620850666949,-0.4067687208327123,-0.9900097684670929,-1.0687527993048311,-1.0276781633421728,-0.9826464278844979,0.03559255019714171,1.3675043809518026,-0.19465293413137422,0.9014183982180338
-0.26361184262331283,-1.148385807453268,1.254833824079699,-0.4988477953139567,-1.5267477853746036,0.25758988103932456,0.5067675913712875,-0.07152161825427683,0.033443696965827906,0.27812341015177994,-0.19250202198797847,2.994129652669048,0.08549887676925344,1.5358461039263291,-1.5524427969310584
-0.20955405934964966,-0.24959823593942765,0.8497070676198127,0.6726173381492043,1.000767164462779,1.1218714539241401,1.0548893786936875,0.8469665319585392,-0.4074349015424357,0.27812341015177994,-0.9826464278844979,-0.48522247572823496,-1.1965066274132958,0.9409870595939935,-0.3004727994060113
-0.02183285305001115,0.6106213827974715,0.34341791732070936,-0.5090038784983656,-0.25022508343653194,0.25758988103932456,0.5067675913712875,-0.07152161825427683,-0.4074349015424357,-1.0276781633421728,0.20257018096028123,0.03559255019714171,0.08549887676925344,0.7246746798367807,-0.7011031986140263
-0.20288940113782816,0.6106213827974715,0.34341791732070936,-0.5090038784983656,-0.25022508343653194,-0.606691691845491,-0.9548905081551122,-0.07152161825427683,-0.18699560228830392,-0.5924109721775218,0.20257018096028123,0.1260701194300788,0.08549887676925344,-0.03241864931346453,1.1017335978220413
-0.023684146997739342,-1.1693667737639242,-0.6710691076895581,-0.11330725289043549,-1.475686877297082,1.6620474369771499,1.7857184284568872,1.0306641620011023,-0.18699560228830392,0.7133906013164308,-0.9826464278844979,0.1260701194300788,-1.1965066274132958,0.8328308697153871,0.5508667989110206
-0.265463136571041,-0.5538222474439407,1.2514935563585923,-0.5304879006192306,1.996454871974474,0.7977658640923343,0.5067675913712875,0.8469665319585392,-3.2731457918461495,-3.204014119165427,-2.9580074426257963,0.1260701194300788,0.08549887676925344,-0.03241864931346453,0.6009455988120226
-0.16475274581462745,0.6106213827974715,0.34341791732070936,-0.5090038784983656,-0.25022508343653194,-0.8227620850666949,-0.4067687208327123,-0.9900097684670929,-0.4074349015424357,-1.0276781633421728,0.20257018096028123,0.1260701194300788,1.3675043809518026,-1.059902453160226,0.851339598317032
-0.14772084149552808,1.2789268685163104,-1.1568394705590088,0.6796484726614873,0.38803626753250386,0.5816954708711304,0.14135306648968757,0.8469665319585392,0.6947615947282234,0.27812341015177994,0.9927145868568007,-1.053108353035776,0.08549887676925344,0.6705965848974774,-0.6009455988120226
-0.20659198903328455,0.6106213827974715,0.34341791732070936,-0.5090038784983656,-0.25022508343653194,0.7977658640923343,0.5067675913712875,0.8469665319585392,1.5765187917447507,1.5839249836457325,1.3877867898050604,0.1260701194300788,-1.1965066274132958,-1.059902453160226,0.10015759980200376
-0.1458695475477999,-1.148385807453268,1.254833824079699,-0.4988477953139567,-1.5267477853746036,-1.6870436579515105,-1.320305033036712,-1.5411026585947825,-0.4074349015424357,-0.5924109721775218,-0.19250202198797847,0.006770415145578656,-1.1965066274132958,0.7787527747760838,-1.5023639970300564
-0.21807001150919933,-1.1844854112524852,-1.1783126201946919,-0.8910288536657452,1.7156198775480973,-1.3629380681197047,-1.320305033036712,-0.9900097684670929,0.47432229547409155,1.1486577924810817,-0.19250202198797847,0.1260701194300788,1.3675043809518026,-1.3843710227960453,0.3004727994060113
-0.1280971256496093,1.2789268685163104,-1.1568394705590088,0.6796484726614873,0.38803626753250386,0.36562507764992647,1.2375966411344874,-0.6226145083819664,1.3560794924906188,0.7133906013164308,1.78285899275332,-0.18044357397591915,1.3675043809518026,-1.0058243582209225,0.05007879990100188
0.41136993071838546,-1.1270962975203966,0.32289912989105674,-0.49181666080167363,1.2305412508116313,0.7977658640923343,0.5067675913712875,0.8469665319585392,1.135640193236487,0.7133906013164308,1.3877867898050604,1.253919396708919,1.3675043809518026,-1.2221367379781356,-0.35055159930701313
-0.22399415214192953,-1.1844854112524852,-1.1783126201946919,-0.8910288536657452,1.7156198775480973,0.7977658640923343,1.4203039035752874,-0.07152161825427683,0.6947615947282234,0.7133906013164308,0.597642383908541,-0.7539631269986905,-1.1965066274132958,1.319533724169116,-0.2003151996040075
-0.09958719885459515,0.6106213827974715,0.34341791732070936,-0.5090038784983656,-0.25022508343653194,0.25758988103932456,0.14135306648968757,0.2958736418308496,0.6947615947282234,0.27812341015177994,0.9927145868568007,-0.9654119228257313,1.3675043809518026,-0.08649674425276777,-0.80126079841603
-0.27879245299468397,0.6106213827974715,0.34341791732070936,-0.5090038784983656,-0.25022508343653194,-2.011149247783316,-2.233841345240712,-1.173707398509656,0.9152008939823552,1.1486577924810817,0.597642383908541,-0.18044357397591915,0.08549887676925344,-1.0058243582209225,1.4522851971290545
2.411137653054377,-0.5538222474439407,1.2514935563585923,-0.5304879006192306,1.996454871974474,0.7977658640923343,0.5067675913712875,0.8469665319585392,-3.2731457918461495,-3.204014119165427,-2.9580074426257963,-0.7054938746681985,0.08549887676925344,1.4817680089870258,0.6009455988120226
-0.09699538732777568,1.2789268685163104,-1.1568394705590088,0.6796484726614873,0.38803626753250386,-0.28258610201368517,0.14135306648968757,-0.6226145083819664,0.25388299621995974,0.27812341015177994,0.20257018096028123,0.03559255019714171,-1.1965066274132958,-0.5731995987064968,-1.1017335978220413
1.1844702832896776,0.6763411743293793,0.3023803424614041,0.27535823820521127,0.20932308926117313,-1.3089204698144037,-0.31541508961231235,-1.908497918679909,-1.5096313978130949,-1.8982125456714745,-0.9826464278844979,-0.18044357397591915,1.3675043809518026,0.18389373044374838,1.702679196634064
-0.14031566570461534,1.2789268685163104,-1.1568394705590088,0.6796484726614873,0.38803626753250386,-0.8227620850666949,-0.4067687208327123,-0.9900097684670929,-1.0687527993048311,-1.0276781633421728,-0.9826464278844979,0.1260701194300788,1.3675043809518026,-1.3843710227960453,1.1518123977230432
-0.2850868524169598,-0.24959823593942765,0.8497070676198127,0.6726173381492043,1.000767164462779,0.5816954708711304,0.14135306648968757,0.8469665319585392,0.25388299621995974,-0.15714378101287094,0.597642383908541,-0.7539631269986905,0.08549887676925344,1.319533724169116,1.0516547979210396
-0.2891596991019618,-1.2063920084297877,-1.0733327775313528,0.2886392700617461,0.20932308926117313,-0.4986564952348891,-2.233841345240712,1.3980594220862288,0.9152008939823552,1.1486577924810817,0.597642383908541,-0.8727562352098543,-1.1965066274132958,-0.5191215037671936,-0.9014183982180338
-0.27953297057377524,-1.1104349419207578,-1.1601797382801151,-0.08713580776138195,-0.9395473424830896,1.337941847145344,1.4203039035752874,0.8469665319585392,0.25388299621995974,0.7133906013164308,-0.19250202198797847,-0.9654119228257313,0.08549887676925344,0.2379718253830516,-0.4507091991090169
-0.1751199919219053,-0.24959823593942765,0.8497070676198127,0.6726173381492043,1.000767164462779,0.25758988103932456,0.5067675913712875,-0.07152161825427683,-0.18699560228830392,-0.15714378101287094,-0.19250202198797847,1.253919396708919,-1.1965066274132958,-1.2221367379781356,-0.400630399208015
-0.23213984551193356,-1.1104349419207578,-1.1601797382801151,-0.08713580776138195,-0.9395473424830896,-0.8227620850666949,-0.4067687208327123,-0.9900097684670929,-1.0687527993048311,-1.0276781633421728,-0.9826464278844979,-0.45330937043211694,1.3675043809518026,-0.8976681683423162,0.9014183982180338
-0.26768468930831485,-1.1693667737639242,-0.6710691076895581,-0.11330725289043549,-1.475686877297082,0.25758988103932456,0.5067675913712875,-0.07152161825427683,-0.18699560228830392,-0.15714378101287094,-0.19250202198797847,-1.053108353035776,-1.1965066274132958,-1.2762148329174388,-1.7527579965350657
-0.20400017750646507,-1.148385807453268,1.254833824079699,-0.4988477953139567,-1.5267477853746036,0.25758988103932456,0.5067675913712875,-0.07152161825427683,0.033443696965827906,0.27812341015177994,-0.19250202198797847,0.11588619232781792,0.08549887676925344,-1.4925272126746516,-1.5524427969310584
-0.03479191068410848,-1.1693667737639242,-0.6710691076895581,-0.11330725289043549,-1.475686877297082,2.3102586166407617,0.8721821162528874,3.051338092469298,0.9152008939823552,1.1486577924810817,0.597642383908541,-0.07416729677918882,-1.1965066274132958,-0.46504340882789036,-0.2503939995050094
2.8743313987759698,-1.1409807605200954,0.2880649093709489,-0.5058789298262397,0.9497062563852547,1.337941847145344,1.4203039035752874,0.8469665319585392,-0.18699560228830392,-0.15714378101287094,-0.19250202198797847,-1.053108353035776,0.08549887676925344,1.1572994393512064,0.7011031986140263
-0.22621570487920337,-1.1693667737639242,-0.6710691076895581,-0.11330725289043549,-1.475686877297082,0.25758988103932456,0.5067675913712875,-0.07152161825427683,-0.18699560228830392,-0.15714378101287094,-0.19250202198797847,-1.053108353035776,-1.1965066274132958,1.1572994393512064,-1.7527579965350657
0.16181550656462534,0.6763411743293793,0.3023803424614041,0.27535823820521127,0.20932308926117313,-1.3089204698144037,-0.31541508961231235,-1.908497918679909,-1.5096313978130949,-1.8982125456714745,-0.9826464278844979,0.1260701194300788,1.3675043809518026,-1.059902453160226,1.702679196634064
0.06110511580821178,-0.551662442088432,1.2667633516550785,1.8397856671881925,2.532594406788464,0.7977658640923343,0.5067675913712875,0.8469665319585392,-3.2731457918461495,-3.204014119165427,-2.9580074426257963,-0.07416729677918882,0.08549887676925344,-1.546605307613955,-0.5508667989110206
-0.15993938155053417,0.6106213827974715,0.34341791732070936,-0.5090038784983656,-0.25022508343653194,0.25758988103932456,0.14135306648968757,0.2958736418308496,0.6947615947282234,0.27812341015177994,0.9927145868568007,0.481837613057126,1.3675043809518026,-0.30280912400998067,-0.851339598317032
-0.15586653486553212,0.6106213827974715,0.34341791732070936,-0.5090038784983656,-0.25022508343653194,-0.606691691845491,-0.9548905081551122,-0.07152161825427683,-0.18699560228830392,-0.5924109721775218,0.20257018096028123,-0.18044357397591915,0.08549887676925344,0.562440395018871,0.9514971981190357
-0.2713872772037712,-0.551662442088432,1.2667633516550785,1.8397856671881925,2.532594406788464,0.7977658640923343,0.5067675913712875,0.8469665319585392,-3.2731457918461495,-3.204014119165427,-2.9580074426257963,-0.45330937043211694,0.08549887676925344,1.1032213444119032,-0.5508667989110206
-0.17660102708008787,1.2789268685163104,-1.1568394705590088,0.6796484726614873,0.38803626753250386,0.5816954708711304,0.14135306648968757,0.8469665319585392,0.25388299621995974,0.7133906013164308,-0.19250202198797847,-0.07416729677918882,0.08549887676925344,-1.546605307613955,-0.9514971981190357
-0.24287735040875708,-1.0734097072548943,4.356033812575339,6.534630428473198,-0.8118950722892828,0.25758988103932456,0.5067675913712875,-0.07152161825427683,-0.18699560228830392,-0.5924109721775218,0.20257018096028123,-1.053108353035776,0.08549887676925344,1.1572994393512064,-1.4022063972280525
-0.1088436685932361,-1.1693667737639242,-0.6710691076895581,-0.11330725289043549,-1.475686877297082,2.3102586166407617,0.8721821162528874,3.051338092469298,0.9152008939823552,1.1486577924810817,0.597642383908541,-0.07416729677918882,-1.1965066274132958,-1.546605307613955,-0.2503939995050094
-0.20548121266464764,-1.0734097072548943,4.356033812575339,6.534630428473198,-0.8118950722892828,0.25758988103932456,0.5067675913712875,-0.07152161825427683,-0.18699560228830392,-0.5924109721775218,0.20257018096028123,0.03559255019714171,0.08549887676925344,-0.19465293413137422,-1.4022063972280525
-0.014057418469552751,1.2789268685163104,-1.1568394705590088,0.6796484726614873,0.38803626753250386,0.5816954708711304,0.14135306648968757,0.8469665319585392,0.25388299621995974,0.7133906013164308,-0.19250202198797847,-0.8727562352098543,0.08549887676925344,-0.5191215037671936,-0.9514971981190357
-0.22991829277465975,1.2789268685163104,-1.1568394705590088,0.6796484726614873,0.38803626753250386,0.5816954708711304,0.14135306648968757,0.8469665319585392,0.25388299621995974,0.7133906013164308,-0.19250202198797847,-0.7054938746681985,0.08549887676925344,1.4817680089870258,-0.9514971981190357
-0.26361184262331283,0.6763411743293793,0.3023803424614041,0.27535823820521127,0.20932308926117313,-0.606691691845491,-0.0413541959511124,-0.9900097684670929,-0.8483135000506994,0.27812341015177994,-1.7727908337810172,0.481837613057126,1.3675043809518026,1.2113775342905098,-1.0516547979210396
-0.23584243340738995,0.6106213827974715,0.34341791732070936,-0.5090038784983656,-0.25022508343653194,0.25758988103932456,0.14135306648968757,0.2958736418308496,0.6947615947282234,0.27812341015177994,0.9927145868568007,-0.18044357397591915,1.3675043809518026,-0.7354338835244065,-0.80126079841603
3.4241657012512423,-1.1693667737639242,-0.6710691076895581,-0.11330725289043549,-1.475686877297082,1.6620474369771499,1.7857184284568872,1.0306641620011023,-0.18699560228830392,0.7133906013164308,-0.9826464278844979,-0.45330937043211694,-1.1965066274132958,1.3736118191084195,0.5508667989110206
-0.2599092547278564,0.6106213827974715,0.34341791732070936,-0.5090038784983656,-0.25022508343653194,-1.2549028715091026,-0.4067687208327123,-1.7248002886373457,-0.49561062124408845,0.3651768483847101,-1.2196897496534538,-0.7539631269986905,0.08549887676925344,1.319533724169116,-1.2018911976240452
0.06739951523048762,-1.1270962975203966,0.32289912989105674,-0.49181666080167363,1.2305412508116313,0.7977658640923343,0.5067675913712875,0.8469665319585392,1.135640193236487,0.7133906013164308,1.3877867898050604,-0.8727562352098543,1.3675043809518026,0.5083623000795677,-0.35055159930701313
-0.2906407342601444,-1.1270962975203966,0.32289912989105674,-0.49181666080167363,1.2305412508116313,-0.28258610201368517,-0.4067687208327123,-0.07152161825427683,0.9152008939823552,0.7133906013164308,0.9927145868568007,-0.7539631269986905,0.08549887676925344,1.319533724169116,0.6510243987130244
-0.24769071467285037,-1.1409807605200954,0.2880649093709489,-0.5058789298262397,0.9497062563852547,1.337941847145344,1.4203039035752874,0.8469665319585392,-0.18699560228830392,-0.15714378101287094,-0.19250202198797847,0.006770415145578656,0.08549887676925344,-0.14057483919207098,0.7011031986140263
-0.2906407342601444,-1.1693667737639242,-0.6710691076895581,-0.11330725289043549,-1.475686877297082,1.337941847145344,1.4203039035752874,0.8469665319585392,0.6947615947282234,0.7133906013164308,0.597642383908541,-0.18044357397591915,0.08549887676925344,0.562440395018871,-0.15023639970300565
-0.21362690603465168,-1.0734097072548943,4.356033812575339,6.534630428473198,-0.8118950722892828,0.25758988103932456,0.5067675913712875,-0.07152161825427683,-0.18699560228830392,-0.5924109721775218,0.20257018096028123,-1.053108353035776,0.08549887676925344,0.6705965848974774,-1.4022063972280525
-0.21807001150919933,-1.1270962975203966,0.32289912989105674,-0.49181666080167363,1.2305412508116313,-0.28258610201368517,-0.4067687208327123,-0.07152161825427683,0.9152008939823552,0.7133906013164308,0.9927145868568007,-0.18044357397591915,0.08549887676925344,-1.0058243582209225,0.6510243987130244
-0.26583339536058664,0.6106213827974715,0.34341791732070936,-0.5090038784983656,-0.25022508343653194,0.6897306674817323,0.5067675913712875,0.663268901915976,0.033443696965827906,0.27812341015177994,-0.19250202198797847,-0.8727562352098543,-1.1965066274132958,-0.5191215037671936,0.400630399208015
0.018895613800009037,0.6106213827974715,0.34341791732070936,-0.5090038784983656,-0.25022508343653194,-0.8227620850666949,-0.4067687208327123,-0.9900097684670929,0.25388299621995974,-0.15714378101287094,0.597642383908541,0.03559255019714171,1.3675043809518026,-0.5731995987064968,0.2003151996040075
-0.16438248702508182,-1.1104349419207578,-1.1601797382801151,-0.08713580776138195,-0.9395473424830896,0.25758988103932456,0.5067675913712875,-0.07152161825427683,-0.18699560228830392,-0.15714378101287094,-0.19250202198797847,-0.45330937043211694,-1.1965066274132958,1.1032213444119032,-0.5007879990100188
-0.26879546567695173,0.6106213827974715,0.34341791732070936,-0.5090038784983656,-0.25022508343653194,1.1218714539241401,0.5067675913712875,1.3980594220862288,-0.6278742007965675,0.27812341015177994,-1.3777186308327576,0.5534877303040735,0.08549887676925344,0.9950651545332968,1.5023639970300564
-0.23102906914329666,-1.1693667737639242,-0.6710691076895581,-0.11330725289043549,-1.475686877297082,2.3102586166407617,0.8721821162528874,3.051338092469298,0.9152008939823552,1.1486577924810817,0.597642383908541,-1.053108353035776,-1.1965066274132958,-1.2762148329174388,-0.2503939995050094
1.9553490831236962,-1.1104349419207578,-1.1601797382801151,-0.08713580776138195,-0.9395473424830896,1.337941847145344,1.4203039035752874,0.8469665319585392,0.6947615947282234,0.7133906013164308,0.597642383908541,0.03559255019714171,0.08549887676925344,0.4002061102009613,-1.4522851971290545
-0.019241041523191685,0.6106213827974715,0.34341791732070936,-0.5090038784983656,-0.25022508343653194,-2.659360427446928,-1.6857195579183122,-2.826986068892725,0.47432229547409155,0.7133906013164308,0.20257018096028123,-1.053108353035776,-1.1965066274132958,1.1572994393512064,0.7511819985150282
-0.23473165703875304,1.2789268685163104,-1.1568394705590088,0.6796484726614873,0.38803626753250386,-0.17455090540308324,0.14135306648968757,-0.43891687833940324,0.6947615947282234,0.7133906013164308,0.597642383908541,-0.45330937043211694,-1.1965066274132958,-0.6813557885851033,-0.10015759980200376
-0.16179067549826234,0.6106213827974715,0.34341791732070936,-0.5090038784983656,-0.25022508343653194,0.25758988103932456,0.14135306648968757,0.2958736418308496,0.6947615947282234,0.27812341015177994,0.9927145868568007,-0.45330937043211694,1.3675043809518026,-0.6813557885851033,-0.80126079841603
3.0446504419669633,0.6763411743293793,0.3023803424614041,0.27535823820521127,0.20932308926117313,0.4736602742605284,-0.9548905081551122,1.7654546821713553,0.033443696965827906,0.27812341015177994,-0.19250202198797847,-0.66451343385658,-1.1965066274132958,-0.24873102907067746,-1.652600396733062
-0.14846135907461938,1.2789268685163104,-1.1568394705590088,0.6796484726614873,0.38803626753250386,0.36562507764992647,1.2375966411344874,-0.6226145083819664,1.3560794924906188,0.7133906013164308,1.78285899275332,0.006770415145578656,1.3675043809518026,-0.7895119784637097,0.05007879990100188
-0.11624884438414886,0.6106213827974715,0.34341791732070936,-0.5090038784983656,-0.25022508343653194,0.25758988103932456,0.14135306648968757,0.2958736418308496,0.6947615947282234,0.27812341015177994,0.9927145868568007,-0.66451343385658,1.3675043809518026,-1.7088395924318647,-0.851339598317032
0.13589739129643066,1.3039189019157686,1.945314880142661,0.6730079567332199,-0.9395473424830896,0.25758988103932456,-0.4067687208327123,0.8469665319585392,0.6947615947282234,0.27812341015177994,0.9927145868568007,-0.48522247572823496,1.3675043809518026,1.6980803887442388,-1.60252159683206
-0.2432476091983027,-0.24959823593942765,0.8497070676198127,0.6726173381492043,1.000767164462779,1.1218714539241401,1.0548893786936875,0.8469665319585392,-0.4074349015424357,0.27812341015177994,-0.9826464278844979,0.006770415145578656,-1.1965066274132958,0.7787527747760838,-0.3004727994060113
-0.2754601238887732,-1.1693667737639242,-0.6710691076895581,-0.11330725289043549,-1.475686877297082,0.25758988103932456,0.5067675913712875,-0.07152161825427683,-0.18699560228830392,-0.15714378101287094,-0.19250202198797847,-0.20265138455711335,-1.1965066274132958,-1.330292927856742,-1.7527579965350657
-0.027016476103650083,0.6106213827974715,0.34341791732070936,-0.5090038784983656,-0.25022508343653194,-1.6870436579515105,-1.320305033036712,-1.5411026585947825,1.135640193236487,1.1486577924810817,0.9927145868568007,-0.66451343385658,0.08549887676925344,-1.7088395924318647,1.2018911976240452
-0.1943734489782785,1.3039189019157686,1.945314880142661,0.6730079567332199,-0.9395473424830896,0.25758988103932456,-0.4067687208327123,0.8469665319585392,0.6947615947282234,0.27812341015177994,0.9927145868568007,0.1260701194300788,1.3675043809518026,-1.3843710227960453,-1.60252159683206
-0.1828954265023637,-1.1104349419207578,-1.1601797382801151,-0.08713580776138195,-0.9395473424830896,-0.714726888456093,-2.051134082799912,0.8469665319585392,0.033443696965827906,0.27812341015177994,-0.19250202198797847,-0.48522247572823496,-1.1965066274132958,-0.9517462632816194,-0.7511819985150282
-0.2506527849892155,0.6106213827974715,0.34341791732070936,-0.5090038784983656,-0.25022508343653194,-2.659360427446928,-1.6857195579183122,-2.826986068892725,0.47432229547409155,0.7133906013164308,0.20257018096028123,-0.45330937043211694,-1.1965066274132958,-0.6813557885851033,0.7511819985150282
-0.1469803239164368,1.2789268685163104,-1.1568394705590088,0.6796484726614873,0.38803626753250386,-0.28258610201368517,0.14135306648968757,-0.6226145083819664,0.25388299621995974,0.27812341015177994,0.20257018096028123,-0.18044357397591915,-1.1965066274132958,0.6165184899581742,-1.1017335978220413
0.7349761127812731,-1.148385807453268,1.254833824079699,-0.4988477953139567,-1.5267477853746036,-1.6870436579515105,-1.320305033036712,-1.5411026585947825,-0.4074349015424357,-0.5924109721775218,-0.19250202198797847,-0.8727562352098543,-1.1965066274132958,-0.5191215037671936,-1.5023639970300564
-0.08440658848322398,-1.148385807453268,1.254833824079699,-0.4988477953139567,-1.5267477853746036,-1.6870436579515105,-1.320305033036712,-1.5411026585947825,-0.4074349015424357,-0.5924109721775218,-0.19250202198797847,1.253919396708919,-1.1965066274132958,-1.6547614974925613,-1.5023639970300564
-0.11402729164687503,0.6106213827974715,0.34341791732070936,-0.5090038784983656,-0.25022508343653194,-0.8227620850666949,-0.4067687208327123,-0.9900097684670929,0.25388299621995974,-0.15714378101287094,0.597642383908541,-0.5008826302442834,1.3675043809518026,1.6440022938049355,0.2003151996040075
-0.20696224782283018,1.2789268685163104,-1.1568394705590088,0.6796484726614873,0.38803626753250386,-0.17455090540308324,0.14135306648968757,-0.43891687833940324,0.6947615947282234,0.7133906013164308,0.597642383908541,-0.3650833393028946,-1.1965066274132958,0.07573754056514193,-0.10015759980200376
-0.2810140057319578,0.6106213827974715,0.34341791732070936,-0.5090038784983656,-0.25022508343653194,-0.0665157087924813,-0.4067687208327123,0.2958736418308496,-0.9805770796031784,-1.0276781633421728,-0.824617546705194,-0.66451343385658,0.08549887676925344,-1.7088395924318647,0.80126079841603
-0.19141137866191338,-1.1693667737639242,-0.6710691076895581,-0.11330725289043549,-1.475686877297082,1.337941847145344,1.4203039035752874,0.8469665319585392,0.6947615947282234,0.7133906013164308,0.597642383908541,2.994129652669048,0.08549887676925344,0.29204992032235483,-0.15023639970300565
0.12886247429506353,0.6106213827974715,0.34341791732070936,-0.5090038784983656,-0.25022508343653194,0.6897306674817323,0.5067675913712875,0.663268901915976,0.033443696965827906,0.27812341015177994,-0.19250202198797847,-0.7054938746681985,-1.1965066274132958,-1.4384491177353484,0.400630399208015
-0.1040303043291428,1.2789268685163104,-1.1568394705590088,0.6796484726614873,0.38803626753250386,-0.8227620850666949,-0.4067687208327123,-0.9900097684670929,-1.0687527993048311,-1.0276781633421728,-0.9826464278844979,0.11588619232781792,1.3675043809518026,-1.4925272126746516,1.1518123977230432
-0.2799032293633209,-1.1270962975203966,0.32289912989105674,-0.49181666080167363,1.2305412508116313,-0.28258610201368517,-0.4067687208327123,-0.07152161825427683,0.9152008939823552,0.7133906013164308,0.9927145868568007,-1.053108353035776,0.08549887676925344,0.4542842051402645,0.6510243987130244
0.44580399814612975,0.6106213827974715,0.34341791732070936,-0.5090038784983656,-0.25022508343653194,-1.6870436579515105,-1.320305033036712,-1.5411026585947825,1.135640193236487,1.1486577924810817,0.9927145868568007,-0.8727562352098543,0.08549887676925344,-0.5191215037671936,1.2018911976240452
-0.1828954265023637,-1.1693667737639242,-0.6710691076895581,-0.11330725289043549,-1.475686877297082,2.3102586166407617,0.8721821162528874,3.051338092469298,0.9152008939823552,1.1486577924810817,0.597642383908541,1.253919396708919,-1.1965066274132958,-1.6547614974925613,-0.2503939995050094
-0.21473768240328858,1.2789268685163104,-1.1568394705590088,0.6796484726614873,0.38803626753250386,0.5816954708711304,0.14135306648968757,0.8469665319585392,0.25388299621995974,0.7133906013164308,-0.19250202198797847,-0.8727562352098543,0.08549887676925344,0.5083623000795677,-0.9514971981190357
0.13182454461142865,-1.1270962975203966,0.32289912989105674,-0.49181666080167363,1.2305412508116313,-0.28258610201368517,-0.4067687208327123,-0.07152161825427683,0.9152008939823552,0.7133906013164308,0.9927145868568007,-0.3650833393028946,0.08549887676925344,0.07573754056514193,0.6510243987130244
-0.003319913572729247,-1.1693667737639242,-0.6710691076895581,-0.11330725289043549,-1.475686877297082,-0.8227620850666949,-0.4067687208327123,-0.9900097684670929,-1.0687527993048311,-1.0276781633421728,-0.9826464278844979,-0.9654119228257313,1.3675043809518026,-1.1680586430388322,-1.3020487974260488
-0.21621871756147115,-1.1104349419207578,-1.1601797382801151,-0.08713580776138195,-0.9395473424830896,1.337941847145344,1.4203039035752874,0.8469665319585392,0.25388299621995974,0.7133906013164308,-0.19250202198797847,-0.18044357397591915,0.08549887676925344,-0.7354338835244065,-0.4507091991090169
-0.2243644109314752,-1.1693667737639242,-0.6710691076895581,-0.11330725289043549,-1.475686877297082,1.337941847145344,1.4203039035752874,0.8469665319585392,0.6947615947282234,0.7133906013164308,0.597642383908541,-0.8727562352098543,0.08549887676925344,-0.5191215037671936,-0.15023639970300565
-0.2913812518392357,-1.2063920084297877,-1.0733327775313528,0.2886392700617461,0.20932308926117313,-0.4986564952348891,-2.233841345240712,1.3980594220862288,0.9152008939823552,1.1486577924810817,0.597642383908541,-0.3650833393028946,-1.1965066274132958,0.07573754056514193,-0.9014183982180338
-0.27027650083513427,-1.1270962975203966,0.32289912989105674,-0.49181666080167363,1.2305412508116313,-0.28258610201368517,-0.4067687208327123,-0.07152161825427683,0.9152008939823552,0.7133906013164308,0.9927145868568007,1.253919396708919,0.08549887676925344,-1.6547614974925613,0.6510243987130244
-0.21473768240328858,0.6106213827974715,0.34341791732070936,-0.5090038784983656,-0.25022508343653194,0.25758988103932456,0.14135306648968757,0.2958736418308496,0.6947615947282234,0.27812341015177994,0.9927145868568007,-0.7054938746681985,1.3675043809518026,-0.3568872189492839,-0.851339598317032
0.001493450691364048,1.2789268685163104,-1.1568394705590088,0.6796484726614873,0.38803626753250386,0.5816954708711304,0.14135306648968757,0.8469665319585392,0.25388299621995974,0.7133906013164308,-0.19250202198797847,-0.5008826302442834,0.08549887676925344,1.6440022938049355,-0.9514971981190357
-0.27879245299468397,1.2789268685163104,-1.1568394705590088,0.6796484726614873,0.38803626753250386,0.25758988103932456,0.5067675913712875,-0.07152161825427683,0.033443696965827906,0.27812341015177994,-0.19250202198797847,-1.053108353035776,-1.1965066274132958,1.1572994393512064,0.0
0.32361859759606915,0.6106213827974715,0.34341791732070936,-0.5090038784983656,-0.25022508343653194,-1.0388324782878988,-1.6857195579183122,-0.07152161825427683,0.47432229547409155,0.27812341015177994,0.597642383908541,-0.8727562352098543,0.08549887676925344,-0.41096531388858715,-1.1518123977230432
0.002233968270455324,-1.1693667737639242,-0.6710691076895581,-0.11330725289043549,-1.475686877297082,-0.8227620850666949,-0.4067687208327123,-0.9900097684670929,-1.0687527993048311,-1.0276781633421728,-0.9826464278844979,-1.053108353035776,1.3675043809518026,0.8869089646546904,-1.3020487974260488
-0.2839760760483229,0.6106213827974715,0.34341791732070936,-0.5090038784983656,-0.25022508343653194,-0.714726888456093,-0.5894759832735124,-0.6226145083819664,-1.0687527993048311,-1.0276781633421728,-0.9826464278844979,2.994129652669048,1.3675043809518026,-0.6272776936458,0.4507091991090169
-0.17252818039508586,-1.1104349419207578,-1.1601797382801151,-0.08713580776138195,-0.9395473424830896,0.25758988103932456,0.5067675913712875,-0.07152161825427683,-0.18699560228830392,-0.15714378101287094,-0.19250202198797847,-0.7054938746681985,-1.1965066274132958,-1.4384491177353484,-0.5007879990100188
0.015193025904552657,1.2789268685163104,-1.1568394705590088,0.6796484726614873,0.38803626753250386,-0.8227620850666949,-0.4067687208327123,-0.9900097684670929,-1.0687527993048311,-1.0276781633421728,-0.9826464278844979,-0.7539631269986905,1.3675043809518026,1.319533724169116,1.1518123977230432
-0.2665739129396779,-0.551662442088432,1.2667633516550785,1.8397856671881925,2.532594406788464,0.7977658640923343,0.5067675913712875,0.8469665319585392,-3.2731457918461495,-3.204014119165427,-2.9580074426257963,0.11588619232781792,0.08549887676925344,-1.4925272126746516,-0.5508667989110206
-0.11513806801551195,0.6106213827974715,0.34341791732070936,-0.5090038784983656,-0.25022508343653194,-0.8227620850666949,-0.4067687208327123,-0.9900097684670929,0.25388299621995974,-0.15714378101287094,0.597642383908541,2.994129652669048,1.3675043809518026,1.5358461039263291,0.2003151996040075
-0.2802734881528665,1.8451044152818088,0.2384380746573705,-0.5179881059307273,1.434784883121723,1.554012240366548,1.7857184284568872,0.8469665319585392,-2.391388594829622,-2.7687469280007764,-1.7727908337810172,0.006770415145578656,1.3675043809518026,0.7787527747760838,1.4022063972280525
-0.2554661492533088,-1.1270962975203966,0.32289912989105674,-0.49181666080167363,1.2305412508116313,-0.28258610201368517,-0.4067687208327123,-0.07152161825427683,0.9152008939823552,0.7133906013164308,0.9927145868568007,0.481837613057126,0.08549887676925344,-0.30280912400998067,0.6510243987130244
0.16588835324962736,-0.551662442088432,1.2667633516550785,1.8397856671881925,2.532594406788464,0.7977658640923343,0.5067675913712875,0.8469665319585392,-3.2731457918461495,-3.204014119165427,-2.9580074426257963,0.5534877303040735,0.08549887676925344,0.9950651545332968,-0.5508667989110206
-0.21140535329737783,-1.1104349419207578,-1.1601797382801151,-0.08713580776138195,-0.9395473424830896,1.337941847145344,1.4203039035752874,0.8469665319585392,0.25388299621995974,0.7133906013164308,-0.19250202198797847,-0.7054938746681985,0.08549887676925344,-1.4384491177353484,-0.4507091991090169
-0.07255830721776356,-1.1104349419207578,-1.1601797382801151,-0.08713580776138195,-0.9395473424830896,1.337941847145344,1.4203039035752874,0.8469665319585392,0.6947615947282234,0.7133906013164308,0.597642383908541,-0.5008826302442834,0.08549887676925344,1.6440022938049355,-1.4522851971290545
-0.11921091470051397,0.6106213827974715,0.34341791732070936,-0.5090038784983656,-0.25022508343653194,-0.606691691845491,-0.9548905081551122,-0.07152161825427683,-0.18699560228830392,-0.5924109721775218,0.20257018096028123,-0.07416729677918882,0.08549887676925344,-1.546605307613955,0.9514971981190357
-0.21473768240328858,-1.1693667737639242,-0.6710691076895581,-0.11330725289043549,-1.475686877297082,1.8781178301983537,1.4203039035752874,1.7654546821713553,-0.6278742007965675,-0.15714378101287094,-0.9826464278844979,0.5534877303040735,-1.1965066274132958,-1.6006834025532581,1.60252159683206
-0.13328074870324821,1.2789268685163104,-1.1568394705590088,0.6796484726614873,0.38803626753250386,-0.28258610201368517,0.14135306648968757,-0.6226145083819664,0.25388299621995974,0.27812341015177994,0.20257018096028123,-0.8727562352098543,-1.1965066274132958,-0.5191215037671936,-1.1017335978220413
0.23994011115875497,0.6106213827974715,0.34341791732070936,-0.5090038784983656,-0.25022508343653194,-0.8227620850666949,-0.4067687208327123,-0.9900097684670929,-0.4074349015424357,-1.0276781633421728,0.20257018096028123,0.03559255019714171,1.3675043809518026,0.4002061102009613,0.851339598317032
-0.2617605486755846,-1.1844854112524852,-1.1783126201946919,-0.8910288536657452,1.7156198775480973,0.7977658640923343,0.5067675913712875,0.8469665319585392,1.135640193236487,0.7133906013164308,1.3877867898050604,-0.07416729677918882,-1.1965066274132958,1.0491432494726,0.5007879990100188
-0.23658295098648124,-1.1693667737639242,-0.6710691076895581,-0.11330725289043549,-1.475686877297082,0.25758988103932456,0.5067675913712875,-0.07152161825427683,-0.18699560228830392,-0.15714378101287094,-0.19250202198797847,0.11588619232781792,-1.1965066274132958,-1.4925272126746516,1.7527579965350657
-0.05959924958366623,1.2789268685163104,-1.1568394705590088,0.6796484726614873,0.38803626753250386,-0.8227620850666949,-0.4067687208327123,-0.9900097684670929,-1.0687527993048311,-1.0276781633421728,-0.9826464278844979,2.994129652669048,1.3675043809518026,1.5358461039263291,1.1518123977230432
1.939057696383688,-1.1104349419207578,-1.1601797382801151,-0.08713580776138195,-0.9395473424830896,1.337941847145344,1.4203039035752874,0.8469665319585392,0.6947615947282234,0.7133906013164308,0.597642383908541,0.11588619232781792,0.08549887676925344,-1.4925272126746516,-1.4522851971290545
-0.27249805357240814,0.6763411743293793,0.3023803424614041,0.27535823820521127,0.20932308926117313,-0.606691691845491,-0.0413541959511124,-0.9900097684670929,-0.8483135000506994,0.27812341015177994,-1.7727908337810172,0.11588619232781792,1.3675043809518026,-1.4925272126746516,-1.0516547979210396
-0.2139971648241973,1.2789268685163104,-1.1568394705590088,0.6796484726614873,0.38803626753250386,0.5816954708711304,0.14135306648968757,0.8469665319585392,0.6947615947282234,0.27812341015177994,0.9927145868568007,-0.7054938746681985,0.08549887676925344,-0.3568872189492839,-0.6009455988120226
-0.10625185706641663,0.6106213827974715,0.34341791732070936,-0.5090038784983656,-0.25022508343653194,-1.0388324782878988,-1.6857195579183122,-0.07152161825427683,0.47432229547409155,0.27812341015177994,0.597642383908541,-0.18044357397591915,0.08549887676925344,0.562440395018871,-1.1518123977230432
-0.22140234061511008,-1.0734097072548943,4.356033812575339,6.534630428473198,-0.8118950722892828,0.25758988103932456,0.5067675913712875,-0.07152161825427683,-0.18699560228830392,-0.5924109721775218,0.20257018096028123,-1.053108353035776,0.08549887676925344,0.8869089646546904,-1.4022063972280525
-0.20770276540192145,0.6106213827974715,0.34341791732070936,-0.5090038784983656,-0.25022508343653194,-0.714726888456093,-0.5894759832735124,-0.6226145083819664,-1.0687527993048311,-1.0276781633421728,-0.9826464278844979,0.1260701194300788,1.3675043809518026,-1.3843710227960453,0.4507091991090169
-0.1595691227609885,1.2789268685163104,-1.1568394705590088,0.6796484726614873,0.38803626753250386,-0.17455090540308324,0.14135306648968757,-0.43891687833940324,0.6947615947282234,0.7133906013164308,0.597642383908541,-0.18044357397591915,-1.1965066274132958,-0.7354338835244065,-0.10015759980200376
-0.2876786639437793,-1.1270962975203966,0.32289912989105674,-0.49181666080167363,1.2305412508116313,-0.28258610201368517,-0.4067687208327123,-0.07152161825427683,0.9152008939823552,0.7133906013164308,0.9927145868568007,-0.7054938746681985,0.08549887676925344,-0.3568872189492839,0.6510243987130244
-0.11513806801551195,0.6106213827974715,0.34341791732070936,-0.5090038784983656,-0.25022508343653194,-0.8227620850666949,-0.4067687208327123,-0.9900097684670929,-0.4074349015424357,-1.0276781633421728,0.20257018096028123,0.1260701194300788,1.3675043809518026,0.8328308697153871,0.851339598317032
-0.1806738737650899,-1.1693667737639242,-0.6710691076895581,-0.11330725289043549,-1.475686877297082,1.8781178301983537,1.4203039035752874,1.7654546821713553,-0.6278742007965675,-0.15714378101287094,-0.9826464278844979,-1.053108353035776,-1.1965066274132958,0.8869089646546904,1.60252159683206
-0.09588461095913876,0.6106213827974715,0.34341791732070936,-0.5090038784983656,-0.25022508343653194,-0.8227620850666949,-0.4067687208327123,-0.9900097684670929,0.25388299621995974,-0.15714378101287094,0.597642383908541,-1.053108353035776,1.3675043809518026,0.4542842051402645,0.2003151996040075
0.41248070708702234,1.2789268685163104,-1.1568394705590088,0.6796484726614873,0.38803626753250386,-0.28258610201368517,0.14135306648968757,-0.6226145083819664,0.25388299621995974,0.27812341015177994,0.20257018096028123,0.03559255019714171,-1.1965066274132958,0.4002061102009613,-1.1017335978220413
0.5753945744871031,-1.1693667737639242,-0.6710691076895581,-0.11330725289043549,-1.475686877297082,1.6620474369771499,1.7857184284568872,1.0306641620011023,-0.18699560228830392,0.7133906013164308,-0.9826464278844979,0.5534877303040735,-1.1965066274132958,-1.6006834025532581,0.5508667989110206
-0.23843424493420942,-0.24959823593942765,0.8497070676198127,0.6726173381492043,1.000767164462779,1.337941847145344,1.4203039035752874,0.8469665319585392,0.6947615947282234,0.7133906013164308,0.597642383908541,0.481837613057126,-1.1965066274132958,-0.30280912400998067,1.3020487974260488
0.17921766967327032,0.6106213827974715,0.34341791732070936,-0.5090038784983656,-0.25022508343653194,-0.8227620850666949,-0.4067687208327123,-0.9900097684670929,-0.4074349015424357,-1.0276781633421728,0.20257018096028123,0.03559255019714171,1.3675043809518026,1.4276899140477226,0.851339598317032
24.69849523096451,-1.1844854112524852,-1.1783126201946919,-0.8910288536657452,1.7156198775480973,-1.3629380681197047,-1.320305033036712,-0.9900097684670929,0.47432229547409155,1.1486577924810817,-0.19250202198797847,2.406388753687064,1.3675043809518026,-1.113980548099529,0.3004727994060113
-0.2517635613578524,-1.1844854112524852,-1.1783126201946919,-0.8910288536657452,1.7156198775480973,0.7977658640923343,1.4203039035752874,-0.07152161825427683,0.6947615947282234,0.7133906013164308,0.597642383908541,-0.8727562352098543,-1.1965066274132958,-0.41096531388858715,-0.2003151996040075
-0.2643523602024041,-1.1693667737639242,-0.6710691076895581,-0.11330725289043549,-1.475686877297082,0.25758988103932456,0.5067675913712875,-0.07152161825427683,-0.18699560228830392,-0.15714378101287094,-0.19250202198797847,0.5534877303040735,0.08549887676925344,-1.6006834025532581,1.7527579965350657
-0.23251010430147923,-1.0734097072548943,4.356033812575339,6.534630428473198,-0.8118950722892828,0.25758988103932456,0.5067675913712875,-0.07152161825427683,-0.18699560228830392,-0.5924109721775218,0.20257018096028123,-0.07416729677918882,0.08549887676925344,-0.46504340882789036,-1.4022063972280525
-0.07255830721776356,0.6106213827974715,0.34341791732070936,-0.5090038784983656,-0.25022508343653194,0.25758988103932456,0.14135306648968757,0.2958736418308496,0.6947615947282234,0.27812341015177994,0.9927145868568007,-0.66451343385658,1.3675043809518026,-0.24873102907067746,-0.80126079841603
0.04370295269956679,-1.1693667737639242,-0.6710691076895581,-0.11330725289043549,-1.475686877297082,1.337941847145344,1.4203039035752874,0.8469665319585392,0.6947615947282234,0.7133906013164308,0.597642383908541,-0.66451343385658,0.08549887676925344,-0.24873102907067746,-0.15023639970300565
-0.2899002166810531,0.6106213827974715,0.34341791732070936,-0.5090038784983656,-0.25022508343653194,-0.606691691845491,-0.9548905081551122,-0.07152161825427683,-0.18699560228830392,-0.5924109721775218,0.20257018096028123,2.406388753687064,0.08549887676925344,-1.113980548099529,0.9514971981190357
-0.2488014910414873,0.6106213827974715,0.34341791732070936,-0.5090038784983656,-0.25022508343653194,-0.606691691845491,-0.9548905081551122,-0.07152161825427683,-0.18699560228830392,-0.5924109721775218,0.20257018096028123,-0.45330937043211694,0.08549887676925344,1.3736118191084195,0.9514971981190357
-0.2380639861446638,-1.1104349419207578,-1.1601797382801151,-0.08713580776138195,-0.9395473424830896,-0.8227620850666949,-0.4067687208327123,-0.9900097684670929,-1.0687527993048311,-1.0276781633421728,-0.9826464278844979,-1.053108353035776,1.3675043809518026,0.6705965848974774,0.9014183982180338
-0.23954502130284633,-0.5538222474439407,1.2514935563585923,-0.5304879006192306,1.996454871974474,0.7977658640923343,0.5067675913712875,0.8469665319585392,-3.2731457918461495,-3.204014119165427,-2.9580074426257963,-0.7054938746681985,0.08549887676925344,-0.3568872189492839,0.6009455988120226
-0.27842219420513836,-1.1104349419207578,-1.1601797382801151,-0.08713580776138195,-0.9395473424830896,-0.8227620850666949,-0.4067687208327123,-0.9900097684670929,-1.0687527993048311,-1.0276781633421728,-0.9826464278844979,0.03559255019714171,1.3675043809518026,-0.5731995987064968,0.9014183982180338
-0.16401222823553618,-1.1104349419207578,-1.1601797382801151,-0.08713580776138195,-0.9395473424830896,-0.714726888456093,-2.051134082799912,0.8469665319585392,0.033443696965827906,0.27812341015177994,-0.19250202198797847,0.006770415145578656,-1.1965066274132958,-0.7895119784637097,-0.7511819985150282
0.11294134634460111,-0.24959823593942765,0.8497070676198127,0.6726173381492043,1.000767164462779,0.5816954708711304,0.14135306648968757,0.8469665319585392,0.25388299621995974,-0.15714378101287094,0.597642383908541,2.994129652669048,0.08549887676925344,0.29204992032235483,1.0516547979210396
-0.22103208182556444,0.6106213827974715,0.34341791732070936,-0.5090038784983656,-0.25022508343653194,-0.606691691845491,-0.9548905081551122,-0.07152161825427683,-0.18699560228830392,-0.5924109721775218,0.20257018096028123,0.1260701194300788,0.08549887676925344,-0.03241864931346453,0.9514971981190357
-0.2576877019905826,-1.1104349419207578,-1.1601797382801151,-0.08713580776138195,-0.9395473424830896,1.337941847145344,1.4203039035752874,0.8469665319585392,0.25388299621995974,0.7133906013164308,-0.19250202198797847,-0.66451343385658,0.08549887676925344,-0.24873102907067746,-0.4507091991090169
-0.1769712858696335,-1.1844854112524852,-1.1783126201946919,-0.8910288536657452,1.7156198775480973,0.7977658640923343,1.4203039035752874,-0.07152161825427683,0.6947615947282234,0.7133906013164308,0.597642383908541,0.1260701194300788,-1.1965066274132958,-1.059902453160226,-0.2003151996040075
-0.1214324674377878,-1.1104349419207578,-1.1601797382801151,-0.08713580776138195,-0.9395473424830896,1.337941847145344,1.4203039035752874,0.8469665319585392,0.6947615947282234,0.7133906013164308,0.597642383908541,0.1260701194300788,0.08549887676925344,-1.059902453160226,-1.4522851971290545
-0.24954200862057857,-0.22886971441058448,0.5783211603049987,0.5987549149898665,0.31144490541621894,-0.8227620850666949,-1.320305033036712,-0.07152161825427683,0.6947615947282234,0.27812341015177994,0.9927145868568007,1.3358760999740618,-1.1965066274132958,-0.843590073403013,0.15023639970300565
-0.09440357580095621,1.2789268685163104,-1.1568394705590088,0.6796484726614873,0.38803626753250386,0.7977658640923343,0.5067675913712875,0.8469665319585392,0.033443696965827906,0.27812341015177994,-0.19250202198797847,0.006770415145578656,0.08549887676925344,-0.7895119784637097,1.0015759980200376
-0.07144753084912665,1.3039189019157686,1.945314880142661,0.6730079567332199,-0.9395473424830896,0.25758988103932456,-0.4067687208327123,0.8469665319585392,0.6947615947282234,0.27812341015177994,0.9927145868568007,-0.18044357397591915,1.3675043809518026,0.18389373044374838,-1.60252159683206
-0.29027047547059875,-1.1270962975203966,0.32289912989105674,-0.49181666080167363,1.2305412508116313,-0.28258610201368517,-0.4067687208327123,-0.07152161825427683,0.9152008939823552,0.7133906013164308,0.9927145868568007,-0.7054938746681985,0.08549887676925344,1.4817680089870258,0.6510243987130244
-0.09551435216959313,1.8451044152818088,0.2384380746573705,-0.5179881059307273,1.434784883121723,1.554012240366548,1.7857184284568872,0.8469665319585392,-2.391388594829622,-2.7687469280007764,-1.7727908337810172,0.5534877303040735,1.3675043809518026,0.9950651545332968,1.4022063972280525
2.084569400675124,-1.1104349419207578,-1.1601797382801151,-0.08713580776138195,-0.9395473424830896,1.337941847145344,1.4203039035752874,0.8469665319585392,0.6947615947282234,0.7133906013164308,0.597642383908541,-0.07416729677918882,0.08549887676925344,-1.546605307613955,-1.4522851971290545
-0.17660102708008787,1.2789268685163104,-1.1568394705590088,0.6796484726614873,0.38803626753250386,0.25758988103932456,0.5067675913712875,-0.07152161825427683,0.033443696965827906,0.27812341015177994,-0.19250202198797847,0.006770415145578656,-1.1965066274132958,1.265455629229813,0.0
-0.2165889763510168,-0.22886971441058448,0.5783211603049987,0.5987549149898665,0.31144490541621894,-0.8227620850666949,-1.320305033036712,-0.07152161825427683,0.6947615947282234,0.27812341015177994,0.9927145868568007,-0.45330937043211694,-1.1965066274132958,-0.6813557885851033,0.15023639970300565
-0.20029758961100871,1.2789268685163104,-1.1568394705590088,0.6796484726614873,0.38803626753250386,0.36562507764992647,1.2375966411344874,-0.6226145083819664,1.3560794924906188,0.7133906013164308,1.78285899275332,-0.66451343385658,1.3675043809518026,-0.24873102907067746,0.05007879990100188
-0.2713872772037712,0.6106213827974715,0.34341791732070936,-0.5090038784983656,-0.25022508343653194,0.7977658640923343,0.5067675913712875,0.8469665319585392,1.5765187917447507,1.5839249836457325,1.3877867898050604,-0.18044357397591915,-1.1965066274132958,0.562440395018871,0.10015759980200376
-0.23695320977602688,-1.1104349419207578,-1.1601797382801151,-0.08713580776138195,-0.9395473424830896,1.337941847145344,1.4203039035752874,0.8469665319585392,0.6947615947282234,0.7133906013164308,0.597642383908541,-0.48522247572823496,0.08549887676925344,-0.9517462632816194,-1.4522851971290545
-0.23473165703875304,0.6106213827974715,0.34341791732070936,-0.5090038784983656,-0.25022508343653194,-0.8227620850666949,-0.4067687208327123,-0.9900097684670929,-0.4074349015424357,-0.5924109721775218,-0.19250202198797847,2.406388753687064,1.3675043809518026,-1.113980548099529,-0.6510243987130244
-0.20400017750646507,0.6106213827974715,0.34341791732070936,-0.5090038784983656,-0.25022508343653194,-0.8227620850666949,-0.4067687208327123,-0.9900097684670929,0.6947615947282234,0.7133906013164308,0.597642383908541,-0.66451343385658,1.3675043809518026,-0.24873102907067746,0.2503939995050094
-0.23732346856557252,1.8451044152818088,0.2384380746573705,-0.5179881059307273,1.434784883121723,1.554012240366548,1.7857184284568872,0.8469665319585392,-2.391388594829622,-2.7687469280007764,-1.7727908337810172,-1.053108353035776,1.3675043809518026,-1.2762148329174388,1.4022063972280525
0.1595939538273515,-1.1844854112524852,-1.1783126201946919,-0.8910288536657452,1.7156198775480973,-1.3629380681197047,-1.320305033036712,-0.9900097684670929,0.47432229547409155,1.1486577924810817,-0.19250202198797847,-0.48522247572823496,1.3675043809518026,1.6980803887442388,0.3004727994060113
-0.14772084149552808,0.6106213827974715,0.34341791732070936,-0.5090038784983656,-0.25022508343653194,-0.606691691845491,-0.9548905081551122,-0.07152161825427683,-0.18699560228830392,-0.5924109721775218,0.20257018096028123,-0.48522247572823496,0.08549887676925344,-0.9517462632816194,0.9514971981190357
-0.18733853197691136,1.2789268685163104,-1.1568394705590088,0.6796484726614873,0.38803626753250386,0.36562507764992647,1.2375966411344874,-0.6226145083819664,1.3560794924906188,0.7133906013164308,1.78285899275332,0.006770415145578656,1.3675043809518026,0.021659445625838693,0.05007879990100188
-0.24769071467285037,0.6106213827974715,0.34341791732070936,-0.5090038784983656,-0.25022508343653194,0.25758988103932456,0.14135306648968757,0.2958736418308496,0.6947615947282234,0.27812341015177994,0.9927145868568007,0.481837613057126,1.3675043809518026,1.2113775342905098,-0.80126079841603
-0.2732385711514994,0.6106213827974715,0.34341791732070936,-0.5090038784983656,-0.25022508343653194,-2.659360427446928,-1.6857195579183122,-2.826986068892725,0.47432229547409155,0.7133906013164308,0.20257018096028123,-0.18044357397591915,-1.1965066274132958,0.6165184899581742,0.7511819985150282
-0.20696224782283018,1.2789268685163104,-1.1568394705590088,0.6796484726614873,0.38803626753250386,0.5816954708711304,0.14135306648968757,0.8469665319585392,0.25388299621995974,0.7133906013164308,-0.19250202198797847,-0.07416729677918882,0.08549887676925344,1.0491432494726,-0.9514971981190357
-0.21510794119283422,0.6106213827974715,0.34341791732070936,-0.5090038784983656,-0.25022508343653194,0.25758988103932456,0.5067675913712875,-0.07152161825427683,-0.4074349015424357,-1.0276781633421728,0.20257018096028123,0.1260701194300788,0.08549887676925344,-0.03241864931346453,-0.7011031986140263
-0.17252818039508586,1.8451044152818088,0.2384380746573705,-0.5179881059307273,1.434784883121723,1.554012240366548,1.7857184284568872,0.8469665319585392,-2.391388594829622,-2.7687469280007764,-1.7727908337810172,-0.7539631269986905,1.3675043809518026,1.319533724169116,1.4022063972280525
-0.27657090025741016,-1.1693667737639242,-0.6710691076895581,-0.11330725289043549,-1.475686877297082,1.8781178301983537,1.4203039035752874,1.7654546821713553,-0.6278742007965675,-0.15714378101287094,-0.9826464278844979,-1.053108353035776,-1.1965066274132958,0.6705965848974774,1.60252159683206
0.12515988639960715,0.6106213827974715,0.34341791732070936,-0.5090038784983656,-0.25022508343653194,-1.6870436579515105,-1.320305033036712,-1.5411026585947825,1.135640193236487,1.1486577924810817,0.9927145868568007,-0.45330937043211694,0.08549887676925344,1.1032213444119032,1.2018911976240452
-0.15512601728644085,1.2789268685163104,-1.1568394705590088,0.6796484726614873,0.38803626753250386,0.5816954708711304,0.14135306648968757,0.8469665319585392,0.25388299621995974,0.7133906013164308,-0.19250202198797847,-0.18044357397591915,0.08549887676925344,0.6165184899581742,-0.9514971981190357
-0.27027650083513427,-1.1844854112524852,-1.1783126201946919,-0.8910288536657452,1.7156198775480973,0.7977658640923343,1.4203039035752874,-0.07152161825427683,0.6947615947282234,0.7133906013164308,0.597642383908541,-0.45330937043211694,-1.1965066274132958,-0.6813557885851033,-0.2003151996040075
-0.10217901038141461,0.6106213827974715,0.34341791732070936,-0.5090038784983656,-0.25022508343653194,-1.4709732647303067,-1.320305033036712,-1.173707398509656,0.25388299621995974,0.7133906013164308,-0.19250202198797847,-0.18044357397591915,0.08549887676925344,0.18389373044374838,-1.251969997525047
0.4635764200443204,1.8451044152818088,0.2384380746573705,-0.5179881059307273,1.434784883121723,-1.3629380681197047,-0.4067687208327123,-1.908497918679909,-0.4074349015424357,0.27812341015177994,-0.9826464278844979,0.481837613057126,0.08549887676925344,-0.30280912400998067,1.652600396733062
-0.20140836597964562,-1.1693667737639242,-0.6710691076895581,-0.11330725289043549,-1.475686877297082,2.3102586166407617,0.8721821162528874,3.051338092469298,0.9152008939823552,1.1486577924810817,0.597642383908541,-0.7539631269986905,-1.1965066274132958,1.319533724169116,-0.2503939995050094
-0.2917515106287813,-1.2063920084297877,-1.0733327775313528,0.2886392700617461,0.20932308926117313,-0.4986564952348891,-2.233841345240712,1.3980594220862288,0.9152008939823552,1.1486577924810817,0.597642383908541,0.006770415145578656,-1.1965066274132958,-0.14057483919207098,-0.9014183982180338
-0.127356608070518,-1.1693667737639242,-0.6710691076895581,-0.11330725289043549,-1.475686877297082,-0.8227620850666949,-0.4067687208327123,-0.9900097684670929,-1.0687527993048311,-1.0276781633421728,-0.9826464278844979,-0.7054938746681985,1.3675043809518026,-0.3568872189492839,-1.3020487974260488
-0.29212176941832696,-1.2063920084297877,-1.0733327775313528,0.2886392700617461,0.20932308926117313,-0.4986564952348891,-2.233841345240712,1.3980594220862288,0.9152008939823552,1.1486577924810817,0.597642383908541,-0.7054938746681985,-1.1965066274132958,-0.3568872189492839,-0.9014183982180338
0.0896150426032259,-0.5538222474439407,1.2514935563585923,-0.5304879006192306,1.996454871974474,0.7977658640923343,0.5067675913712875,0.8469665319585392,-3.2731457918461495,-3.204014119165427,-2.9580074426257963,-0.45330937043211694,0.08549887676925344,1.1032213444119032,0.6009455988120226
-0.27471960630968195,-1.0734097072548943,4.356033812575339,6.534630428473198,-0.8118950722892828,0.25758988103932456,0.5067675913712875,-0.07152161825427683,-0.18699560228830392,-0.5924109721775218,0.20257018096028123,0.006770415145578656,0.08549887676925344,1.265455629229813,-1.4022063972280525
-0.29101099304969,-1.1693667737639242,-0.6710691076895581,-0.11330725289043549,-1.475686877297082,1.8781178301983537,1.4203039035752874,1.7654546821713553,-0.6278742007965675,-0.15714378101287094,-0.9826464278844979,-0.7054938746681985,-1.1965066274132958,1.4817680089870258,1.60252159683206
-0.2865678875751424,0.6763411743293793,0.3023803424614041,0.27535823820521127,0.20932308926117313,-0.606691691845491,-0.0413541959511124,-0.9900097684670929,-0.8483135000506994,0.27812341015177994,-1.7727908337810172,0.03559255019714171,1.3675043809518026,-0.5731995987064968,-1.0516547979210396
-0.08662814122049782,-1.1844854112524852,-1.1783126201946919,-0.8910288536657452,1.7156198775480973,-1.3629380681197047,-1.320305033036712,-0.9900097684670929,0.47432229547409155,1.1486577924810817,-0.19250202198797847,0.1260701194300788,1.3675043809518026,-0.03241864931346453,0.3004727994060113
-0.20400017750646507,0.6106213827974715,0.34341791732070936,-0.5090038784983656,-0.25022508343653194,-0.606691691845491,-0.9548905081551122,-0.07152161825427683,-0.18699560228830392,-0.5924109721775218,0.20257018096028123,0.03559255019714171,0.08549887676925344,0.7246746798367807,1.1017335978220413
-0.16401222823553618,-0.22886971441058448,0.5783211603049987,0.5987549149898665,0.31144490541621894,-0.8227620850666949,-1.320305033036712,-0.07152161825427683,0.6947615947282234,0.27812341015177994,0.9927145868568007,-0.66451343385658,-1.1965066274132958,-0.24873102907067746,0.15023639970300565
-0.21029457692874093,-0.22886971441058448,0.5783211603049987,0.5987549149898665,0.31144490541621894,-0.8227620850666949,-1.320305033036712,-0.07152161825427683,0.6947615947282234,0.27812341015177994,0.9927145868568007,0.006770415145578656,-1.1965066274132958,0.7787527747760838,0.15023639970300565
-0.2558364080428544,0.6106213827974715,0.34341791732070936,-0.5090038784983656,-0.25022508343653194,-1.4709732647303067,-1.320305033036712,-1.173707398509656,0.25388299621995974,0.7133906013164308,-0.19250202198797847,0.5534877303040735,0.08549887676925344,0.9950651545332968,-1.251969997525047
-0.2913812518392357,-1.1270962975203966,0.32289912989105674,-0.49181666080167363,1.2305412508116313,-0.28258610201368517,-0.4067687208327123,-0.07152161825427683,0.9152008939823552,0.7133906013164308,0.9927145868568007,-0.18044357397591915,0.08549887676925344,-0.7354338835244065,0.6510243987130244
-0.10588159827687099,-1.1693667737639242,-0.6710691076895581,-0.11330725289043549,-1.475686877297082,0.25758988103932456,0.5067675913712875,-0.07152161825427683,-0.18699560228830392,-0.15714378101287094,-0.19250202198797847,-0.66451343385658,-1.1965066274132958,-0.24873102907067746,1.7527579965350657
-0.26805494809786046,-1.2094774446519432,1.2939626745269432,-0.5238473846909631,1.4858457911992449,-1.9031140511727145,-1.320305033036712,-1.908497918679909,1.5765187917447507,1.1486577924810817,1.78285899275332,2.994129652669048,0.08549887676925344,0.29204992032235483,0.35055159930701313
-0.23102906914329666,1.3039189019157686,1.945314880142661,0.6730079567332199,-0.9395473424830896,0.25758988103932456,-0.4067687208327123,0.8469665319585392,0.6947615947282234,0.27812341015177994,0.9927145868568007,-0.18044357397591915,1.3675043809518026,0.34612801526165804,-1.60252159683206
0.05518097517548157,-0.22886971441058448,0.5783211603049987,0.5987549149898665,0.31144490541621894,-0.8227620850666949,-1.320305033036712,-0.07152161825427683,0.6947615947282234,0.27812341015177994,0.9927145868568007,-0.8727562352098543,-1.1965066274132958,-0.5191215037671936,0.15023639970300565
-0.25435537288467186,-1.1104349419207578,-1.1601797382801151,-0.08713580776138195,-0.9395473424830896,0.25758988103932456,0.5067675913712875,-0.07152161825427683,-0.18699560228830392,-0.15714378101287094,-0.19250202198797847,0.1260701194300788,-1.1965066274132958,-0.03241864931346453,-0.5007879990100188
-0.0203518178918286,-0.24959823593942765,0.8497070676198127,0.6726173381492043,1.000767164462779,0.5816954708711304,0.14135306648968757,0.8469665319585392,0.25388299621995974,-0.15714378101287094,0.597642383908541,0.03559255019714171,0.08549887676925344,0.4002061102009613,1.0516547979210396
-0.29027047547059875,-1.1693667737639242,-0.6710691076895581,-0.11330725289043549,-1.475686877297082,1.337941847145344,1.4203039035752874,0.8469665319585392,0.6947615947282234,0.7133906013164308,0.597642383908541,0.1260701194300788,0.08549887676925344,-1.3843710227960453,-0.15023639970300565
0.3710117226579108,0.6106213827974715,0.34341791732070936,-0.5090038784983656,-0.25022508343653194,-0.8227620850666949,-0.4067687208327123,-0.9900097684670929,-0.4074349015424357,-1.0276781633421728,0.20257018096028123,-0.20265138455711335,1.3675043809518026,-1.330292927856742,0.851339598317032
-0.17623076829054224,0.6106213827974715,0.34341791732070936,-0.5090038784983656,-0.25022508343653194,-0.8227620850666949,-0.4067687208327123,-0.9900097684670929,0.6947615947282234,0.7133906013164308,0.597642383908541,-0.7054938746681985,1.3675043809518026,1.4817680089870258,0.2503939995050094
-0.2824950408901404,0.6106213827974715,0.34341791732070936,-0.5090038784983656,-0.25022508343653194,-0.0665157087924813,-0.4067687208327123,0.2958736418308496,-0.9805770796031784,-1.0276781633421728,-0.824617546705194,-0.8727562352098543,0.08549887676925344,0.12981563550444514,0.80126079841603
0.05518097517548157,-1.1104349419207578,-1.1601797382801151,-0.08713580776138195,-0.9395473424830896,0.25758988103932456,0.5067675913712875,-0.07152161825427683,-0.18699560228830392,-0.15714378101287094,-0.19250202198797847,-0.8727562352098543,-1.1965066274132958,0.5083623000795677,-0.5007879990100188
0.006306814955457343,1.2789268685163104,-1.1568394705590088,0.6796484726614873,0.38803626753250386,-0.8227620850666949,-0.4067687208327123,-0.9900097684670929,-1.0687527993048311,-1.0276781633421728,-0.9826464278844979,0.481837613057126,1.3675043809518026,-0.30280912400998067,1.1518123977230432
-0.2906407342601444,0.6106213827974715,0.34341791732070936,-0.5090038784983656,-0.25022508343653194,-2.011149247783316,-2.233841345240712,-1.173707398509656,0.9152008939823552,1.1486577924810817,0.597642383908541,0.481837613057126,0.08549887676925344,1.2113775342905098,1.4522851971290545
-0.2554661492533088,-1.2094774446519432,1.2939626745269432,-0.5238473846909631,1.4858457911992449,-1.9031140511727145,-1.320305033036712,-1.908497918679909,1.5765187917447507,1.1486577924810817,1.78285899275332,0.006770415145578656,0.08549887676925344,0.021659445625838693,0.35055159930701313
-0.2254751873001121,0.6106213827974715,0.34341791732070936,-0.5090038784983656,-0.25022508343653194,0.25758988103932456,0.14135306648968757,0.2958736418308496,0.6947615947282234,0.27812341015177994,0.9927145868568007,0.1260701194300788,1.3675043809518026,-0.03241864931346453,-0.851339598317032
2.1649155580065274,1.8451044152818088,0.2384380746573705,-0.5179881059307273,1.434784883121723,-1.3629380681197047,-0.4067687208327123,-1.908497918679909,-0.4074349015424357,0.27812341015177994,-0.9826464278844979,1.253919396708919,0.08549887676925344,-1.6547614974925613,1.652600396733062
-0.027016476103650083,0.6106213827974715,0.34341791732070936,-0.5090038784983656,-0.25022508343653194,-0.714726888456093,-0.5894759832735124,-0.6226145083819664,-1.0687527993048311,-1.0276781633421728,-0.9826464278844979,-0.18044357397591915,1.3675043809518026,0.34612801526165804,0.4507091991090169
-0.24546916193557655,-1.1693667737639242,-0.6710691076895581,-0.11330725289043549,-1.475686877297082,1.8781178301983537,1.4203039035752874,1.7654546821713553,-0.6278742007965675,-0.15714378101287094,-0.9826464278844979,-0.66451343385658,-1.1965066274132958,-0.24873102907067746,1.60252159683206
-0.24954200862057857,-1.1693667737639242,-0.6710691076895581,-0.11330725289043549,-1.475686877297082,-0.8227620850666949,-0.4067687208327123,-0.9900097684670929,-1.0687527993048311,-1.0276781633421728,-0.9826464278844979,0.006770415145578656,1.3675043809518026,-0.14057483919207098,-1.3020487974260488
0.0037150034286378766,0.6106213827974715,0.34341791732070936,-0.5090038784983656,-0.25022508343653194,-1.6870436579515105,-1.320305033036712,-1.5411026585947825,1.135640193236487,1.1486577924810817,0.9927145868568007,-1.053108353035776,0.08549887676925344,0.6705965848974774,1.2018911976240452
-0.2713872772037712,0.6106213827974715,0.34341791732070936,-0.5090038784983656,-0.25022508343653194,-0.8227620850666949,-0.4067687208327123,-0.9900097684670929,-0.4074349015424357,-1.0276781633421728,0.20257018096028123,2.406388753687064,1.3675043809518026,-1.113980548099529,0.851339598317032
-0.29249202820787257,-1.1693667737639242,-0.6710691076895581,-0.11330725289043549,-1.475686877297082,1.337941847145344,1.4203039035752874,0.8469665319585392,0.6947615947282234,0.7133906013164308,0.597642383908541,-1.053108353035776,0.08549887676925344,1.1572994393512064,-0.15023639970300565
-0.12291350259597035,-1.1409807605200954,0.2880649093709489,-0.5058789298262397,0.9497062563852547,1.337941847145344,1.4203039035752874,0.8469665319585392,-0.18699560228830392,-0.15714378101287094,-0.19250202198797847,-1.053108353035776,0.08549887676925344,0.8869089646546904,0.7011031986140263
-0.28545711120650546,-1.1693667737639242,-0.6710691076895581,-0.11330725289043549,-1.475686877297082,1.337941847145344,1.4203039035752874,0.8469665319585392,0.6947615947282234,0.7133906013164308,0.597642383908541,-0.20265138455711335,0.08549887676925344,-1.330292927856742,-0.15023639970300565
8.88326129431213,1.8451044152818088,0.2384380746573705,-0.5179881059307273,1.434784883121723,-0.28258610201368517,-0.4067687208327123,-0.07152161825427683,0.25388299621995974,0.27812341015177994,0.20257018096028123,-1.053108353035776,0.08549887676925344,-1.2762148329174388,1.251969997525047
-0.28434633483786853,-1.1409807605200954,0.2880649093709489,-0.5058789298262397,0.9497062563852547,1.337941847145344,1.4203039035752874,0.8469665319585392,-0.18699560228830392,-0.15714378101287094,-0.19250202198797847,-1.053108353035776,0.08549887676925344,-1.2762148329174388,0.7011031986140263
-0.09662512853823003,-1.148385807453268,1.254833824079699,-0.4988477953139567,-1.5267477853746036,-1.6870436579515105,-1.320305033036712,-1.5411026585947825,-0.4074349015424357,-0.5924109721775218,-0.19250202198797847,0.03559255019714171,-1.1965066274132958,1.4276899140477226,-1.5023639970300564
-0.18030361497554426,-1.1104349419207578,-1.1601797382801151,-0.08713580776138195,-0.9395473424830896,1.337941847145344,1.4203039035752874,0.8469665319585392,0.6947615947282234,0.7133906013164308,0.597642383908541,0.481837613057126,0.08549887676925344,1.2113775342905098,-1.4522851971290545
-0.29101099304969,-1.1104349419207578,-1.1601797382801151,-0.08713580776138195,-0.9395473424830896,1.337941847145344,1.4203039035752874,0.8469665319585392,0.25388299621995974,0.7133906013164308,-0.19250202198797847,0.03559255019714171,0.08549887676925344,0.7246746798367807,-0.4507091991090169
-0.11106522133050993,-1.1844854112524852,-1.1783126201946919,-0.8910288536657452,1.7156198775480973,0.7977658640923343,1.4203039035752874,-0.07152161825427683,0.6947615947282234,0.7133906013164308,0.597642383908541,0.481837613057126,-1.1965066274132958,-0.30280912400998067,-0.2003151996040075
-0.09181176427413675,-0.22886971441058448,0.5783211603049987,0.5987549149898665,0.31144490541621894,-0.8227620850666949,-1.320305033036712,-0.07152161825427683,0.6947615947282234,0.27812341015177994,0.9927145868568007,0.481837613057126,-1.1965066274132958,-0.30280912400998067,0.15023639970300565
-0.2513933025683068,0.6106213827974715,0.34341791732070936,-0.5090038784983656,-0.25022508343653194,-0.606691691845491,-0.9548905081551122,-0.07152161825427683,-0.18699560228830392,-0.5924109721775218,0.20257018096028123,2.994129652669048,0.08549887676925344,1.5899241988656323,1.1017335978220413
-0.29323254578696384,-1.1409807605200954,0.2880649093709489,-0.5058789298262397,0.9497062563852547,1.337941847145344,1.4203039035752874,0.8469665319585392,-0.18699560228830392,-0.15714378101287094,-0.19250202198797847,-0.5008826302442834,0.08549887676925344,1.6440022938049355,0.7011031986140263
-0.22510492851056646,-1.148385807453268,1.254833824079699,-0.4988477953139567,-1.5267477853746036,-1.6870436579515105,-1.320305033036712,-1.5411026585947825,-0.4074349015424357,-0.5924109721775218,-0.19250202198797847,-0.8727562352098543,-1.1965066274132958,0.12981563550444514,-1.5023639970300564
-0.09810616369641259,1.2789268685163104,-1.1568394705590088,0.6796484726614873,0.38803626753250386,-0.28258610201368517,0.14135306648968757,-0.6226145083819664,0.25388299621995974,0.27812341015177994,0.20257018096028123,-0.18044357397591915,-1.1965066274132958,0.34612801526165804,-1.1017335978220413
-0.10366004553959716,-1.1693667737639242,-0.6710691076895581,-0.11330725289043549,-1.475686877297082,0.25758988103932456,0.5067675913712875,-0.07152161825427683,-0.18699560228830392,-0.15714378101287094,-0.19250202198797847,-0.8727562352098543,-1.1965066274132958,0.12981563550444514,1.7527579965350657
-0.11735962075278578,0.6106213827974715,0.34341791732070936,-0.5090038784983656,-0.25022508343653194,0.25758988103932456,0.14135306648968757,0.2958736418308496,0.6947615947282234,0.27812341015177994,0.9927145868568007,-0.5008826302442834,1.3675043809518026,1.6440022938049355,-0.80126079841603
-0.12069194985869651,-1.1104349419207578,-1.1601797382801151,-0.08713580776138195,-0.9395473424830896,1.337941847145344,1.4203039035752874,0.8469665319585392,0.25388299621995974,0.7133906013164308,-0.19250202198797847,0.5534877303040735,0.08549887676925344,0.9950651545332968,-0.4507091991090169
3.835893475225992,0.6763411743293793,0.3023803424614041,0.27535823820521127,0.20932308926117313,0.4736602742605284,-0.9548905081551122,1.7654546821713553,0.033443696965827906,0.27812341015177994,-0.19250202198797847,0.481837613057126,-1.1965066274132958,-0.30280912400998067,-1.652600396733062
-0.12032169106915087,-1.0734097072548943,4.356033812575339,6.534630428473198,-0.8118950722892828,0.25758988103932456,0.5067675913712875,-0.07152161825427683,-0.18699560228830392,-0.5924109721775218,0.20257018096028123,0.1260701194300788,0.08549887676925344,-1.059902453160226,-1.4022063972280525
-0.08144451816685888,-1.1270962975203966,0.32289912989105674,-0.49181666080167363,1.2305412508116313,-0.28258610201368517,-0.4067687208327123,-0.07152161825427683,0.9152008939823552,0.7133906013164308,0.9927145868568007,-0.45330937043211694,0.08549887676925344,-0.6813557885851033,0.6510243987130244
-0.14142644207325225,0.6106213827974715,0.34341791732070936,-0.5090038784983656,-0.25022508343653194,-1.2549028715091026,-0.4067687208327123,-1.7248002886373457,-0.49561062124408845,0.3651768483847101,-1.2196897496534538,-0.18044357397591915,0.08549887676925344,-1.0058243582209225,-1.2018911976240452
-0.27286831236195375,0.6763411743293793,0.3023803424614041,0.27535823820521127,0.20932308926117313,-1.3089204698144037,-0.31541508961231235,-1.908497918679909,-1.5096313978130949,-1.8982125456714745,-0.9826464278844979,-0.07416729677918882,1.3675043809518026,1.0491432494726,1.702679196634064
-0.28360581725877726,0.6106213827974715,0.34341791732070936,-0.5090038784983656,-0.25022508343653194,-0.714726888456093,-0.0413541959511124,-1.173707398509656,0.6947615947282234,0.7133906013164308,0.597642383908541,-0.45330937043211694,1.3675043809518026,-0.6813557885851033,1.5524427969310584
0.8512373726986034,0.6106213827974715,0.34341791732070936,-0.5090038784983656,-0.25022508343653194,-0.8227620850666949,-0.4067687208327123,-0.9900097684670929,-0.4074349015424357,-1.0276781633421728,0.20257018096028123,-0.8727562352098543,1.3675043809518026,-0.5191215037671936,0.851339598317032
-0.2847165936274142,-1.1844854112524852,-1.1783126201946919,-0.8910288536657452,1.7156198775480973,0.7977658640923343,1.4203039035752874,-0.07152161825427683,0.6947615947282234,0.7133906013164308,0.597642383908541,-0.7054938746681985,-1.1965066274132958,-0.3568872189492839,-0.2003151996040075
-0.17215792160554022,1.2789268685163104,-1.1568394705590088,0.6796484726614873,0.38803626753250386,0.36562507764992647,1.2375966411344874,-0.6226145083819664,1.3560794924906188,0.7133906013164308,1.78285899275332,-0.45330937043211694,1.3675043809518026,1.1032213444119032,0.05007879990100188
-0.2891596991019618,1.2789268685163104,-1.1568394705590088,0.6796484726614873,0.38803626753250386,0.7977658640923343,0.5067675913712875,0.8469665319585392,0.033443696965827906,0.27812341015177994,-0.19250202198797847,1.3358760999740618,0.08549887676925344,-0.843590073403013,1.0015759980200376
-0.2602795135174021,0.6106213827974715,0.34341791732070936,-0.5090038784983656,-0.25022508343653194,-0.8227620850666949,-0.4067687208327123,-0.9900097684670929,-0.4074349015424357,-0.5924109721775218,-0.19250202198797847,-0.8727562352098543,1.3675043809518026,-0.41096531388858715,-0.6510243987130244
-0.26361184262331283,1.8451044152818088,0.2384380746573705,-0.5179881059307273,1.434784883121723,1.554012240366548,1.7857184284568872,0.8469665319585392,-2.391388594829622,-2.7687469280007764,-1.7727908337810172,0.03559255019714171,1.3675043809518026,1.4276899140477226,1.4022063972280525
-0.19585448413646103,-1.1693667737639242,-0.6710691076895581,-0.11330725289043549,-1.475686877297082,1.6620474369771499,1.7857184284568872,1.0306641620011023,-0.18699560228830392,0.7133906013164308,-0.9826464278844979,-0.18044357397591915,-1.1965066274132958,0.34612801526165804,0.5508667989110206
-0.2895299578915075,-1.2063920084297877,-1.0733327775313528,0.2886392700617461,0.20932308926117313,-0.4986564952348891,-2.233841345240712,1.3980594220862288,0.9152008939823552,1.1486577924810817,0.597642383908541,0.006770415145578656,-1.1965066274132958,-0.7895119784637097,-0.9014183982180338
-0.24769071467285037,-1.1693667737639242,-0.6710691076895581,-0.11330725289043549,-1.475686877297082,0.25758988103932456,0.5067675913712875,-0.07152161825427683,-0.18699560228830392,-0.15714378101287094,-0.19250202198797847,0.006770415145578656,-1.1965066274132958,1.265455629229813,1.7527579965350657
-0.1865980143978201,-1.1270962975203966,0.32289912989105674,-0.49181666080167363,1.2305412508116313,0.7977658640923343,0.5067675913712875,0.8469665319585392,1.135640193236487,0.7133906013164308,1.3877867898050604,-0.45330937043211694,1.3675043809518026,1.1032213444119032,-0.35055159930701313
-0.2665739129396779,-0.24959823593942765,0.8497070676198127,0.6726173381492043,1.000767164462779,0.25758988103932456,0.5067675913712875,-0.07152161825427683,-0.18699560228830392,-0.15714378101287094,-0.19250202198797847,-0.48522247572823496,-1.1965066274132958,0.9409870595939935,-0.400630399208015
-0.24472864435648528,0.6106213827974715,0.34341791732070936,-0.5090038784983656,-0.25022508343653194,0.7977658640923343,0.5067675913712875,0.8469665319585392,1.5765187917447507,1.5839249836457325,1.3877867898050604,-0.18044357397591915,-1.1965066274132958,-1.0058243582209225,0.10015759980200376
-0.019241041523191685,-1.1693667737639242,-0.6710691076895581,-0.11330725289043549,-1.475686877297082,0.25758988103932456,0.5067675913712875,-0.07152161825427683,-0.18699560228830392,-0.15714378101287094,-0.19250202198797847,-0.07416729677918882,-1.1965066274132958,-0.46504340882789036,-1.7527579965350657
0.2769659901133188,-1.1409807605200954,0.2880649093709489,-0.5058789298262397,0.9497062563852547,1.337941847145344,1.4203039035752874,0.8469665319585392,-0.18699560228830392,-0.15714378101287094,-0.19250202198797847,0.1260701194300788,0.08549887676925344,-0.03241864931346453,0.7011031986140263
0.3928569912411035,1.2789268685163104,-1.1568394705590088,0.6796484726614873,0.38803626753250386,0.5816954708711304,0.14135306648968757,0.8469665319585392,0.25388299621995974,0.7133906013164308,-0.19250202198797847,1.253919396708919,0.08549887676925344,-1.6547614974925613,-0.9514971981190357
-0.03812423979001923,1.8451044152818088,0.2384380746573705,-0.5179881059307273,1.434784883121723,1.554012240366548,1.7857184284568872,0.8469665319585392,-2.391388594829622,-2.7687469280007764,-1.7727908337810172,-0.45330937043211694,1.3675043809518026,-0.6813557885851033,1.4022063972280525
-0.15105317060143883,0.6106213827974715,0.34341791732070936,-0.5090038784983656,-0.25022508343653194,-0.28258610201368517,-0.4067687208327123,-0.07152161825427683,-1.0687527993048311,-1.0276781633421728,-0.9826464278844979,-0.66451343385658,1.3675043809518026,-0.24873102907067746,-1.0015759980200376
-0.29323254578696384,-1.1693667737639242,-0.6710691076895581,-0.11330725289043549,-1.475686877297082,0.04151948781812065,-1.320305033036712,1.3980594220862288,-0.18699560228830392,-0.15714378101287094,-0.19250202198797847,-1.053108353035776,-1.1965066274132958,0.8869089646546904,1.3521275973270508
-0.25694718441149134,-1.1104349419207578,-1.1601797382801151,-0.08713580776138195,-0.9395473424830896,-0.714726888456093,-2.051134082799912,0.8469665319585392,0.033443696965827906,0.27812341015177994,-0.19250202198797847,0.006770415145578656,-1.1965066274132958,1.265455629229813,-0.7511819985150282
-0.19881655445282614,0.6106213827974715,0.34341791732070936,-0.5090038784983656,-0.25022508343653194,-0.8227620850666949,-0.4067687208327123,-0.9900097684670929,0.25388299621995974,-0.15714378101287094,0.597642383908541,-0.18044357397591915,1.3675043809518026,0.6165184899581742,0.2003151996040075
-0.2906407342601444,0.6106213827974715,0.34341791732070936,-0.5090038784983656,-0.25022508343653194,-2.011149247783316,-2.233841345240712,-1.173707398509656,0.9152008939823552,1.1486577924810817,0.597642383908541,0.03559255019714171,0.08549887676925344,0.4002061102009613,1.4522851971290545
8.796250478768906,-1.2094774446519432,1.2939626745269432,-0.5238473846909631,1.4858457911992449,-1.9031140511727145,-1.320305033036712,-1.908497918679909,1.5765187917447507,1.1486577924810817,1.78285899275332,-0.8727562352098543,0.08549887676925344,-0.5191215037671936,0.35055159930701313
-0.20177862476919126,1.2789268685163104,-1.1568394705590088,0.6796484726614873,0.38803626753250386,-0.28258610201368517,0.14135306648968757,-0.6226145083819664,0.25388299621995974,0.27812341015177994,0.20257018096028123,2.994129652669048,-1.1965066274132958,0.29204992032235483,-1.1017335978220413
-0.2625010662546759,-1.148385807453268,1.254833824079699,-0.4988477953139567,-1.5267477853746036,0.25758988103932456,0.5067675913712875,-0.07152161825427683,0.033443696965827906,0.27812341015177994,-0.19250202198797847,-1.053108353035776,0.08549887676925344,-1.2762148329174388,-1.5524427969310584
-0.27731141783650143,-0.24959823593942765,0.8497070676198127,0.6726173381492043,1.000767164462779,0.5816954708711304,0.14135306648968757,0.8469665319585392,0.25388299621995974,-0.15714378101287094,0.597642383908541,0.03559255019714171,0.08549887676925344,1.4276899140477226,1.0516547979210396
-0.08514710606231526,0.6106213827974715,0.34341791732070936,-0.5090038784983656,-0.25022508343653194,-0.606691691845491,-0.9548905081551122,-0.07152161825427683,-0.18699560228830392,-0.5924109721775218,0.20257018096028123,-0.45330937043211694,0.08549887676925344,-0.8976681683423162,1.1017335978220413
1.1337448291219254,1.8451044152818088,0.2384380746573705,-0.5179881059307273,1.434784883121723,-0.28258610201368517,-0.4067687208327123,-0.07152161825427683,0.25388299621995974,0.27812341015177994,0.20257018096028123,-0.20265138455711335,0.08549887676925344,-1.330292927856742,1.251969997525047
-0.2758303826783189,-1.1693667737639242,-0.6710691076895581,-0.11330725289043549,-1.475686877297082,0.25758988103932456,0.5067675913712875,-0.07152161825427683,-0.18699560228830392,-0.15714378101287094,-0.19250202198797847,-0.48522247572823496,-1.1965066274132958,1.6980803887442388,1.7527579965350657
-0.05663717926730113,0.6106213827974715,0.34341791732070936,-0.5090038784983656,-0.25022508343653194,1.1218714539241401,0.5067675913712875,1.3980594220862288,-0.6278742007965675,0.27812341015177994,-1.3777186308327576,0.481837613057126,0.08549887676925344,-0.30280912400998067,1.5023639970300564
0.05221890485911646,1.2789268685163104,-1.1568394705590088,0.6796484726614873,0.38803626753250386,-0.8227620850666949,-0.4067687208327123,-0.9900097684670929,-1.0687527993048311,-1.0276781633421728,-0.9826464278844979,0.1260701194300788,1.3675043809518026,-0.03241864931346453,1.1518123977230432
-0.2721277947828625,-1.1104349419207578,-1.1601797382801151,-0.08713580776138195,-0.9395473424830896,0.25758988103932456,0.5067675913712875,-0.07152161825427683,-0.18699560228830392,-0.15714378101287094,-0.19250202198797847,-0.48522247572823496,-1.1965066274132958,1.6980803887442388,-0.5007879990100188
-0.27027650083513427,-1.2094774446519432,1.2939626745269432,-0.5238473846909631,1.4858457911992449,-1.9031140511727145,-1.320305033036712,-1.908497918679909,1.5765187917447507,1.1486577924810817,1.78285899275332,0.1260701194300788,0.08549887676925344,-0.03241864931346453,0.35055159930701313
-0.14327773602098043,-1.1693667737639242,-0.6710691076895581,-0.11330725289043549,-1.475686877297082,0.25758988103932456,0.5067675913712875,-0.07152161825427683,-0.18699560228830392,-0.15714378101287094,-0.19250202198797847,0.03559255019714171,-1.1965066274132958,0.4002061102009613,-1.7527579965350657
-0.205110953875102,1.2789268685163104,-1.1568394705590088,0.6796484726614873,0.38803626753250386,0.25758988103932456,0.5067675913712875,-0.07152161825427683,0.033443696965827906,0.27812341015177994,-0.19250202198797847,1.253919396708919,-1.1965066274132958,-1.6547614974925613,0.0
-0.205110953875102,-1.1693667737639242,-0.6710691076895581,-0.11330725289043549,-1.475686877297082,2.3102586166407617,0.8721821162528874,3.051338092469298,0.9152008939823552,1.1486577924810817,0.597642383908541,2.406388753687064,-1.1965066274132958,-1.113980548099529,-0.2503939995050094
0.2177245837860167,0.6106213827974715,0.34341791732070936,-0.5090038784983656,-0.25022508343653194,-1.0388324782878988,-1.6857195579183122,-0.07152161825427683,0.47432229547409155,0.27812341015177994,0.597642383908541,-1.053108353035776,0.08549887676925344,0.4542842051402645,-1.1518123977230432
4.227627274565277,-1.1409807605200954,0.2880649093709489,-0.5058789298262397,0.9497062563852547,1.337941847145344,1.4203039035752874,0.8469665319585392,-0.18699560228830392,-0.15714378101287094,-0.19250202198797847,-0.07416729677918882,0.08549887676925344,-1.546605307613955,0.7011031986140263
-0.21066483571828656,-1.1844854112524852,-1.1783126201946919,-0.8910288536657452,1.7156198775480973,0.7977658640923343,0.5067675913712875,0.8469665319585392,1.135640193236487,0.7133906013164308,1.3877867898050604,-0.5008826302442834,-1.1965066274132958,1.6440022938049355,0.5007879990100188
-0.2576877019905826,0.6106213827974715,0.34341791732070936,-0.5090038784983656,-0.25022508343653194,-2.659360427446928,-1.6857195579183122,-2.826986068892725,0.47432229547409155,0.7133906013164308,0.20257018096028123,-0.8727562352098543,-1.1965066274132958,0.5083623000795677,0.7511819985150282
2.7265981417472602,0.6763411743293793,0.3023803424614041,0.27535823820521127,0.20932308926117313,0.4736602742605284,-0.9548905081551122,1.7654546821713553,0.033443696965827906,0.27812341015177994,-0.19250202198797847,-0.18044357397591915,-1.1965066274132958,0.18389373044374838,-1.652600396733062
-0.20733250661237582,-0.24959823593942765,0.8497070676198127,0.6726173381492043,1.000767164462779,0.25758988103932456,0.5067675913712875,-0.07152161825427683,-0.18699560228830392,-0.15714378101287094,-0.19250202198797847,0.006770415145578656,-1.1965066274132958,1.265455629229813,-0.400630399208015
-0.12069194985869651,1.2789268685163104,-1.1568394705590088,0.6796484726614873,0.38803626753250386,-0.17455090540308324,0.14135306648968757,-0.43891687833940324,0.6947615947282234,0.7133906013164308,0.597642383908541,-0.8727562352098543,-1.1965066274132958,-0.41096531388858715,-0.10015759980200376
-0.29212176941832696,-1.1693667737639242,-0.6710691076895581,-0.11330725289043549,-1.475686877297082,0.25758988103932456,0.5067675913712875,-0.07152161825427683,-0.18699560228830392,-0.15714378101287094,-0.19250202198797847,0.006770415145578656,-1.1965066274132958,0.7787527747760838,-1.7527579965350657
-0.26990624204558866,0.6106213827974715,0.34341791732070936,-0.5090038784983656,-0.25022508343653194,-1.2549028715091026,-0.4067687208327123,-1.7248002886373457,-0.49561062124408845,0.3651768483847101,-1.2196897496534538,-0.7054938746681985,0.08549887676925344,1.4817680089870258,-1.2018911976240452
-0.28804892273332494,-1.2063920084297877,-1.0733327775313528,0.2886392700617461,0.20932308926117313,-0.4986564952348891,-2.233841345240712,1.3980594220862288,0.9152008939823552,1.1486577924810817,0.597642383908541,-1.053108353035776,-1.1965066274132958,1.1572994393512064,-0.9014183982180338
-0.2917515106287813,-1.2063920084297877,-1.0733327775313528,0.2886392700617461,0.20932308926117313,-0.4986564952348891,-2.233841345240712,1.3980594220862288,0.9152008939823552,1.1486577924810817,0.597642383908541,-0.20265138455711335,-1.1965066274132958,-1.330292927856742,-0.9014183982180338
-0.18696827318736572,0.6106213827974715,0.34341791732070936,-0.5090038784983656,-0.25022508343653194,0.25758988103932456,0.14135306648968757,0.2958736418308496,0.6947615947282234,0.27812341015177994,0.9927145868568007,0.1260701194300788,1.3675043809518026,0.8328308697153871,-0.851339598317032
-0.29027047547059875,0.6106213827974715,0.34341791732070936,-0.5090038784983656,-0.25022508343653194,-1.2549028715091026,-0.4067687208327123,-1.7248002886373457,-0.49561062124408845,0.3651768483847101,-1.2196897496534538,0.1260701194300788,0.08549887676925344,-1.059902453160226,-1.2018911976240452
-0.02738673489319572,0.6106213827974715,0.34341791732070936,-0.5090038784983656,-0.25022508343653194,-0.8227620850666949,-0.4067687208327123,-0.9900097684670929,0.25388299621995974,-0.15714378101287094,0.597642383908541,0.1260701194300788,1.3675043809518026,-1.3843710227960453,0.2003151996040075
-0.22325363456283825,-1.0734097072548943,4.356033812575339,6.534630428473198,-0.8118950722892828,0.25758988103932456,0.5067675913712875,-0.07152161825427683,-0.18699560228830392,-0.5924109721775218,0.20257018096028123,0.006770415145578656,0.08549887676925344,-0.14057483919207098,-1.4022063972280525
0.0007529331122727719,0.6106213827974715,0.34341791732070936,-0.5090038784983656,-0.25022508343653194,0.25758988103932456,0.5067675913712875,-0.07152161825427683,-0.4074349015424357,-1.0276781633421728,0.20257018096028123,-0.9654119228257313,0.08549887676925344,-1.1680586430388322,-0.7011031986140263
-0.2917515106287813,1.2789268685163104,-1.1568394705590088,0.6796484726614873,0.38803626753250386,0.7977658640923343,0.5067675913712875,0.8469665319585392,0.033443696965827906,0.27812341015177994,-0.19250202198797847,2.994129652669048,0.08549887676925344,1.5358461039263291,1.0015759980200376
-0.26324158383376717,-0.24959823593942765,0.8497070676198127,0.6726173381492043,1.000767164462779,0.25758988103932456,0.5067675913712875,-0.07152161825427683,-0.18699560228830392,-0.15714378101287094,-0.19250202198797847,-0.66451343385658,-1.1965066274132958,-1.7088395924318647,-0.400630399208015
-0.29212176941832696,-1.1104349419207578,-1.1601797382801151,-0.08713580776138195,-0.9395473424830896,-0.8227620850666949,-0.4067687208327123,-0.9900097684670929,-1.0687527993048311,-1.0276781633421728,-0.9826464278844979,0.481837613057126,1.3675043809518026,1.2113775342905098,0.9014183982180338
-0.28175452331104905,0.6106213827974715,0.34341791732070936,-0.5090038784983656,-0.25022508343653194,-0.606691691845491,-0.9548905081551122,-0.07152161825427683,-0.18699560228830392,-0.5924109721775218,0.20257018096028123,2.994129652669048,0.08549887676925344,-0.6272776936458,0.9514971981190357
0.8945576510754432,0.6106213827974715,0.34341791732070936,-0.5090038784983656,-0.25022508343653194,0.6897306674817323,0.5067675913712875,0.663268901915976,0.033443696965827906,0.27812341015177994,-0.19250202198797847,0.006770415145578656,-1.1965066274132958,0.7787527747760838,0.400630399208015
-0.2913812518392357,-1.1490028946976991,1.2639002650369873,-0.48947294929757934,-1.4246259692195578,0.9058010607029362,1.6030111660160873,-0.07152161825427683,-3.2731457918461495,-2.7687469280007764,-3.353079645574056,0.006770415145578656,0.08549887676925344,0.021659445625838693,-1.702679196634064
0.35657162986563096,0.6106213827974715,0.34341791732070936,-0.5090038784983656,-0.25022508343653194,-1.0388324782878988,-1.6857195579183122,-0.07152161825427683,0.47432229547409155,0.27812341015177994,0.597642383908541,0.006770415145578656,0.08549887676925344,0.7787527747760838,-1.1518123977230432
4.462741605926757,0.6763411743293793,0.3023803424614041,0.27535823820521127,0.20932308926117313,0.4736602742605284,-0.9548905081551122,1.7654546821713553,0.033443696965827906,0.27812341015177994,-0.19250202198797847,0.03559255019714171,-1.1965066274132958,1.4276899140477226,-1.652600396733062
-0.15290446454916704,0.6106213827974715,0.34341791732070936,-0.5090038784983656,-0.25022508343653194,-1.0388324782878988,-1.6857195579183122,-0.07152161825427683,0.47432229547409155,0.27812341015177994,0.597642383908541,0.03559255019714171,0.08549887676925344,0.7246746798367807,-1.1518123977230432
-0.27471960630968195,-1.1693667737639242,-0.6710691076895581,-0.11330725289043549,-1.475686877297082,1.8781178301983537,1.4203039035752874,1.7654546821713553,-0.6278742007965675,-0.15714378101287094,-0.9826464278844979,-0.18044357397591915,-1.1965066274132958,-0.7354338835244065,1.60252159683206
-0.12513505533324418,1.2789268685163104,-1.1568394705590088,0.6796484726614873,0.38803626753250386,0.36562507764992647,1.2375966411344874,-0.6226145083819664,1.3560794924906188,0.7133906013164308,1.78285899275332,-1.053108353035776,1.3675043809518026,0.6705965848974774,0.05007879990100188
-0.23769372735511815,-1.1270962975203966,0.32289912989105674,-0.49181666080167363,1.2305412508116313,-0.28258610201368517,-0.4067687208327123,-0.07152161825427683,0.9152008939823552,0.7133906013164308,0.9927145868568007,0.481837613057126,0.08549887676925344,1.2113775342905098,0.6510243987130244
-0.1740092155532684,-1.1693667737639242,-0.6710691076895581,-0.11330725289043549,-1.475686877297082,0.25758988103932456,0.5067675913712875,-0.07152161825427683,-0.18699560228830392,-0.15714378101287094,-0.19250202198797847,0.03559255019714171,-1.1965066274132958,-0.5731995987064968,1.7527579965350657
-0.2021488835587369,1.2789268685163104,-1.1568394705590088,0.6796484726614873,0.38803626753250386,0.7977658640923343,0.5067675913712875,0.8469665319585392,0.033443696965827906,0.27812341015177994,-0.19250202198797847,-0.48522247572823496,0.08549887676925344,0.9409870595939935,1.0015759980200376
-0.04738070952866018,0.6106213827974715,0.34341791732070936,-0.5090038784983656,-0.25022508343653194,0.25758988103932456,0.14135306648968757,0.2958736418308496,0.6947615947282234,0.27812341015177994,0.9927145868568007,0.03559255019714171,1.3675043809518026,0.4002061102009613,-0.80126079841603
-0.1573475700237147,1.2789268685163104,-1.1568394705590088,0.6796484726614873,0.38803626753250386,-0.28258610201368517,0.14135306648968757,-0.6226145083819664,0.25388299621995974,0.27812341015177994,0.20257018096028123,0.03559255019714171,-1.1965066274132958,0.7246746798367807,-1.1017335978220413
0.5761350920661944,-1.1693667737639242,-0.6710691076895581,-0.11330725289043549,-1.475686877297082,-0.8227620850666949,-0.4067687208327123,-0.9900097684670929,-1.0687527993048311,-1.0276781633421728,-0.9826464278844979,-1.053108353035776,1.3675043809518026,1.1572994393512064,-1.3020487974260488
-0.09440357580095621,0.6106213827974715,0.34341791732070936,-0.5090038784983656,-0.25022508343653194,-0.28258610201368517,-0.4067687208327123,-0.07152161825427683,-1.0687527993048311,-1.0276781633421728,-0.9826464278844979,-0.18044357397591915,1.3675043809518026,0.562440395018871,-1.0015759980200376
-0.2913812518392357,-0.551662442088432,1.2667633516550785,1.8397856671881925,2.532594406788464,0.7977658640923343,0.5067675913712875,0.8469665319585392,-3.2731457918461495,-3.204014119165427,-2.9580074426257963,1.253919396708919,0.08549887676925344,-1.6547614974925613,-0.5508667989110206
-0.24769071467285037,0.6106213827974715,0.34341791732070936,-0.5090038784983656,-0.25022508343653194,-0.8227620850666949,-0.4067687208327123,-0.9900097684670929,0.6947615947282234,0.7133906013164308,0.597642383908541,-0.18044357397591915,1.3675043809518026,0.6165184899581742,0.2503939995050094
-0.23732346856557252,-1.1104349419207578,-1.1601797382801151,-0.08713580776138195,-0.9395473424830896,0.25758988103932456,0.5067675913712875,-0.07152161825427683,-0.18699560228830392,-0.15714378101287094,-0.19250202198797847,0.006770415145578656,-1.1965066274132958,1.265455629229813,-0.5007879990100188
-0.12180272622733343,1.2789268685163104,-1.1568394705590088,0.6796484726614873,0.38803626753250386,0.7977658640923343,0.5067675913712875,0.8469665319585392,0.033443696965827906,0.27812341015177994,-0.19250202198797847,-1.053108353035776,0.08549887676925344,-1.2762148329174388,1.0015759980200376
-0.286938146364688,-1.0734097072548943,4.356033812575339,6.534630428473198,-0.8118950722892828,0.25758988103932456,0.5067675913712875,-0.07152161825427683,-0.18699560228830392,-0.5924109721775218,0.20257018096028123,-0.18044357397591915,0.08549887676925344,-1.0058243582209225,-1.4022063972280525
0.11701419302960313,0.6106213827974715,0.34341791732070936,-0.5090038784983656,-0.25022508343653194,-1.0388324782878988,-1.6857195579183122,-0.07152161825427683,0.47432229547409155,0.27812341015177994,0.597642383908541,-0.7539631269986905,0.08549887676925344,1.319533724169116,-1.1518123977230432
-0.12402427896460726,1.2789268685163104,-1.1568394705590088,0.6796484726614873,0.38803626753250386,-0.8227620850666949,-0.4067687208327123,-0.9900097684670929,-1.0687527993048311,-1.0276781633421728,-0.9826464278844979,1.3358760999740618,1.3675043809518026,-0.843590073403013,1.1518123977230432
-0.1603096403400798,-0.22886971441058448,0.5783211603049987,0.5987549149898665,0.31144490541621894,-0.8227620850666949,-1.320305033036712,-0.07152161825427683,0.6947615947282234,0.27812341015177994,0.9927145868568007,0.03559255019714171,-1.1965066274132958,-0.19465293413137422,0.15023639970300565
-0.27249805357240814,0.6106213827974715,0.34341791732070936,-0.5090038784983656,-0.25022508343653194,-0.0665157087924813,-0.4067687208327123,0.2958736418308496,-0.9805770796031784,-1.0276781633421728,-0.824617546705194,-0.18044357397591915,0.08549887676925344,-0.7354338835244065,0.80126079841603
-0.2673144305187692,0.6106213827974715,0.34341791732070936,-0.5090038784983656,-0.25022508343653194,0.25758988103932456,0.5067675913712875,-0.07152161825427683,-0.4074349015424357,-1.0276781633421728,0.20257018096028123,1.253919396708919,0.08549887676925344,-1.6547614974925613,-0.7011031986140263
0.06258615096639433,0.6106213827974715,0.34341791732070936,-0.5090038784983656,-0.25022508343653194,-0.28258610201368517,-0.4067687208327123,-0.07152161825427683,-1.0687527993048311,-1.0276781633421728,-0.9826464278844979,2.994129652669048,1.3675043809518026,1.5358461039263291,-1.0015759980200376
-0.26324158383376717,-1.1490028946976991,1.2639002650369873,-0.48947294929757934,-1.4246259692195578,0.9058010607029362,1.6030111660160873,-0.07152161825427683,-3.2731457918461495,-2.7687469280007764,-3.353079645574056,0.006770415145578656,0.08549887676925344,1.265455629229813,-1.702679196634064
-0.24139631525057453,-0.24959823593942765,0.8497070676198127,0.6726173381492043,1.000767164462779,0.25758988103932456,0.5067675913712875,-0.07152161825427683,-0.18699560228830392,-0.15714378101287094,-0.19250202198797847,-0.9654119228257313,-1.1965066274132958,-1.1680586430388322,-0.400630399208015
-0.13142945475552,1.2789268685163104,-1.1568394705590088,0.6796484726614873,0.38803626753250386,-0.28258610201368517,0.14135306648968757,-0.6226145083819664,0.25388299621995974,0.27812341015177994,0.20257018096028123,-0.07416729677918882,-1.1965066274132958,-1.546605307613955,-1.1017335978220413
-0.2876786639437793,-1.1693667737639242,-0.6710691076895581,-0.11330725289043549,-1.475686877297082,1.8781178301983537,1.4203039035752874,1.7654546821713553,-0.6278742007965675,-0.15714378101287094,-0.9826464278844979,-0.18044357397591915,-1.1965066274132958,0.18389373044374838,1.60252159683206
-0.1469803239164368,-1.1270962975203966,0.32289912989105674,-0.49181666080167363,1.2305412508116313,-0.28258610201368517,-0.4067687208327123,-0.07152161825427683,0.9152008939823552,0.7133906013164308,0.9927145868568007,-1.053108353035776,0.08549887676925344,-1.2762148329174388,0.6510243987130244
-0.2913812518392357,-1.2063920084297877,-1.0733327775313528,0.2886392700617461,0.20932308926117313,-0.4986564952348891,-2.233841345240712,1.3980594220862288,0.9152008939823552,1.1486577924810817,0.597642383908541,-0.66451343385658,-1.1965066274132958,-0.24873102907067746,-0.9014183982180338
-0.009984571784550733,0.6106213827974715,0.34341791732070936,-0.5090038784983656,-0.25022508343653194,-1.4709732647303067,-1.320305033036712,-1.173707398509656,0.25388299621995974,0.7133906013164308,-0.19250202198797847,-0.66451343385658,0.08549887676925344,-1.7088395924318647,-1.251969997525047
-0.2284372576164772,-0.24959823593942765,0.8497070676198127,0.6726173381492043,1.000767164462779,0.25758988103932456,0.5067675913712875,-0.07152161825427683,-0.18699560228830392,-0.15714378101287094,-0.19250202198797847,0.006770415145578656,-1.1965066274132958,-0.7895119784637097,-0.400630399208015
-0.26990624204558866,-1.1693667737639242,-0.6710691076895581,-0.11330725289043549,-1.475686877297082,1.337941847145344,1.4203039035752874,0.8469665319585392,0.6947615947282234,0.7133906013164308,0.597642383908541,-0.9654119228257313,0.08549887676925344,0.2379718253830516,-0.15023639970300565
-0.08810917637868036,-1.1844854112524852,-1.1783126201946919,-0.8910288536657452,1.7156198775480973,0.7977658640923343,1.4203039035752874,-0.07152161825427683,0.6947615947282234,0.7133906013164308,0.597642383908541,1.253919396708919,-1.1965066274132958,-1.2221367379781356,-0.2003151996040075
-0.1751199919219053,0.6106213827974715,0.34341791732070936,-0.5090038784983656,-0.25022508343653194,-0.8227620850666949,-0.4067687208327123,-0.9900097684670929,-0.4074349015424357,-1.0276781633421728,0.20257018096028123,2.994129652669048,1.3675043809518026,1.5358461039263291,0.851339598317032
-0.29027047547059875,-1.1693667737639242,-0.6710691076895581,-0.11330725289043549,-1.475686877297082,0.04151948781812065,-1.320305033036712,1.3980594220862288,-0.18699560228830392,-0.15714378101287094,-0.19250202198797847,-0.18044357397591915,-1.1965066274132958,0.18389373044374838,1.3521275973270508
-0.2647226189919497,0.6106213827974715,0.34341791732070936,-0.5090038784983656,-0.25022508343653194,-0.8227620850666949,-0.4067687208327123,-0.9900097684670929,-0.4074349015424357,-0.5924109721775218,-0.19250202198797847,2.994129652669048,1.3675043809518026,1.5899241988656323,-0.6510243987130244
0.04703528180547753,-1.1270962975203966,0.32289912989105674,-0.49181666080167363,1.2305412508116313,-0.28258610201368517,-0.4067687208327123,-0.07152161825427683,0.9152008939823552,0.7133906013164308,0.9927145868568007,-0.9654119228257313,0.08549887676925344,-0.08649674425276777,0.6510243987130244
-0.022943629418648064,1.2789268685163104,-1.1568394705590088,0.6796484726614873,0.38803626753250386,-0.8227620850666949,-0.4067687208327123,-0.9900097684670929,-1.0687527993048311,-1.0276781633421728,-0.9826464278844979,-0.66451343385658,1.3675043809518026,-0.24873102907067746,1.1518123977230432
-0.25916873714876515,-1.1104349419207578,-1.1601797382801151,-0.08713580776138195,-0.9395473424830896,-0.714726888456093,-2.051134082799912,0.8469665319585392,0.033443696965827906,0.27812341015177994,-0.19250202198797847,0.03559255019714171,-1.1965066274132958,-0.19465293413137422,-0.7511819985150282
-0.25213382014739805,1.2789268685163104,-1.1568394705590088,0.6796484726614873,0.38803626753250386,0.25758988103932456,0.5067675913712875,-0.07152161825427683,0.033443696965827906,0.27812341015177994,-0.19250202198797847,0.03559255019714171,-1.1965066274132958,0.7246746798367807,0.0
-0.16697429855190127,1.2789268685163104,-1.1568394705590088,0.6796484726614873,0.38803626753250386,0.7977658640923343,0.5067675913712875,0.8469665319585392,0.033443696965827906,0.27812341015177994,-0.19250202198797847,0.03559255019714171,0.08549887676925344,-0.5731995987064968,1.0015759980200376
-0.19326267260964158,-1.1104349419207578,-1.1601797382801151,-0.08713580776138195,-0.9395473424830896,0.25758988103932456,0.5067675913712875,-0.07152161825427683,-0.18699560228830392,-0.15714378101287094,-0.19250202198797847,-0.5008826302442834,-1.1965066274132958,1.6440022938049355,-0.5007879990100188
2.079756036411031,0.6763411743293793,0.3023803424614041,0.27535823820521127,0.20932308926117313,0.4736602742605284,-0.9548905081551122,1.7654546821713553,0.033443696965827906,0.27812341015177994,-0.19250202198797847,-0.45330937043211694,-1.1965066274132958,1.1032213444119032,-1.652600396733062
-0.23288036309102486,-1.1104349419207578,-1.1601797382801151,-0.08713580776138195,-0.9395473424830896,1.337941847145344,1.4203039035752874,0.8469665319585392,0.25388299621995974,0.7133906013164308,-0.19250202198797847,-0.8727562352098543,0.08549887676925344,0.5083623000795677,-0.4507091991090169
1.191505200291045,1.8451044152818088,0.2384380746573705,-0.5179881059307273,1.434784883121723,-0.28258610201368517,-0.4067687208327123,-0.07152161825427683,0.25388299621995974,0.27812341015177994,0.20257018096028123,-0.45330937043211694,0.08549887676925344,1.1032213444119032,1.251969997525047
-0.17178766281599456,1.2789268685163104,-1.1568394705590088,0.6796484726614873,0.38803626753250386,-0.28258610201368517,0.14135306648968757,-0.6226145083819664,0.25388299621995974,0.27812341015177994,0.20257018096028123,0.006770415145578656,-1.1965066274132958,0.7787527747760838,-1.1017335978220413
-0.282865299679686,0.6106213827974715,0.34341791732070936,-0.5090038784983656,-0.25022508343653194,-1.2549028715091026,-0.4067687208327123,-1.7248002886373457,-0.49561062124408845,0.3651768483847101,-1.2196897496534538,-0.8727562352098543,0.08549887676925344,0.5083623000795677,-1.2018911976240452
0.1429323082977978,0.6106213827974715,0.34341791732070936,-0.5090038784983656,-0.25022508343653194,-1.6870436579515105,-1.320305033036712,-1.5411026585947825,1.135640193236487,1.1486577924810817,0.9927145868568007,-1.053108353035776,0.08549887676925344,0.4542842051402645,1.2018911976240452
-0.2710170184142256,-1.1270962975203966,0.32289912989105674,-0.49181666080167363,1.2305412508116313,0.7977658640923343,0.5067675913712875,0.8469665319585392,1.135640193236487,0.7133906013164308,1.3877867898050604,-0.48522247572823496,1.3675043809518026,-0.9517462632816194,-0.35055159930701313
0.048516316963660086,1.2789268685163104,-1.1568394705590088,0.6796484726614873,0.38803626753250386,-0.8227620850666949,-0.4067687208327123,-0.9900097684670929,-1.0687527993048311,-1.0276781633421728,-0.9826464278844979,0.03559255019714171,1.3675043809518026,-0.5731995987064968,1.1518123977230432
0.09664995960459304,-0.22886971441058448,0.5783211603049987,0.5987549149898665,0.31144490541621894,-0.8227620850666949,-1.320305033036712,-0.07152161825427683,0.6947615947282234,0.27812341015177994,0.9927145868568007,-1.053108353035776,-1.1965066274132958,0.8869089646546904,0.15023639970300565
-0.11069496254096428,-0.24959823593942765,0.8497070676198127,0.6726173381492043,1.000767164462779,0.25758988103932456,0.5067675913712875,-0.07152161825427683,-0.18699560228830392,-0.15714378101287094,-0.19250202198797847,-1.053108353035776,-1.1965066274132958,0.8869089646546904,-0.400630399208015
-0.2839760760483229,-1.0734097072548943,4.356033812575339,6.534630428473198,-0.8118950722892828,0.25758988103932456,0.5067675913712875,-0.07152161825427683,-0.18699560228830392,-0.5924109721775218,0.20257018096028123,0.1260701194300788,0.08549887676925344,-0.03241864931346453,-1.4022063972280525
-0.23621269219693558,0.6106213827974715,0.34341791732070936,-0.5090038784983656,-0.25022508343653194,-0.8227620850666949,-0.4067687208327123,-0.9900097684670929,-0.4074349015424357,-1.0276781633421728,0.20257018096028123,2.994129652669048,1.3675043809518026,-0.6272776936458,0.851339598317032
-0.2780519354155927,-1.1104349419207578,-1.1601797382801151,-0.08713580776138195,-0.9395473424830896,1.337941847145344,1.4203039035752874,0.8469665319585392,0.25388299621995974,0.7133906013164308,-0.19250202198797847,0.1260701194300788,0.08549887676925344,-0.03241864931346453,-0.4507091991090169
0.7286817133589972,0.6106213827974715,0.34341791732070936,-0.5090038784983656,-0.25022508343653194,0.25758988103932456,0.5067675913712875,-0.07152161825427683,-0.4074349015424357,-1.0276781633421728,0.20257018096028123,-1.053108353035776,0.08549887676925344,0.4542842051402645,-0.7011031986140263
-0.07181778963867229,0.6106213827974715,0.34341791732070936,-0.5090038784983656,-0.25022508343653194,-0.28258610201368517,-0.4067687208327123,-0.07152161825427683,-1.0687527993048311,-1.0276781633421728,-0.9826464278844979,0.006770415145578656,1.3675043809518026,0.021659445625838693,-1.0015759980200376
-0.2488014910414873,-1.1693667737639242,-0.6710691076895581,-0.11330725289043549,-1.475686877297082,0.25758988103932456,0.5067675913712875,-0.07152161825427683,-0.18699560228830392,-0.15714378101287094,-0.19250202198797847,1.3358760999740618,-1.1965066274132958,-0.843590073403013,1.7527579965350657
-0.07663115390276559,-1.148385807453268,1.254833824079699,-0.4988477953139567,-1.5267477853746036,0.25758988103932456,0.5067675913712875,-0.07152161825427683,0.033443696965827906,0.27812341015177994,-0.19250202198797847,-0.18044357397591915,0.08549887676925344,-1.0058243582209225,-1.5524427969310584
0.2799280604296839,-1.1104349419207578,-1.1601797382801151,-0.08713580776138195,-0.9395473424830896,-0.714726888456093,-2.051134082799912,0.8469665319585392,0.033443696965827906,0.27812341015177994,-0.19250202198797847,-0.7054938746681985,-1.1965066274132958,-1.4384491177353484,-0.7511819985150282
-0.2565769256219457,1.2789268685163104,-1.1568394705590088,0.6796484726614873,0.38803626753250386,0.25758988103932456,0.5067675913712875,-0.07152161825427683,0.033443696965827906,0.27812341015177994,-0.19250202198797847,-0.7054938746681985,-1.1965066274132958,-1.4384491177353484,0.0
-0.27471960630968195,-0.551662442088432,1.2667633516550785,1.8397856671881925,2.532594406788464,0.7977658640923343,0.5067675913712875,0.8469665319585392,-3.2731457918461495,-3.204014119165427,-2.9580074426257963,-0.7054938746681985,0.08549887676925344,1.4817680089870258,-0.5508667989110206
0.508007474789797,1.2789268685163104,-1.1568394705590088,0.6796484726614873,0.38803626753250386,0.5816954708711304,0.14135306648968757,0.8469665319585392,0.6947615947282234,0.27812341015177994,0.9927145868568007,0.03559255019714171,0.08549887676925344,-0.5731995987064968,-0.6009455988120226
-0.28841918152287055,-1.1693667737639242,-0.6710691076895581,-0.11330725289043549,-1.475686877297082,0.04151948781812065,-1.320305033036712,1.3980594220862288,-0.18699560228830392,-0.15714378101287094,-0.19250202198797847,-0.45330937043211694,-1.1965066274132958,-0.6813557885851033,1.3521275973270508
-0.2754601238887732,-1.1693667737639242,-0.6710691076895581,-0.11330725289043549,-1.475686877297082,0.25758988103932456,0.5067675913712875,-0.07152161825427683,-0.18699560228830392,-0.15714378101287094,-0.19250202198797847,2.994129652669048,-1.1965066274132958,1.5358461039263291,1.7527579965350657
-0.2939730633660551,-1.1693667737639242,-0.6710691076895581,-0.11330725289043549,-1.475686877297082,1.337941847145344,1.4203039035752874,0.8469665319585392,0.6947615947282234,0.7133906013164308,0.597642383908541,-1.053108353035776,0.08549887676925344,0.6705965848974774,-0.15023639970300565
0.22105691289192742,0.6106213827974715,0.34341791732070936,-0.5090038784983656,-0.25022508343653194,-0.28258610201368517,-0.4067687208327123,-0.07152161825427683,-1.0687527993048311,-1.0276781633421728,-0.9826464278844979,-0.07416729677918882,1.3675043809518026,-0.46504340882789036,-1.0015759980200376
-0.2876786639437793,-1.1693667737639242,-0.6710691076895581,-0.11330725289043549,-1.475686877297082,1.337941847145344,1.4203039035752874,0.8469665319585392,0.6947615947282234,0.7133906013164308,0.597642383908541,-0.18044357397591915,0.08549887676925344,0.18389373044374838,-0.15023639970300565
-0.12846738443915492,0.6763411743293793,0.3023803424614041,0.27535823820521127,0.20932308926117313,0.4736602742605284,-0.9548905081551122,1.7654546821713553,0.033443696965827906,0.27812341015177994,-0.19250202198797847,-0.18044357397591915,-1.1965066274132958,0.34612801526165804,-1.652600396733062
-0.16253119307735361,-1.148385807453268,1.254833824079699,-0.4988477953139567,-1.5267477853746036,0.25758988103932456,0.5067675913712875,-0.07152161825427683,0.033443696965827906,0.27812341015177994,-0.19250202198797847,2.994129652669048,0.08549887676925344,0.29204992032235483,-1.5524427969310584
-0.006281983889094352,-1.1104349419207578,-1.1601797382801151,-0.08713580776138195,-0.9395473424830896,1.337941847145344,1.4203039035752874,0.8469665319585392,0.6947615947282234,0.7133906013164308,0.597642383908541,-0.18044357397591915,0.08549887676925344,-0.7354338835244065,-1.4522851971290545
-0.15586653486553212,0.6106213827974715,0.34341791732070936,-0.5090038784983656,-0.25022508343653194,0.25758988103932456,0.14135306648968757,0.2958736418308496,0.6947615947282234,0.27812341015177994,0.9927145868568007,-0.66451343385658,1.3675043809518026,-0.24873102907067746,-0.851339598317032
-0.03479191068410848,0.6106213827974715,0.34341791732070936,-0.5090038784983656,-0.25022508343653194,0.25758988103932456,0.14135306648968757,0.2958736418308496,0.6947615947282234,0.27812341015177994,0.9927145868568007,0.1260701194300788,1.3675043809518026,-1.3843710227960453,-0.851339598317032
-0.17660102708008787,0.6106213827974715,0.34341791732070936,-0.5090038784983656,-0.25022508343653194,-0.8227620850666949,-0.4067687208327123,-0.9900097684670929,-0.4074349015424357,-1.0276781633421728,0.20257018096028123,-0.18044357397591915,1.3675043809518026,0.6165184899581742,0.851339598317032
-0.16771481613099254,-0.5538222474439407,1.2514935563585923,-0.5304879006192306,1.996454871974474,0.7977658640923343,0.5067675913712875,0.8469665319585392,-3.2731457918461495,-3.204014119165427,-2.9580074426257963,0.03559255019714171,0.08549887676925344,0.7246746798367807,0.6009455988120226
-0.2936028045765095,1.2789268685163104,-1.1568394705590088,0.6796484726614873,0.38803626753250386,0.7977658640923343,0.5067675913712875,0.8469665319585392,0.033443696965827906,0.27812341015177994,-0.19250202198797847,0.1260701194300788,0.08549887676925344,-0.03241864931346453,1.0015759980200376
-0.06922597811185283,-0.24959823593942765,0.8497070676198127,0.6726173381492043,1.000767164462779,1.1218714539241401,1.0548893786936875,0.8469665319585392,-0.4074349015424357,0.27812341015177994,-0.9826464278844979,0.481837613057126,-1.1965066274132958,-0.30280912400998067,-0.3004727994060113
-0.07700141269231123,-1.1693667737639242,-0.6710691076895581,-0.11330725289043549,-1.475686877297082,0.25758988103932456,0.5067675913712875,-0.07152161825427683,-0.18699560228830392,-0.15714378101287094,-0.19250202198797847,1.253919396708919,-1.1965066274132958,-1.2221367379781356,1.7527579965350657
0.21180044315328647,-1.1693667737639242,-0.6710691076895581,-0.11330725289043549,-1.475686877297082,2.3102586166407617,0.8721821162528874,3.051338092469298,0.9152008939823552,1.1486577924810817,0.597642383908541,2.994129652669048,-1.1965066274132958,0.29204992032235483,-0.2503939995050094
-0.10773289222459918,0.6106213827974715,0.34341791732070936,-0.5090038784983656,-0.25022508343653194,-0.8227620850666949,-0.4067687208327123,-0.9900097684670929,0.25388299621995974,-0.15714378101287094,0.597642383908541,-0.9654119228257313,1.3675043809518026,-1.1680586430388322,0.2003151996040075
-0.2617605486755846,-1.1104349419207578,-1.1601797382801151,-0.08713580776138195,-0.9395473424830896,1.337941847145344,1.4203039035752874,0.8469665319585392,0.25388299621995974,0.7133906013164308,-0.19250202198797847,-0.5008826302442834,0.08549887676925344,1.6440022938049355,-0.4507091991090169
-0.20585147145419327,-0.5538222474439407,1.2514935563585923,-0.5304879006192306,1.996454871974474,0.7977658640923343,0.5067675913712875,0.8469665319585392,-3.2731457918461495,-3.204014119165427,-2.9580074426257963,-0.45330937043211694,0.08549887676925344,1.3736118191084195,0.6009455988120226
-0.23954502130284633,-1.1844854112524852,-1.1783126201946919,-0.8910288536657452,1.7156198775480973,-1.3629380681197047,-1.320305033036712,-0.9900097684670929,0.47432229547409155,1.1486577924810817,-0.19250202198797847,2.994129652669048,1.3675043809518026,1.5358461039263291,0.3004727994060113
-0.18807904955600266,1.2789268685163104,-1.1568394705590088,0.6796484726614873,0.38803626753250386,0.5816954708711304,0.14135306648968757,0.8469665319585392,0.25388299621995974,0.7133906013164308,-0.19250202198797847,-1.053108353035776,0.08549887676925344,0.4542842051402645,-0.9514971981190357
-0.05478588531957294,-0.24959823593942765,0.8497070676198127,0.6726173381492043,1.000767164462779,1.1218714539241401,1.0548893786936875,0.8469665319585392,-0.4074349015424357,0.27812341015177994,-0.9826464278844979,0.03559255019714171,-1.1965066274132958,-0.5731995987064968,-0.3004727994060113
-0.22917777519556848,0.6106213827974715,0.34341791732070936,-0.5090038784983656,-0.25022508343653194,-0.606691691845491,-0.9548905081551122,-0.07152161825427683,-0.18699560228830392,-0.5924109721775218,0.20257018096028123,-0.3650833393028946,0.08549887676925344,0.07573754056514193,1.1017335978220413
-0.024054405787284978,0.6106213827974715,0.34341791732070936,-0.5090038784983656,-0.25022508343653194,-0.8227620850666949,-0.4067687208327123,-0.9900097684670929,0.25388299621995974,-0.15714378101287094,0.597642383908541,0.03559255019714171,1.3675043809518026,0.4002061102009613,0.2003151996040075
-0.2539851140951262,0.6106213827974715,0.34341791732070936,-0.5090038784983656,-0.25022508343653194,-1.2549028715091026,-0.4067687208327123,-1.7248002886373457,-0.49561062124408845,0.3651768483847101,-1.2196897496534538,0.006770415145578656,0.08549887676925344,0.7787527747760838,-1.2018911976240452
-0.15919886397144287,0.6106213827974715,0.34341791732070936,-0.5090038784983656,-0.25022508343653194,-0.8227620850666949,-0.4067687208327123,-0.9900097684670929,0.25388299621995974,-0.15714378101287094,0.597642383908541,0.03559255019714171,1.3675043809518026,1.4276899140477226,0.2003151996040075
-0.12069194985869651,0.6106213827974715,0.34341791732070936,-0.5090038784983656,-0.25022508343653194,-1.6870436579515105,-1.320305033036712,-1.5411026585947825,1.135640193236487,1.1486577924810817,0.9927145868568007,-0.18044357397591915,0.08549887676925344,0.34612801526165804,1.2018911976240452
-0.24509890314603092,-1.1490028946976991,1.2639002650369873,-0.48947294929757934,-1.4246259692195578,0.9058010607029362,1.6030111660160873,-0.07152161825427683,-3.2731457918461495,-2.7687469280007764,-3.353079645574056,-1.053108353035776,0.08549887676925344,0.4542842051402645,-1.702679196634064
-0.26102003109649335,-0.551662442088432,1.2667633516550785,1.8397856671881925,2.532594406788464,0.7977658640923343,0.5067675913712875,0.8469665319585392,-3.2731457918461495,-3.204014119165427,-2.9580074426257963,-0.8727562352098543,0.08549887676925344,-0.41096531388858715,-0.5508667989110206
-0.13624281901961333,0.6106213827974715,0.34341791732070936,-0.5090038784983656,-0.25022508343653194,-0.8227620850666949,-0.4067687208327123,-0.9900097684670929,0.25388299621995974,-0.15714378101287094,0.597642383908541,-0.48522247572823496,1.3675043809518026,1.6980803887442388,0.2003151996040075
-0.2806437469424122,-1.1104349419207578,-1.1601797382801151,-0.08713580776138195,-0.9395473424830896,-0.8227620850666949,-0.4067687208327123,-0.9900097684670929,-1.0687527993048311,-1.0276781633421728,-0.9826464278844979,-0.7054938746681985,1.3675043809518026,-0.3568872189492839,0.9014183982180338
-0.17549025071145094,0.6106213827974715,0.34341791732070936,-0.5090038784983656,-0.25022508343653194,-2.011149247783316,-2.233841345240712,-1.173707398509656,0.9152008939823552,1.1486577924810817,0.597642383908541,-0.07416729677918882,0.08549887676925344,-0.46504340882789036,1.4522851971290545
-0.25435537288467186,-0.24959823593942765,0.8497070676198127,0.6726173381492043,1.000767164462779,0.5816954708711304,0.14135306648968757,0.8469665319585392,0.25388299621995974,-0.15714378101287094,0.597642383908541,-0.8727562352098543,0.08549887676925344,-0.5191215037671936,1.0516547979210396
-0.26139028988603896,-1.1844854112524852,-1.1783126201946919,-0.8910288536657452,1.7156198775480973,0.7977658640923343,1.4203039035752874,-0.07152161825427683,0.6947615947282234,0.7133906013164308,0.597642383908541,0.006770415145578656,-1.1965066274132958,0.7787527747760838,-0.2003151996040075
-0.1847467204500919,-1.1270962975203966,0.32289912989105674,-0.49181666080167363,1.2305412508116313,0.7977658640923343,0.5067675913712875,0.8469665319585392,1.135640193236487,0.7133906013164308,1.3877867898050604,-0.3650833393028946,1.3675043809518026,0.07573754056514193,-0.35055159930701313
-0.2313993279328423,1.2789268685163104,-1.1568394705590088,0.6796484726614873,0.38803626753250386,0.7977658640923343,0.5067675913712875,0.8469665319585392,0.033443696965827906,0.27812341015177994,-0.19250202198797847,-0.7054938746681985,0.08549887676925344,1.4817680089870258,1.0015759980200376
0.4687600430979593,0.6106213827974715,0.34341791732070936,-0.5090038784983656,-0.25022508343653194,0.25758988103932456,0.5067675913712875,-0.07152161825427683,-0.4074349015424357,-1.0276781633421728,0.20257018096028123,-0.7054938746681985,0.08549887676925344,1.4817680089870258,-0.7011031986140263
-0.19955707203191742,-0.551662442088432,1.2667633516550785,1.8397856671881925,2.532594406788464,0.7977658640923343,0.5067675913712875,0.8469665319585392,-3.2731457918461495,-3.204014119165427,-2.9580074426257963,-0.07416729677918882,0.08549887676925344,-0.46504340882789036,-0.5508667989110206
-0.2673144305187692,-1.1693667737639242,-0.6710691076895581,-0.11330725289043549,-1.475686877297082,1.337941847145344,1.4203039035752874,0.8469665319585392,0.6947615947282234,0.7133906013164308,0.597642383908541,-0.7054938746681985,0.08549887676925344,1.4817680089870258,-0.15023639970300565
-0.2188105290882906,0.6106213827974715,0.34341791732070936,-0.5090038784983656,-0.25022508343653194,-0.714726888456093,-0.5894759832735124,-0.6226145083819664,-1.0687527993048311,-1.0276781633421728,-0.9826464278844979,-0.66451343385658,1.3675043809518026,-0.24873102907067746,0.4507091991090169
10.600891819014345,1.8451044152818088,0.2384380746573705,-0.5179881059307273,1.434784883121723,-0.28258610201368517,-0.4067687208327123,-0.07152161825427683,0.25388299621995974,0.27812341015177994,0.20257018096028123,0.03559255019714171,0.08549887676925344,-0.5731995987064968,1.251969997525047
-0.2895299578915075,-1.2063920084297877,-1.0733327775313528,0.2886392700617461,0.20932308926117313,-0.4986564952348891,-2.233841345240712,1.3980594220862288,0.9152008939823552,1.1486577924810817,0.597642383908541,-0.8727562352098543,-1.1965066274132958,-0.41096531388858715,-0.9014183982180338
0.15292929561553,0.6106213827974715,0.34341791732070936,-0.5090038784983656,-0.25022508343653194,0.25758988103932456,0.5067675913712875,-0.07152161825427683,-0.4074349015424357,-1.0276781633421728,0.20257018096028123,0.03559255019714171,0.08549887676925344,-0.5731995987064968,-0.7011031986140263
-0.24546916193557655,-1.1693667737639242,-0.6710691076895581,-0.11330725289043549,-1.475686877297082,0.25758988103932456,0.5067675913712875,-0.07152161825427683,-0.18699560228830392,-0.15714378101287094,-0.19250202198797847,-0.7054938746681985,-1.1965066274132958,-0.3568872189492839,1.7527579965350657
-0.2499122674101242,-1.1844854112524852,-1.1783126201946919,-0.8910288536657452,1.7156198775480973,-1.3629380681197047,-1.320305033036712,-0.9900097684670929,0.47432229547409155,1.1486577924810817,-0.19250202198797847,0.03559255019714171,1.3675043809518026,-0.19465293413137422,0.3004727994060113
-0.2217725994046557,-1.148385807453268,1.254833824079699,-0.4988477953139567,-1.5267477853746036,0.25758988103932456,0.5067675913712875,-0.07152161825427683,0.033443696965827906,0.27812341015177994,-0.19250202198797847,-0.45330937043211694,0.08549887676925344,-0.6813557885851033,-1.5524427969310584
0.16514783567053606,0.6106213827974715,0.34341791732070936,-0.5090038784983656,-0.25022508343653194,0.25758988103932456,0.14135306648968757,0.2958736418308496,0.6947615947282234,0.27812341015177994,0.9927145868568007,-0.8727562352098543,1.3675043809518026,-0.5191215037671936,-0.851339598317032
-0.28841918152287055,0.6763411743293793,0.3023803424614041,0.27535823820521127,0.20932308926117313,-0.606691691845491,-0.0413541959511124,-0.9900097684670929,-0.8483135000506994,0.27812341015177994,-1.7727908337810172,0.006770415145578656,1.3675043809518026,1.265455629229813,-1.0516547979210396
0.18514181030600052,1.8451044152818088,0.2384380746573705,-0.5179881059307273,1.434784883121723,-0.28258610201368517,-0.4067687208327123,-0.07152161825427683,0.25388299621995974,0.27812341015177994,0.20257018096028123,2.994129652669048,0.08549887676925344,1.5358461039263291,1.251969997525047
-0.25879847835921954,1.8451044152818088,0.2384380746573705,-0.5179881059307273,1.434784883121723,-1.3629380681197047,-0.4067687208327123,-1.908497918679909,-0.4074349015424357,0.27812341015177994,-0.9826464278844979,-0.45330937043211694,0.08549887676925344,-0.8976681683423162,1.652600396733062
1.0822788573750817,0.6763411743293793,0.3023803424614041,0.27535823820521127,0.20932308926117313,-1.3089204698144037,-0.31541508961231235,-1.908497918679909,-1.5096313978130949,-1.8982125456714745,-0.9826464278844979,-0.8727562352098543,1.3675043809518026,0.5083623000795677,1.702679196634064
0.0037150034286378766,1.3039189019157686,1.945314880142661,0.6730079567332199,-0.9395473424830896,0.25758988103932456,-0.4067687208327123,0.8469665319585392,0.6947615947282234,0.27812341015177994,0.9927145868568007,0.03559255019714171,1.3675043809518026,0.7246746798367807,-1.60252159683206
1.3462733743211215,-1.1104349419207578,-1.1601797382801151,-0.08713580776138195,-0.9395473424830896,-0.714726888456093,-2.051134082799912,0.8469665319585392,0.033443696965827906,0.27812341015177994,-0.19250202198797847,-0.8727562352098543,-1.1965066274132958,-0.41096531388858715,-0.7511819985150282
0.04444347027865807,1.2789268685163104,-1.1568394705590088,0.6796484726614873,0.38803626753250386,-0.8227620850666949,-0.4067687208327123,-0.9900097684670929,-1.0687527993048311,-1.0276781633421728,-0.9826464278844979,0.006770415145578656,1.3675043809518026,1.265455629229813,1.1518123977230432
0.03333570659228892,0.6106213827974715,0.34341791732070936,-0.5090038784983656,-0.25022508343653194,-1.0388324782878988,-1.6857195579183122,-0.07152161825427683,0.47432229547409155,0.27812341015177994,0.597642383908541,-0.9654119228257313,0.08549887676925344,0.2379718253830516,-1.1518123977230432
0.8541994430149685,-0.551662442088432,1.2667633516550785,1.8397856671881925,2.532594406788464,0.7977658640923343,0.5067675913712875,0.8469665319585392,-3.2731457918461495,-3.204014119165427,-2.9580074426257963,-1.053108353035776,0.08549887676925344,1.1572994393512064,-0.5508667989110206
-0.2839760760483229,-1.1270962975203966,0.32289912989105674,-0.49181666080167363,1.2305412508116313,-0.28258610201368517,-0.4067687208327123,-0.07152161825427683,0.9152008939823552,0.7133906013164308,0.9927145868568007,-0.48522247572823496,0.08549887676925344,0.9409870595939935,0.6510243987130244
-0.1392048893359784,0.6106213827974715,0.34341791732070936,-0.5090038784983656,-0.25022508343653194,-0.606691691845491,-0.9548905081551122,-0.07152161825427683,-0.18699560228830392,-0.5924109721775218,0.20257018096028123,0.006770415145578656,0.08549887676925344,1.265455629229813,1.1017335978220413
0.019636131379100315,1.2789268685163104,-1.1568394705590088,0.6796484726614873,0.38803626753250386,0.5816954708711304,0.14135306648968757,0.8469665319585392,0.6947615947282234,0.27812341015177994,0.9927145868568007,-0.9654119228257313,0.08549887676925344,-1.1680586430388322,-0.6009455988120226
-0.0388647573691105,-1.148385807453268,1.254833824079699,-0.4988477953139567,-1.5267477853746036,-1.6870436579515105,-1.320305033036712,-1.5411026585947825,-0.4074349015424357,-0.5924109721775218,-0.19250202198797847,-0.7539631269986905,-1.1965066274132958,1.319533724169116,-1.5023639970300564
-0.23213984551193356,-1.1693667737639242,-0.6710691076895581,-0.11330725289043549,-1.475686877297082,2.3102586166407617,0.8721821162528874,3.051338092469298,0.9152008939823552,1.1486577924810817,0.597642383908541,-0.45330937043211694,-1.1965066274132958,1.3736118191084195,-0.2503939995050094
-0.2876786639437793,1.8451044152818088,0.2384380746573705,-0.5179881059307273,1.434784883121723,1.554012240366548,1.7857184284568872,0.8469665319585392,-2.391388594829622,-2.7687469280007764,-1.7727908337810172,2.994129652669048,1.3675043809518026,1.5899241988656323,1.4022063972280525
-0.2750898650992276,-1.1693667737639242,-0.6710691076895581,-0.11330725289043549,-1.475686877297082,1.8781178301983537,1.4203039035752874,1.7654546821713553,-0.6278742007965675,-0.15714378101287094,-0.9826464278844979,-0.66451343385658,-1.1965066274132958,-1.7088395924318647,1.60252159683206
-0.27768167662604704,-1.1693667737639242,-0.6710691076895581,-0.11330725289043549,-1.475686877297082,0.04151948781812065,-1.320305033036712,1.3980594220862288,-0.18699560228830392,-0.15714378101287094,-0.19250202198797847,-0.3650833393028946,-1.1965066274132958,0.07573754056514193,1.3521275973270508
-0.01813026515455477,0.6303681746192655,0.2680233030443114,0.2800456612134002,0.9752367104240179,1.337941847145344,0.5067675913712875,1.7654546821713553,0.25388299621995974,-0.15714378101287094,0.597642383908541,2.994129652669048,-1.1965066274132958,-0.6272776936458,-0.05007879990100188
-0.09773590490686695,0.6106213827974715,0.34341791732070936,-0.5090038784983656,-0.25022508343653194,-0.8227620850666949,-0.4067687208327123,-0.9900097684670929,0.25388299621995974,-0.15714378101287094,0.597642383908541,0.1260701194300788,1.3675043809518026,-0.03241864931346453,0.2003151996040075
-0.18511697923963755,0.6106213827974715,0.34341791732070936,-0.5090038784983656,-0.25022508343653194,-0.8227620850666949,-0.4067687208327123,-0.9900097684670929,0.25388299621995974,-0.15714378101287094,0.597642383908541,0.481837613057126,1.3675043809518026,1.2113775342905098,0.2003151996040075
-0.2276967400373859,1.2789268685163104,-1.1568394705590088,0.6796484726614873,0.38803626753250386,0.5816954708711304,0.14135306648968757,0.8469665319585392,0.25388299621995974,0.7133906013164308,-0.19250202198797847,-0.45330937043211694,0.08549887676925344,1.1032213444119032,-0.9514971981190357
-0.0592289907941206,-1.148385807453268,1.254833824079699,-0.4988477953139567,-1.5267477853746036,-1.6870436579515105,-1.320305033036712,-1.5411026585947825,-0.4074349015424357,-0.5924109721775218,-0.19250202198797847,0.481837613057126,-1.1965066274132958,1.2113775342905098,-1.5023639970300564
-0.01998155910228296,0.6106213827974715,0.34341791732070936,-0.5090038784983656,-0.25022508343653194,-0.714726888456093,-0.0413541959511124,-1.173707398509656,0.6947615947282234,0.7133906013164308,0.597642383908541,-0.07416729677918882,1.3675043809518026,-0.46504340882789036,1.5524427969310584
0.5594734465366407,-1.148385807453268,1.254833824079699,-0.4988477953139567,-1.5267477853746036,-1.6870436579515105,-1.320305033036712,-1.5411026585947825,-0.4074349015424357,-0.5924109721775218,-0.19250202198797847,2.994129652669048,-1.1965066274132958,1.5899241988656323,-1.5023639970300564
0.004085262218183515,1.2789268685163104,-1.1568394705590088,0.6796484726614873,0.38803626753250386,0.5816954708711304,0.14135306648968757,0.8469665319585392,0.6947615947282234,0.27812341015177994,0.9927145868568007,2.994129652669048,0.08549887676925344,-0.6272776936458,-0.6009455988120226
0.4350664932493063,-0.5538222474439407,1.2514935563585923,-0.5304879006192306,1.996454871974474,0.7977658640923343,0.5067675913712875,0.8469665319585392,-3.2731457918461495,-3.204014119165427,-2.9580074426257963,-0.45330937043211694,0.08549887676925344,-0.8976681683423162,0.6009455988120226
0.057402527912755394,1.2789268685163104,-1.1568394705590088,0.6796484726614873,0.38803626753250386,-0.28258610201368517,0.14135306648968757,-0.6226145083819664,0.25388299621995974,0.27812341015177994,0.20257018096028123,-1.053108353035776,-1.1965066274132958,0.8869089646546904,-1.1017335978220413
0.15774265987962333,-1.1844854112524852,-1.1783126201946919,-0.8910288536657452,1.7156198775480973,-1.3629380681197047,-1.320305033036712,-0.9900097684670929,0.47432229547409155,1.1486577924810817,-0.19250202198797847,0.481837613057126,1.3675043809518026,1.2113775342905098,0.3004727994060113
-0.27286831236195375,-1.0734097072548943,4.356033812575339,6.534630428473198,-0.8118950722892828,0.25758988103932456,0.5067675913712875,-0.07152161825427683,-0.18699560228830392,-0.5924109721775218,0.20257018096028123,2.406388753687064,0.08549887676925344,-1.113980548099529,-1.4022063972280525
-0.2576877019905826,0.6106213827974715,0.34341791732070936,-0.5090038784983656,-0.25022508343653194,0.25758988103932456,0.14135306648968757,0.2958736418308496,0.6947615947282234,0.27812341015177994,0.9927145868568007,2.994129652669048,1.3675043809518026,1.5358461039263291,-0.80126079841603
-0.1380941129673415,0.6106213827974715,0.34341791732070936,-0.5090038784983656,-0.25022508343653194,-1.4709732647303067,-1.320305033036712,-1.173707398509656,0.25388299621995974,0.7133906013164308,-0.19250202198797847,0.03559255019714171,0.08549887676925344,0.7246746798367807,-1.251969997525047
-0.11513806801551195,1.3039189019157686,1.945314880142661,0.6730079567332199,-0.9395473424830896,0.25758988103932456,-0.4067687208327123,0.8469665319585392,0.6947615947282234,0.27812341015177994,0.9927145868568007,1.3358760999740618,1.3675043809518026,-0.843590073403013,-1.60252159683206
-0.29286228699741823,-1.2063920084297877,-1.0733327775313528,0.2886392700617461,0.20932308926117313,-0.4986564952348891,-2.233841345240712,1.3980594220862288,0.9152008939823552,1.1486577924810817,0.597642383908541,1.253919396708919,-1.1965066274132958,-1.2221367379781356,-0.9014183982180338
-0.08625788243095217,-1.0734097072548943,4.356033812575339,6.534630428473198,-0.8118950722892828,0.25758988103932456,0.5067675913712875,-0.07152161825427683,-0.18699560228830392,-0.5924109721775218,0.20257018096028123,-0.7539631269986905,0.08549887676925344,1.319533724169116,-1.4022063972280525
-0.24435838556693965,-0.24959823593942765,0.8497070676198127,0.6726173381492043,1.000767164462779,1.337941847145344,1.4203039035752874,0.8469665319585392,0.6947615947282234,0.7133906013164308,0.597642383908541,-0.3650833393028946,-1.1965066274132958,0.07573754056514193,1.3020487974260488
-0.2665739129396779,-1.1693667737639242,-0.6710691076895581,-0.11330725289043549,-1.475686877297082,1.337941847145344,1.4203039035752874,0.8469665319585392,0.6947615947282234,0.7133906013164308,0.597642383908541,-0.45330937043211694,0.08549887676925344,1.1032213444119032,-0.15023639970300565
-0.11550832680505758,0.6106213827974715,0.34341791732070936,-0.5090038784983656,-0.25022508343653194,-0.8227620850666949,-0.4067687208327123,-0.9900097684670929,-0.4074349015424357,-1.0276781633421728,0.20257018096028123,-0.18044357397591915,1.3675043809518026,0.34612801526165804,0.851339598317032
0.22216768926056435,0.6106213827974715,0.34341791732070936,-0.5090038784983656,-0.25022508343653194,-0.714726888456093,-0.5894759832735124,-0.6226145083819664,-1.0687527993048311,-1.0276781633421728,-0.9826464278844979,-0.8727562352098543,1.3675043809518026,-0.5191215037671936,0.4507091991090169
0.02222794290591978,0.6106213827974715,0.34341791732070936,-0.5090038784983656,-0.25022508343653194,-0.28258610201368517,-0.4067687208327123,-0.07152161825427683,-1.0687527993048311,-1.0276781633421728,-0.9826464278844979,-0.66451343385658,1.3675043809518026,-1.7088395924318647,-1.0015759980200376
0.2925168592742356,-1.1104349419207578,-1.1601797382801151,-0.08713580776138195,-0.9395473424830896,-0.714726888456093,-2.051134082799912,0.8469665319585392,0.033443696965827906,0.27812341015177994,-0.19250202198797847,-1.053108353035776,-1.1965066274132958,0.4542842051402645,-0.7511819985150282
-0.28619762878559674,1.8451044152818088,0.2384380746573705,-0.5179881059307273,1.434784883121723,-1.3629380681197047,-0.4067687208327123,-1.908497918679909,-0.4074349015424357,0.27812341015177994,-0.9826464278844979,1.253919396708919,0.08549887676925344,-1.2221367379781356,1.652600396733062
1.7113485408131206,1.8451044152818088,0.2384380746573705,-0.5179881059307273,1.434784883121723,-0.28258610201368517,-0.4067687208327123,-0.07152161825427683,0.25388299621995974,0.27812341015177994,0.20257018096028123,-0.18044357397591915,0.08549887676925344,0.34612801526165804,1.251969997525047
-0.1458695475477999,-1.1693667737639242,-0.6710691076895581,-0.11330725289043549,-1.475686877297082,2.3102586166407617,0.8721821162528874,3.051338092469298,0.9152008939823552,1.1486577924810817,0.597642383908541,2.994129652669048,-1.1965066274132958,1.5358461039263291,-0.2503939995050094
1.7976188387772545,0.6763411743293793,0.3023803424614041,0.27535823820521127,0.20932308926117313,-1.3089204698144037,-0.31541508961231235,-1.908497918679909,-1.5096313978130949,-1.8982125456714745,-0.9826464278844979,-0.7054938746681985,1.3675043809518026,-0.3568872189492839,1.702679196634064
-0.2343613982492074,0.6106213827974715,0.34341791732070936,-0.5090038784983656,-0.25022508343653194,-1.2549028715091026,-0.4067687208327123,-1.7248002886373457,-0.49561062124408845,0.3651768483847101,-1.2196897496534538,-0.48522247572823496,0.08549887676925344,-0.9517462632816194,-1.2018911976240452
-0.23213984551193356,-1.1693667737639242,-0.6710691076895581,-0.11330725289043549,-1.475686877297082,0.25758988103932456,0.5067675913712875,-0.07152161825427683,-0.18699560228830392,-0.15714378101287094,-0.19250202198797847,-0.66451343385658,-1.1965066274132958,-1.7088395924318647,-1.7527579965350657
-0.2810140057319578,-1.1490028946976991,1.2639002650369873,-0.48947294929757934,-1.4246259692195578,0.9058010607029362,1.6030111660160873,-0.07152161825427683,-3.2731457918461495,-2.7687469280007764,-3.353079645574056,1.253919396708919,0.08549887676925344,-1.2221367379781356,-1.702679196634064
-0.29249202820787257,-1.2063920084297877,-1.0733327775313528,0.2886392700617461,0.20932308926117313,-0.4986564952348891,-2.233841345240712,1.3980594220862288,0.9152008939823552,1.1486577924810817,0.597642383908541,2.994129652669048,-1.1965066274132958,1.5358461039263291,-0.9014183982180338
-0.19141137866191338,1.3039189019157686,1.945314880142661,0.6730079567332199,-0.9395473424830896,0.25758988103932456,-0.4067687208327123,0.8469665319585392,0.6947615947282234,0.27812341015177994,0.9927145868568007,0.006770415145578656,1.3675043809518026,0.021659445625838693,-1.60252159683206
-0.06182080232094006,0.6106213827974715,0.34341791732070936,-0.5090038784983656,-0.25022508343653194,-0.714726888456093,-0.0413541959511124,-1.173707398509656,0.6947615947282234,0.7133906013164308,0.597642383908541,-0.66451343385658,1.3675043809518026,-1.7088395924318647,1.5524427969310584
0.03925984722501913,0.6303681746192655,0.2680233030443114,0.2800456612134002,0.9752367104240179,1.337941847145344,0.5067675913712875,1.7654546821713553,0.25388299621995974,-0.15714378101287094,0.597642383908541,-0.07416729677918882,-1.1965066274132958,1.0491432494726,-0.05007879990100188
-0.144758771179163,0.6106213827974715,0.34341791732070936,-0.5090038784983656,-0.25022508343653194,-0.28258610201368517,-0.4067687208327123,-0.07152161825427683,-1.0687527993048311,-1.0276781633421728,-0.9826464278844979,-0.9654119228257313,1.3675043809518026,0.2379718253830516,-1.0015759980200376
0.006677073745002981,0.6763411743293793,0.3023803424614041,0.27535823820521127,0.20932308926117313,-0.606691691845491,-0.0413541959511124,-0.9900097684670929,-0.8483135000506994,0.27812341015177994,-1.7727908337810172,0.006770415145578656,1.3675043809518026,-0.14057483919207098,-1.0516547979210396
-0.2810140057319578,1.2789268685163104,-1.1568394705590088,0.6796484726614873,0.38803626753250386,0.25758988103932456,0.5067675913712875,-0.07152161825427683,0.033443696965827906,0.27812341015177994,-0.19250202198797847,-1.053108353035776,-1.1965066274132958,0.8869089646546904,0.0
-0.1603096403400798,-0.24959823593942765,0.8497070676198127,0.6726173381492043,1.000767164462779,1.1218714539241401,1.0548893786936875,0.8469665319585392,-0.4074349015424357,0.27812341015177994,-0.9826464278844979,0.1260701194300788,-1.1965066274132958,0.8328308697153871,-0.3004727994060113
-0.20029758961100871,-1.148385807453268,1.254833824079699,-0.4988477953139567,-1.5267477853746036,0.25758988103932456,0.5067675913712875,-0.07152161825427683,0.033443696965827906,0.27812341015177994,-0.19250202198797847,-0.18044357397591915,0.08549887676925344,-0.7354338835244065,-1.5524427969310584
-0.10995444496187301,1.2789268685163104,-1.1568394705590088,0.6796484726614873,0.38803626753250386,0.36562507764992647,1.2375966411344874,-0.6226145083819664,1.3560794924906188,0.7133906013164308,1.78285899275332,-0.5008826302442834,1.3675043809518026,1.6440022938049355,0.05007879990100188
-0.2343613982492074,1.2789268685163104,-1.1568394705590088,0.6796484726614873,0.38803626753250386,0.25758988103932456,0.5067675913712875,-0.07152161825427683,0.033443696965827906,0.27812341015177994,-0.19250202198797847,0.006770415145578656,-1.1965066274132958,0.7787527747760838,0.0
-0.19030060229327647,0.6106213827974715,0.34341791732070936,-0.5090038784983656,-0.25022508343653194,-0.8227620850666949,-0.4067687208327123,-0.9900097684670929,0.6947615947282234,0.7133906013164308,0.597642383908541,0.006770415145578656,1.3675043809518026,-0.7895119784637097,0.2503939995050094
0.071102103125944,-1.1693667737639242,-0.6710691076895581,-0.11330725289043549,-1.475686877297082,2.3102586166407617,0.8721821162528874,3.051338092469298,0.9152008939823552,1.1486577924810817,0.597642383908541,-0.48522247572823496,-1.1965066274132958,1.6980803887442388,-0.2503939995050094
-0.127356608070518,-1.1693667737639242,-0.6710691076895581,-0.11330725289043549,-1.475686877297082,2.3102586166407617,0.8721821162528874,3.051338092469298,0.9152008939823552,1.1486577924810817,0.597642383908541,2.994129652669048,-1.1965066274132958,1.5899241988656323,-0.2503939995050094
-0.2595389959383108,0.6106213827974715,0.34341791732070936,-0.5090038784983656,-0.25022508343653194,0.25758988103932456,0.5067675913712875,-0.07152161825427683,-0.4074349015424357,-1.0276781633421728,0.20257018096028123,2.994129652669048,0.08549887676925344,-0.6272776936458,-0.7011031986140263
-0.1088436685932361,0.6106213827974715,0.34341791732070936,-0.5090038784983656,-0.25022508343653194,-1.6870436579515105,-1.320305033036712,-1.5411026585947825,1.135640193236487,1.1486577924810817,0.9927145868568007,-0.7539631269986905,0.08549887676925344,1.319533724169116,1.2018911976240452
-0.19030060229327647,-0.24959823593942765,0.8497070676198127,0.6726173381492043,1.000767164462779,1.1218714539241401,1.0548893786936875,0.8469665319585392,-0.4074349015424357,0.27812341015177994,-0.9826464278844979,-0.45330937043211694,-1.1965066274132958,1.3736118191084195,-0.3004727994060113
-0.24065579767148326,1.2789268685163104,-1.1568394705590088,0.6796484726614873,0.38803626753250386,0.5816954708711304,0.14135306648968757,0.8469665319585392,0.25388299621995974,0.7133906013164308,-0.19250202198797847,-0.3650833393028946,0.08549887676925344,0.07573754056514193,-0.9514971981190357
-0.19400319018873285,0.6106213827974715,0.34341791732070936,-0.5090038784983656,-0.25022508343653194,-0.606691691845491,-0.9548905081551122,-0.07152161825427683,-0.18699560228830392,-0.5924109721775218,0.20257018096028123,-1.053108353035776,0.08549887676925344,0.6705965848974774,0.9514971981190357
-0.29249202820787257,-0.551662442088432,1.2667633516550785,1.8397856671881925,2.532594406788464,0.7977658640923343,0.5067675913712875,0.8469665319585392,-3.2731457918461495,-3.204014119165427,-2.9580074426257963,-0.18044357397591915,0.08549887676925344,0.18389373044374838,-0.5508667989110206
-0.2710170184142256,0.6106213827974715,0.34341791732070936,-0.5090038784983656,-0.25022508343653194,-0.0665157087924813,-0.4067687208327123,0.2958736418308496,-0.9805770796031784,-1.0276781633421728,-0.824617546705194,-1.053108353035776,0.08549887676925344,1.1572994393512064,0.80126079841603
-0.2547256316742175,-1.1844854112524852,-1.1783126201946919,-0.8910288536657452,1.7156198775480973,0.7977658640923343,1.4203039035752874,-0.07152161825427683,0.6947615947282234,0.7133906013164308,0.597642383908541,-0.18044357397591915,-1.1965066274132958,0.18389373044374838,-0.2003151996040075
-0.2821247821005947,0.6106213827974715,0.34341791732070936,-0.5090038784983656,-0.25022508343653194,0.25758988103932456,0.5067675913712875,-0.07152161825427683,-0.4074349015424357,-1.0276781633421728,0.20257018096028123,0.5534877303040735,0.08549887676925344,-1.6006834025532581,-0.7011031986140263
-0.14623980633734554,1.2789268685163104,-1.1568394705590088,0.6796484726614873,0.38803626753250386,0.5816954708711304,0.14135306648968757,0.8469665319585392,0.25388299621995974,0.7133906013164308,-0.19250202198797847,-0.9654119228257313,0.08549887676925344,-1.1680586430388322,-0.9514971981190357
-0.18881956713509393,-1.148385807453268,1.254833824079699,-0.4988477953139567,-1.5267477853746036,0.25758988103932456,0.5067675913712875,-0.07152161825427683,0.033443696965827906,0.27812341015177994,-0.19250202198797847,0.1260701194300788,0.08549887676925344,0.8328308697153871,-1.5524427969310584
-0.09144150548459111,1.2789268685163104,-1.1568394705590088,0.6796484726614873,0.38803626753250386,-0.8227620850666949,-0.4067687208327123,-0.9900097684670929,-1.0687527993048311,-1.0276781633421728,-0.9826464278844979,-0.3650833393028946,1.3675043809518026,0.07573754056514193,1.1518123977230432
-0.08070400058776761,-1.148385807453268,1.254833824079699,-0.4988477953139567,-1.5267477853746036,-1.6870436579515105,-1.320305033036712,-1.5411026585947825,-0.4074349015424357,-0.5924109721775218,-0.19250202198797847,-0.07416729677918882,-1.1965066274132958,-1.546605307613955,-1.5023639970300564
-0.10958418617232737,1.2789268685163104,-1.1568394705590088,0.6796484726614873,0.38803626753250386,-0.17455090540308324,0.14135306648968757,-0.43891687833940324,0.6947615947282234,0.7133906013164308,0.597642383908541,-1.053108353035776,-1.1965066274132958,-1.2762148329174388,-0.10015759980200376
-0.17437947434281403,0.6106213827974715,0.34341791732070936,-0.5090038784983656,-0.25022508343653194,0.25758988103932456,0.14135306648968757,0.2958736418308496,0.6947615947282234,0.27812341015177994,0.9927145868568007,-0.8727562352098543,1.3675043809518026,0.5083623000795677,-0.851339598317032
-0.032570357946834654,0.6106213827974715,0.34341791732070936,-0.5090038784983656,-0.25022508343653194,-1.4709732647303067,-1.320305033036712,-1.173707398509656,0.25388299621995974,0.7133906013164308,-0.19250202198797847,-0.48522247572823496,0.08549887676925344,1.6980803887442388,-1.251969997525047
0.0263007895909218,-1.1844854112524852,-1.1783126201946919,-0.8910288536657452,1.7156198775480973,-1.3629380681197047,-1.320305033036712,-0.9900097684670929,0.47432229547409155,1.1486577924810817,-0.19250202198797847,-0.8727562352098543,1.3675043809518026,-0.5191215037671936,0.3004727994060113
-0.2606497723069477,-1.1104349419207578,-1.1601797382801151,-0.08713580776138195,-0.9395473424830896,0.25758988103932456,0.5067675913712875,-0.07152161825427683,-0.18699560228830392,-0.15714378101287094,-0.19250202198797847,0.006770415145578656,-1.1965066274132958,-0.14057483919207098,-0.5007879990100188
-0.2643523602024041,-1.1693667737639242,-0.6710691076895581,-0.11330725289043549,-1.475686877297082,2.3102586166407617,0.8721821162528874,3.051338092469298,0.9152008939823552,1.1486577924810817,0.597642383908541,0.03559255019714171,-1.1965066274132958,1.4276899140477226,-0.2503939995050094
0.7312735248858168,-1.1270962975203966,0.32289912989105674,-0.49181666080167363,1.2305412508116313,0.7977658640923343,0.5067675913712875,0.8469665319585392,1.135640193236487,0.7133906013164308,1.3877867898050604,2.994129652669048,1.3675043809518026,1.5358461039263291,-0.35055159930701313
-0.2488014910414873,1.2789268685163104,-1.1568394705590088,0.6796484726614873,0.38803626753250386,-0.28258610201368517,0.14135306648968757,-0.6226145083819664,0.25388299621995974,0.27812341015177994,0.20257018096028123,-0.9654119228257313,-1.1965066274132958,0.2379718253830516,-1.1017335978220413
-0.21251612966601477,1.2789268685163104,-1.1568394705590088,0.6796484726614873,0.38803626753250386,0.25758988103932456,0.5067675913712875,-0.07152161825427683,0.033443696965827906,0.27812341015177994,-0.19250202198797847,-0.8727562352098543,-1.1965066274132958,-0.41096531388858715,0.0
0.13478661492779376,1.8451044152818088,0.2384380746573705,-0.5179881059307273,1.434784883121723,1.554012240366548,1.7857184284568872,0.8469665319585392,-2.391388594829622,-2.7687469280007764,-1.7727908337810172,0.1260701194300788,1.3675043809518026,-1.3843710227960453,1.4022063972280525
-0.28730840515423367,1.2789268685163104,-1.1568394705590088,0.6796484726614873,0.38803626753250386,0.7977658640923343,0.5067675913712875,0.8469665319585392,0.033443696965827906,0.27812341015177994,-0.19250202198797847,-0.3650833393028946,0.08549887676925344,0.07573754056514193,1.0015759980200376
-0.09033072911595419,-1.1844854112524852,-1.1783126201946919,-0.8910288536657452,1.7156198775480973,-1.3629380681197047,-1.320305033036712,-0.9900097684670929,0.47432229547409155,1.1486577924810817,-0.19250202198797847,0.5534877303040735,1.3675043809518026,0.9950651545332968,0.3004727994060113
-0.2599092547278564,-0.24959823593942765,0.8497070676198127,0.6726173381492043,1.000767164462779,1.337941847145344,1.4203039035752874,0.8469665319585392,0.6947615947282234,0.7133906013164308,0.597642383908541,-0.18044357397591915,-1.1965066274132958,0.34612801526165804,1.3020487974260488
-0.28175452331104905,-1.1409807605200954,0.2880649093709489,-0.5058789298262397,0.9497062563852547,1.337941847145344,1.4203039035752874,0.8469665319585392,-0.18699560228830392,-0.15714378101287094,-0.19250202198797847,0.03559255019714171,0.08549887676925344,0.7246746798367807,0.7011031986140263
-0.19141137866191338,0.6106213827974715,0.34341791732070936,-0.5090038784983656,-0.25022508343653194,-0.606691691845491,-0.9548905081551122,-0.07152161825427683,-0.18699560228830392,-0.5924109721775218,0.20257018096028123,-0.9654119228257313,0.08549887676925344,0.2379718253830516,0.9514971981190357
-0.20659198903328455,1.8451044152818088,0.2384380746573705,-0.5179881059307273,1.434784883121723,-0.28258610201368517,-0.4067687208327123,-0.07152161825427683,0.25388299621995974,0.27812341015177994,0.20257018096028123,0.1260701194300788,0.08549887676925344,-0.03241864931346453,1.251969997525047
-0.2899002166810531,-1.1409807605200954,0.2880649093709489,-0.5058789298262397,0.9497062563852547,1.337941847145344,1.4203039035752874,0.8469665319585392,-0.18699560228830392,-0.15714378101287094,-0.19250202198797847,-0.7054938746681985,0.08549887676925344,-1.4384491177353484,0.7011031986140263
-0.29027047547059875,-0.24959823593942765,0.8497070676198127,0.6726173381492043,1.000767164462779,0.5816954708711304,0.14135306648968757,0.8469665319585392,0.25388299621995974,-0.15714378101287094,0.597642383908541,0.006770415145578656,0.08549887676925344,0.021659445625838693,1.0516547979210396
-0.2528743377264893,0.6106213827974715,0.34341791732070936,-0.5090038784983656,-0.25022508343653194,-0.8227620850666949,-0.4067687208327123,-0.9900097684670929,-0.4074349015424357,-0.5924109721775218,-0.19250202198797847,-0.7054938746681985,1.3675043809518026,-0.3568872189492839,-0.6510243987130244
-0.27694115904695576,-0.24959823593942765,0.8497070676198127,0.6726173381492043,1.000767164462779,0.5816954708711304,0.14135306648968757,0.8469665319585392,0.25388299621995974,-0.15714378101287094,0.597642383908541,0.006770415145578656,0.08549887676925344,1.265455629229813,1.0516547979210396
0.02222794290591978,0.6106213827974715,0.34341791732070936,-0.5090038784983656,-0.25022508343653194,-0.28258610201368517,-0.4067687208327123,-0.07152161825427683,-1.0687527993048311,-1.0276781633421728,-0.9826464278844979,-0.48522247572823496,1.3675043809518026,1.6980803887442388,-1.0015759980200376
-0.2750898650992276,-1.1104349419207578,-1.1601797382801151,-0.08713580776138195,-0.9395473424830896,1.337941847145344,1.4203039035752874,0.8469665319585392,0.25388299621995974,0.7133906013164308,-0.19250202198797847,-0.7054938746681985,0.08549887676925344,-0.3568872189492839,-0.4507091991090169
-0.1292079020182462,1.2789268685163104,-1.1568394705590088,0.6796484726614873,0.38803626753250386,-0.17455090540308324,0.14135306648968757,-0.43891687833940324,0.6947615947282234,0.7133906013164308,0.597642383908541,-0.48522247572823496,-1.1965066274132958,1.6980803887442388,-0.10015759980200376
-0.26990624204558866,-1.1270962975203966,0.32289912989105674,-0.49181666080167363,1.2305412508116313,0.7977658640923343,0.5067675913712875,0.8469665319585392,1.135640193236487,0.7133906013164308,1.3877867898050604,-0.8727562352098543,1.3675043809518026,0.12981563550444514,-0.35055159930701313
-0.2284372576164772,1.2789268685163104,-1.1568394705590088,0.6796484726614873,0.38803626753250386,-0.17455090540308324,0.14135306648968757,-0.43891687833940324,0.6947615947282234,0.7133906013164308,0.597642383908541,-0.20265138455711335,-1.1965066274132958,-1.330292927856742,-0.10015759980200376
-0.005171207520457437,0.6106213827974715,0.34341791732070936,-0.5090038784983656,-0.25022508343653194,-0.8227620850666949,-0.4067687208327123,-0.9900097684670929,0.25388299621995974,-0.15714378101287094,0.597642383908541,-0.45330937043211694,1.3675043809518026,1.1032213444119032,0.2003151996040075
-0.10551133948732536,1.2789268685163104,-1.1568394705590088,0.6796484726614873,0.38803626753250386,-0.8227620850666949,-0.4067687208327123,-0.9900097684670929,-1.0687527993048311,-1.0276781633421728,-0.9826464278844979,-0.07416729677918882,1.3675043809518026,-0.46504340882789036,1.1518123977230432
-0.008873795415913818,0.6106213827974715,0.34341791732070936,-0.5090038784983656,-0.25022508343653194,-0.8227620850666949,-0.4067687208327123,-0.9900097684670929,-0.4074349015424357,-1.0276781633421728,0.20257018096028123,0.03559255019714171,1.3675043809518026,0.7246746798367807,0.851339598317032
-0.1303186783868831,1.2789268685163104,-1.1568394705590088,0.6796484726614873,0.38803626753250386,-0.17455090540308324,0.14135306648968757,-0.43891687833940324,0.6947615947282234,0.7133906013164308,0.597642383908541,0.03559255019714171,-1.1965066274132958,-0.5731995987064968,-0.10015759980200376
-0.15660705244462342,0.6106213827974715,0.34341791732070936,-0.5090038784983656,-0.25022508343653194,-0.714726888456093,-0.0413541959511124,-1.173707398509656,0.6947615947282234,0.7133906013164308,0.597642383908541,-0.48522247572823496,1.3675043809518026,0.9409870595939935,1.5524427969310584
-0.21510794119283422,1.2789268685163104,-1.1568394705590088,0.6796484726614873,0.38803626753250386,0.36562507764992647,1.2375966411344874,-0.6226145083819664,1.3560794924906188,0.7133906013164308,1.78285899275332,0.1260701194300788,1.3675043809518026,0.8328308697153871,0.05007879990100188
-0.03479191068410848,-1.1693667737639242,-0.6710691076895581,-0.11330725289043549,-1.475686877297082,-0.8227620850666949,-0.4067687208327123,-0.9900097684670929,-1.0687527993048311,-1.0276781633421728,-0.9826464278844979,-0.18044357397591915,1.3675043809518026,-1.0058243582209225,-1.3020487974260488
-0.07181778963867229,-1.1693667737639242,-0.6710691076895581,-0.11330725289043549,-1.475686877297082,-0.8227620850666949,-0.4067687208327123,-0.9900097684670929,-1.0687527993048311,-1.0276781633421728,-0.9826464278844979,-1.053108353035776,1.3675043809518026,0.4542842051402645,-1.3020487974260488
-0.07626089511321994,0.6106213827974715,0.34341791732070936,-0.5090038784983656,-0.25022508343653194,0.25758988103932456,0.5067675913712875,-0.07152161825427683,-0.4074349015424357,-1.0276781633421728,0.20257018096028123,0.006770415145578656,0.08549887676925344,-0.14057483919207098,-0.7011031986140263
0.4983807462616104,1.8451044152818088,0.2384380746573705,-0.5179881059307273,1.434784883121723,1.554012240366548,1.7857184284568872,0.8469665319585392,-2.391388594829622,-2.7687469280007764,-1.7727908337810172,0.481837613057126,1.3675043809518026,1.2113775342905098,1.4022063972280525
-0.2802734881528665,0.6106213827974715,0.34341791732070936,-0.5090038784983656,-0.25022508343653194,-2.659360427446928,-1.6857195579183122,-2.826986068892725,0.47432229547409155,0.7133906013164308,0.20257018096028123,1.3358760999740618,-1.1965066274132958,-0.843590073403013,0.7511819985150282
-0.06885571932230719,0.6106213827974715,0.34341791732070936,-0.5090038784983656,-0.25022508343653194,-0.606691691845491,-0.9548905081551122,-0.07152161825427683,-0.18699560228830392,-0.5924109721775218,0.20257018096028123,-0.18044357397591915,0.08549887676925344,-1.0058243582209225,0.9514971981190357
-0.24732045588330473,-1.1104349419207578,-1.1601797382801151,-0.08713580776138195,-0.9395473424830896,0.25758988103932456,0.5067675913712875,-0.07152161825427683,-0.18699560228830392,-0.15714378101287094,-0.19250202198797847,-0.48522247572823496,-1.1965066274132958,0.9409870595939935,-0.5007879990100188
-0.2936028045765095,0.6106213827974715,0.34341791732070936,-0.5090038784983656,-0.25022508343653194,-1.2549028715091026,-0.4067687208327123,-1.7248002886373457,-0.49561062124408845,0.3651768483847101,-1.2196897496534538,-0.18044357397591915,0.08549887676925344,0.6165184899581742,-1.2018911976240452
-0.17178766281599456,-0.5538222474439407,1.2514935563585923,-0.5304879006192306,1.996454871974474,0.7977658640923343,0.5067675913712875,0.8469665319585392,-3.2731457918461495,-3.204014119165427,-2.9580074426257963,-0.7539631269986905,0.08549887676925344,1.319533724169116,0.6009455988120226
-0.25731744320103694,0.6106213827974715,0.34341791732070936,-0.5090038784983656,-0.25022508343653194,0.7977658640923343,0.5067675913712875,0.8469665319585392,1.5765187917447507,1.5839249836457325,1.3877867898050604,0.481837613057126,-1.1965066274132958,1.2113775342905098,0.10015759980200376
-0.18807904955600266,-1.1693667737639242,-0.6710691076895581,-0.11330725289043549,-1.475686877297082,1.337941847145344,1.4203039035752874,0.8469665319585392,0.6947615947282234,0.7133906013164308,0.597642383908541,2.994129652669048,0.08549887676925344,1.5899241988656323,-0.15023639970300565
1.276294463096996,1.8451044152818088,0.2384380746573705,-0.5179881059307273,1.434784883121723,-0.28258610201368517,-0.4067687208327123,-0.07152161825427683,0.25388299621995974,0.27812341015177994,0.20257018096028123,-0.48522247572823496,0.08549887676925344,0.9409870595939935,1.251969997525047
-0.21362690603465168,-0.22886971441058448,0.5783211603049987,0.5987549149898665,0.31144490541621894,-0.8227620850666949,-1.320305033036712,-0.07152161825427683,0.6947615947282234,0.27812341015177994,0.9927145868568007,-0.07416729677918882,-1.1965066274132958,1.0491432494726,0.15023639970300565
-0.13624281901961333,-1.1104349419207578,-1.1601797382801151,-0.08713580776138195,-0.9395473424830896,0.25758988103932456,0.5067675913712875,-0.07152161825427683,-0.18699560228830392,-0.15714378101287094,-0.19250202198797847,2.406388753687064,-1.1965066274132958,-1.113980548099529,-0.5007879990100188
-0.2917515106287813,-1.1693667737639242,-0.6710691076895581,-0.11330725289043549,-1.475686877297082,1.337941847145344,1.4203039035752874,0.8469665319585392,0.6947615947282234,0.7133906013164308,0.597642383908541,-0.48522247572823496,0.08549887676925344,0.9409870595939935,-0.15023639970300565
-0.16179067549826234,0.6106213827974715,0.34341791732070936,-0.5090038784983656,-0.25022508343653194,-0.8227620850666949,-0.4067687208327123,-0.9900097684670929,0.25388299621995974,-0.15714378101287094,0.597642383908541,-0.7054938746681985,1.3675043809518026,-1.4384491177353484,0.2003151996040075
-0.18141439134418116,-0.24959823593942765,0.8497070676198127,0.6726173381492043,1.000767164462779,0.25758988103932456,0.5067675913712875,-0.07152161825427683,-0.18699560228830392,-0.15714378101287094,-0.19250202198797847,0.03559255019714171,-1.1965066274132958,-0.5731995987064968,-0.400630399208015
0.071102103125944,0.6106213827974715,0.34341791732070936,-0.5090038784983656,-0.25022508343653194,-1.6870436579515105,-1.320305033036712,-1.5411026585947825,1.135640193236487,1.1486577924810817,0.9927145868568007,0.481837613057126,0.08549887676925344,1.2113775342905098,1.2018911976240452
0.20476552615191934,0.6106213827974715,0.34341791732070936,-0.5090038784983656,-0.25022508343653194,-0.714726888456093,-0.0413541959511124,-1.173707398509656,0.6947615947282234,0.7133906013164308,0.597642383908541,0.5534877303040735,1.3675043809518026,0.9950651545332968,1.5524427969310584
-0.06256131990003135,1.8451044152818088,0.2384380746573705,-0.5179881059307273,1.434784883121723,1.554012240366548,1.7857184284568872,0.8469665319585392,-2.391388594829622,-2.7687469280007764,-1.7727908337810172,0.006770415145578656,1.3675043809518026,-0.14057483919207098,1.4022063972280525
-0.2899002166810531,-1.1693667737639242,-0.6710691076895581,-0.11330725289043549,-1.475686877297082,1.337941847145344,1.4203039035752874,0.8469665319585392,0.6947615947282234,0.7133906013164308,0.597642383908541,-0.9654119228257313,0.08549887676925344,-1.1680586430388322,-0.15023639970300565
-0.16586352218326436,-1.1693667737639242,-0.6710691076895581,-0.11330725289043549,-1.475686877297082,1.8781178301983537,1.4203039035752874,1.7654546821713553,-0.6278742007965675,-0.15714378101287094,-0.9826464278844979,0.5534877303040735,-1.1965066274132958,0.9950651545332968,1.60252159683206
-0.12624583170188108,0.6106213827974715,0.34341791732070936,-0.5090038784983656,-0.25022508343653194,-2.659360427446928,-1.6857195579183122,-2.826986068892725,0.47432229547409155,0.7133906013164308,0.20257018096028123,-0.45330937043211694,-1.1965066274132958,1.1032213444119032,0.7511819985150282
0.00889862648227681,0.6303681746192655,0.2680233030443114,0.2800456612134002,0.9752367104240179,1.337941847145344,0.5067675913712875,1.7654546821713553,0.25388299621995974,-0.15714378101287094,0.597642383908541,0.1260701194300788,-1.1965066274132958,-1.059902453160226,-0.05007879990100188
-0.16253119307735361,0.6106213827974715,0.34341791732070936,-0.5090038784983656,-0.25022508343653194,0.25758988103932456,0.14135306648968757,0.2958736418308496,0.6947615947282234,0.27812341015177994,0.9927145868568007,-0.07416729677918882,1.3675043809518026,-1.546605307613955,-0.851339598317032
-0.269535983256043,0.6106213827974715,0.34341791732070936,-0.5090038784983656,-0.25022508343653194,-0.714726888456093,-0.5894759832735124,-0.6226145083819664,-1.0687527993048311,-1.0276781633421728,-0.9826464278844979,1.253919396708919,1.3675043809518026,-1.2221367379781356,0.4507091991090169
-0.16845533371008384,0.6106213827974715,0.34341791732070936,-0.5090038784983656,-0.25022508343653194,-0.606691691845491,-0.9548905081551122,-0.07152161825427683,-0.18699560228830392,-0.5924109721775218,0.20257018096028123,0.006770415145578656,0.08549887676925344,0.7787527747760838,0.9514971981190357
-0.25694718441149134,-1.2094774446519432,1.2939626745269432,-0.5238473846909631,1.4858457911992449,-1.9031140511727145,-1.320305033036712,-1.908497918679909,1.5765187917447507,1.1486577924810817,1.78285899275332,-0.48522247572823496,0.08549887676925344,-0.9517462632816194,0.35055159930701313
-0.21621871756147115,1.2789268685163104,-1.1568394705590088,0.6796484726614873,0.38803626753250386,0.5816954708711304,0.14135306648968757,0.8469665319585392,0.25388299621995974,0.7133906013164308,-0.19250202198797847,2.406388753687064,0.08549887676925344,-1.113980548099529,-0.9514971981190357
-0.2899002166810531,-0.551662442088432,1.2667633516550785,1.8397856671881925,2.532594406788464,0.7977658640923343,0.5067675913712875,0.8469665319585392,-3.2731457918461495,-3.204014119165427,-2.9580074426257963,0.006770415145578656,0.08549887676925344,0.021659445625838693,-0.5508667989110206
-0.18622775560827445,-1.1844854112524852,-1.1783126201946919,-0.8910288536657452,1.7156198775480973,-1.3629380681197047,-1.320305033036712,-0.9900097684670929,0.47432229547409155,1.1486577924810817,-0.19250202198797847,-0.66451343385658,1.3675043809518026,-0.24873102907067746,0.3004727994060113
-0.28434633483786853,-1.1490028946976991,1.2639002650369873,-0.48947294929757934,-1.4246259692195578,0.9058010607029362,1.6030111660160873,-0.07152161825427683,-3.2731457918461495,-2.7687469280007764,-3.353079645574056,2.994129652669048,0.08549887676925344,0.29204992032235483,-1.702679196634064
-0.09847642248595823,0.6106213827974715,0.34341791732070936,-0.5090038784983656,-0.25022508343653194,-0.8227620850666949,-0.4067687208327123,-0.9900097684670929,-0.4074349015424357,-0.5924109721775218,-0.19250202198797847,0.006770415145578656,1.3675043809518026,0.021659445625838693,-0.6510243987130244
-0.1040303043291428,0.6106213827974715,0.34341791732070936,-0.5090038784983656,-0.25022508343653194,-0.8227620850666949,-0.4067687208327123,-0.9900097684670929,0.25388299621995974,-0.15714378101287094,0.597642383908541,-1.053108353035776,1.3675043809518026,0.6705965848974774,0.2003151996040075
-0.2743493475201363,-1.1104349419207578,-1.1601797382801151,-0.08713580776138195,-0.9395473424830896,1.337941847145344,1.4203039035752874,0.8469665319585392,0.6947615947282234,0.7133906013164308,0.597642383908541,-0.7054938746681985,0.08549887676925344,-0.3568872189492839,-1.4522851971290545
-0.24620967951466782,-1.1409807605200954,0.2880649093709489,-0.5058789298262397,0.9497062563852547,1.337941847145344,1.4203039035752874,0.8469665319585392,-0.18699560228830392,-0.15714378101287094,-0.19250202198797847,-0.8727562352098543,0.08549887676925344,0.12981563550444514,0.7011031986140263
-0.028497511261832635,0.6106213827974715,0.34341791732070936,-0.5090038784983656,-0.25022508343653194,-1.4709732647303067,-1.320305033036712,-1.173707398509656,0.25388299621995974,0.7133906013164308,-0.19250202198797847,0.03559255019714171,0.08549887676925344,1.4276899140477226,-1.251969997525047
-0.2824950408901404,-1.1104349419207578,-1.1601797382801151,-0.08713580776138195,-0.9395473424830896,1.337941847145344,1.4203039035752874,0.8469665319585392,0.25388299621995974,0.7133906013164308,-0.19250202198797847,0.11588619232781792,0.08549887676925344,-1.4925272126746516,-0.4507091991090169
-0.25435537288467186,-1.1844854112524852,-1.1783126201946919,-0.8910288536657452,1.7156198775480973,0.7977658640923343,1.4203039035752874,-0.07152161825427683,0.6947615947282234,0.7133906013164308,0.597642383908541,2.994129652669048,-1.1965066274132958,1.5358461039263291,-0.2003151996040075
-0.00850353662636818,1.2789268685163104,-1.1568394705590088,0.6796484726614873,0.38803626753250386,-0.17455090540308324,0.14135306648968757,-0.43891687833940324,0.6947615947282234,0.7133906013164308,0.597642383908541,0.481837613057126,-1.1965066274132958,1.2113775342905098,-0.10015759980200376
-0.1828954265023637,-0.24959823593942765,0.8497070676198127,0.6726173381492043,1.000767164462779,0.25758988103932456,0.5067675913712875,-0.07152161825427683,-0.18699560228830392,-0.15714378101287094,-0.19250202198797847,2.406388753687064,-1.1965066274132958,-1.113980548099529,-0.400630399208015
-0.24769071467285037,-1.148385807453268,1.254833824079699,-0.4988477953139567,-1.5267477853746036,0.25758988103932456,0.5067675913712875,-0.07152161825427683,0.033443696965827906,0.27812341015177994,-0.19250202198797847,0.03559255019714171,0.08549887676925344,0.7246746798367807,-1.5524427969310584
-0.22806699882693154,1.2789268685163104,-1.1568394705590088,0.6796484726614873,0.38803626753250386,0.5816954708711304,0.14135306648968757,0.8469665319585392,0.25388299621995974,0.7133906013164308,-0.19250202198797847,2.994129652669048,0.08549887676925344,1.5358461039263291,-0.9514971981190357
-0.10514108069777972,1.2789268685163104,-1.1568394705590088,0.6796484726614873,0.38803626753250386,-0.17455090540308324,0.14135306648968757,-0.43891687833940324,0.6947615947282234,0.7133906013164308,0.597642383908541,-1.053108353035776,-1.1965066274132958,0.8869089646546904,-0.10015759980200376
-0.1495721354432563,-1.1693667737639242,-0.6710691076895581,-0.11330725289043549,-1.475686877297082,-0.8227620850666949,-0.4067687208327123,-0.9900097684670929,-1.0687527993048311,-1.0276781633421728,-0.9826464278844979,2.994129652669048,1.3675043809518026,0.29204992032235483,-1.3020487974260488
-0.20362991871691943,0.6106213827974715,0.34341791732070936,-0.5090038784983656,-0.25022508343653194,0.25758988103932456,0.14135306648968757,0.2958736418308496,0.6947615947282234,0.27812341015177994,0.9927145868568007,-0.07416729677918882,1.3675043809518026,-1.546605307613955,-0.80126079841603
-0.16660403976235563,-1.1104349419207578,-1.1601797382801151,-0.08713580776138195,-0.9395473424830896,1.337941847145344,1.4203039035752874,0.8469665319585392,0.6947615947282234,0.7133906013164308,0.597642383908541,-0.45330937043211694,0.08549887676925344,1.3736118191084195,-1.4522851971290545
0.03296544780274328,-1.1693667737639242,-0.6710691076895581,-0.11330725289043549,-1.475686877297082,1.6620474369771499,1.7857184284568872,1.0306641620011023,-0.18699560228830392,0.7133906013164308,-0.9826464278844979,-0.7054938746681985,-1.1965066274132958,-0.3568872189492839,0.5508667989110206
-0.04849148589729709,-1.1693667737639242,-0.6710691076895581,-0.11330725289043549,-1.475686877297082,2.3102586166407617,0.8721821162528874,3.051338092469298,0.9152008939823552,1.1486577924810817,0.597642383908541,-0.45330937043211694,-1.1965066274132958,-0.8976681683423162,-0.2503939995050094
0.04000036480411041,0.6106213827974715,0.34341791732070936,-0.5090038784983656,-0.25022508343653194,-0.28258610201368517,-0.4067687208327123,-0.07152161825427683,-1.0687527993048311,-1.0276781633421728,-0.9826464278844979,-0.9654119228257313,1.3675043809518026,-0.08649674425276777,-1.0015759980200376
-0.04145656889592997,0.6106213827974715,0.34341791732070936,-0.5090038784983656,-0.25022508343653194,-0.606691691845491,-0.9548905081551122,-0.07152161825427683,-0.18699560228830392,-0.5924109721775218,0.20257018096028123,-1.053108353035776,0.08549887676925344,1.1572994393512064,1.1017335978220413
0.4750544425202352,1.3039189019157686,1.945314880142661,0.6730079567332199,-0.9395473424830896,0.25758988103932456,-0.4067687208327123,0.8469665319585392,0.6947615947282234,0.27812341015177994,0.9927145868568007,-0.66451343385658,1.3675043809518026,-1.7088395924318647,-1.60252159683206
-0.17919283860690732,-1.1844854112524852,-1.1783126201946919,-0.8910288536657452,1.7156198775480973,-1.3629380681197047,-1.320305033036712,-0.9900097684670929,0.47432229547409155,1.1486577924810817,-0.19250202198797847,-0.18044357397591915,1.3675043809518026,0.18389373044374838,0.3004727994060113
-0.2936028045765095,-0.551662442088432,1.2667633516550785,1.8397856671881925,2.532594406788464,0.7977658640923343,0.5067675913712875,0.8469665319585392,-3.2731457918461495,-3.204014119165427,-2.9580074426257963,2.994129652669048,0.08549887676925344,0.29204992032235483,-0.5508667989110206
-0.2199213054569275,-0.24959823593942765,0.8497070676198127,0.6726173381492043,1.000767164462779,1.337941847145344,1.4203039035752874,0.8469665319585392,0.6947615947282234,0.7133906013164308,0.597642383908541,1.253919396708919,-1.1965066274132958,-1.2221367379781356,1.3020487974260488
-0.27175753599331687,-1.1104349419207578,-1.1601797382801151,-0.08713580776138195,-0.9395473424830896,-0.714726888456093,-2.051134082799912,0.8469665319585392,0.033443696965827906,0.27812341015177994,-0.19250202198797847,0.03559255019714171,-1.1965066274132958,-0.5731995987064968,-0.7511819985150282
-0.17437947434281403,1.2789268685163104,-1.1568394705590088,0.6796484726614873,0.38803626753250386,0.5816954708711304,0.14135306648968757,0.8469665319585392,0.25388299621995974,0.7133906013164308,-0.19250202198797847,0.006770415145578656,0.08549887676925344,-0.14057483919207098,-0.9514971981190357
0.0340762241713802,0.6106213827974715,0.34341791732070936,-0.5090038784983656,-0.25022508343653194,-1.6870436579515105,-1.320305033036712,-1.5411026585947825,1.135640193236487,1.1486577924810817,0.9927145868568007,-0.48522247572823496,0.08549887676925344,1.6980803887442388,1.2018911976240452
4.1095147207002185,1.8451044152818088,0.2384380746573705,-0.5179881059307273,1.434784883121723,-0.28258610201368517,-0.4067687208327123,-0.07152161825427683,0.25388299621995974,0.27812341015177994,0.20257018096028123,-0.9654119228257313,0.08549887676925344,0.2379718253830516,1.251969997525047
-0.030719063999106466,-1.1270962975203966,0.32289912989105674,-0.49181666080167363,1.2305412508116313,0.7977658640923343,0.5067675913712875,0.8469665319585392,1.135640193236487,0.7133906013164308,1.3877867898050604,-0.8727562352098543,1.3675043809518026,-0.41096531388858715,-0.35055159930701313
0.26030434458376506,-1.148385807453268,1.254833824079699,-0.4988477953139567,-1.5267477853746036,0.25758988103932456,0.5067675913712875,-0.07152161825427683,0.033443696965827906,0.27812341015177994,-0.19250202198797847,1.253919396708919,0.08549887676925344,-1.2221367379781356,-1.5524427969310584
1.0097081346241366,0.6106213827974715,0.34341791732070936,-0.5090038784983656,-0.25022508343653194,-0.8227620850666949,-0.4067687208327123,-0.9900097684670929,-0.4074349015424357,-1.0276781633421728,0.20257018096028123,-0.48522247572823496,1.3675043809518026,0.9409870595939935,0.851339598317032
-0.29286228699741823,-0.551662442088432,1.2667633516550785,1.8397856671881925,2.532594406788464,0.7977658640923343,0.5067675913712875,0.8469665319585392,-3.2731457918461495,-3.204014119165427,-2.9580074426257963,-0.5008826302442834,0.08549887676925344,1.6440022938049355,-0.5508667989110206
-0.27471960630968195,-1.1693667737639242,-0.6710691076895581,-0.11330725289043549,-1.475686877297082,0.25758988103932456,0.5067675913712875,-0.07152161825427683,-0.18699560228830392,-0.15714378101287094,-0.19250202198797847,-0.45330937043211694,-1.1965066274132958,-0.6813557885851033,-1.7527579965350657
0.04111114117274732,0.6106213827974715,0.34341791732070936,-0.5090038784983656,-0.25022508343653194,-0.28258610201368517,-0.4067687208327123,-0.07152161825427683,-1.0687527993048311,-1.0276781633421728,-0.9826464278844979,-0.45330937043211694,1.3675043809518026,-0.6813557885851033,-1.0015759980200376
-0.1973355192946436,0.6106213827974715,0.34341791732070936,-0.5090038784983656,-0.25022508343653194,-0.8227620850666949,-0.4067687208327123,-0.9900097684670929,0.25388299621995974,-0.15714378101287094,0.597642383908541,-0.45330937043211694,1.3675043809518026,-0.8976681683423162,0.2003151996040075
0.819024858008133,-0.24959823593942765,0.8497070676198127,0.6726173381492043,1.000767164462779,1.1218714539241401,1.0548893786936875,0.8469665319585392,-0.4074349015424357,0.27812341015177994,-0.9826464278844979,-0.07416729677918882,-1.1965066274132958,-0.46504340882789036,-0.3004727994060113
-0.14994239423280192,-0.5538222474439407,1.2514935563585923,-0.5304879006192306,1.996454871974474,0.7977658640923343,0.5067675913712875,0.8469665319585392,-3.2731457918461495,-3.204014119165427,-2.9580074426257963,-0.45330937043211694,0.08549887676925344,-0.6813557885851033,0.6009455988120226
5.717178384907379,1.8451044152818088,0.2384380746573705,-0.5179881059307273,1.434784883121723,-0.28258610201368517,-0.4067687208327123,-0.07152161825427683,0.25388299621995974,0.27812341015177994,0.20257018096028123,-0.3650833393028946,0.08549887676925344,0.07573754056514193,1.251969997525047
-0.26398210141285844,-1.1844854112524852,-1.1783126201946919,-0.8910288536657452,1.7156198775480973,0.7977658640923343,0.5067675913712875,0.8469665319585392,1.135640193236487,0.7133906013164308,1.3877867898050604,-0.8727562352098543,-1.1965066274132958,-0.5191215037671936,0.5007879990100188
-0.18104413255463553,0.6106213827974715,0.34341791732070936,-0.5090038784983656,-0.25022508343653194,0.6897306674817323,0.5067675913712875,0.663268901915976,0.033443696965827906,0.27812341015177994,-0.19250202198797847,-0.7054938746681985,-1.1965066274132958,1.4817680089870258,0.400630399208015
-0.11513806801551195,-1.1844854112524852,-1.1783126201946919,-0.8910288536657452,1.7156198775480973,-1.3629380681197047,-1.320305033036712,-0.9900097684670929,0.47432229547409155,1.1486577924810817,-0.19250202198797847,-1.053108353035776,1.3675043809518026,0.4542842051402645,0.3004727994060113
-0.21844027029874497,-1.1693667737639242,-0.6710691076895581,-0.11330725289043549,-1.475686877297082,0.25758988103932456,0.5067675913712875,-0.07152161825427683,-0.18699560228830392,-0.15714378101287094,-0.19250202198797847,-0.8727562352098543,-1.1965066274132958,-0.5191215037671936,-1.7527579965350657
4.918900434646983,-1.2094774446519432,1.2939626745269432,-0.5238473846909631,1.4858457911992449,-1.9031140511727145,-1.320305033036712,-1.908497918679909,1.5765187917447507,1.1486577924810817,1.78285899275332,-0.9654119228257313,0.08549887676925344,0.2379718253830516,0.35055159930701313
-0.2236238933523839,-0.24959823593942765,0.8497070676198127,0.6726173381492043,1.000767164462779,1.337941847145344,1.4203039035752874,0.8469665319585392,0.6947615947282234,0.7133906013164308,0.597642383908541,0.1260701194300788,-1.1965066274132958,-1.059902453160226,1.3020487974260488
-0.1506829118118932,-1.1104349419207578,-1.1601797382801151,-0.08713580776138195,-0.9395473424830896,1.337941847145344,1.4203039035752874,0.8469665319585392,0.6947615947282234,0.7133906013164308,0.597642383908541,0.006770415145578656,0.08549887676925344,0.7787527747760838,-1.4522851971290545
0.011120179219550637,0.6106213827974715,0.34341791732070936,-0.5090038784983656,-0.25022508343653194,-0.606691691845491,-0.9548905081551122,-0.07152161825427683,-0.18699560228830392,-0.5924109721775218,0.20257018096028123,1.253919396708919,0.08549887676925344,-1.2221367379781356,1.1017335978220413
-0.1469803239164368,0.6106213827974715,0.34341791732070936,-0.5090038784983656,-0.25022508343653194,-0.714726888456093,-0.0413541959511124,-1.173707398509656,0.6947615947282234,0.7133906013164308,0.597642383908541,-1.053108353035776,1.3675043809518026,0.8869089646546904,1.5524427969310584
-0.2887894403124162,0.6106213827974715,0.34341791732070936,-0.5090038784983656,-0.25022508343653194,-0.8227620850666949,-0.4067687208327123,-0.9900097684670929,-0.4074349015424357,-0.5924109721775218,-0.19250202198797847,1.3358760999740618,1.3675043809518026,-0.843590073403013,-0.6510243987130244
-0.187708790766457,-1.1693667737639242,-0.6710691076895581,-0.11330725289043549,-1.475686877297082,0.25758988103932456,0.5067675913712875,-0.07152161825427683,-0.18699560228830392,-0.15714378101287094,-0.19250202198797847,0.03559255019714171,-1.1965066274132958,0.7246746798367807,1.7527579965350657
-0.2458394207251222,-1.0734097072548943,4.356033812575339,6.534630428473198,-0.8118950722892828,0.25758988103932456,0.5067675913712875,-0.07152161825427683,-0.18699560228830392,-0.5924109721775218,0.20257018096028123,-1.053108353035776,0.08549887676925344,0.4542842051402645,-1.4022063972280525
-0.06256131990003135,-1.1104349419207578,-1.1601797382801151,-0.08713580776138195,-0.9395473424830896,-0.714726888456093,-2.051134082799912,0.8469665319585392,0.033443696965827906,0.27812341015177994,-0.19250202198797847,0.1260701194300788,-1.1965066274132958,0.8328308697153871,-0.7511819985150282
-0.282865299679686,0.6106213827974715,0.34341791732070936,-0.5090038784983656,-0.25022508343653194,0.7977658640923343,0.5067675913712875,0.8469665319585392,1.5765187917447507,1.5839249836457325,1.3877867898050604,-0.7539631269986905,-1.1965066274132958,1.319533724169116,0.10015759980200376
-0.144758771179163,0.6106213827974715,0.34341791732070936,-0.5090038784983656,-0.25022508343653194,-0.606691691845491,-0.9548905081551122,-0.07152161825427683,-0.18699560228830392,-0.5924109721775218,0.20257018096028123,-0.45330937043211694,0.08549887676925344,-0.6813557885851033,1.1017335978220413
-0.10773289222459918,-1.1693667737639242,-0.6710691076895581,-0.11330725289043549,-1.475686877297082,-0.8227620850666949,-0.4067687208327123,-0.9900097684670929,-1.0687527993048311,-1.0276781633421728,-0.9826464278844979,0.5534877303040735,1.3675043809518026,-1.6006834025532581,-1.3020487974260488
0.2925168592742356,1.3039189019157686,1.945314880142661,0.6730079567332199,-0.9395473424830896,0.25758988103932456,-0.4067687208327123,0.8469665319585392,0.6947615947282234,0.27812341015177994,0.9927145868568007,-0.3650833393028946,1.3675043809518026,0.07573754056514193,-1.60252159683206
-0.226585963668749,-1.1104349419207578,-1.1601797382801151,-0.08713580776138195,-0.9395473424830896,0.25758988103932456,0.5067675913712875,-0.07152161825427683,-0.18699560228830392,-0.15714378101287094,-0.19250202198797847,2.994129652669048,-1.1965066274132958,1.5358461039263291,-0.5007879990100188
-0.21510794119283422,-1.148385807453268,1.254833824079699,-0.4988477953139567,-1.5267477853746036,0.25758988103932456,0.5067675913712875,-0.07152161825427683,0.033443696965827906,0.27812341015177994,-0.19250202198797847,-0.5008826302442834,0.08549887676925344,1.6440022938049355,-1.5524427969310584
-0.2821247821005947,0.6106213827974715,0.34341791732070936,-0.5090038784983656,-0.25022508343653194,0.7977658640923343,0.5067675913712875,0.8469665319585392,1.5765187917447507,1.5839249836457325,1.3877867898050604,2.994129652669048,-1.1965066274132958,1.5358461039263291,0.10015759980200376
-0.2236238933523839,-1.1693667737639242,-0.6710691076895581,-0.11330725289043549,-1.475686877297082,2.3102586166407617,0.8721821162528874,3.051338092469298,0.9152008939823552,1.1486577924810817,0.597642383908541,-0.3650833393028946,-1.1965066274132958,0.07573754056514193,-0.2503939995050094
0.5154126505807097,-1.1693667737639242,-0.6710691076895581,-0.11330725289043549,-1.475686877297082,-0.8227620850666949,-0.4067687208327123,-0.9900097684670929,-1.0687527993048311,-1.0276781633421728,-0.9826464278844979,1.253919396708919,1.3675043809518026,-1.2221367379781356,-1.3020487974260488
-0.2865678875751424,1.8451044152818088,0.2384380746573705,-0.5179881059307273,1.434784883121723,1.554012240366548,1.7857184284568872,0.8469665319585392,-2.391388594829622,-2.7687469280007764,-1.7727908337810172,1.253919396708919,1.3675043809518026,-1.2221367379781356,1.4022063972280525
-0.28804892273332494,-1.1104349419207578,-1.1601797382801151,-0.08713580776138195,-0.9395473424830896,-0.8227620850666949,-0.4067687208327123,-0.9900097684670929,-1.0687527993048311,-1.0276781633421728,-0.9826464278844979,-0.9654119228257313,1.3675043809518026,-0.08649674425276777,0.9014183982180338
0.04444347027865807,0.6106213827974715,0.34341791732070936,-0.5090038784983656,-0.25022508343653194,-0.606691691845491,-0.9548905081551122,-0.07152161825427683,-0.18699560228830392,-0.5924109721775218,0.20257018096028123,-0.5008826302442834,0.08549887676925344,1.6440022938049355,1.1017335978220413
2.415210499739379,0.6763411743293793,0.3023803424614041,0.27535823820521127,0.20932308926117313,-1.3089204698144037,-0.31541508961231235,-1.908497918679909,-1.5096313978130949,-1.8982125456714745,-0.9826464278844979,0.006770415145578656,1.3675043809518026,-0.7895119784637097,1.702679196634064
0.06591848007230507,0.6106213827974715,0.34341791732070936,-0.5090038784983656,-0.25022508343653194,-0.8227620850666949,-0.4067687208327123,-0.9900097684670929,-0.4074349015424357,-1.0276781633421728,0.20257018096028123,-0.7539631269986905,1.3675043809518026,1.319533724169116,0.851339598317032
0.08443141954958698,-1.1844854112524852,-1.1783126201946919,-0.8910288536657452,1.7156198775480973,0.7977658640923343,0.5067675913712875,0.8469665319585392,1.135640193236487,0.7133906013164308,1.3877867898050604,1.253919396708919,-1.1965066274132958,-1.6547614974925613,0.5007879990100188
-0.28138426452150345,0.6106213827974715,0.34341791732070936,-0.5090038784983656,-0.25022508343653194,-0.0665157087924813,-0.4067687208327123,0.2958736418308496,-0.9805770796031784,-1.0276781633421728,-0.824617546705194,-0.48522247572823496,0.08549887676925344,-0.9517462632816194,0.80126079841603
1.2415533181495729e-05,0.6106213827974715,0.34341791732070936,-0.5090038784983656,-0.25022508343653194,-0.714726888456093,-0.0413541959511124,-1.173707398509656,0.6947615947282234,0.7133906013164308,0.597642383908541,-1.053108353035776,1.3675043809518026,0.6705965848974774,1.5524427969310584
-0.15105317060143883,-0.24959823593942765,0.8497070676198127,0.6726173381492043,1.000767164462779,1.1218714539241401,1.0548893786936875,0.8469665319585392,-0.4074349015424357,0.27812341015177994,-0.9826464278844979,-0.8727562352098543,-1.1965066274132958,0.5083623000795677,-0.3004727994060113
-0.12587557291233545,0.6106213827974715,0.34341791732070936,-0.5090038784983656,-0.25022508343653194,-0.8227620850666949,-0.4067687208327123,-0.9900097684670929,-0.4074349015424357,-0.5924109721775218,-0.19250202198797847,0.006770415145578656,1.3675043809518026,-0.14057483919207098,-0.6510243987130244
-0.24287735040875708,0.6106213827974715,0.34341791732070936,-0.5090038784983656,-0.25022508343653194,0.7977658640923343,0.5067675913712875,0.8469665319585392,1.5765187917447507,1.5839249836457325,1.3877867898050604,0.1260701194300788,-1.1965066274132958,-0.03241864931346453,0.10015759980200376
-0.2343613982492074,0.6106213827974715,0.34341791732070936,-0.5090038784983656,-0.25022508343653194,-1.2549028715091026,-0.4067687208327123,-1.7248002886373457,-0.49561062124408845,0.3651768483847101,-1.2196897496534538,0.03559255019714171,0.08549887676925344,1.4276899140477226,-1.2018911976240452
-0.24769071467285037,1.2789268685163104,-1.1568394705590088,0.6796484726614873,0.38803626753250386,0.25758988103932456,0.5067675913712875,-0.07152161825427683,0.033443696965827906,0.27812341015177994,-0.19250202198797847,-1.053108353035776,-1.1965066274132958,0.4542842051402645,0.0
-0.2554661492533088,0.6106213827974715,0.34341791732070936,-0.5090038784983656,-0.25022508343653194,-0.8227620850666949,-0.4067687208327123,-0.9900097684670929,-0.4074349015424357,-1.0276781633421728,0.20257018096028123,0.5534877303040735,1.3675043809518026,-1.6006834025532581,0.851339598317032
-0.29249202820787257,1.8451044152818088,0.2384380746573705,-0.5179881059307273,1.434784883121723,-1.3629380681197047,-0.4067687208327123,-1.908497918679909,-0.4074349015424357,0.27812341015177994,-0.9826464278844979,-0.18044357397591915,0.08549887676925344,0.34612801526165804,1.652600396733062
-0.1962247429260067,0.6106213827974715,0.34341791732070936,-0.5090038784983656,-0.25022508343653194,-0.606691691845491,-0.9548905081551122,-0.07152161825427683,-0.18699560228830392,-0.5924109721775218,0.20257018096028123,-0.20265138455711335,0.08549887676925344,-1.330292927856742,0.9514971981190357
0.41174018950793106,0.6106213827974715,0.34341791732070936,-0.5090038784983656,-0.25022508343653194,0.25758988103932456,0.14135306648968757,0.2958736418308496,0.6947615947282234,0.27812341015177994,0.9927145868568007,-0.5008826302442834,1.3675043809518026,1.6440022938049355,-0.851339598317032
-0.06330183747912262,0.6106213827974715,0.34341791732070936,-0.5090038784983656,-0.25022508343653194,0.25758988103932456,0.5067675913712875,-0.07152161825427683,-0.4074349015424357,-1.0276781633421728,0.20257018096028123,0.006770415145578656,0.08549887676925344,0.021659445625838693,-0.7011031986140263
0.010379661640459361,0.6106213827974715,0.34341791732070936,-0.5090038784983656,-0.25022508343653194,-1.6870436579515105,-1.320305033036712,-1.5411026585947825,1.135640193236487,1.1486577924810817,0.9927145868568007,2.406388753687064,0.08549887676925344,-1.113980548099529,1.2018911976240452
-0.23843424493420942,-1.0734097072548943,4.356033812575339,6.534630428473198,-0.8118950722892828,0.25758988103932456,0.5067675913712875,-0.07152161825427683,-0.18699560228830392,-0.5924109721775218,0.20257018096028123,-0.18044357397591915,0.08549887676925344,-0.7354338835244065,-1.4022063972280525
-0.09884668127550388,0.6106213827974715,0.34341791732070936,-0.5090038784983656,-0.25022508343653194,-0.8227620850666949,-0.4067687208327123,-0.9900097684670929,0.25388299621995974,-0.15714378101287094,0.597642383908541,1.3358760999740618,1.3675043809518026,-0.843590073403013,0.2003151996040075
-0.08440658848322398,-1.1270962975203966,0.32289912989105674,-0.49181666080167363,1.2305412508116313,0.7977658640923343,0.5067675913712875,0.8469665319585392,1.135640193236487,0.7133906013164308,1.3877867898050604,-0.18044357397591915,1.3675043809518026,0.6165184899581742,-0.35055159930701313
-0.08477684727276963,1.2789268685163104,-1.1568394705590088,0.6796484726614873,0.38803626753250386,-0.8227620850666949,-0.4067687208327123,-0.9900097684670929,-1.0687527993048311,-1.0276781633421728,-0.9826464278844979,-0.66451343385658,1.3675043809518026,-1.7088395924318647,1.1518123977230432
-0.010725089363642009,-1.2094774446519432,1.2939626745269432,-0.5238473846909631,1.4858457911992449,-1.9031140511727145,-1.320305033036712,-1.908497918679909,1.5765187917447507,1.1486577924810817,1.78285899275332,0.03559255019714171,0.08549887676925344,-0.5731995987064968,0.35055159930701313
-0.2532445965160349,0.6106213827974715,0.34341791732070936,-0.5090038784983656,-0.25022508343653194,0.25758988103932456,0.14135306648968757,0.2958736418308496,0.6947615947282234,0.27812341015177994,0.9927145868568007,0.006770415145578656,1.3675043809518026,0.7787527747760838,-0.80126079841603
-0.2458394207251222,-0.24959823593942765,0.8497070676198127,0.6726173381492043,1.000767164462779,1.337941847145344,1.4203039035752874,0.8469665319585392,0.6947615947282234,0.7133906013164308,0.597642383908541,-0.07416729677918882,-1.1965066274132958,-0.46504340882789036,1.3020487974260488
-0.16882559249962947,0.6106213827974715,0.34341791732070936,-0.5090038784983656,-0.25022508343653194,0.25758988103932456,0.14135306648968757,0.2958736418308496,0.6947615947282234,0.27812341015177994,0.9927145868568007,-0.07416729677918882,1.3675043809518026,-0.46504340882789036,-0.851339598317032
-0.014057418469552751,1.3039189019157686,1.945314880142661,0.6730079567332199,-0.9395473424830896,0.25758988103932456,-0.4067687208327123,0.8469665319585392,0.6947615947282234,0.27812341015177994,0.9927145868568007,-1.053108353035776,1.3675043809518026,0.8869089646546904,-1.60252159683206
-0.24954200862057857,0.6106213827974715,0.34341791732070936,-0.5090038784983656,-0.25022508343653194,1.1218714539241401,0.5067675913712875,1.3980594220862288,-0.6278742007965675,0.27812341015177994,-1.3777186308327576,0.5534877303040735,0.08549887676925344,-1.6006834025532581,1.5023639970300564
0.4713518546247788,1.2789268685163104,-1.1568394705590088,0.6796484726614873,0.38803626753250386,-0.8227620850666949,-0.4067687208327123,-0.9900097684670929,-1.0687527993048311,-1.0276781633421728,-0.9826464278844979,1.253919396708919,1.3675043809518026,-1.2221367379781356,1.1518123977230432
-0.23658295098648124,-0.24959823593942765,0.8497070676198127,0.6726173381492043,1.000767164462779,1.337941847145344,1.4203039035752874,0.8469665319585392,0.6947615947282234,0.7133906013164308,0.597642383908541,0.03559255019714171,-1.1965066274132958,-0.5731995987064968,1.3020487974260488
0.4917160880497889,-0.24959823593942765,0.8497070676198127,0.6726173381492043,1.000767164462779,0.5816954708711304,0.14135306648968757,0.8469665319585392,0.25388299621995974,-0.15714378101287094,0.597642383908541,1.253919396708919,0.08549887676925344,-1.2221367379781356,1.0516547979210396
-0.043678121633203795,-0.24959823593942765,0.8497070676198127,0.6726173381492043,1.000767164462779,1.1218714539241401,1.0548893786936875,0.8469665319585392,-0.4074349015424357,0.27812341015177994,-0.9826464278844979,-0.7539631269986905,-1.1965066274132958,1.319533724169116,-0.3004727994060113
-0.22732648124784027,0.6106213827974715,0.34341791732070936,-0.5090038784983656,-0.25022508343653194,-0.8227620850666949,-0.4067687208327123,-0.9900097684670929,0.6947615947282234,0.7133906013164308,0.597642383908541,-0.8727562352098543,1.3675043809518026,-0.5191215037671936,0.2503939995050094
0.17144223509281192,-1.1844854112524852,-1.1783126201946919,-0.8910288536657452,1.7156198775480973,0.7977658640923343,1.4203039035752874,-0.07152161825427683,0.6947615947282234,0.7133906013164308,0.597642383908541,0.03559255019714171,-1.1965066274132958,0.4002061102009613,-0.2003151996040075
0.2588233094255825,0.6106213827974715,0.34341791732070936,-0.5090038784983656,-0.25022508343653194,-0.28258610201368517,-0.4067687208327123,-0.07152161825427683,-1.0687527993048311,-1.0276781633421728,-0.9826464278844979,-1.053108353035776,1.3675043809518026,0.4542842051402645,-1.0015759980200376
-0.269535983256043,-0.24959823593942765,0.8497070676198127,0.6726173381492043,1.000767164462779,1.1218714539241401,1.0548893786936875,0.8469665319585392,-0.4074349015424357,0.27812341015177994,-0.9826464278844979,0.1260701194300788,-1.1965066274132958,-0.03241864931346453,-0.3004727994060113
-0.28804892273332494,0.6106213827974715,0.34341791732070936,-0.5090038784983656,-0.25022508343653194,-0.8227620850666949,-0.4067687208327123,-0.9900097684670929,-0.4074349015424357,-0.5924109721775218,-0.19250202198797847,-0.18044357397591915,1.3675043809518026,-1.0058243582209225,-0.6510243987130244
-0.08329581211458707,1.2789268685163104,-1.1568394705590088,0.6796484726614873,0.38803626753250386,-0.8227620850666949,-0.4067687208327123,-0.9900097684670929,-1.0687527993048311,-1.0276781633421728,-0.9826464278844979,-0.45330937043211694,1.3675043809518026,1.1032213444119032,1.1518123977230432
-0.1817846501337268,-0.22886971441058448,0.5783211603049987,0.5987549149898665,0.31144490541621894,-0.8227620850666949,-1.320305033036712,-0.07152161825427683,0.6947615947282234,0.27812341015177994,0.9927145868568007,2.994129652669048,-1.1965066274132958,0.29204992032235483,0.15023639970300565
-0.07922296542958505,0.6106213827974715,0.34341791732070936,-0.5090038784983656,-0.25022508343653194,-2.659360427446928,-1.6857195579183122,-2.826986068892725,0.47432229547409155,0.7133906013164308,0.20257018096028123,0.481837613057126,-1.1965066274132958,1.2113775342905098,0.7511819985150282
-0.11291651527823812,-0.24959823593942765,0.8497070676198127,0.6726173381492043,1.000767164462779,0.25758988103932456,0.5067675913712875,-0.07152161825427683,-0.18699560228830392,-0.15714378101287094,-0.19250202198797847,-0.8727562352098543,-1.1965066274132958,-0.41096531388858715,-0.400630399208015
-0.26287132504422156,-1.1693667737639242,-0.6710691076895581,-0.11330725289043549,-1.475686877297082,0.25758988103932456,0.5067675913712875,-0.07152161825427683,-0.18699560228830392,-0.15714378101287094,-0.19250202198797847,0.006770415145578656,-1.1965066274132958,-0.14057483919207098,1.7527579965350657
0.317694456963339,1.2789268685163104,-1.1568394705590088,0.6796484726614873,0.38803626753250386,-0.8227620850666949,-0.4067687208327123,-0.9900097684670929,-1.0687527993048311,-1.0276781633421728,-0.9826464278844979,-0.8727562352098543,1.3675043809518026,-0.5191215037671936,1.1518123977230432
-0.2254751873001121,0.6106213827974715,0.34341791732070936,-0.5090038784983656,-0.25022508343653194,0.25758988103932456,0.14135306648968757,0.2958736418308496,0.6947615947282234,0.27812341015177994,0.9927145868568007,2.994129652669048,1.3675043809518026,1.5899241988656323,-0.851339598317032
-0.07811218906094813,0.6106213827974715,0.34341791732070936,-0.5090038784983656,-0.25022508343653194,-0.8227620850666949,-0.4067687208327123,-0.9900097684670929,0.25388299621995974,-0.15714378101287094,0.597642383908541,0.1260701194300788,1.3675043809518026,0.8328308697153871,0.2003151996040075
-0.2332506218805705,-0.551662442088432,1.2667633516550785,1.8397856671881925,2.532594406788464,0.7977658640923343,0.5067675913712875,0.8469665319585392,-3.2731457918461495,-3.204014119165427,-2.9580074426257963,-0.9654119228257313,0.08549887676925344,-0.08649674425276777,-0.5508667989110206
-0.28175452331104905,0.6106213827974715,0.34341791732070936,-0.5090038784983656,-0.25022508343653194,-2.011149247783316,-2.233841345240712,-1.173707398509656,0.9152008939823552,1.1486577924810817,0.597642383908541,0.1260701194300788,0.08549887676925344,-1.3843710227960453,1.4522851971290545
-0.2354721746178443,-0.5538222474439407,1.2514935563585923,-0.5304879006192306,1.996454871974474,0.7977658640923343,0.5067675913712875,0.8469665319585392,-3.2731457918461495,-3.204014119165427,-2.9580074426257963,-0.8727562352098543,0.08549887676925344,0.12981563550444514,0.6009455988120226
-0.22732648124784027,-0.24959823593942765,0.8497070676198127,0.6726173381492043,1.000767164462779,1.337941847145344,1.4203039035752874,0.8469665319585392,0.6947615947282234,0.7133906013164308,0.597642383908541,-0.7054938746681985,-1.1965066274132958,1.4817680089870258,1.3020487974260488
-0.27916271178422963,-1.1104349419207578,-1.1601797382801151,-0.08713580776138195,-0.9395473424830896,1.337941847145344,1.4203039035752874,0.8469665319585392,0.6947615947282234,0.7133906013164308,0.597642383908541,-0.48522247572823496,0.08549887676925344,1.6980803887442388,-1.4522851971290545
-0.15105317060143883,0.6106213827974715,0.34341791732070936,-0.5090038784983656,-0.25022508343653194,0.25758988103932456,0.14135306648968757,0.2958736418308496,0.6947615947282234,0.27812341015177994,0.9927145868568007,-1.053108353035776,1.3675043809518026,-1.2762148329174388,-0.851339598317032
-0.07440960116549175,0.6106213827974715,0.34341791732070936,-0.5090038784983656,-0.25022508343653194,-0.606691691845491,-0.9548905081551122,-0.07152161825427683,-0.18699560228830392,-0.5924109721775218,0.20257018096028123,0.03559255019714171,0.08549887676925344,0.4002061102009613,0.9514971981190357
-0.2558364080428544,0.6106213827974715,0.34341791732070936,-0.5090038784983656,-0.25022508343653194,0.7977658640923343,0.5067675913712875,0.8469665319585392,1.5765187917447507,1.5839249836457325,1.3877867898050604,-0.07416729677918882,-1.1965066274132958,-0.46504340882789036,0.10015759980200376
-0.23473165703875304,-0.24959823593942765,0.8497070676198127,0.6726173381492043,1.000767164462779,1.337941847145344,1.4203039035752874,0.8469665319585392,0.6947615947282234,0.7133906013164308,0.597642383908541,-0.18044357397591915,-1.1965066274132958,-1.0058243582209225,1.3020487974260488
-0.0777419302714025,-1.1104349419207578,-1.1601797382801151,-0.08713580776138195,-0.9395473424830896,0.25758988103932456,0.5067675913712875,-0.07152161825427683,-0.18699560228830392,-0.15714378101287094,-0.19250202198797847,0.006770415145578656,-1.1965066274132958,-0.7895119784637097,-0.5007879990100188
-0.07107727205958102,1.2789268685163104,-1.1568394705590088,0.6796484726614873,0.38803626753250386,0.5816954708711304,0.14135306648968757,0.8469665319585392,0.25388299621995974,0.7133906013164308,-0.19250202198797847,0.481837613057126,0.08549887676925344,1.2113775342905098,-0.9514971981190357
-0.013687159680007112,0.6106213827974715,0.34341791732070936,-0.5090038784983656,-0.25022508343653194,-1.0388324782878988,-1.6857195579183122,-0.07152161825427683,0.47432229547409155,0.27812341015177994,0.597642383908541,-0.18044357397591915,0.08549887676925344,-0.7354338835244065,-1.1518123977230432
-0.2606497723069477,0.6106213827974715,0.34341791732070936,-0.5090038784983656,-0.25022508343653194,-0.8227620850666949,-0.4067687208327123,-0.9900097684670929,-0.4074349015424357,-1.0276781633421728,0.20257018096028123,2.994129652669048,1.3675043809518026,0.29204992032235483,0.851339598317032
-0.29286228699741823,0.6106213827974715,0.34341791732070936,-0.5090038784983656,-0.25022508343653194,-0.8227620850666949,-0.4067687208327123,-0.9900097684670929,0.6947615947282234,0.7133906013164308,0.597642383908541,-0.9654119228257313,1.3675043809518026,0.2379718253830516,0.2503939995050094
-0.2099243181391953,0.6106213827974715,0.34341791732070936,-0.5090038784983656,-0.25022508343653194,0.25758988103932456,0.14135306648968757,0.2958736418308496,0.6947615947282234,0.27812341015177994,0.9927145868568007,-1.053108353035776,1.3675043809518026,0.6705965848974774,-0.80126079841603
1.7624442537704188,1.8451044152818088,0.2384380746573705,-0.5179881059307273,1.434784883121723,1.554012240366548,1.7857184284568872,0.8469665319585392,-2.391388594829622,-2.7687469280007764,-1.7727908337810172,-0.8727562352098543,1.3675043809518026,-0.41096531388858715,1.4022063972280525
0.1584831774587146,0.6106213827974715,0.34341791732070936,-0.5090038784983656,-0.25022508343653194,1.1218714539241401,0.5067675913712875,1.3980594220862288,-0.6278742007965675,0.27812341015177994,-1.3777186308327576,-0.07416729677918882,0.08549887676925344,-1.546605307613955,1.5023639970300564
-0.09662512853823003,-0.22886971441058448,0.5783211603049987,0.5987549149898665,0.31144490541621894,-0.8227620850666949,-1.320305033036712,-0.07152161825427683,0.6947615947282234,0.27812341015177994,0.9927145868568007,-0.8727562352098543,-1.1965066274132958,-0.41096531388858715,0.15023639970300565
-0.1828954265023637,-1.1693667737639242,-0.6710691076895581,-0.11330725289043549,-1.475686877297082,-0.8227620850666949,-0.4067687208327123,-0.9900097684670929,-1.0687527993048311,-1.0276781633421728,-0.9826464278844979,2.406388753687064,1.3675043809518026,-1.113980548099529,-1.3020487974260488
-0.1584583463923516,1.2789268685163104,-1.1568394705590088,0.6796484726614873,0.38803626753250386,-0.28258610201368517,0.14135306648968757,-0.6226145083819664,0.25388299621995974,0.27812341015177994,0.20257018096028123,-0.9654119228257313,-1.1965066274132958,-1.1680586430388322,-1.1017335978220413
-0.20844328298101275,1.2789268685163104,-1.1568394705590088,0.6796484726614873,0.38803626753250386,0.7977658640923343,0.5067675913712875,0.8469665319585392,0.033443696965827906,0.27812341015177994,-0.19250202198797847,-0.8727562352098543,0.08549887676925344,0.5083623000795677,1.0015759980200376
-0.24139631525057453,0.6106213827974715,0.34341791732070936,-0.5090038784983656,-0.25022508343653194,-0.8227620850666949,-0.4067687208327123,-0.9900097684670929,0.6947615947282234,0.7133906013164308,0.597642383908541,0.5534877303040735,1.3675043809518026,0.9950651545332968,0.2503939995050094
-0.18030361497554426,0.6106213827974715,0.34341791732070936,-0.5090038784983656,-0.25022508343653194,-1.4709732647303067,-1.320305033036712,-1.173707398509656,0.25388299621995974,0.7133906013164308,-0.19250202198797847,0.481837613057126,0.08549887676925344,1.2113775342905098,-1.251969997525047
-0.04071605131683869,1.2789268685163104,-1.1568394705590088,0.6796484726614873,0.38803626753250386,-0.8227620850666949,-0.4067687208327123,-0.9900097684670929,-1.0687527993048311,-1.0276781633421728,-0.9826464278844979,-0.20265138455711335,1.3675043809518026,-1.330292927856742,1.1518123977230432
-0.2780519354155927,0.6106213827974715,0.34341791732070936,-0.5090038784983656,-0.25022508343653194,1.1218714539241401,0.5067675913712875,1.3980594220862288,-0.6278742007965675,0.27812341015177994,-1.3777186308327576,0.1260701194300788,0.08549887676925344,-1.3843710227960453,1.5023639970300564
-0.29101099304969,1.2789268685163104,-1.1568394705590088,0.6796484726614873,0.38803626753250386,0.7977658640923343,0.5067675913712875,0.8469665319585392,0.033443696965827906,0.27812341015177994,-0.19250202198797847,1.253919396708919,0.08549887676925344,-1.2221367379781356,1.0015759980200376
-0.16697429855190127,1.2789268685163104,-1.1568394705590088,0.6796484726614873,0.38803626753250386,-0.28258610201368517,0.14135306648968757,-0.6226145083819664,0.25388299621995974,0.27812341015177994,0.20257018096028123,-0.07416729677918882,-1.1965066274132958,-0.46504340882789036,-1.1017335978220413
-0.1710471452369033,1.2789268685163104,-1.1568394705590088,0.6796484726614873,0.38803626753250386,0.7977658640923343,0.5067675913712875,0.8469665319585392,0.033443696965827906,0.27812341015177994,-0.19250202198797847,0.006770415145578656,0.08549887676925344,0.7787527747760838,1.0015759980200376
0.08591245470776952,-1.1104349419207578,-1.1601797382801151,-0.08713580776138195,-0.9395473424830896,1.337941847145344,1.4203039035752874,0.8469665319585392,0.6947615947282234,0.7133906013164308,0.597642383908541,0.006770415145578656,0.08549887676925344,0.021659445625838693,-1.4522851971290545
-0.061450543531394425,-1.1693667737639242,-0.6710691076895581,-0.11330725289043549,-1.475686877297082,1.337941847145344,1.4203039035752874,0.8469665319585392,0.6947615947282234,0.7133906013164308,0.597642383908541,2.406388753687064,0.08549887676925344,-1.113980548099529,-0.15023639970300565
-0.1651230046041731,0.6106213827974715,0.34341791732070936,-0.5090038784983656,-0.25022508343653194,-0.714726888456093,-0.0413541959511124,-1.173707398509656,0.6947615947282234,0.7133906013164308,0.597642383908541,-0.45330937043211694,1.3675043809518026,1.1032213444119032,1.5524427969310584
-0.09255228185322802,-1.148385807453268,1.254833824079699,-0.4988477953139567,-1.5267477853746036,-1.6870436579515105,-1.320305033036712,-1.5411026585947825,-0.4074349015424357,-0.5924109721775218,-0.19250202198797847,0.006770415145578656,-1.1965066274132958,1.265455629229813,-1.5023639970300564
-0.14401825360007173,-1.1844854112524852,-1.1783126201946919,-0.8910288536657452,1.7156198775480973,0.7977658640923343,1.4203039035752874,-0.07152161825427683,0.6947615947282234,0.7133906013164308,0.597642383908541,-0.07416729677918882,-1.1965066274132958,-1.546605307613955,-0.2003151996040075
-0.27731141783650143,-1.1693667737639242,-0.6710691076895581,-0.11330725289043549,-1.475686877297082,0.04151948781812065,-1.320305033036712,1.3980594220862288,-0.18699560228830392,-0.15714378101287094,-0.19250202198797847,1.253919396708919,-1.1965066274132958,-1.2221367379781356,1.3521275973270508
-0.06330183747912262,1.3039189019157686,1.945314880142661,0.6730079567332199,-0.9395473424830896,0.25758988103932456,-0.4067687208327123,0.8469665319585392,0.6947615947282234,0.27812341015177994,0.9927145868568007,0.03559255019714171,1.3675043809518026,1.4276899140477226,-1.60252159683206
-0.29323254578696384,-1.2063920084297877,-1.0733327775313528,0.2886392700617461,0.20932308926117313,-0.4986564952348891,-2.233841345240712,1.3980594220862288,0.9152008939823552,1.1486577924810817,0.597642383908541,0.481837613057126,-1.1965066274132958,1.2113775342905098,-0.9014183982180338
-0.2824950408901404,-1.1693667737639242,-0.6710691076895581,-0.11330725289043549,-1.475686877297082,1.8781178301983537,1.4203039035752874,1.7654546821713553,-0.6278742007965675,-0.15714378101287094,-0.9826464278844979,0.03559255019714171,-1.1965066274132958,0.7246746798367807,1.60252159683206
-0.28360581725877726,-1.1270962975203966,0.32289912989105674,-0.49181666080167363,1.2305412508116313,-0.28258610201368517,-0.4067687208327123,-0.07152161825427683,0.9152008939823552,0.7133906013164308,0.9927145868568007,-0.07416729677918882,0.08549887676925344,-1.546605307613955,0.6510243987130244
-0.2839760760483229,0.6106213827974715,0.34341791732070936,-0.5090038784983656,-0.25022508343653194,-0.714726888456093,-0.0413541959511124,-1.173707398509656,0.6947615947282234,0.7133906013164308,0.597642383908541,-0.66451343385658,1.3675043809518026,-0.24873102907067746,1.5524427969310584
-0.23880450372375506,0.6106213827974715,0.34341791732070936,-0.5090038784983656,-0.25022508343653194,-0.0665157087924813,-0.4067687208327123,0.2958736418308496,-0.9805770796031784,-1.0276781633421728,-0.824617546705194,-0.66451343385658,0.08549887676925344,-0.24873102907067746,0.80126079841603
-0.1517936881805301,-1.1693667737639242,-0.6710691076895581,-0.11330725289043549,-1.475686877297082,0.25758988103932456,0.5067675913712875,-0.07152161825427683,-0.18699560228830392,-0.15714378101287094,-0.19250202198797847,0.1260701194300788,-1.1965066274132958,-1.059902453160226,1.7527579965350657
-0.23584243340738995,0.6106213827974715,0.34341791732070936,-0.5090038784983656,-0.25022508343653194,0.25758988103932456,0.14135306648968757,0.2958736418308496,0.6947615947282234,0.27812341015177994,0.9927145868568007,0.5534877303040735,1.3675043809518026,0.9950651545332968,-0.851339598317032
-0.11069496254096428,-1.1270962975203966,0.32289912989105674,-0.49181666080167363,1.2305412508116313,0.7977658640923343,0.5067675913712875,0.8469665319585392,1.135640193236487,0.7133906013164308,1.3877867898050604,-0.9654119228257313,1.3675043809518026,-0.08649674425276777,-0.35055159930701313
-0.25879847835921954,-1.1693667737639242,-0.6710691076895581,-0.11330725289043549,-1.475686877297082,0.25758988103932456,0.5067675913712875,-0.07152161825427683,-0.18699560228830392,-0.15714378101287094,-0.19250202198797847,1.253919396708919,-1.1965066274132958,-1.2221367379781356,-1.7527579965350657
-0.2650928777814954,-1.0734097072548943,4.356033812575339,6.534630428473198,-0.8118950722892828,0.25758988103932456,0.5067675913712875,-0.07152161825427683,-0.18699560228830392,-0.5924109721775218,0.20257018096028123,-0.48522247572823496,0.08549887676925344,0.9409870595939935,-1.4022063972280525
-0.28730840515423367,0.6106213827974715,0.34341791732070936,-0.5090038784983656,-0.25022508343653194,-1.2549028715091026,-0.4067687208327123,-1.7248002886373457,-0.49561062124408845,0.3651768483847101,-1.2196897496534538,2.994129652669048,0.08549887676925344,1.5358461039263291,-1.2018911976240452
-0.19326267260964158,0.6106213827974715,0.34341791732070936,-0.5090038784983656,-0.25022508343653194,0.25758988103932456,0.5067675913712875,-0.07152161825427683,-0.4074349015424357,-1.0276781633421728,0.20257018096028123,0.1260701194300788,0.08549887676925344,0.8328308697153871,-0.7011031986140263
-0.2876786639437793,-1.1693667737639242,-0.6710691076895581,-0.11330725289043549,-1.475686877297082,0.04151948781812065,-1.320305033036712,1.3980594220862288,-0.18699560228830392,-0.15714378101287094,-0.19250202198797847,-1.053108353035776,-1.1965066274132958,-1.2762148329174388,1.3521275973270508
-0.13142945475552,0.6106213827974715,0.34341791732070936,-0.5090038784983656,-0.25022508343653194,-1.2549028715091026,-0.4067687208327123,-1.7248002886373457,-0.49561062124408845,0.3651768483847101,-1.2196897496534538,-1.053108353035776,0.08549887676925344,0.8869089646546904,-1.2018911976240452
-0.21695923514056242,0.6106213827974715,0.34341791732070936,-0.5090038784983656,-0.25022508343653194,1.1218714539241401,0.5067675913712875,1.3980594220862288,-0.6278742007965675,0.27812341015177994,-1.3777186308327576,1.3358760999740618,0.08549887676925344,-0.843590073403013,1.5023639970300564
-0.28434633483786853,-1.2063920084297877,-1.0733327775313528,0.2886392700617461,0.20932308926117313,-0.4986564952348891,-2.233841345240712,1.3980594220862288,0.9152008939823552,1.1486577924810817,0.597642383908541,-0.48522247572823496,-1.1965066274132958,-0.9517462632816194,-0.9014183982180338
-0.14216695965234352,1.2789268685163104,-1.1568394705590088,0.6796484726614873,0.38803626753250386,0.36562507764992647,1.2375966411344874,-0.6226145083819664,1.3560794924906188,0.7133906013164308,1.78285899275332,0.006770415145578656,1.3675043809518026,-0.14057483919207098,0.05007879990100188
-0.26620365415013225,0.6106213827974715,0.34341791732070936,-0.5090038784983656,-0.25022508343653194,-2.011149247783316,-2.233841345240712,-1.173707398509656,0.9152008939823552,1.1486577924810817,0.597642383908541,-0.7539631269986905,0.08549887676925344,1.319533724169116,1.4522851971290545
-0.16697429855190127,1.2789268685163104,-1.1568394705590088,0.6796484726614873,0.38803626753250386,0.36562507764992647,1.2375966411344874,-0.6226145083819664,1.3560794924906188,0.7133906013164308,1.78285899275332,2.406388753687064,1.3675043809518026,-1.113980548099529,0.05007879990100188
-0.2517635613578524,0.6106213827974715,0.34341791732070936,-0.5090038784983656,-0.25022508343653194,-0.8227620850666949,-0.4067687208327123,-0.9900097684670929,-0.4074349015424357,-1.0276781633421728,0.20257018096028123,0.481837613057126,1.3675043809518026,1.2113775342905098,0.851339598317032
-0.18104413255463553,1.2789268685163104,-1.1568394705590088,0.6796484726614873,0.38803626753250386,0.36562507764992647,1.2375966411344874,-0.6226145083819664,1.3560794924906188,0.7133906013164308,1.78285899275332,-0.18044357397591915,1.3675043809518026,0.18389373044374838,0.05007879990100188
-0.21955104666738187,1.8451044152818088,0.2384380746573705,-0.5179881059307273,1.434784883121723,1.554012240366548,1.7857184284568872,0.8469665319585392,-2.391388594829622,-2.7687469280007764,-1.7727908337810172,-0.20265138455711335,1.3675043809518026,-1.330292927856742,1.4022063972280525
-0.2721277947828625,0.6106213827974715,0.34341791732070936,-0.5090038784983656,-0.25022508343653194,0.7977658640923343,0.5067675913712875,0.8469665319585392,1.5765187917447507,1.5839249836457325,1.3877867898050604,-0.7054938746681985,-1.1965066274132958,-0.3568872189492839,0.10015759980200376
-0.06515313142685081,0.6106213827974715,0.34341791732070936,-0.5090038784983656,-0.25022508343653194,-0.28258610201368517,-0.4067687208327123,-0.07152161825427683,-1.0687527993048311,-1.0276781633421728,-0.9826464278844979,-0.45330937043211694,1.3675043809518026,1.1032213444119032,-1.0015759980200376
-0.26398210141285844,0.6106213827974715,0.34341791732070936,-0.5090038784983656,-0.25022508343653194,-1.2549028715091026,-0.4067687208327123,-1.7248002886373457,-0.49561062124408845,0.3651768483847101,-1.2196897496534538,-0.48522247572823496,0.08549887676925344,1.6980803887442388,-1.2018911976240452
-0.26805494809786046,0.6106213827974715,0.34341791732070936,-0.5090038784983656,-0.25022508343653194,-0.714726888456093,-0.0413541959511124,-1.173707398509656,0.6947615947282234,0.7133906013164308,0.597642383908541,-0.9654119228257313,1.3675043809518026,0.2379718253830516,1.5524427969310584
-0.2606497723069477,-1.1104349419207578,-1.1601797382801151,-0.08713580776138195,-0.9395473424830896,1.337941847145344,1.4203039035752874,0.8469665319585392,0.25388299621995974,0.7133906013164308,-0.19250202198797847,-0.66451343385658,0.08549887676925344,-1.7088395924318647,-0.4507091991090169
-0.2936028045765095,-0.24959823593942765,0.8497070676198127,0.6726173381492043,1.000767164462779,0.5816954708711304,0.14135306648968757,0.8469665319585392,0.25388299621995974,-0.15714378101287094,0.597642383908541,-0.8727562352098543,0.08549887676925344,-0.41096531388858715,1.0516547979210396
-0.2754601238887732,-1.1104349419207578,-1.1601797382801151,-0.08713580776138195,-0.9395473424830896,-0.714726888456093,-2.051134082799912,0.8469665319585392,0.033443696965827906,0.27812341015177994,-0.19250202198797847,0.006770415145578656,-1.1965066274132958,0.7787527747760838,-0.7511819985150282
-0.23621269219693558,1.8451044152818088,0.2384380746573705,-0.5179881059307273,1.434784883121723,1.554012240366548,1.7857184284568872,0.8469665319585392,-2.391388594829622,-2.7687469280007764,-1.7727908337810172,0.481837613057126,1.3675043809518026,-0.30280912400998067,1.4022063972280525
-0.20733250661237582,-0.551662442088432,1.2667633516550785,1.8397856671881925,2.532594406788464,0.7977658640923343,0.5067675913712875,0.8469665319585392,-3.2731457918461495,-3.204014119165427,-2.9580074426257963,-0.8727562352098543,0.08549887676925344,-0.5191215037671936,-0.5508667989110206
-0.2276967400373859,1.2789268685163104,-1.1568394705590088,0.6796484726614873,0.38803626753250386,0.25758988103932456,0.5067675913712875,-0.07152161825427683,0.033443696965827906,0.27812341015177994,-0.19250202198797847,-0.18044357397591915,-1.1965066274132958,-1.0058243582209225,0.0
-0.23213984551193356,1.2789268685163104,-1.1568394705590088,0.6796484726614873,0.38803626753250386,-0.28258610201368517,0.14135306648968757,-0.6226145083819664,0.25388299621995974,0.27812341015177994,0.20257018096028123,-0.3650833393028946,-1.1965066274132958,0.07573754056514193,-1.1017335978220413
0.04703528180547753,0.6106213827974715,0.34341791732070936,-0.5090038784983656,-0.25022508343653194,-0.606691691845491,-0.9548905081551122,-0.07152161825427683,-0.18699560228830392,-0.5924109721775218,0.20257018096028123,1.253919396708919,0.08549887676925344,-1.2221367379781356,0.9514971981190357
0.15033748408871056,-1.1104349419207578,-1.1601797382801151,-0.08713580776138195,-0.9395473424830896,1.337941847145344,1.4203039035752874,0.8469665319585392,0.25388299621995974,0.7133906013164308,-0.19250202198797847,-0.07416729677918882,0.08549887676925344,-1.546605307613955,-0.4507091991090169
-0.2606497723069477,0.6106213827974715,0.34341791732070936,-0.5090038784983656,-0.25022508343653194,-0.8227620850666949,-0.4067687208327123,-0.9900097684670929,-0.4074349015424357,-1.0276781633421728,0.20257018096028123,-0.07416729677918882,1.3675043809518026,-0.46504340882789036,0.851339598317032
-0.23473165703875304,1.2789268685163104,-1.1568394705590088,0.6796484726614873,0.38803626753250386,0.25758988103932456,0.5067675913712875,-0.07152161825427683,0.033443696965827906,0.27812341015177994,-0.19250202198797847,-0.66451343385658,-1.1965066274132958,-1.7088395924318647,0.0
-0.11772987954233141,-1.1844854112524852,-1.1783126201946919,-0.8910288536657452,1.7156198775480973,0.7977658640923343,1.4203039035752874,-0.07152161825427683,0.6947615947282234,0.7133906013164308,0.597642383908541,0.1260701194300788,-1.1965066274132958,-0.03241864931346453,-0.2003151996040075
0.15700214230053203,0.6106213827974715,0.34341791732070936,-0.5090038784983656,-0.25022508343653194,-0.606691691845491,-0.9548905081551122,-0.07152161825427683,-0.18699560228830392,-0.5924109721775218,0.20257018096028123,-0.45330937043211694,0.08549887676925344,-0.8976681683423162,0.9514971981190357
0.10257410023732325,1.3039189019157686,1.945314880142661,0.6730079567332199,-0.9395473424830896,0.25758988103932456,-0.4067687208327123,0.8469665319585392,0.6947615947282234,0.27812341015177994,0.9927145868568007,-0.45330937043211694,1.3675043809518026,1.1032213444119032,-1.60252159683206
-0.2899002166810531,-1.1490028946976991,1.2639002650369873,-0.48947294929757934,-1.4246259692195578,0.9058010607029362,1.6030111660160873,-0.07152161825427683,-3.2731457918461495,-2.7687469280007764,-3.353079645574056,1.3358760999740618,0.08549887676925344,-0.843590073403013,-1.702679196634064
-0.24435838556693965,1.2789268685163104,-1.1568394705590088,0.6796484726614873,0.38803626753250386,0.7977658640923343,0.5067675913712875,0.8469665319585392,0.033443696965827906,0.27812341015177994,-0.19250202198797847,-0.8727562352098543,0.08549887676925344,0.12981563550444514,1.0015759980200376
0.47949754799478284,1.2789268685163104,-1.1568394705590088,0.6796484726614873,0.38803626753250386,-0.8227620850666949,-0.4067687208327123,-0.9900097684670929,-1.0687527993048311,-1.0276781633421728,-0.9826464278844979,0.1260701194300788,1.3675043809518026,-1.059902453160226,1.1518123977230432
-0.2806437469424122,-0.24959823593942765,0.8497070676198127,0.6726173381492043,1.000767164462779,0.5816954708711304,0.14135306648968757,0.8469665319585392,0.25388299621995974,-0.15714378101287094,0.597642383908541,-0.07416729677918882,0.08549887676925344,1.0491432494726,1.0516547979210396
1.9349848496986861,0.6763411743293793,0.3023803424614041,0.27535823820521127,0.20932308926117313,0.4736602742605284,-0.9548905081551122,1.7654546821713553,0.033443696965827906,0.27812341015177994,-0.19250202198797847,-0.48522247572823496,-1.1965066274132958,0.9409870595939935,-1.652600396733062
-0.2217725994046557,1.2789268685163104,-1.1568394705590088,0.6796484726614873,0.38803626753250386,0.5816954708711304,0.14135306648968757,0.8469665319585392,0.25388299621995974,0.7133906013164308,-0.19250202198797847,-0.20265138455711335,0.08549887676925344,-1.330292927856742,-0.9514971981190357
-0.273608829941045,-1.1844854112524852,-1.1783126201946919,-0.8910288536657452,1.7156198775480973,0.7977658640923343,0.5067675913712875,0.8469665319585392,1.135640193236487,0.7133906013164308,1.3877867898050604,-0.18044357397591915,-1.1965066274132958,0.6165184899581742,0.5007879990100188
0.9238080954495486,-1.1104349419207578,-1.1601797382801151,-0.08713580776138195,-0.9395473424830896,1.337941847145344,1.4203039035752874,0.8469665319585392,0.6947615947282234,0.7133906013164308,0.597642383908541,1.3358760999740618,0.08549887676925344,-0.843590073403013,-1.4522851971290545
-0.23695320977602688,-1.1693667737639242,-0.6710691076895581,-0.11330725289043549,-1.475686877297082,2.3102586166407617,0.8721821162528874,3.051338092469298,0.9152008939823552,1.1486577924810817,0.597642383908541,0.1260701194300788,-1.1965066274132958,-0.03241864931346453,-0.2503939995050094
-0.2850868524169598,-0.551662442088432,1.2667633516550785,1.8397856671881925,2.532594406788464,0.7977658640923343,0.5067675913712875,0.8469665319585392,-3.2731457918461495,-3.204014119165427,-2.9580074426257963,0.006770415145578656,0.08549887676925344,1.265455629229813,-0.5508667989110206
-0.27879245299468397,-1.1104349419207578,-1.1601797382801151,-0.08713580776138195,-0.9395473424830896,1.337941847145344,1.4203039035752874,0.8469665319585392,0.25388299621995974,0.7133906013164308,-0.19250202198797847,-0.9654119228257313,0.08549887676925344,-1.1680586430388322,-0.4507091991090169
-0.29249202820787257,-1.1844854112524852,-1.1783126201946919,-0.8910288536657452,1.7156198775480973,0.7977658640923343,0.5067675913712875,0.8469665319585392,1.135640193236487,0.7133906013164308,1.3877867898050604,0.03559255019714171,-1.1965066274132958,-0.19465293413137422,0.5007879990100188
-0.2739790887305907,0.6106213827974715,0.34341791732070936,-0.5090038784983656,-0.25022508343653194,-0.8227620850666949,-0.4067687208327123,-0.9900097684670929,-0.4074349015424357,-1.0276781633421728,0.20257018096028123,0.481837613057126,1.3675043809518026,-0.30280912400998067,0.851339598317032
-0.25620666683240007,0.6106213827974715,0.34341791732070936,-0.5090038784983656,-0.25022508343653194,-1.2549028715091026,-0.4067687208327123,-1.7248002886373457,-0.49561062124408845,0.3651768483847101,-1.2196897496534538,-0.5008826302442834,0.08549887676925344,1.6440022938049355,-1.2018911976240452
-0.27694115904695576,-1.1409807605200954,0.2880649093709489,-0.5058789298262397,0.9497062563852547,1.337941847145344,1.4203039035752874,0.8469665319585392,-0.18699560228830392,-0.15714378101287094,-0.19250202198797847,0.006770415145578656,0.08549887676925344,1.265455629229813,0.7011031986140263
-0.28619762878559674,0.6763411743293793,0.3023803424614041,0.27535823820521127,0.20932308926117313,-1.3089204698144037,-0.31541508961231235,-1.908497918679909,-1.5096313978130949,-1.8982125456714745,-0.9826464278844979,-0.18044357397591915,1.3675043809518026,0.34612801526165804,1.702679196634064
-0.18104413255463553,-1.1270962975203966,0.32289912989105674,-0.49181666080167363,1.2305412508116313,-0.28258610201368517,-0.4067687208327123,-0.07152161825427683,0.9152008939823552,0.7133906013164308,0.9927145868568007,-0.45330937043211694,0.08549887676925344,1.3736118191084195,0.6510243987130244
-0.0310893227886521,1.2789268685163104,-1.1568394705590088,0.6796484726614873,0.38803626753250386,-0.8227620850666949,-0.4067687208327123,-0.9900097684670929,-1.0687527993048311,-1.0276781633421728,-0.9826464278844979,-0.9654119228257313,1.3675043809518026,-0.08649674425276777,1.1518123977230432
-0.28841918152287055,0.6106213827974715,0.34341791732070936,-0.5090038784983656,-0.25022508343653194,0.25758988103932456,0.14135306648968757,0.2958736418308496,0.6947615947282234,0.27812341015177994,0.9927145868568007,2.406388753687064,1.3675043809518026,-1.113980548099529,-0.80126079841603
-0.2606497723069477,-0.24959823593942765,0.8497070676198127,0.6726173381492043,1.000767164462779,1.337941847145344,1.4203039035752874,0.8469665319585392,0.6947615947282234,0.7133906013164308,0.597642383908541,0.03559255019714171,-1.1965066274132958,-0.19465293413137422,1.3020487974260488
-0.13957514812552405,1.2789268685163104,-1.1568394705590088,0.6796484726614873,0.38803626753250386,-0.8227620850666949,-0.4067687208327123,-0.9900097684670929,-1.0687527993048311,-1.0276781633421728,-0.9826464278844979,-0.18044357397591915,1.3675043809518026,0.6165184899581742,1.1518123977230432
-0.2891596991019618,1.8451044152818088,0.2384380746573705,-0.5179881059307273,1.434784883121723,1.554012240366548,1.7857184284568872,0.8469665319585392,-2.391388594829622,-2.7687469280007764,-1.7727908337810172,2.994129652669048,1.3675043809518026,1.5358461039263291,1.4022063972280525
-0.24361786798784835,0.6106213827974715,0.34341791732070936,-0.5090038784983656,-0.25022508343653194,0.6897306674817323,0.5067675913712875,0.663268901915976,0.033443696965827906,0.27812341015177994,-0.19250202198797847,0.03559255019714171,-1.1965066274132958,1.4276899140477226,0.400630399208015
-0.05478588531957294,-1.1270962975203966,0.32289912989105674,-0.49181666080167363,1.2305412508116313,0.7977658640923343,0.5067675913712875,0.8469665319585392,1.135640193236487,0.7133906013164308,1.3877867898050604,-0.45330937043211694,1.3675043809518026,1.3736118191084195,-0.35055159930701313
-0.16771481613099254,0.6106213827974715,0.34341791732070936,-0.5090038784983656,-0.25022508343653194,-0.28258610201368517,-0.4067687208327123,-0.07152161825427683,-1.0687527993048311,-1.0276781633421728,-0.9826464278844979,-1.053108353035776,1.3675043809518026,-1.2762148329174388,-1.0015759980200376
-0.27731141783650143,-0.551662442088432,1.2667633516550785,1.8397856671881925,2.532594406788464,0.7977658640923343,0.5067675913712875,0.8469665319585392,-3.2731457918461495,-3.204014119165427,-2.9580074426257963,0.03559255019714171,0.08549887676925344,0.4002061102009613,-0.5508667989110206
-0.09255228185322802,-1.1104349419207578,-1.1601797382801151,-0.08713580776138195,-0.9395473424830896,0.25758988103932456,0.5067675913712875,-0.07152161825427683,-0.18699560228830392,-0.15714378101287094,-0.19250202198797847,-0.45330937043211694,-1.1965066274132958,-0.8976681683423162,-0.5007879990100188
-0.21362690603465168,1.2789268685163104,-1.1568394705590088,0.6796484726614873,0.38803626753250386,-0.28258610201368517,0.14135306648968757,-0.6226145083819664,0.25388299621995974,0.27812341015177994,0.20257018096028123,1.253919396708919,-1.1965066274132958,-1.6547614974925613,-1.1017335978220413
-0.17437947434281403,1.2789268685163104,-1.1568394705590088,0.6796484726614873,0.38803626753250386,-0.17455090540308324,0.14135306648968757,-0.43891687833940324,0.6947615947282234,0.7133906013164308,0.597642383908541,0.5534877303040735,-1.1965066274132958,-1.6006834025532581,-0.10015759980200376
-0.269535983256043,0.6106213827974715,0.34341791732070936,-0.5090038784983656,-0.25022508343653194,-0.8227620850666949,-0.4067687208327123,-0.9900097684670929,-0.4074349015424357,-0.5924109721775218,-0.19250202198797847,-0.8727562352098543,1.3675043809518026,0.5083623000795677,-0.6510243987130244
-0.14809110028507375,0.6106213827974715,0.34341791732070936,-0.5090038784983656,-0.25022508343653194,-0.8227620850666949,-0.4067687208327123,-0.9900097684670929,0.25388299621995974,-0.15714378101287094,0.597642383908541,0.006770415145578656,1.3675043809518026,-0.14057483919207098,0.2003151996040075
4.176901820397525,1.8451044152818088,0.2384380746573705,-0.5179881059307273,1.434784883121723,-1.3629380681197047,-0.4067687208327123,-1.908497918679909,-0.4074349015424357,0.27812341015177994,-0.9826464278844979,0.006770415145578656,0.08549887676925344,0.7787527747760838,1.652600396733062
-0.27953297057377524,-1.0734097072548943,4.356033812575339,6.534630428473198,-0.8118950722892828,0.25758988103932456,0.5067675913712875,-0.07152161825427683,-0.18699560228830392,-0.5924109721775218,0.20257018096028123,-0.18044357397591915,0.08549887676925344,0.6165184899581742,-1.4022063972280525
-0.2517635613578524,-0.5538222474439407,1.2514935563585923,-0.5304879006192306,1.996454871974474,0.7977658640923343,0.5067675913712875,0.8469665319585392,-3.2731457918461495,-3.204014119165427,-2.9580074426257963,1.3358760999740618,0.08549887676925344,-0.843590073403013,0.6009455988120226
-0.2080730241914671,-1.1104349419207578,-1.1601797382801151,-0.08713580776138195,-0.9395473424830896,-0.714726888456093,-2.051134082799912,0.8469665319585392,0.033443696965827906,0.27812341015177994,-0.19250202198797847,0.481837613057126,-1.1965066274132958,1.2113775342905098,-0.7511819985150282
-0.2243644109314752,-1.0734097072548943,4.356033812575339,6.534630428473198,-0.8118950722892828,0.25758988103932456,0.5067675913712875,-0.07152161825427683,-0.18699560228830392,-0.5924109721775218,0.20257018096028123,-0.18044357397591915,0.08549887676925344,0.18389373044374838,-1.4022063972280525
-0.14216695965234352,-0.22886971441058448,0.5783211603049987,0.5987549149898665,0.31144490541621894,-0.8227620850666949,-1.320305033036712,-0.07152161825427683,0.6947615947282234,0.27812341015177994,0.9927145868568007,0.03559255019714171,-1.1965066274132958,0.7246746798367807,0.15023639970300565
-0.23621269219693558,1.2789268685163104,-1.1568394705590088,0.6796484726614873,0.38803626753250386,-0.28258610201368517,0.14135306648968757,-0.6226145083819664,0.25388299621995974,0.27812341015177994,0.20257018096028123,2.994129652669048,-1.1965066274132958,1.5358461039263291,-1.1017335978220413
0.04444347027865807,-1.1693667737639242,-0.6710691076895581,-0.11330725289043549,-1.475686877297082,1.6620474369771499,1.7857184284568872,1.0306641620011023,-0.18699560228830392,0.7133906013164308,-0.9826464278844979,-0.9654119228257313,-1.1965066274132958,-1.1680586430388322,0.5508667989110206
0.1955090564132784,1.8451044152818088,0.2384380746573705,-0.5179881059307273,1.434784883121723,-1.3629380681197047,-0.4067687208327123,-1.908497918679909,-0.4074349015424357,0.27812341015177994,-0.9826464278844979,0.481837613057126,0.08549887676925344,1.2113775342905098,1.652600396733062
-0.13179971354506564,-0.24959823593942765,0.8497070676198127,0.6726173381492043,1.000767164462779,0.25758988103932456,0.5067675913712875,-0.07152161825427683,-0.18699560228830392,-0.15714378101287094,-0.19250202198797847,-0.07416729677918882,-1.1965066274132958,1.0491432494726,-0.400630399208015
-0.248060973462396,0.6106213827974715,0.34341791732070936,-0.5090038784983656,-0.25022508343653194,1.1218714539241401,0.5067675913712875,1.3980594220862288,-0.6278742007965675,0.27812341015177994,-1.3777186308327576,-0.18044357397591915,0.08549887676925344,0.562440395018871,1.5023639970300564
-0.2110350945078322,-1.1270962975203966,0.32289912989105674,-0.49181666080167363,1.2305412508116313,0.7977658640923343,0.5067675913712875,0.8469665319585392,1.135640193236487,0.7133906013164308,1.3877867898050604,0.006770415145578656,1.3675043809518026,0.7787527747760838,-0.35055159930701313
-0.282865299679686,-1.1844854112524852,-1.1783126201946919,-0.8910288536657452,1.7156198775480973,0.7977658640923343,0.5067675913712875,0.8469665319585392,1.135640193236487,0.7133906013164308,1.3877867898050604,-1.053108353035776,-1.1965066274132958,0.6705965848974774,0.5007879990100188
-0.17215792160554022,1.2789268685163104,-1.1568394705590088,0.6796484726614873,0.38803626753250386,-0.28258610201368517,0.14135306648968757,-0.6226145083819664,0.25388299621995974,0.27812341015177994,0.20257018096028123,-0.9654119228257313,-1.1965066274132958,-0.08649674425276777,-1.1017335978220413
-0.1651230046041731,-0.24959823593942765,0.8497070676198127,0.6726173381492043,1.000767164462779,1.1218714539241401,1.0548893786936875,0.8469665319585392,-0.4074349015424357,0.27812341015177994,-0.9826464278844979,0.03559255019714171,-1.1965066274132958,0.7246746798367807,-0.3004727994060113
-0.19326267260964158,-0.22886971441058448,0.5783211603049987,0.5987549149898665,0.31144490541621894,-0.8227620850666949,-1.320305033036712,-0.07152161825427683,0.6947615947282234,0.27812341015177994,0.9927145868568007,-0.9654119228257313,-1.1965066274132958,0.2379718253830516,0.15023639970300565
-0.24769071467285037,-1.1844854112524852,-1.1783126201946919,-0.8910288536657452,1.7156198775480973,-1.3629380681197047,-1.320305033036712,-0.9900097684670929,0.47432229547409155,1.1486577924810817,-0.19250202198797847,0.006770415145578656,1.3675043809518026,-0.14057483919207098,0.3004727994060113
-0.26805494809786046,-1.1844854112524852,-1.1783126201946919,-0.8910288536657452,1.7156198775480973,0.7977658640923343,1.4203039035752874,-0.07152161825427683,0.6947615947282234,0.7133906013164308,0.597642383908541,-0.18044357397591915,-1.1965066274132958,-1.0058243582209225,-0.2003151996040075
-0.2762006414678645,-1.1844854112524852,-1.1783126201946919,-0.8910288536657452,1.7156198775480973,-1.3629380681197047,-1.320305033036712,-0.9900097684670929,0.47432229547409155,1.1486577924810817,-0.19250202198797847,-0.7054938746681985,1.3675043809518026,-0.3568872189492839,0.3004727994060113
-0.14883161786416502,-1.1844854112524852,-1.1783126201946919,-0.8910288536657452,1.7156198775480973,0.7977658640923343,1.4203039035752874,-0.07152161825427683,0.6947615947282234,0.7133906013164308,0.597642383908541,-0.8727562352098543,-1.1965066274132958,-0.5191215037671936,-0.2003151996040075
-0.2565769256219457,-0.24959823593942765,0.8497070676198127,0.6726173381492043,1.000767164462779,0.5816954708711304,0.14135306648968757,0.8469665319585392,0.25388299621995974,-0.15714378101287094,0.597642383908541,0.03559255019714171,0.08549887676925344,-0.5731995987064968,1.0516547979210396
-0.2936028045765095,-1.1104349419207578,-1.1601797382801151,-0.08713580776138195,-0.9395473424830896,-0.8227620850666949,-0.4067687208327123,-0.9900097684670929,-1.0687527993048311,-1.0276781633421728,-0.9826464278844979,0.03559255019714171,1.3675043809518026,0.7246746798367807,0.9014183982180338
-0.06663416658503336,1.2789268685163104,-1.1568394705590088,0.6796484726614873,0.38803626753250386,-0.8227620850666949,-0.4067687208327123,-0.9900097684670929,-1.0687527993048311,-1.0276781633421728,-0.9826464278844979,-0.48522247572823496,1.3675043809518026,-0.9517462632816194,1.1518123977230432
-0.26361184262331283,-0.5538222474439407,1.2514935563585923,-0.5304879006192306,1.996454871974474,0.7977658640923343,0.5067675913712875,0.8469665319585392,-3.2731457918461495,-3.204014119165427,-2.9580074426257963,1.253919396708919,0.08549887676925344,-1.2221367379781356,0.6009455988120226
-0.2539851140951262,0.6106213827974715,0.34341791732070936,-0.5090038784983656,-0.25022508343653194,0.25758988103932456,0.5067675913712875,-0.07152161825427683,-0.4074349015424357,-1.0276781633421728,0.20257018096028123,2.994129652669048,0.08549887676925344,1.5899241988656323,-0.7011031986140263
0.261415120952402,-1.1104349419207578,-1.1601797382801151,-0.08713580776138195,-0.9395473424830896,-0.714726888456093,-2.051134082799912,0.8469665319585392,0.033443696965827906,0.27812341015177994,-0.19250202198797847,-1.053108353035776,-1.1965066274132958,0.8869089646546904,-0.7511819985150282
-0.29286228699741823,-1.1104349419207578,-1.1601797382801151,-0.08713580776138195,-0.9395473424830896,1.337941847145344,1.4203039035752874,0.8469665319585392,0.25388299621995974,0.7133906013164308,-0.19250202198797847,-0.48522247572823496,0.08549887676925344,1.6980803887442388,-0.4507091991090169
0.2810388367983208,0.6106213827974715,0.34341791732070936,-0.5090038784983656,-0.25022508343653194,0.25758988103932456,0.5067675913712875,-0.07152161825427683,-0.4074349015424357,-1.0276781633421728,0.20257018096028123,-0.9654119228257313,0.08549887676925344,0.2379718253830516,-0.7011031986140263
-0.20955405934964966,0.6106213827974715,0.34341791732070936,-0.5090038784983656,-0.25022508343653194,-0.606691691845491,-0.9548905081551122,-0.07152161825427683,-0.18699560228830392,-0.5924109721775218,0.20257018096028123,-0.8727562352098543,0.08549887676925344,0.12981563550444514,1.1017335978220413
-0.1691958512891751,1.2789268685163104,-1.1568394705590088,0.6796484726614873,0.38803626753250386,0.5816954708711304,0.14135306648968757,0.8469665319585392,0.25388299621995974,0.7133906013164308,-0.19250202198797847,-1.053108353035776,0.08549887676925344,0.8869089646546904,-0.9514971981190357
-0.06404235505821389,0.6106213827974715,0.34341791732070936,-0.5090038784983656,-0.25022508343653194,-0.8227620850666949,-0.4067687208327123,-0.9900097684670929,0.6947615947282234,0.7133906013164308,0.597642383908541,0.1260701194300788,1.3675043809518026,-0.03241864931346453,0.2503939995050094
0.05629175154411848,0.6106213827974715,0.34341791732070936,-0.5090038784983656,-0.25022508343653194,-1.4709732647303067,-1.320305033036712,-1.173707398509656,0.25388299621995974,0.7133906013164308,-0.19250202198797847,-0.48522247572823496,0.08549887676925344,0.9409870595939935,-1.251969997525047
-0.2876786639437793,-1.1844854112524852,-1.1783126201946919,-0.8910288536657452,1.7156198775480973,0.7977658640923343,0.5067675913712875,0.8469665319585392,1.135640193236487,0.7133906013164308,1.3877867898050604,-0.9654119228257313,-1.1965066274132958,-1.1680586430388322,0.5007879990100188
-0.06330183747912262,-0.5538222474439407,1.2514935563585923,-0.5304879006192306,1.996454871974474,0.7977658640923343,0.5067675913712875,0.8469665319585392,-3.2731457918461495,-3.204014119165427,-2.9580074426257963,-0.20265138455711335,0.08549887676925344,-1.330292927856742,0.6009455988120226
0.20587630252055628,-1.1104349419207578,-1.1601797382801151,-0.08713580776138195,-0.9395473424830896,-0.714726888456093,-2.051134082799912,0.8469665319585392,0.033443696965827906,0.27812341015177994,-0.19250202198797847,-0.9654119228257313,-1.1965066274132958,-1.1680586430388322,-0.7511819985150282
0.19217672730736765,-1.1270962975203966,0.32289912989105674,-0.49181666080167363,1.2305412508116313,0.7977658640923343,0.5067675913712875,0.8469665319585392,1.135640193236487,0.7133906013164308,1.3877867898050604,0.006770415145578656,1.3675043809518026,-0.7895119784637097,-0.35055159930701313
0.35879318260290477,-1.1270962975203966,0.32289912989105674,-0.49181666080167363,1.2305412508116313,-0.28258610201368517,-0.4067687208327123,-0.07152161825427683,0.9152008939823552,0.7133906013164308,0.9927145868568007,-0.8727562352098543,0.08549887676925344,0.12981563550444514,0.6510243987130244
-0.27768167662604704,-1.1844854112524852,-1.1783126201946919,-0.8910288536657452,1.7156198775480973,-1.3629380681197047,-1.320305033036712,-0.9900097684670929,0.47432229547409155,1.1486577924810817,-0.19250202198797847,-0.20265138455711335,1.3675043809518026,-1.330292927856742,0.3004727994060113
-0.2665739129396779,1.2789268685163104,-1.1568394705590088,0.6796484726614873,0.38803626753250386,0.5816954708711304,0.14135306648968757,0.8469665319585392,0.25388299621995974,0.7133906013164308,-0.19250202198797847,-0.8727562352098543,0.08549887676925344,0.12981563550444514,-0.9514971981190357
-0.26805494809786046,-1.1693667737639242,-0.6710691076895581,-0.11330725289043549,-1.475686877297082,2.3102586166407617,0.8721821162528874,3.051338092469298,0.9152008939823552,1.1486577924810817,0.597642383908541,-0.9654119228257313,-1.1965066274132958,-1.1680586430388322,-0.2503939995050094
-0.27842219420513836,-1.2094774446519432,1.2939626745269432,-0.5238473846909631,1.4858457911992449,-1.9031140511727145,-1.320305033036712,-1.908497918679909,1.5765187917447507,1.1486577924810817,1.78285899275332,2.994129652669048,0.08549887676925344,1.5899241988656323,0.35055159930701313
0.011490438009096276,0.6106213827974715,0.34341791732070936,-0.5090038784983656,-0.25022508343653194,-0.714726888456093,-0.0413541959511124,-1.173707398509656,0.6947615947282234,0.7133906013164308,0.597642383908541,-0.7054938746681985,1.3675043809518026,1.4817680089870258,1.5524427969310584
-0.2936028045765095,-1.1104349419207578,-1.1601797382801151,-0.08713580776138195,-0.9395473424830896,-0.8227620850666949,-0.4067687208327123,-0.9900097684670929,-1.0687527993048311,-1.0276781633421728,-0.9826464278844979,0.006770415145578656,1.3675043809518026,0.7787527747760838,0.9014183982180338
-0.009614312995005094,0.6106213827974715,0.34341791732070936,-0.5090038784983656,-0.25022508343653194,-2.659360427446928,-1.6857195579183122,-2.826986068892725,0.47432229547409155,0.7133906013164308,0.20257018096028123,-0.5008826302442834,-1.1965066274132958,1.6440022938049355,0.7511819985150282
-0.1925221550305503,0.6106213827974715,0.34341791732070936,-0.5090038784983656,-0.25022508343653194,0.25758988103932456,0.14135306648968757,0.2958736418308496,0.6947615947282234,0.27812341015177994,0.9927145868568007,-1.053108353035776,1.3675043809518026,0.6705965848974774,-0.851339598317032
-0.19585448413646103,-1.0734097072548943,4.356033812575339,6.534630428473198,-0.8118950722892828,0.25758988103932456,0.5067675913712875,-0.07152161825427683,-0.18699560228830392,-0.5924109721775218,0.20257018096028123,-0.8727562352098543,0.08549887676925344,-0.5191215037671936,-1.4022063972280525
0.0729533970736722,0.6106213827974715,0.34341791732070936,-0.5090038784983656,-0.25022508343653194,-0.606691691845491,-0.9548905081551122,-0.07152161825427683,-0.18699560228830392,-0.5924109721775218,0.20257018096028123,0.03559255019714171,0.08549887676925344,0.4002061102009613,1.1017335978220413
-0.2913812518392357,0.6106213827974715,0.34341791732070936,-0.5090038784983656,-0.25022508343653194,-1.2549028715091026,-0.4067687208327123,-1.7248002886373457,-0.49561062124408845,0.3651768483847101,-1.2196897496534538,2.994129652669048,0.08549887676925344,0.29204992032235483,-1.2018911976240452
-0.2847165936274142,-1.1844854112524852,-1.1783126201946919,-0.8910288536657452,1.7156198775480973,0.7977658640923343,0.5067675913712875,0.8469665319585392,1.135640193236487,0.7133906013164308,1.3877867898050604,0.03559255019714171,-1.1965066274132958,1.4276899140477226,0.5007879990100188
-0.248060973462396,0.6106213827974715,0.34341791732070936,-0.5090038784983656,-0.25022508343653194,0.25758988103932456,0.14135306648968757,0.2958736418308496,0.6947615947282234,0.27812341015177994,0.9927145868568007,-0.07416729677918882,1.3675043809518026,1.0491432494726,-0.80126079841603
-0.2858273699960511,0.6106213827974715,0.34341791732070936,-0.5090038784983656,-0.25022508343653194,-1.2549028715091026,-0.4067687208327123,-1.7248002886373457,-0.49561062124408845,0.3651768483847101,-1.2196897496534538,-0.8727562352098543,0.08549887676925344,0.12981563550444514,-1.2018911976240452
-0.25213382014739805,-1.1693667737639242,-0.6710691076895581,-0.11330725289043549,-1.475686877297082,0.25758988103932456,0.5067675913712875,-0.07152161825427683,-0.18699560228830392,-0.15714378101287094,-0.19250202198797847,0.1260701194300788,-1.1965066274132958,-0.03241864931346453,1.7527579965350657
-0.011465606942733285,0.6106213827974715,0.34341791732070936,-0.5090038784983656,-0.25022508343653194,-0.28258610201368517,-0.4067687208327123,-0.07152161825427683,-1.0687527993048311,-1.0276781633421728,-0.9826464278844979,-1.053108353035776,1.3675043809518026,0.6705965848974774,-1.0015759980200376
-0.004800948730911799,-0.22886971441058448,0.5783211603049987,0.5987549149898665,0.31144490541621894,-0.8227620850666949,-1.320305033036712,-0.07152161825427683,0.6947615947282234,0.27812341015177994,0.9927145868568007,-0.7539631269986905,-1.1965066274132958,1.319533724169116,0.15023639970300565
-0.15882860518189723,-1.1844854112524852,-1.1783126201946919,-0.8910288536657452,1.7156198775480973,-1.3629380681197047,-1.320305033036712,-0.9900097684670929,0.47432229547409155,1.1486577924810817,-0.19250202198797847,-0.07416729677918882,1.3675043809518026,1.0491432494726,0.3004727994060113
5.0832953372052465,0.6763411743293793,0.3023803424614041,0.27535823820521127,0.20932308926117313,0.4736602742605284,-0.9548905081551122,1.7654546821713553,0.033443696965827906,0.27812341015177994,-0.19250202198797847,0.481837613057126,-1.1965066274132958,1.2113775342905098,-1.652600396733062
-0.14809110028507375,-1.0734097072548943,4.356033812575339,6.534630428473198,-0.8118950722892828,0.25758988103932456,0.5067675913712875,-0.07152161825427683,-0.18699560228830392,-0.5924109721775218,0.20257018096028123,0.481837613057126,0.08549887676925344,-0.30280912400998067,-1.4022063972280525
-0.2850868524169598,0.6106213827974715,0.34341791732070936,-0.5090038784983656,-0.25022508343653194,-2.011149247783316,-2.233841345240712,-1.173707398509656,0.9152008939823552,1.1486577924810817,0.597642383908541,-0.5008826302442834,0.08549887676925344,1.6440022938049355,1.4522851971290545
-0.10180875159186897,1.2789268685163104,-1.1568394705590088,0.6796484726614873,0.38803626753250386,0.36562507764992647,1.2375966411344874,-0.6226145083819664,1.3560794924906188,0.7133906013164308,1.78285899275332,0.481837613057126,1.3675043809518026,1.2113775342905098,0.05007879990100188
-0.282865299679686,-1.1409807605200954,0.2880649093709489,-0.5058789298262397,0.9497062563852547,1.337941847145344,1.4203039035752874,0.8469665319585392,-0.18699560228830392,-0.15714378101287094,-0.19250202198797847,-0.7539631269986905,0.08549887676925344,1.319533724169116,0.7011031986140263
-0.2762006414678645,-0.24959823593942765,0.8497070676198127,0.6726173381492043,1.000767164462779,0.25758988103932456,0.5067675913712875,-0.07152161825427683,-0.18699560228830392,-0.15714378101287094,-0.19250202198797847,-0.18044357397591915,-1.1965066274132958,0.562440395018871,-0.400630399208015
-0.014057418469552751,1.8451044152818088,0.2384380746573705,-0.5179881059307273,1.434784883121723,-0.28258610201368517,-0.4067687208327123,-0.07152161825427683,0.25388299621995974,0.27812341015177994,0.20257018096028123,-0.18044357397591915,0.08549887676925344,0.6165184899581742,1.251969997525047
-0.25879847835921954,-1.1693667737639242,-0.6710691076895581,-0.11330725289043549,-1.475686877297082,0.25758988103932456,0.5067675913712875,-0.07152161825427683,-0.18699560228830392,-0.15714378101287094,-0.19250202198797847,-0.48522247572823496,-1.1965066274132958,0.9409870595939935,1.7527579965350657
-0.2802734881528665,0.6106213827974715,0.34341791732070936,-0.5090038784983656,-0.25022508343653194,0.7977658640923343,0.5067675913712875,0.8469665319585392,1.5765187917447507,1.5839249836457325,1.3877867898050604,-0.8727562352098543,-1.1965066274132958,0.5083623000795677,0.10015759980200376
-0.29027047547059875,0.6106213827974715,0.34341791732070936,-0.5090038784983656,-0.25022508343653194,0.6897306674817323,0.5067675913712875,0.663268901915976,0.033443696965827906,0.27812341015177994,-0.19250202198797847,-0.7539631269986905,-1.1965066274132958,1.319533724169116,0.400630399208015
-0.22399415214192953,-0.24959823593942765,0.8497070676198127,0.6726173381492043,1.000767164462779,1.1218714539241401,1.0548893786936875,0.8469665319585392,-0.4074349015424357,0.27812341015177994,-0.9826464278844979,1.3358760999740618,-1.1965066274132958,-0.843590073403013,-0.3004727994060113
-0.26361184262331283,-0.551662442088432,1.2667633516550785,1.8397856671881925,2.532594406788464,0.7977658640923343,0.5067675913712875,0.8469665319585392,-3.2731457918461495,-3.204014119165427,-2.9580074426257963,-0.48522247572823496,0.08549887676925344,1.6980803887442388,-0.5508667989110206
-0.09958719885459515,1.2789268685163104,-1.1568394705590088,0.6796484726614873,0.38803626753250386,-0.8227620850666949,-0.4067687208327123,-0.9900097684670929,-1.0687527993048311,-1.0276781633421728,-0.9826464278844979,-1.053108353035776,1.3675043809518026,0.4542842051402645,1.1518123977230432
-0.23695320977602688,0.6106213827974715,0.34341791732070936,-0.5090038784983656,-0.25022508343653194,0.7977658640923343,0.5067675913712875,0.8469665319585392,1.5765187917447507,1.5839249836457325,1.3877867898050604,0.006770415145578656,-1.1965066274132958,-0.14057483919207098,0.10015759980200376
0.11516289908187494,0.6106213827974715,0.34341791732070936,-0.5090038784983656,-0.25022508343653194,-0.8227620850666949,-0.4067687208327123,-0.9900097684670929,0.25388299621995974,-0.15714378101287094,0.597642383908541,1.253919396708919,1.3675043809518026,-1.2221367379781356,0.2003151996040075
-0.29286228699741823,-1.2063920084297877,-1.0733327775313528,0.2886392700617461,0.20932308926117313,-0.4986564952348891,-2.233841345240712,1.3980594220862288,0.9152008939823552,1.1486577924810817,0.597642383908541,0.11588619232781792,-1.1965066274132958,-1.4925272126746516,-0.9014183982180338
0.0992417711314125,0.6106213827974715,0.34341791732070936,-0.5090038784983656,-0.25022508343653194,0.25758988103932456,0.5067675913712875,-0.07152161825427683,-0.4074349015424357,-1.0276781633421728,0.20257018096028123,0.03559255019714171,0.08549887676925344,-0.19465293413137422,-0.7011031986140263
-0.17808206223827042,-1.1104349419207578,-1.1601797382801151,-0.08713580776138195,-0.9395473424830896,0.25758988103932456,0.5067675913712875,-0.07152161825427683,-0.18699560228830392,-0.15714378101287094,-0.19250202198797847,-0.45330937043211694,-1.1965066274132958,1.3736118191084195,-0.5007879990100188
-0.2110350945078322,-1.1104349419207578,-1.1601797382801151,-0.08713580776138195,-0.9395473424830896,-0.8227620850666949,-0.4067687208327123,-0.9900097684670929,-1.0687527993048311,-1.0276781633421728,-0.9826464278844979,-0.45330937043211694,1.3675043809518026,1.3736118191084195,0.9014183982180338
-0.19918681324237178,1.2789268685163104,-1.1568394705590088,0.6796484726614873,0.38803626753250386,0.5816954708711304,0.14135306648968757,0.8469665319585392,0.6947615947282234,0.27812341015177994,0.9927145868568007,-0.48522247572823496,0.08549887676925344,1.6980803887442388,-0.6009455988120226
-0.23102906914329666,-1.1693667737639242,-0.6710691076895581,-0.11330725289043549,-1.475686877297082,2.3102586166407617,0.8721821162528874,3.051338092469298,0.9152008939823552,1.1486577924810817,0.597642383908541,-1.053108353035776,-1.1965066274132958,0.4542842051402645,-0.2503939995050094
-0.15401524091780394,-1.1104349419207578,-1.1601797382801151,-0.08713580776138195,-0.9395473424830896,0.25758988103932456,0.5067675913712875,-0.07152161825427683,-0.18699560228830392,-0.15714378101287094,-0.19250202198797847,-0.8727562352098543,-1.1965066274132958,-0.41096531388858715,-0.5007879990100188
-0.22399415214192953,0.6106213827974715,0.34341791732070936,-0.5090038784983656,-0.25022508343653194,-0.606691691845491,-0.9548905081551122,-0.07152161825427683,-0.18699560228830392,-0.5924109721775218,0.20257018096028123,-1.053108353035776,0.08549887676925344,-1.2762148329174388,1.1017335978220413
-0.03664320463183667,0.6106213827974715,0.34341791732070936,-0.5090038784983656,-0.25022508343653194,-0.714726888456093,-0.5894759832735124,-0.6226145083819664,-1.0687527993048311,-1.0276781633421728,-0.9826464278844979,-0.45330937043211694,1.3675043809518026,1.1032213444119032,0.4507091991090169
-0.1906708610828221,0.6106213827974715,0.34341791732070936,-0.5090038784983656,-0.25022508343653194,1.1218714539241401,0.5067675913712875,1.3980594220862288,-0.6278742007965675,0.27812341015177994,-1.3777186308327576,-0.07416729677918882,0.08549887676925344,-0.46504340882789036,1.5023639970300564
-0.1214324674377878,0.6106213827974715,0.34341791732070936,-0.5090038784983656,-0.25022508343653194,-0.8227620850666949,-0.4067687208327123,-0.9900097684670929,0.25388299621995974,-0.15714378101287094,0.597642383908541,-0.20265138455711335,1.3675043809518026,-1.330292927856742,0.2003151996040075
-0.25509589046376313,-0.5538222474439407,1.2514935563585923,-0.5304879006192306,1.996454871974474,0.7977658640923343,0.5067675913712875,0.8469665319585392,-3.2731457918461495,-3.204014119165427,-2.9580074426257963,-0.66451343385658,0.08549887676925344,-0.24873102907067746,0.6009455988120226
-0.07033675448048973,-0.22886971441058448,0.5783211603049987,0.5987549149898665,0.31144490541621894,-0.8227620850666949,-1.320305033036712,-0.07152161825427683,0.6947615947282234,0.27812341015177994,0.9927145868568007,0.03559255019714171,-1.1965066274132958,-0.5731995987064968,0.15023639970300565
0.45617124425340766,1.8451044152818088,0.2384380746573705,-0.5179881059307273,1.434784883121723,-0.28258610201368517,-0.4067687208327123,-0.07152161825427683,0.25388299621995974,0.27812341015177994,0.20257018096028123,-0.07416729677918882,0.08549887676925344,-1.546605307613955,1.251969997525047
-0.28175452331104905,0.6106213827974715,0.34341791732070936,-0.5090038784983656,-0.25022508343653194,0.7977658640923343,0.5067675913712875,0.8469665319585392,1.5765187917447507,1.5839249836457325,1.3877867898050604,-1.053108353035776,-1.1965066274132958,0.6705965848974774,0.10015759980200376
-0.18030361497554426,-1.148385807453268,1.254833824079699,-0.4988477953139567,-1.5267477853746036,0.25758988103932456,0.5067675913712875,-0.07152161825427683,0.033443696965827906,0.27812341015177994,-0.19250202198797847,-0.7539631269986905,0.08549887676925344,1.319533724169116,-1.5524427969310584
0.45246865635795125,-1.1104349419207578,-1.1601797382801151,-0.08713580776138195,-0.9395473424830896,-0.714726888456093,-2.051134082799912,0.8469665319585392,0.033443696965827906,0.27812341015177994,-0.19250202198797847,0.03559255019714171,-1.1965066274132958,0.4002061102009613,-0.7511819985150282
-0.26139028988603896,0.6106213827974715,0.34341791732070936,-0.5090038784983656,-0.25022508343653194,-0.714726888456093,-0.5894759832735124,-0.6226145083819664,-1.0687527993048311,-1.0276781633421728,-0.9826464278844979,-0.45330937043211694,1.3675043809518026,-0.6813557885851033,0.4507091991090169
0.23697804084238985,-0.5538222474439407,1.2514935563585923,-0.5304879006192306,1.996454871974474,0.7977658640923343,0.5067675913712875,0.8469665319585392,-3.2731457918461495,-3.204014119165427,-2.9580074426257963,-0.18044357397591915,0.08549887676925344,-1.0058243582209225,0.6009455988120226
-0.11550832680505758,1.2789268685163104,-1.1568394705590088,0.6796484726614873,0.38803626753250386,0.5816954708711304,0.14135306648968757,0.8469665319585392,0.6947615947282234,0.27812341015177994,0.9927145868568007,0.006770415145578656,0.08549887676925344,-0.14057483919207098,-0.6009455988120226
-0.22325363456283825,1.2789268685163104,-1.1568394705590088,0.6796484726614873,0.38803626753250386,0.7977658640923343,0.5067675913712875,0.8469665319585392,0.033443696965827906,0.27812341015177994,-0.19250202198797847,-0.18044357397591915,0.08549887676925344,0.562440395018871,1.0015759980200376
-0.2199213054569275,-1.1693667737639242,-0.6710691076895581,-0.11330725289043549,-1.475686877297082,-0.8227620850666949,-0.4067687208327123,-0.9900097684670929,-1.0687527993048311,-1.0276781633421728,-0.9826464278844979,0.006770415145578656,1.3675043809518026,0.021659445625838693,-1.3020487974260488
-0.07107727205958102,-1.2094774446519432,1.2939626745269432,-0.5238473846909631,1.4858457911992449,-1.9031140511727145,-1.320305033036712,-1.908497918679909,1.5765187917447507,1.1486577924810817,1.78285899275332,0.5534877303040735,0.08549887676925344,0.9950651545332968,0.35055159930701313
-0.24732045588330473,0.6106213827974715,0.34341791732070936,-0.5090038784983656,-0.25022508343653194,-0.8227620850666949,-0.4067687208327123,-0.9900097684670929,0.6947615947282234,0.7133906013164308,0.597642383908541,-1.053108353035776,1.3675043809518026,0.8869089646546904,0.2503939995050094
0.1829202575687267,1.2789268685163104,-1.1568394705590088,0.6796484726614873,0.38803626753250386,-0.8227620850666949,-0.4067687208327123,-0.9900097684670929,-1.0687527993048311,-1.0276781633421728,-0.9826464278844979,-0.5008826302442834,1.3675043809518026,1.6440022938049355,1.1518123977230432
-0.29027047547059875,-1.1104349419207578,-1.1601797382801151,-0.08713580776138195,-0.9395473424830896,-0.714726888456093,-2.051134082799912,0.8469665319585392,0.033443696965827906,0.27812341015177994,-0.19250202198797847,0.03559255019714171,-1.1965066274132958,0.7246746798367807,-0.7511819985150282
-0.2913812518392357,-1.1844854112524852,-1.1783126201946919,-0.8910288536657452,1.7156198775480973,0.7977658640923343,0.5067675913712875,0.8469665319585392,1.135640193236487,0.7133906013164308,1.3877867898050604,-0.45330937043211694,-1.1965066274132958,1.3736118191084195,0.5007879990100188
-0.2243644109314752,0.6106213827974715,0.34341791732070936,-0.5090038784983656,-0.25022508343653194,-0.8227620850666949,-0.4067687208327123,-0.9900097684670929,0.25388299621995974,-0.15714378101287094,0.597642383908541,2.406388753687064,1.3675043809518026,-1.113980548099529,0.2003151996040075
-0.19585448413646103,0.6106213827974715,0.34341791732070936,-0.5090038784983656,-0.25022508343653194,-0.8227620850666949,-0.4067687208327123,-0.9900097684670929,0.6947615947282234,0.7133906013164308,0.597642383908541,0.006770415145578656,1.3675043809518026,0.021659445625838693,0.2503939995050094
-0.15327472333871267,-1.1693667737639242,-0.6710691076895581,-0.11330725289043549,-1.475686877297082,2.3102586166407617,0.8721821162528874,3.051338092469298,0.9152008939823552,1.1486577924810817,0.597642383908541,0.006770415145578656,-1.1965066274132958,0.021659445625838693,-0.2503939995050094
-0.20029758961100871,1.2789268685163104,-1.1568394705590088,0.6796484726614873,0.38803626753250386,-0.8227620850666949,-0.4067687208327123,-0.9900097684670929,-1.0687527993048311,-1.0276781633421728,-0.9826464278844979,-0.8727562352098543,1.3675043809518026,0.12981563550444514,1.1518123977230432
-0.2713872772037712,0.6106213827974715,0.34341791732070936,-0.5090038784983656,-0.25022508343653194,0.7977658640923343,0.5067675913712875,0.8469665319585392,1.5765187917447507,1.5839249836457325,1.3877867898050604,-1.053108353035776,-1.1965066274132958,0.4542842051402645,0.10015759980200376
0.11516289908187494,-0.22886971441058448,0.5783211603049987,0.5987549149898665,0.31144490541621894,-0.8227620850666949,-1.320305033036712,-0.07152161825427683,0.6947615947282234,0.27812341015177994,0.9927145868568007,0.03559255019714171,-1.1965066274132958,0.4002061102009613,0.15023639970300565
-0.187708790766457,0.6106213827974715,0.34341791732070936,-0.5090038784983656,-0.25022508343653194,-0.8227620850666949,-0.4067687208327123,-0.9900097684670929,0.25388299621995974,-0.15714378101287094,0.597642383908541,-0.45330937043211694,1.3675043809518026,-0.6813557885851033,0.2003151996040075
-0.02738673489319572,0.6303681746192655,0.2680233030443114,0.2800456612134002,0.9752367104240179,1.337941847145344,0.5067675913712875,1.7654546821713553,0.25388299621995974,-0.15714378101287094,0.597642383908541,-0.18044357397591915,-1.1965066274132958,0.562440395018871,-0.05007879990100188
0.12404911003097024,-1.148385807453268,1.254833824079699,-0.4988477953139567,-1.5267477853746036,-1.6870436579515105,-1.320305033036712,-1.5411026585947825,-0.4074349015424357,-0.5924109721775218,-0.19250202198797847,-0.18044357397591915,-1.1965066274132958,-0.7354338835244065,-1.5023639970300564
-0.28545711120650546,-1.2063920084297877,-1.0733327775313528,0.2886392700617461,0.20932308926117313,-0.4986564952348891,-2.233841345240712,1.3980594220862288,0.9152008939823552,1.1486577924810817,0.597642383908541,-1.053108353035776,-1.1965066274132958,-1.2762148329174388,-0.9014183982180338
0.11220082876550984,0.6106213827974715,0.34341791732070936,-0.5090038784983656,-0.25022508343653194,-1.4709732647303067,-1.320305033036712,-1.173707398509656,0.25388299621995974,0.7133906013164308,-0.19250202198797847,0.006770415145578656,0.08549887676925344,0.021659445625838693,-1.251969997525047
-0.2824950408901404,-0.551662442088432,1.2667633516550785,1.8397856671881925,2.532594406788464,0.7977658640923343,0.5067675913712875,0.8469665319585392,-3.2731457918461495,-3.204014119165427,-2.9580074426257963,0.006770415145578656,0.08549887676925344,-0.7895119784637097,-0.5508667989110206
-0.24472864435648528,-1.2094774446519432,1.2939626745269432,-0.5238473846909631,1.4858457911992449,-1.9031140511727145,-1.320305033036712,-1.908497918679909,1.5765187917447507,1.1486577924810817,1.78285899275332,0.03559255019714171,0.08549887676925344,1.4276899140477226,0.35055159930701313
-0.2165889763510168,1.2789268685163104,-1.1568394705590088,0.6796484726614873,0.38803626753250386,-0.28258610201368517,0.14135306648968757,-0.6226145083819664,0.25388299621995974,0.27812341015177994,0.20257018096028123,0.006770415145578656,-1.1965066274132958,0.021659445625838693,-1.1017335978220413
-0.2421368328296658,0.6106213827974715,0.34341791732070936,-0.5090038784983656,-0.25022508343653194,0.25758988103932456,0.14135306648968757,0.2958736418308496,0.6947615947282234,0.27812341015177994,0.9927145868568007,0.1260701194300788,1.3675043809518026,-0.03241864931346453,-0.80126079841603
-0.2199213054569275,-0.24959823593942765,0.8497070676198127,0.6726173381492043,1.000767164462779,1.337941847145344,1.4203039035752874,0.8469665319585392,0.6947615947282234,0.7133906013164308,0.597642383908541,-0.18044357397591915,-1.1965066274132958,-0.7354338835244065,1.3020487974260488
-0.24954200862057857,1.2789268685163104,-1.1568394705590088,0.6796484726614873,0.38803626753250386,-0.17455090540308324,0.14135306648968757,-0.43891687833940324,0.6947615947282234,0.7133906013164308,0.597642383908541,-0.8727562352098543,-1.1965066274132958,0.12981563550444514,-0.10015759980200376
-0.013687159680007112,1.2789268685163104,-1.1568394705590088,0.6796484726614873,0.38803626753250386,0.5816954708711304,0.14135306648968757,0.8469665319585392,0.25388299621995974,0.7133906013164308,-0.19250202198797847,0.03559255019714171,0.08549887676925344,1.4276899140477226,-0.9514971981190357
-0.22621570487920337,-1.1693667737639242,-0.6710691076895581,-0.11330725289043549,-1.475686877297082,0.25758988103932456,0.5067675913712875,-0.07152161825427683,-0.18699560228830392,-0.15714378101287094,-0.19250202198797847,0.1260701194300788,-1.1965066274132958,0.8328308697153871,1.7527579965350657
-0.15586653486553212,-1.1844854112524852,-1.1783126201946919,-0.8910288536657452,1.7156198775480973,0.7977658640923343,1.4203039035752874,-0.07152161825427683,0.6947615947282234,0.7133906013164308,0.597642383908541,-0.45330937043211694,-1.1965066274132958,1.1032213444119032,-0.2003151996040075
-0.15882860518189723,0.6106213827974715,0.34341791732070936,-0.5090038784983656,-0.25022508343653194,-0.8227620850666949,-0.4067687208327123,-0.9900097684670929,0.25388299621995974,-0.15714378101287094,0.597642383908541,0.03559255019714171,1.3675043809518026,-0.19465293413137422,0.2003151996040075
0.08591245470776952,-1.1104349419207578,-1.1601797382801151,-0.08713580776138195,-0.9395473424830896,1.337941847145344,1.4203039035752874,0.8469665319585392,0.6947615947282234,0.7133906013164308,0.597642383908541,-0.8727562352098543,0.08549887676925344,-0.5191215037671936,-1.4522851971290545
-0.1321699723346113,-0.24959823593942765,0.8497070676198127,0.6726173381492043,1.000767164462779,0.25758988103932456,0.5067675913712875,-0.07152161825427683,-0.18699560228830392,-0.15714378101287094,-0.19250202198797847,-0.48522247572823496,-1.1965066274132958,-0.9517462632816194,-0.400630399208015
0.057772786702301036,-1.1693667737639242,-0.6710691076895581,-0.11330725289043549,-1.475686877297082,-0.8227620850666949,-0.4067687208327123,-0.9900097684670929,-1.0687527993048311,-1.0276781633421728,-0.9826464278844979,0.03559255019714171,1.3675043809518026,-0.5731995987064968,-1.3020487974260488
0.23475648810511604,-0.24959823593942765,0.8497070676198127,0.6726173381492043,1.000767164462779,1.1218714539241401,1.0548893786936875,0.8469665319585392,-0.4074349015424357,0.27812341015177994,-0.9826464278844979,0.03559255019714171,-1.1965066274132958,0.4002061102009613,-0.3004727994060113
0.013711990746370105,-1.1104349419207578,-1.1601797382801151,-0.08713580776138195,-0.9395473424830896,-0.714726888456093,-2.051134082799912,0.8469665319585392,0.033443696965827906,0.27812341015177994,-0.19250202198797847,1.253919396708919,-1.1965066274132958,-1.2221367379781356,-0.7511819985150282
-0.22140234061511008,-1.1104349419207578,-1.1601797382801151,-0.08713580776138195,-0.9395473424830896,-0.8227620850666949,-0.4067687208327123,-0.9900097684670929,-1.0687527993048311,-1.0276781633421728,-0.9826464278844979,-0.18044357397591915,1.3675043809518026,-0.7354338835244065,0.9014183982180338
-0.11810013833187705,0.6106213827974715,0.34341791732070936,-0.5090038784983656,-0.25022508343653194,-1.0388324782878988,-1.6857195579183122,-0.07152161825427683,0.47432229547409155,0.27812341015177994,0.597642383908541,0.481837613057126,0.08549887676925344,-0.30280912400998067,-1.1518123977230432
-0.28619762878559674,0.6763411743293793,0.3023803424614041,0.27535823820521127,0.20932308926117313,-1.3089204698144037,-0.31541508961231235,-1.908497918679909,-1.5096313978130949,-1.8982125456714745,-0.9826464278844979,0.1260701194300788,1.3675043809518026,0.8328308697153871,1.702679196634064
-0.07663115390276559,1.2789268685163104,-1.1568394705590088,0.6796484726614873,0.38803626753250386,-0.28258610201368517,0.14135306648968757,-0.6226145083819664,0.25388299621995974,0.27812341015177994,0.20257018096028123,0.006770415145578656,-1.1965066274132958,1.265455629229813,-1.1017335978220413
-0.21214587087646913,1.2789268685163104,-1.1568394705590088,0.6796484726614873,0.38803626753250386,0.5816954708711304,0.14135306648968757,0.8469665319585392,0.25388299621995974,0.7133906013164308,-0.19250202198797847,-0.18044357397591915,0.08549887676925344,0.562440395018871,-0.9514971981190357
-0.27953297057377524,0.6106213827974715,0.34341791732070936,-0.5090038784983656,-0.25022508343653194,-0.0665157087924813,-0.4067687208327123,0.2958736418308496,-0.9805770796031784,-1.0276781633421728,-0.824617546705194,-0.07416729677918882,0.08549887676925344,-1.546605307613955,0.80126079841603
-0.00035784325636414237,1.2789268685163104,-1.1568394705590088,0.6796484726614873,0.38803626753250386,-0.8227620850666949,-0.4067687208327123,-0.9900097684670929,-1.0687527993048311,-1.0276781633421728,-0.9826464278844979,-0.45330937043211694,1.3675043809518026,-0.6813557885851033,1.1518123977230432
-0.25694718441149134,-1.148385807453268,1.254833824079699,-0.4988477953139567,-1.5267477853746036,0.25758988103932456,0.5067675913712875,-0.07152161825427683,0.033443696965827906,0.27812341015177994,-0.19250202198797847,-0.18044357397591915,0.08549887676925344,0.34612801526165804,-1.5524427969310584
-0.012206124521824561,0.6106213827974715,0.34341791732070936,-0.5090038784983656,-0.25022508343653194,-0.8227620850666949,-0.4067687208327123,-0.9900097684670929,0.25388299621995974,-0.15714378101287094,0.597642383908541,-0.07416729677918882,1.3675043809518026,-1.546605307613955,0.2003151996040075
-0.26768468930831485,-1.1693667737639242,-0.6710691076895581,-0.11330725289043549,-1.475686877297082,1.8781178301983537,1.4203039035752874,1.7654546821713553,-0.6278742007965675,-0.15714378101287094,-0.9826464278844979,-1.053108353035776,-1.1965066274132958,1.1572994393512064,1.60252159683206
0.7886636372653907,-1.1270962975203966,0.32289912989105674,-0.49181666080167363,1.2305412508116313,0.7977658640923343,0.5067675913712875,0.8469665319585392,1.135640193236487,0.7133906013164308,1.3877867898050604,-0.5008826302442834,1.3675043809518026,1.6440022938049355,-0.35055159930701313
-0.23510191582829867,0.6106213827974715,0.34341791732070936,-0.5090038784983656,-0.25022508343653194,-2.659360427446928,-1.6857195579183122,-2.826986068892725,0.47432229547409155,0.7133906013164308,0.20257018096028123,0.03559255019714171,-1.1965066274132958,-0.19465293413137422,0.7511819985150282
-0.2847165936274142,-1.1693667737639242,-0.6710691076895581,-0.11330725289043549,-1.475686877297082,1.8781178301983537,1.4203039035752874,1.7654546821713553,-0.6278742007965675,-0.15714378101287094,-0.9826464278844979,-0.8727562352098543,-1.1965066274132958,-0.41096531388858715,1.60252159683206
0.13552713250688503,1.2789268685163104,-1.1568394705590088,0.6796484726614873,0.38803626753250386,0.5816954708711304,0.14135306648968757,0.8469665319585392,0.6947615947282234,0.27812341015177994,0.9927145868568007,-1.053108353035776,0.08549887676925344,1.1572994393512064,-0.6009455988120226
0.675734706453971,0.6106213827974715,0.34341791732070936,-0.5090038784983656,-0.25022508343653194,-1.6870436579515105,-1.320305033036712,-1.5411026585947825,1.135640193236487,1.1486577924810817,0.9927145868568007,0.03559255019714171,0.08549887676925344,0.4002061102009613,1.2018911976240452
-0.23991528009239196,1.2789268685163104,-1.1568394705590088,0.6796484726614873,0.38803626753250386,0.5816954708711304,0.14135306648968757,0.8469665319585392,0.25388299621995974,0.7133906013164308,-0.19250202198797847,0.5534877303040735,0.08549887676925344,0.9950651545332968,-0.9514971981190357
-0.12328376138551599,1.2789268685163104,-1.1568394705590088,0.6796484726614873,0.38803626753250386,0.36562507764992647,1.2375966411344874,-0.6226145083819664,1.3560794924906188,0.7133906013164308,1.78285899275332,-0.48522247572823496,1.3675043809518026,0.9409870595939935,0.05007879990100188
1.49326611377074,1.8451044152818088,0.2384380746573705,-0.5179881059307273,1.434784883121723,1.554012240366548,1.7857184284568872,0.8469665319585392,-2.391388594829622,-2.7687469280007764,-1.7727908337810172,-0.45330937043211694,1.3675043809518026,1.1032213444119032,1.4022063972280525
1.2637056642524442,-1.1693667737639242,-0.6710691076895581,-0.11330725289043549,-1.475686877297082,1.6620474369771499,1.7857184284568872,1.0306641620011023,-0.18699560228830392,0.7133906013164308,-0.9826464278844979,0.481837613057126,-1.1965066274132958,-0.30280912400998067,0.5508667989110206
-0.27916271178422963,-1.2094774446519432,1.2939626745269432,-0.5238473846909631,1.4858457911992449,-1.9031140511727145,-1.320305033036712,-1.908497918679909,1.5765187917447507,1.1486577924810817,1.78285899275332,-0.18044357397591915,0.08549887676925344,0.34612801526165804,0.35055159930701313
-0.13957514812552405,1.2789268685163104,-1.1568394705590088,0.6796484726614873,0.38803626753250386,0.36562507764992647,1.2375966411344874,-0.6226145083819664,1.3560794924906188,0.7133906013164308,1.78285899275332,0.03559255019714171,1.3675043809518026,-0.5731995987064968,0.05007879990100188
-0.024424664576830617,-1.148385807453268,1.254833824079699,-0.4988477953139567,-1.5267477853746036,-1.6870436579515105,-1.320305033036712,-1.5411026585947825,-0.4074349015424357,-0.5924109721775218,-0.19250202198797847,0.481837613057126,-1.1965066274132958,-0.30280912400998067,-1.5023639970300564
-0.02590569973501317,-1.148385807453268,1.254833824079699,-0.4988477953139567,-1.5267477853746036,-1.6870436579515105,-1.320305033036712,-1.5411026585947825,-0.4074349015424357,-0.5924109721775218,-0.19250202198797847,-0.20265138455711335,-1.1965066274132958,-1.330292927856742,-1.5023639970300564
-0.17919283860690732,-1.1693667737639242,-0.6710691076895581,-0.11330725289043549,-1.475686877297082,-0.8227620850666949,-0.4067687208327123,-0.9900097684670929,-1.0687527993048311,-1.0276781633421728,-0.9826464278844979,0.11588619232781792,1.3675043809518026,-1.4925272126746516,-1.3020487974260488
-0.11995143227960524,1.2789268685163104,-1.1568394705590088,0.6796484726614873,0.38803626753250386,-0.8227620850666949,-0.4067687208327123,-0.9900097684670929,-1.0687527993048311,-1.0276781633421728,-0.9826464278844979,-0.18044357397591915,1.3675043809518026,0.34612801526165804,1.1518123977230432
3.3993583623516845,0.6763411743293793,0.3023803424614041,0.27535823820521127,0.20932308926117313,0.4736602742605284,-0.9548905081551122,1.7654546821713553,0.033443696965827906,0.27812341015177994,-0.19250202198797847,0.03559255019714171,-1.1965066274132958,-0.5731995987064968,-1.652600396733062
-0.2158484587719255,-1.1693667737639242,-0.6710691076895581,-0.11330725289043549,-1.475686877297082,0.25758988103932456,0.5067675913712875,-0.07152161825427683,-0.18699560228830392,-0.15714378101287094,-0.19250202198797847,-0.8727562352098543,-1.1965066274132958,-0.41096531388858715,1.7527579965350657
-0.23251010430147923,0.6106213827974715,0.34341791732070936,-0.5090038784983656,-0.25022508343653194,-0.606691691845491,-0.9548905081551122,-0.07152161825427683,-0.18699560228830392,-0.5924109721775218,0.20257018096028123,2.994129652669048,0.08549887676925344,1.5358461039263291,1.1017335978220413
-0.1369833365987046,-0.22886971441058448,0.5783211603049987,0.5987549149898665,0.31144490541621894,-0.8227620850666949,-1.320305033036712,-0.07152161825427683,0.6947615947282234,0.27812341015177994,0.9927145868568007,2.994129652669048,-1.1965066274132958,1.5358461039263291,0.15023639970300565
-0.26213080746513023,-1.1693667737639242,-0.6710691076895581,-0.11330725289043549,-1.475686877297082,0.25758988103932456,0.5067675913712875,-0.07152161825427683,-0.18699560228830392,-0.15714378101287094,-0.19250202198797847,2.994129652669048,-1.1965066274132958,0.29204992032235483,-1.7527579965350657
0.12145729850415078,-1.2094774446519432,1.2939626745269432,-0.5238473846909631,1.4858457911992449,-1.9031140511727145,-1.320305033036712,-1.908497918679909,1.5765187917447507,1.1486577924810817,1.78285899275332,1.3358760999740618,0.08549887676925344,-0.843590073403013,0.35055159930701313
-0.17067688644735765,-1.1104349419207578,-1.1601797382801151,-0.08713580776138195,-0.9395473424830896,1.337941847145344,1.4203039035752874,0.8469665319585392,0.6947615947282234,0.7133906013164308,0.597642383908541,-0.9654119228257313,0.08549887676925344,-0.08649674425276777,-1.4522851971290545
-0.24139631525057453,0.6106213827974715,0.34341791732070936,-0.5090038784983656,-0.25022508343653194,-1.2549028715091026,-0.4067687208327123,-1.7248002886373457,-0.49561062124408845,0.3651768483847101,-1.2196897496534538,-0.8727562352098543,0.08549887676925344,-0.5191215037671936,-1.2018911976240452
0.012230955588187552,1.2789268685163104,-1.1568394705590088,0.6796484726614873,0.38803626753250386,0.5816954708711304,0.14135306648968757,0.8469665319585392,0.6947615947282234,0.27812341015177994,0.9927145868568007,0.1260701194300788,0.08549887676925344,-1.3843710227960453,-0.6009455988120226
-0.029238028840923913,-1.1693667737639242,-0.6710691076895581,-0.11330725289043549,-1.475686877297082,1.6620474369771499,1.7857184284568872,1.0306641620011023,-0.18699560228830392,0.7133906013164308,-0.9826464278844979,0.11588619232781792,-1.1965066274132958,-1.4925272126746516,0.5508667989110206
0.3998919082424707,0.6106213827974715,0.34341791732070936,-0.5090038784983656,-0.25022508343653194,-1.4709732647303067,-1.320305033036712,-1.173707398509656,0.25388299621995974,0.7133906013164308,-0.19250202198797847,-0.8727562352098543,0.08549887676925344,-0.41096531388858715,-1.251969997525047
-0.26768468930831485,0.6106213827974715,0.34341791732070936,-0.5090038784983656,-0.25022508343653194,0.7977658640923343,0.5067675913712875,0.8469665319585392,1.5765187917447507,1.5839249836457325,1.3877867898050604,-0.9654119228257313,-1.1965066274132958,-1.1680586430388322,0.10015759980200376
-0.2088135417705584,0.6106213827974715,0.34341791732070936,-0.5090038784983656,-0.25022508343653194,-0.606691691845491,-0.9548905081551122,-0.07152161825427683,-0.18699560228830392,-0.5924109721775218,0.20257018096028123,0.11588619232781792,0.08549887676925344,-1.4925272126746516,0.9514971981190357
-0.17808206223827042,-0.24959823593942765,0.8497070676198127,0.6726173381492043,1.000767164462779,0.25758988103932456,0.5067675913712875,-0.07152161825427683,-0.18699560228830392,-0.15714378101287094,-0.19250202198797847,-1.053108353035776,-1.1965066274132958,0.6705965848974774,-0.400630399208015
-0.29101099304969,-0.551662442088432,1.2667633516550785,1.8397856671881925,2.532594406788464,0.7977658640923343,0.5067675913712875,0.8469665319585392,-3.2731457918461495,-3.204014119165427,-2.9580074426257963,-0.7054938746681985,0.08549887676925344,-1.4384491177353484,-0.5508667989110206
-0.23843424493420942,0.6763411743293793,0.3023803424614041,0.27535823820521127,0.20932308926117313,-1.3089204698144037,-0.31541508961231235,-1.908497918679909,-1.5096313978130949,-1.8982125456714745,-0.9826464278844979,1.3358760999740618,1.3675043809518026,-0.843590073403013,1.702679196634064
-0.20585147145419327,1.2789268685163104,-1.1568394705590088,0.6796484726614873,0.38803626753250386,0.36562507764992647,1.2375966411344874,-0.6226145083819664,1.3560794924906188,0.7133906013164308,1.78285899275332,-0.9654119228257313,1.3675043809518026,0.2379718253830516,0.05007879990100188
-0.19474370776782413,0.6106213827974715,0.34341791732070936,-0.5090038784983656,-0.25022508343653194,-0.606691691845491,-0.9548905081551122,-0.07152161825427683,-0.18699560228830392,-0.5924109721775218,0.20257018096028123,-0.20265138455711335,0.08549887676925344,-1.330292927856742,1.1017335978220413
-0.2602795135174021,1.8451044152818088,0.2384380746573705,-0.5179881059307273,1.434784883121723,-0.28258610201368517,-0.4067687208327123,-0.07152161825427683,0.25388299621995974,0.27812341015177994,0.20257018096028123,0.5534877303040735,0.08549887676925344,-1.6006834025532581,1.251969997525047
-0.15401524091780394,1.2789268685163104,-1.1568394705590088,0.6796484726614873,0.38803626753250386,0.5816954708711304,0.14135306648968757,0.8469665319585392,0.25388299621995974,0.7133906013164308,-0.19250202198797847,-0.9654119228257313,0.08549887676925344,-0.08649674425276777,-0.9514971981190357
-0.28804892273332494,-1.1104349419207578,-1.1601797382801151,-0.08713580776138195,-0.9395473424830896,1.337941847145344,1.4203039035752874,0.8469665319585392,0.25388299621995974,0.7133906013164308,-0.19250202198797847,0.481837613057126,0.08549887676925344,1.2113775342905098,-0.4507091991090169
0.4139617422452049,0.6106213827974715,0.34341791732070936,-0.5090038784983656,-0.25022508343653194,-0.28258610201368517,-0.4067687208327123,-0.07152161825427683,-1.0687527993048311,-1.0276781633421728,-0.9826464278844979,-0.18044357397591915,1.3675043809518026,0.6165184899581742,-1.0015759980200376
0.2928871180637812,0.6106213827974715,0.34341791732070936,-0.5090038784983656,-0.25022508343653194,-0.8227620850666949,-0.4067687208327123,-0.9900097684670929,-0.4074349015424357,-1.0276781633421728,0.20257018096028123,-0.7054938746681985,1.3675043809518026,1.4817680089870258,0.851339598317032
-0.28545711120650546,-1.1693667737639242,-0.6710691076895581,-0.11330725289043549,-1.475686877297082,1.8781178301983537,1.4203039035752874,1.7654546821713553,-0.6278742007965675,-0.15714378101287094,-0.9826464278844979,0.006770415145578656,-1.1965066274132958,-0.7895119784637097,1.60252159683206
-0.1417967008627979,1.2789268685163104,-1.1568394705590088,0.6796484726614873,0.38803626753250386,0.5816954708711304,0.14135306648968757,0.8469665319585392,0.6947615947282234,0.27812341015177994,0.9927145868568007,0.006770415145578656,0.08549887676925344,-0.7895119784637097,-0.6009455988120226
-0.28175452331104905,0.6106213827974715,0.34341791732070936,-0.5090038784983656,-0.25022508343653194,-1.2549028715091026,-0.4067687208327123,-1.7248002886373457,-0.49561062124408845,0.3651768483847101,-1.2196897496534538,-0.9654119228257313,0.08549887676925344,0.2379718253830516,-1.2018911976240452
-0.22473466972102082,1.2789268685163104,-1.1568394705590088,0.6796484726614873,0.38803626753250386,0.25758988103932456,0.5067675913712875,-0.07152161825427683,0.033443696965827906,0.27812341015177994,-0.19250202198797847,0.006770415145578656,-1.1965066274132958,0.021659445625838693,0.0
-0.05700743805684677,-0.24959823593942765,0.8497070676198127,0.6726173381492043,1.000767164462779,1.1218714539241401,1.0548893786936875,0.8469665319585392,-0.4074349015424357,0.27812341015177994,-0.9826464278844979,0.5534877303040735,-1.1965066274132958,0.9950651545332968,-0.3004727994060113
0.21254096073237774,0.6106213827974715,0.34341791732070936,-0.5090038784983656,-0.25022508343653194,-0.28258610201368517,-0.4067687208327123,-0.07152161825427683,-1.0687527993048311,-1.0276781633421728,-0.9826464278844979,-0.18044357397591915,1.3675043809518026,-0.7354338835244065,-1.0015759980200376
-0.2887894403124162,-1.1693667737639242,-0.6710691076895581,-0.11330725289043549,-1.475686877297082,0.04151948781812065,-1.320305033036712,1.3980594220862288,-0.18699560228830392,-0.15714378101287094,-0.19250202198797847,0.1260701194300788,-1.1965066274132958,-0.03241864931346453,1.3521275973270508
-0.1614204167087167,1.2789268685163104,-1.1568394705590088,0.6796484726614873,0.38803626753250386,-0.28258610201368517,0.14135306648968757,-0.6226145083819664,0.25388299621995974,0.27812341015177994,0.20257018096028123,-0.07416729677918882,-1.1965066274132958,1.0491432494726,-1.1017335978220413
-0.28841918152287055,-1.1693667737639242,-0.6710691076895581,-0.11330725289043549,-1.475686877297082,0.25758988103932456,0.5067675913712875,-0.07152161825427683,-0.18699560228830392,-0.15714378101287094,-0.19250202198797847,0.1260701194300788,-1.1965066274132958,-1.3843710227960453,-1.7527579965350657
-0.2739790887305907,-1.1104349419207578,-1.1601797382801151,-0.08713580776138195,-0.9395473424830896,1.337941847145344,1.4203039035752874,0.8469665319585392,0.25388299621995974,0.7133906013164308,-0.19250202198797847,0.03559255019714171,0.08549887676925344,1.4276899140477226,-0.4507091991090169
-0.144758771179163,1.2789268685163104,-1.1568394705590088,0.6796484726614873,0.38803626753250386,-0.17455090540308324,0.14135306648968757,-0.43891687833940324,0.6947615947282234,0.7133906013164308,0.597642383908541,-0.5008826302442834,-1.1965066274132958,1.6440022938049355,-0.10015759980200376
0.32324833880652354,-1.1104349419207578,-1.1601797382801151,-0.08713580776138195,-0.9395473424830896,0.25758988103932456,0.5067675913712875,-0.07152161825427683,-0.18699560228830392,-0.15714378101287094,-0.19250202198797847,0.03559255019714171,-1.1965066274132958,0.4002061102009613,-0.5007879990100188
-0.29249202820787257,-1.2063920084297877,-1.0733327775313528,0.2886392700617461,0.20932308926117313,-0.4986564952348891,-2.233841345240712,1.3980594220862288,0.9152008939823552,1.1486577924810817,0.597642383908541,0.481837613057126,-1.1965066274132958,-0.30280912400998067,-0.9014183982180338
-0.0962548697486844,0.6106213827974715,0.34341791732070936,-0.5090038784983656,-0.25022508343653194,-0.8227620850666949,-0.4067687208327123,-0.9900097684670929,0.25388299621995974,-0.15714378101287094,0.597642383908541,-0.48522247572823496,1.3675043809518026,0.9409870595939935,0.2003151996040075
-0.14216695965234352,0.6106213827974715,0.34341791732070936,-0.5090038784983656,-0.25022508343653194,-1.6870436579515105,-1.320305033036712,-1.5411026585947825,1.135640193236487,1.1486577924810817,0.9927145868568007,-0.3650833393028946,0.08549887676925344,0.07573754056514193,1.2018911976240452
0.24734528694966773,-0.24959823593942765,0.8497070676198127,0.6726173381492043,1.000767164462779,1.1218714539241401,1.0548893786936875,0.8469665319585392,-0.4074349015424357,0.27812341015177994,-0.9826464278844979,0.5534877303040735,-1.1965066274132958,-1.6006834025532581,-0.3004727994060113
0.013341731956824466,1.2789268685163104,-1.1568394705590088,0.6796484726614873,0.38803626753250386,0.7977658640923343,0.5067675913712875,0.8469665319585392,0.033443696965827906,0.27812341015177994,-0.19250202198797847,0.006770415145578656,0.08549887676925344,1.265455629229813,1.0015759980200376
0.6109394182834843,-1.1104349419207578,-1.1601797382801151,-0.08713580776138195,-0.9395473424830896,0.25758988103932456,0.5067675913712875,-0.07152161825427683,-0.18699560228830392,-0.15714378101287094,-0.19250202198797847,-0.07416729677918882,-1.1965066274132958,-0.46504340882789036,-0.5007879990100188
-0.2343613982492074,0.6106213827974715,0.34341791732070936,-0.5090038784983656,-0.25022508343653194,-1.2549028715091026,-0.4067687208327123,-1.7248002886373457,-0.49561062124408845,0.3651768483847101,-1.2196897496534538,0.006770415145578656,0.08549887676925344,-0.7895119784637097,-1.2018911976240452
3.6392860579772583,0.6763411743293793,0.3023803424614041,0.27535823820521127,0.20932308926117313,-1.3089204698144037,-0.31541508961231235,-1.908497918679909,-1.5096313978130949,-1.8982125456714745,-0.9826464278844979,0.03559255019714171,1.3675043809518026,-0.5731995987064968,1.702679196634064
-0.2780519354155927,-0.551662442088432,1.2667633516550785,1.8397856671881925,2.532594406788464,0.7977658640923343,0.5067675913712875,0.8469665319585392,-3.2731457918461495,-3.204014119165427,-2.9580074426257963,-0.8727562352098543,0.08549887676925344,0.5083623000795677,-0.5508667989110206
-0.26990624204558866,-0.24959823593942765,0.8497070676198127,0.6726173381492043,1.000767164462779,1.337941847145344,1.4203039035752874,0.8469665319585392,0.6947615947282234,0.7133906013164308,0.597642383908541,-0.48522247572823496,-1.1965066274132958,0.9409870595939935,1.3020487974260488
-0.25435537288467186,0.6763411743293793,0.3023803424614041,0.27535823820521127,0.20932308926117313,-1.3089204698144037,-0.31541508961231235,-1.908497918679909,-1.5096313978130949,-1.8982125456714745,-0.9826464278844979,-0.20265138455711335,1.3675043809518026,-1.330292927856742,1.702679196634064
0.28733323622059664,0.6106213827974715,0.34341791732070936,-0.5090038784983656,-0.25022508343653194,-1.6870436579515105,-1.320305033036712,-1.5411026585947825,1.135640193236487,1.1486577924810817,0.9927145868568007,0.481837613057126,0.08549887676925344,-0.30280912400998067,1.2018911976240452
0.04592450543684062,0.6106213827974715,0.34341791732070936,-0.5090038784983656,-0.25022508343653194,-0.8227620850666949,-0.4067687208327123,-0.9900097684670929,-0.4074349015424357,-0.5924109721775218,-0.19250202198797847,0.03559255019714171,1.3675043809518026,0.4002061102009613,-0.6510243987130244
-0.21140535329737783,0.6106213827974715,0.34341791732070936,-0.5090038784983656,-0.25022508343653194,-0.8227620850666949,-0.4067687208327123,-0.9900097684670929,-0.4074349015424357,-0.5924109721775218,-0.19250202198797847,0.03559255019714171,1.3675043809518026,1.4276899140477226,-0.6510243987130244
-0.055526402898664215,-1.1693667737639242,-0.6710691076895581,-0.11330725289043549,-1.475686877297082,1.6620474369771499,1.7857184284568872,1.0306641620011023,-0.18699560228830392,0.7133906013164308,-0.9826464278844979,0.03559255019714171,-1.1965066274132958,-0.19465293413137422,0.5508667989110206
0.40581604887520084,0.6763411743293793,0.3023803424614041,0.27535823820521127,0.20932308926117313,-1.3089204698144037,-0.31541508961231235,-1.908497918679909,-1.5096313978130949,-1.8982125456714745,-0.9826464278844979,-0.8727562352098543,1.3675043809518026,-0.5191215037671936,1.702679196634064
-0.2158484587719255,0.6106213827974715,0.34341791732070936,-0.5090038784983656,-0.25022508343653194,-1.2549028715091026,-0.4067687208327123,-1.7248002886373457,-0.49561062124408845,0.3651768483847101,-1.2196897496534538,0.006770415145578656,0.08549887676925344,1.265455629229813,-1.2018911976240452
-0.29101099304969,-0.24959823593942765,0.8497070676198127,0.6726173381492043,1.000767164462779,0.25758988103932456,0.5067675913712875,-0.07152161825427683,-0.18699560228830392,-0.15714378101287094,-0.19250202198797847,2.994129652669048,-1.1965066274132958,-0.6272776936458,-0.400630399208015
-0.15549627607598648,-1.0734097072548943,4.356033812575339,6.534630428473198,-0.8118950722892828,0.25758988103932456,0.5067675913712875,-0.07152161825427683,-0.18699560228830392,-0.5924109721775218,0.20257018096028123,0.481837613057126,0.08549887676925344,1.2113775342905098,-1.4022063972280525
-0.24769071467285037,-1.148385807453268,1.254833824079699,-0.4988477953139567,-1.5267477853746036,0.25758988103932456,0.5067675913712875,-0.07152161825427683,0.033443696965827906,0.27812341015177994,-0.19250202198797847,-0.7054938746681985,0.08549887676925344,1.4817680089870258,-1.5524427969310584
-0.28545711120650546,-1.1693667737639242,-0.6710691076895581,-0.11330725289043549,-1.475686877297082,0.25758988103932456,0.5067675913712875,-0.07152161825427683,-0.18699560228830392,-0.15714378101287094,-0.19250202198797847,-0.7054938746681985,-1.1965066274132958,1.4817680089870258,-1.7527579965350657
0.6131609710207582,-1.1104349419207578,-1.1601797382801151,-0.08713580776138195,-0.9395473424830896,-0.714726888456093,-2.051134082799912,0.8469665319585392,0.033443696965827906,0.27812341015177994,-0.19250202198797847,-0.66451343385658,-1.1965066274132958,-0.24873102907067746,-0.7511819985150282
-0.11587858559460322,1.2789268685163104,-1.1568394705590088,0.6796484726614873,0.38803626753250386,-0.8227620850666949,-0.4067687208327123,-0.9900097684670929,-1.0687527993048311,-1.0276781633421728,-0.9826464278844979,-1.053108353035776,1.3675043809518026,0.6705965848974774,1.1518123977230432
-0.2343613982492074,-1.1104349419207578,-1.1601797382801151,-0.08713580776138195,-0.9395473424830896,1.337941847145344,1.4203039035752874,0.8469665319585392,0.6947615947282234,0.7133906013164308,0.597642383908541,-1.053108353035776,0.08549887676925344,1.1572994393512064,-1.4522851971290545
-0.27064675962467993,0.6106213827974715,0.34341791732070936,-0.5090038784983656,-0.25022508343653194,-0.8227620850666949,-0.4067687208327123,-0.9900097684670929,-0.4074349015424357,-0.5924109721775218,-0.19250202198797847,-1.053108353035776,1.3675043809518026,0.6705965848974774,-0.6510243987130244
0.3884138857665559,0.6763411743293793,0.3023803424614041,0.27535823820521127,0.20932308926117313,-1.3089204698144037,-0.31541508961231235,-1.908497918679909,-1.5096313978130949,-1.8982125456714745,-0.9826464278844979,-0.7539631269986905,1.3675043809518026,1.319533724169116,1.702679196634064
-0.14253721844188916,0.6106213827974715,0.34341791732070936,-0.5090038784983656,-0.25022508343653194,0.25758988103932456,0.14135306648968757,0.2958736418308496,0.6947615947282234,0.27812341015177994,0.9927145868568007,-0.48522247572823496,1.3675043809518026,0.9409870595939935,-0.851339598317032
-0.269535983256043,-0.551662442088432,1.2667633516550785,1.8397856671881925,2.532594406788464,0.7977658640923343,0.5067675913712875,0.8469665319585392,-3.2731457918461495,-3.204014119165427,-2.9580074426257963,-1.053108353035776,0.08549887676925344,0.6705965848974774,-0.5508667989110206
-0.29212176941832696,-1.2063920084297877,-1.0733327775313528,0.2886392700617461,0.20932308926117313,-0.4986564952348891,-2.233841345240712,1.3980594220862288,0.9152008939823552,1.1486577924810817,0.597642383908541,-1.053108353035776,-1.1965066274132958,0.4542842051402645,-0.9014183982180338
-0.21436742361374295,-1.1409807605200954,0.2880649093709489,-0.5058789298262397,0.9497062563852547,1.337941847145344,1.4203039035752874,0.8469665319585392,-0.18699560228830392,-0.15714378101287094,-0.19250202198797847,-0.45330937043211694,0.08549887676925344,1.3736118191084195,0.7011031986140263
-0.019241041523191685,0.6106213827974715,0.34341791732070936,-0.5090038784983656,-0.25022508343653194,-0.606691691845491,-0.9548905081551122,-0.07152161825427683,-0.18699560228830392,-0.5924109721775218,0.20257018096028123,-0.8727562352098543,0.08549887676925344,-0.41096531388858715,1.1017335978220413
0.1177547106086944,0.6106213827974715,0.34341791732070936,-0.5090038784983656,-0.25022508343653194,-1.0388324782878988,-1.6857195579183122,-0.07152161825427683,0.47432229547409155,0.27812341015177994,0.597642383908541,-0.7054938746681985,0.08549887676925344,-1.4384491177353484,-1.1518123977230432
-0.10180875159186897,1.2789268685163104,-1.1568394705590088,0.6796484726614873,0.38803626753250386,-0.28258610201368517,0.14135306648968757,-0.6226145083819664,0.25388299621995974,0.27812341015177994,0.20257018096028123,0.481837613057126,-1.1965066274132958,-0.30280912400998067,-1.1017335978220413
-0.2032596599273738,-1.148385807453268,1.254833824079699,-0.4988477953139567,-1.5267477853746036,0.25758988103932456,0.5067675913712875,-0.07152161825427683,0.033443696965827906,0.27812341015177994,-0.19250202198797847,-1.053108353035776,0.08549887676925344,1.1572994393512064,-1.5524427969310584
-0.22288337577329262,1.2789268685163104,-1.1568394705590088,0.6796484726614873,0.38803626753250386,0.36562507764992647,1.2375966411344874,-0.6226145083819664,1.3560794924906188,0.7133906013164308,1.78285899275332,2.994129652669048,1.3675043809518026,0.29204992032235483,0.05007879990100188
-0.23991528009239196,0.6106213827974715,0.34341791732070936,-0.5090038784983656,-0.25022508343653194,-0.714726888456093,-0.5894759832735124,-0.6226145083819664,-1.0687527993048311,-1.0276781633421728,-0.9826464278844979,-0.7539631269986905,1.3675043809518026,1.319533724169116,0.4507091991090169
-0.28434633483786853,-0.551662442088432,1.2667633516550785,1.8397856671881925,2.532594406788464,0.7977658640923343,0.5067675913712875,0.8469665319585392,-3.2731457918461495,-3.204014119165427,-2.9580074426257963,1.253919396708919,0.08549887676925344,-1.2221367379781356,-0.5508667989110206
0.10738746450141654,0.6106213827974715,0.34341791732070936,-0.5090038784983656,-0.25022508343653194,-1.0388324782878988,-1.6857195579183122,-0.07152161825427683,0.47432229547409155,0.27812341015177994,0.597642383908541,2.994129652669048,0.08549887676925344,1.5358461039263291,-1.1518123977230432
0.002233968270455324,-1.1104349419207578,-1.1601797382801151,-0.08713580776138195,-0.9395473424830896,-0.714726888456093,-2.051134082799912,0.8469665319585392,0.033443696965827906,0.27812341015177994,-0.19250202198797847,-0.07416729677918882,-1.1965066274132958,-0.46504340882789036,-0.7511819985150282
0.04777579938456881,-1.2094774446519432,1.2939626745269432,-0.5238473846909631,1.4858457911992449,-1.9031140511727145,-1.320305033036712,-1.908497918679909,1.5765187917447507,1.1486577924810817,1.78285899275332,-0.7054938746681985,0.08549887676925344,-1.4384491177353484,0.35055159930701313
-0.2532445965160349,0.6106213827974715,0.34341791732070936,-0.5090038784983656,-0.25022508343653194,-0.0665157087924813,-0.4067687208327123,0.2958736418308496,-0.9805770796031784,-1.0276781633421728,-0.824617546705194,-0.9654119228257313,0.08549887676925344,0.2379718253830516,0.80126079841603
11.765355712135378,-1.2094774446519432,1.2939626745269432,-0.5238473846909631,1.4858457911992449,-1.9031140511727145,-1.320305033036712,-1.908497918679909,1.5765187917447507,1.1486577924810817,1.78285899275332,-0.8727562352098543,0.08549887676925344,0.12981563550444514,0.35055159930701313
-0.26213080746513023,-1.1693667737639242,-0.6710691076895581,-0.11330725289043549,-1.475686877297082,0.25758988103932456,0.5067675913712875,-0.07152161825427683,-0.18699560228830392,-0.15714378101287094,-0.19250202198797847,0.03559255019714171,-1.1965066274132958,-0.5731995987064968,-1.7527579965350657
-0.12957816080779183,1.8451044152818088,0.2384380746573705,-0.5179881059307273,1.434784883121723,1.554012240366548,1.7857184284568872,0.8469665319585392,-2.391388594829622,-2.7687469280007764,-1.7727908337810172,-1.053108353035776,1.3675043809518026,0.4542842051402645,1.4022063972280525
-0.23621269219693558,0.6106213827974715,0.34341791732070936,-0.5090038784983656,-0.25022508343653194,-0.8227620850666949,-0.4067687208327123,-0.9900097684670929,0.25388299621995974,-0.15714378101287094,0.597642383908541,0.5534877303040735,1.3675043809518026,0.9950651545332968,0.2003151996040075
0.3902651797142841,0.6106213827974715,0.34341791732070936,-0.5090038784983656,-0.25022508343653194,-0.28258610201368517,-0.4067687208327123,-0.07152161825427683,-1.0687527993048311,-1.0276781633421728,-0.9826464278844979,-0.8727562352098543,1.3675043809518026,-0.41096531388858715,-1.0015759980200376
-0.2847165936274142,0.6106213827974715,0.34341791732070936,-0.5090038784983656,-0.25022508343653194,-0.8227620850666949,-0.4067687208327123,-0.9900097684670929,0.6947615947282234,0.7133906013164308,0.597642383908541,-0.9654119228257313,1.3675043809518026,-0.08649674425276777,0.2503939995050094
-0.20955405934964966,0.6106213827974715,0.34341791732070936,-0.5090038784983656,-0.25022508343653194,0.7977658640923343,0.5067675913712875,0.8469665319585392,1.5765187917447507,1.5839249836457325,1.3877867898050604,-0.07416729677918882,-1.1965066274132958,-1.546605307613955,0.10015759980200376
-0.12365402017506162,0.6106213827974715,0.34341791732070936,-0.5090038784983656,-0.25022508343653194,-0.8227620850666949,-0.4067687208327123,-0.9900097684670929,0.25388299621995974,-0.15714378101287094,0.597642383908541,2.994129652669048,1.3675043809518026,1.5899241988656323,0.2003151996040075
-0.27694115904695576,-1.1844854112524852,-1.1783126201946919,-0.8910288536657452,1.7156198775480973,0.7977658640923343,0.5067675913712875,0.8469665319585392,1.135640193236487,0.7133906013164308,1.3877867898050604,-1.053108353035776,-1.1965066274132958,-1.2762148329174388,0.5007879990100188
-0.2806437469424122,1.8451044152818088,0.2384380746573705,-0.5179881059307273,1.434784883121723,-1.3629380681197047,-0.4067687208327123,-1.908497918679909,-0.4074349015424357,0.27812341015177994,-0.9826464278844979,0.03559255019714171,0.08549887676925344,0.7246746798367807,1.652600396733062
-0.19918681324237178,0.6106213827974715,0.34341791732070936,-0.5090038784983656,-0.25022508343653194,0.25758988103932456,0.14135306648968757,0.2958736418308496,0.6947615947282234,0.27812341015177994,0.9927145868568007,2.994129652669048,1.3675043809518026,0.29204992032235483,-0.851339598317032
-0.10477082190823409,-1.1104349419207578,-1.1601797382801151,-0.08713580776138195,-0.9395473424830896,-0.8227620850666949,-0.4067687208327123,-0.9900097684670929,-1.0687527993048311,-1.0276781633421728,-0.9826464278844979,-0.07416729677918882,1.3675043809518026,-0.46504340882789036,0.9014183982180338
-0.2313993279328423,-1.1693667737639242,-0.6710691076895581,-0.11330725289043549,-1.475686877297082,0.25758988103932456,0.5067675913712875,-0.07152161825427683,-0.18699560228830392,-0.15714378101287094,-0.19250202198797847,0.006770415145578656,-1.1965066274132958,0.7787527747760838,1.7527579965350657
0.0836909019704957,0.6106213827974715,0.34341791732070936,-0.5090038784983656,-0.25022508343653194,0.25758988103932456,0.5067675913712875,-0.07152161825427683,-0.4074349015424357,-1.0276781633421728,0.20257018096028123,0.03559255019714171,0.08549887676925344,0.4002061102009613,-0.7011031986140263
-0.0747798599550374,-1.1693667737639242,-0.6710691076895581,-0.11330725289043549,-1.475686877297082,0.25758988103932456,0.5067675913712875,-0.07152161825427683,-0.18699560228830392,-0.15714378101287094,-0.19250202198797847,-0.66451343385658,-1.1965066274132958,-0.24873102907067746,-1.7527579965350657
-0.21325664724510604,-0.5538222474439407,1.2514935563585923,-0.5304879006192306,1.996454871974474,0.7977658640923343,0.5067675913712875,0.8469665319585392,-3.2731457918461495,-3.204014119165427,-2.9580074426257963,0.006770415145578656,0.08549887676925344,0.021659445625838693,0.6009455988120226
-0.22806699882693154,-1.1844854112524852,-1.1783126201946919,-0.8910288536657452,1.7156198775480973,0.7977658640923343,1.4203039035752874,-0.07152161825427683,0.6947615947282234,0.7133906013164308,0.597642383908541,0.1260701194300788,-1.1965066274132958,-1.3843710227960453,-0.2003151996040075
-0.15919886397144287,-0.24959823593942765,0.8497070676198127,0.6726173381492043,1.000767164462779,1.1218714539241401,1.0548893786936875,0.8469665319585392,-0.4074349015424357,0.27812341015177994,-0.9826464278844979,-0.7054938746681985,-1.1965066274132958,-1.4384491177353484,-0.3004727994060113
-0.28619762878559674,-1.1409807605200954,0.2880649093709489,-0.5058789298262397,0.9497062563852547,1.337941847145344,1.4203039035752874,0.8469665319585392,-0.18699560228830392,-0.15714378101287094,-0.19250202198797847,0.1260701194300788,0.08549887676925344,-1.3843710227960453,0.7011031986140263
-0.2469501970937591,-1.1844854112524852,-1.1783126201946919,-0.8910288536657452,1.7156198775480973,0.7977658640923343,0.5067675913712875,0.8469665319585392,1.135640193236487,0.7133906013164308,1.3877867898050604,0.1260701194300788,-1.1965066274132958,-1.3843710227960453,0.5007879990100188
-0.03368113431547157,0.6106213827974715,0.34341791732070936,-0.5090038784983656,-0.25022508343653194,-0.714726888456093,-0.0413541959511124,-1.173707398509656,0.6947615947282234,0.7133906013164308,0.597642383908541,2.994129652669048,1.3675043809518026,1.5358461039263291,1.5524427969310584
-0.2284372576164772,-1.2094774446519432,1.2939626745269432,-0.5238473846909631,1.4858457911992449,-1.9031140511727145,-1.320305033036712,-1.908497918679909,1.5765187917447507,1.1486577924810817,1.78285899275332,0.5534877303040735,0.08549887676925344,-1.6006834025532581,0.35055159930701313
-0.08662814122049782,0.6106213827974715,0.34341791732070936,-0.5090038784983656,-0.25022508343653194,-0.8227620850666949,-0.4067687208327123,-0.9900097684670929,0.25388299621995974,-0.15714378101287094,0.597642383908541,2.994129652669048,1.3675043809518026,0.29204992032235483,0.2003151996040075
-0.25435537288467186,-0.24959823593942765,0.8497070676198127,0.6726173381492043,1.000767164462779,1.337941847145344,1.4203039035752874,0.8469665319585392,0.6947615947282234,0.7133906013164308,0.597642383908541,-0.8727562352098543,-1.1965066274132958,-0.41096531388858715,1.3020487974260488
-0.2839760760483229,-1.0734097072548943,4.356033812575339,6.534630428473198,-0.8118950722892828,0.25758988103932456,0.5067675913712875,-0.07152161825427683,-0.18699560228830392,-0.5924109721775218,0.20257018096028123,1.253919396708919,0.08549887676925344,-1.6547614974925613,-1.4022063972280525
-0.23213984551193356,-1.1693667737639242,-0.6710691076895581,-0.11330725289043549,-1.475686877297082,0.25758988103932456,0.5067675913712875,-0.07152161825427683,-0.18699560228830392,-0.15714378101287094,-0.19250202198797847,-0.18044357397591915,-1.1965066274132958,0.18389373044374838,1.7527579965350657
-0.16993636886826638,1.2789268685163104,-1.1568394705590088,0.6796484726614873,0.38803626753250386,-0.28258610201368517,0.14135306648968757,-0.6226145083819664,0.25388299621995974,0.27812341015177994,0.20257018096028123,-1.053108353035776,-1.1965066274132958,0.6705965848974774,-1.1017335978220413
-0.06589364900594208,1.2789268685163104,-1.1568394705590088,0.6796484726614873,0.38803626753250386,0.5816954708711304,0.14135306648968757,0.8469665319585392,0.6947615947282234,0.27812341015177994,0.9927145868568007,-0.7054938746681985,0.08549887676925344,1.4817680089870258,-0.6009455988120226
-0.2762006414678645,0.6106213827974715,0.34341791732070936,-0.5090038784983656,-0.25022508343653194,-1.2549028715091026,-0.4067687208327123,-1.7248002886373457,-0.49561062124408845,0.3651768483847101,-1.2196897496534538,2.994129652669048,0.08549887676925344,1.5899241988656323,-1.2018911976240452
-0.2199213054569275,0.6106213827974715,0.34341791732070936,-0.5090038784983656,-0.25022508343653194,-0.714726888456093,-0.5894759832735124,-0.6226145083819664,-1.0687527993048311,-1.0276781633421728,-0.9826464278844979,2.406388753687064,1.3675043809518026,-1.113980548099529,0.4507091991090169
-0.11995143227960524,1.2789268685163104,-1.1568394705590088,0.6796484726614873,0.38803626753250386,0.36562507764992647,1.2375966411344874,-0.6226145083819664,1.3560794924906188,0.7133906013164308,1.78285899275332,-0.48522247572823496,1.3675043809518026,1.6980803887442388,0.05007879990100188
-0.29027047547059875,-1.1693667737639242,-0.6710691076895581,-0.11330725289043549,-1.475686877297082,0.04151948781812065,-1.320305033036712,1.3980594220862288,-0.18699560228830392,-0.15714378101287094,-0.19250202198797847,-0.9654119228257313,-1.1965066274132958,-1.1680586430388322,1.3521275973270508
-0.2824950408901404,0.6763411743293793,0.3023803424614041,0.27535823820521127,0.20932308926117313,-1.3089204698144037,-0.31541508961231235,-1.908497918679909,-1.5096313978130949,-1.8982125456714745,-0.9826464278844979,0.5534877303040735,1.3675043809518026,0.9950651545332968,1.702679196634064
0.6261200286548555,1.8451044152818088,0.2384380746573705,-0.5179881059307273,1.434784883121723,-1.3629380681197047,-0.4067687208327123,-1.908497918679909,-0.4074349015424357,0.27812341015177994,-0.9826464278844979,-0.9654119228257313,0.08549887676925344,-1.1680586430388322,1.652600396733062
-0.23954502130284633,0.6106213827974715,0.34341791732070936,-0.5090038784983656,-0.25022508343653194,0.7977658640923343,0.5067675913712875,0.8469665319585392,1.5765187917447507,1.5839249836457325,1.3877867898050604,0.006770415145578656,-1.1965066274132958,0.7787527747760838,0.10015759980200376
0.03000337748637818,0.6106213827974715,0.34341791732070936,-0.5090038784983656,-0.25022508343653194,0.25758988103932456,0.14135306648968757,0.2958736418308496,0.6947615947282234,0.27812341015177994,0.9927145868568007,0.03559255019714171,1.3675043809518026,1.4276899140477226,-0.851339598317032
0.04518398785774934,0.6106213827974715,0.34341791732070936,-0.5090038784983656,-0.25022508343653194,-1.0388324782878988,-1.6857195579183122,-0.07152161825427683,0.47432229547409155,0.27812341015177994,0.597642383908541,0.006770415145578656,0.08549887676925344,-0.14057483919207098,-1.1518123977230432
-0.07552037753412867,-1.148385807453268,1.254833824079699,-0.4988477953139567,-1.5267477853746036,0.25758988103932456,0.5067675913712875,-0.07152161825427683,0.033443696965827906,0.27812341015177994,-0.19250202198797847,-0.8727562352098543,0.08549887676925344,-0.5191215037671936,-1.5524427969310584
-0.27249805357240814,-1.1693667737639242,-0.6710691076895581,-0.11330725289043549,-1.475686877297082,0.25758988103932456,0.5067675913712875,-0.07152161825427683,-0.18699560228830392,-0.15714378101287094,-0.19250202198797847,0.03559255019714171,-1.1965066274132958,1.4276899140477226,-1.7527579965350657
-0.1614204167087167,-1.1693667737639242,-0.6710691076895581,-0.11330725289043549,-1.475686877297082,0.25758988103932456,0.5067675913712875,-0.07152161825427683,-0.18699560228830392,-0.15714378101287094,-0.19250202198797847,-0.18044357397591915,-1.1965066274132958,-0.7354338835244065,1.7527579965350657
0.5091182511584339,-1.1104349419207578,-1.1601797382801151,-0.08713580776138195,-0.9395473424830896,-0.714726888456093,-2.051134082799912,0.8469665319585392,0.033443696965827906,0.27812341015177994,-0.19250202198797847,-0.07416729677918882,-1.1965066274132958,1.0491432494726,-0.7511819985150282
-0.19511396655736976,-1.148385807453268,1.254833824079699,-0.4988477953139567,-1.5267477853746036,0.25758988103932456,0.5067675913712875,-0.07152161825427683,0.033443696965827906,0.27812341015177994,-0.19250202198797847,-0.48522247572823496,0.08549887676925344,-0.9517462632816194,-1.5524427969310584
-0.2917515106287813,0.6106213827974715,0.34341791732070936,-0.5090038784983656,-0.25022508343653194,-1.2549028715091026,-0.4067687208327123,-1.7248002886373457,-0.49561062124408845,0.3651768483847101,-1.2196897496534538,2.406388753687064,0.08549887676925344,-1.113980548099529,-1.2018911976240452
-0.16179067549826234,0.6106213827974715,0.34341791732070936,-0.5090038784983656,-0.25022508343653194,-1.4709732647303067,-1.320305033036712,-1.173707398509656,0.25388299621995974,0.7133906013164308,-0.19250202198797847,-0.8727562352098543,0.08549887676925344,0.5083623000795677,-1.251969997525047
-0.17178766281599456,0.6106213827974715,0.34341791732070936,-0.5090038784983656,-0.25022508343653194,-0.714726888456093,-0.0413541959511124,-1.173707398509656,0.6947615947282234,0.7133906013164308,0.597642383908541,-0.18044357397591915,1.3675043809518026,0.18389373044374838,1.5524427969310584
-0.2602795135174021,-1.0734097072548943,4.356033812575339,6.534630428473198,-0.8118950722892828,0.25758988103932456,0.5067675913712875,-0.07152161825427683,-0.18699560228830392,-0.5924109721775218,0.20257018096028123,-0.45330937043211694,0.08549887676925344,-0.6813557885851033,-1.4022063972280525
-0.2432476091983027,0.6106213827974715,0.34341791732070936,-0.5090038784983656,-0.25022508343653194,0.7977658640923343,0.5067675913712875,0.8469665319585392,1.5765187917447507,1.5839249836457325,1.3877867898050604,-0.45330937043211694,-1.1965066274132958,-0.8976681683423162,0.10015759980200376
-0.24065579767148326,-1.0734097072548943,4.356033812575339,6.534630428473198,-0.8118950722892828,0.25758988103932456,0.5067675913712875,-0.07152161825427683,-0.18699560228830392,-0.5924109721775218,0.20257018096028123,0.5534877303040735,0.08549887676925344,0.9950651545332968,-1.4022063972280525
-0.22325363456283825,-0.24959823593942765,0.8497070676198127,0.6726173381492043,1.000767164462779,0.25758988103932456,0.5067675913712875,-0.07152161825427683,-0.18699560228830392,-0.15714378101287094,-0.19250202198797847,0.03559255019714171,-1.1965066274132958,0.7246746798367807,-0.400630399208015
-0.23028855156420538,-1.1104349419207578,-1.1601797382801151,-0.08713580776138195,-0.9395473424830896,0.25758988103932456,0.5067675913712875,-0.07152161825427683,-0.18699560228830392,-0.15714378101287094,-0.19250202198797847,-0.7054938746681985,-1.1965066274132958,1.4817680089870258,-0.5007879990100188
-0.1010682340127777,0.6106213827974715,0.34341791732070936,-0.5090038784983656,-0.25022508343653194,-0.606691691845491,-0.9548905081551122,-0.07152161825427683,-0.18699560228830392,-0.5924109721775218,0.20257018096028123,0.11588619232781792,0.08549887676925344,-1.4925272126746516,1.1017335978220413
0.1177547106086944,1.2789268685163104,-1.1568394705590088,0.6796484726614873,0.38803626753250386,-0.8227620850666949,-0.4067687208327123,-0.9900097684670929,-1.0687527993048311,-1.0276781633421728,-0.9826464278844979,-1.053108353035776,1.3675043809518026,1.1572994393512064,1.1518123977230432
-0.2391747625133007,0.6106213827974715,0.34341791732070936,-0.5090038784983656,-0.25022508343653194,-0.714726888456093,-0.0413541959511124,-1.173707398509656,0.6947615947282234,0.7133906013164308,0.597642383908541,-1.053108353035776,1.3675043809518026,-1.2762148329174388,1.5524427969310584
-0.2876786639437793,-1.1693667737639242,-0.6710691076895581,-0.11330725289043549,-1.475686877297082,1.337941847145344,1.4203039035752874,0.8469665319585392,0.6947615947282234,0.7133906013164308,0.597642383908541,-0.8727562352098543,0.08549887676925344,0.12981563550444514,-0.15023639970300565
-0.2895299578915075,-1.2063920084297877,-1.0733327775313528,0.2886392700617461,0.20932308926117313,-0.4986564952348891,-2.233841345240712,1.3980594220862288,0.9152008939823552,1.1486577924810817,0.597642383908541,-0.18044357397591915,-1.1965066274132958,0.6165184899581742,-0.9014183982180338
-0.18696827318736572,0.6106213827974715,0.34341791732070936,-0.5090038784983656,-0.25022508343653194,0.25758988103932456,0.14135306648968757,0.2958736418308496,0.6947615947282234,0.27812341015177994,0.9927145868568007,-0.48522247572823496,1.3675043809518026,-0.9517462632816194,-0.80126079841603
-0.11847039712142268,0.6106213827974715,0.34341791732070936,-0.5090038784983656,-0.25022508343653194,-0.606691691845491,-0.9548905081551122,-0.07152161825427683,-0.18699560228830392,-0.5924109721775218,0.20257018096028123,0.1260701194300788,0.08549887676925344,0.8328308697153871,1.1017335978220413
-0.13254023112415694,-0.24959823593942765,0.8497070676198127,0.6726173381492043,1.000767164462779,0.25758988103932456,0.5067675913712875,-0.07152161825427683,-0.18699560228830392,-0.15714378101287094,-0.19250202198797847,-0.7054938746681985,-1.1965066274132958,-1.4384491177353484,-0.400630399208015
-0.03479191068410848,-1.1693667737639242,-0.6710691076895581,-0.11330725289043549,-1.475686877297082,-0.8227620850666949,-0.4067687208327123,-0.9900097684670929,-1.0687527993048311,-1.0276781633421728,-0.9826464278844979,-0.8727562352098543,1.3675043809518026,-0.41096531388858715,-1.3020487974260488
-0.0855173648518609,0.6106213827974715,0.34341791732070936,-0.5090038784983656,-0.25022508343653194,-0.8227620850666949,-0.4067687208327123,-0.9900097684670929,0.6947615947282234,0.7133906013164308,0.597642383908541,2.994129652669048,1.3675043809518026,1.5358461039263291,0.2503939995050094
-0.21473768240328858,0.6106213827974715,0.34341791732070936,-0.5090038784983656,-0.25022508343653194,-0.606691691845491,-0.9548905081551122,-0.07152161825427683,-0.18699560228830392,-0.5924109721775218,0.20257018096028123,-0.8727562352098543,0.08549887676925344,0.12981563550444514,0.9514971981190357
0.39804061429474247,0.6763411743293793,0.3023803424614041,0.27535823820521127,0.20932308926117313,-1.3089204698144037,-0.31541508961231235,-1.908497918679909,-1.5096313978130949,-1.8982125456714745,-0.9826464278844979,-0.9654119228257313,1.3675043809518026,-1.1680586430388322,1.702679196634064
-0.19289241382009595,-0.22886971441058448,0.5783211603049987,0.5987549149898665,0.31144490541621894,-0.8227620850666949,-1.320305033036712,-0.07152161825427683,0.6947615947282234,0.27812341015177994,0.9927145868568007,-0.07416729677918882,-1.1965066274132958,-0.46504340882789036,0.15023639970300565
0.15515084835280385,0.6106213827974715,0.34341791732070936,-0.5090038784983656,-0.25022508343653194,-0.28258610201368517,-0.4067687208327123,-0.07152161825427683,-1.0687527993048311,-1.0276781633421728,-0.9826464278844979,-0.3650833393028946,1.3675043809518026,0.07573754056514193,-1.0015759980200376
-0.2762006414678645,-1.2094774446519432,1.2939626745269432,-0.5238473846909631,1.4858457911992449,-1.9031140511727145,-1.320305033036712,-1.908497918679909,1.5765187917447507,1.1486577924810817,1.78285899275332,-0.18044357397591915,0.08549887676925344,0.6165184899581742,0.35055159930701313
-0.07626089511321994,1.2789268685163104,-1.1568394705590088,0.6796484726614873,0.38803626753250386,0.5816954708711304,0.14135306648968757,0.8469665319585392,0.6947615947282234,0.27812341015177994,0.9927145868568007,-1.053108353035776,0.08549887676925344,0.8869089646546904,-0.6009455988120226
0.33879920796744034,-1.1104349419207578,-1.1601797382801151,-0.08713580776138195,-0.9395473424830896,1.337941847145344,1.4203039035752874,0.8469665319585392,0.6947615947282234,0.7133906013164308,0.597642383908541,0.1260701194300788,0.08549887676925344,0.8328308697153871,-1.4522851971290545
-0.08662814122049782,0.6106213827974715,0.34341791732070936,-0.5090038784983656,-0.25022508343653194,-0.8227620850666949,-0.4067687208327123,-0.9900097684670929,-0.4074349015424357,-1.0276781633421728,0.20257018096028123,-0.07416729677918882,1.3675043809518026,-1.546605307613955,0.851339598317032
-0.19918681324237178,-1.2094774446519432,1.2939626745269432,-0.5238473846909631,1.4858457911992449,-1.9031140511727145,-1.320305033036712,-1.908497918679909,1.5765187917447507,1.1486577924810817,1.78285899275332,1.253919396708919,0.08549887676925344,-1.2221367379781356,0.35055159930701313
-0.2721277947828625,-1.1270962975203966,0.32289912989105674,-0.49181666080167363,1.2305412508116313,-0.28258610201368517,-0.4067687208327123,-0.07152161825427683,0.9152008939823552,0.7133906013164308,0.9927145868568007,-0.48522247572823496,0.08549887676925344,-0.9517462632816194,0.6510243987130244
-0.1458695475477999,-1.1693667737639242,-0.6710691076895581,-0.11330725289043549,-1.475686877297082,-0.8227620850666949,-0.4067687208327123,-0.9900097684670929,-1.0687527993048311,-1.0276781633421728,-0.9826464278844979,2.994129652669048,1.3675043809518026,1.5358461039263291,-1.3020487974260488
-0.11032470375141865,-0.22886971441058448,0.5783211603049987,0.5987549149898665,0.31144490541621894,-0.8227620850666949,-1.320305033036712,-0.07152161825427683,0.6947615947282234,0.27812341015177994,0.9927145868568007,-0.18044357397591915,-1.1965066274132958,0.34612801526165804,0.15023639970300565
-0.17030662765781202,0.6106213827974715,0.34341791732070936,-0.5090038784983656,-0.25022508343653194,-1.4709732647303067,-1.320305033036712,-1.173707398509656,0.25388299621995974,0.7133906013164308,-0.19250202198797847,-0.20265138455711335,0.08549887676925344,-1.330292927856742,-1.251969997525047
0.5050454044734318,-1.1104349419207578,-1.1601797382801151,-0.08713580776138195,-0.9395473424830896,1.337941847145344,1.4203039035752874,0.8469665319585392,0.6947615947282234,0.7133906013164308,0.597642383908541,0.006770415145578656,0.08549887676925344,-0.14057483919207098,-1.4522851971290545
-0.21140535329737783,1.2789268685163104,-1.1568394705590088,0.6796484726614873,0.38803626753250386,0.25758988103932456,0.5067675913712875,-0.07152161825427683,0.033443696965827906,0.27812341015177994,-0.19250202198797847,-1.053108353035776,-1.1965066274132958,0.6705965848974774,0.0
-0.26213080746513023,-0.24959823593942765,0.8497070676198127,0.6726173381492043,1.000767164462779,1.337941847145344,1.4203039035752874,0.8469665319585392,0.6947615947282234,0.7133906013164308,0.597642383908541,-1.053108353035776,-1.1965066274132958,-1.2762148329174388,1.3020487974260488
-0.08070400058776761,-1.1104349419207578,-1.1601797382801151,-0.08713580776138195,-0.9395473424830896,1.337941847145344,1.4203039035752874,0.8469665319585392,0.6947615947282234,0.7133906013164308,0.597642383908541,-0.48522247572823496,0.08549887676925344,0.9409870595939935,-1.4522851971290545
0.023708978064102333,-1.1104349419207578,-1.1601797382801151,-0.08713580776138195,-0.9395473424830896,1.337941847145344,1.4203039035752874,0.8469665319585392,0.6947615947282234,0.7133906013164308,0.597642383908541,-0.8727562352098543,0.08549887676925344,0.5083623000795677,-1.4522851971290545
-0.13402126628233949,0.6106213827974715,0.34341791732070936,-0.5090038784983656,-0.25022508343653194,-0.714726888456093,-0.0413541959511124,-1.173707398509656,0.6947615947282234,0.7133906013164308,0.597642383908541,-0.18044357397591915,1.3675043809518026,0.562440395018871,1.5524427969310584
-0.20288940113782816,1.2789268685163104,-1.1568394705590088,0.6796484726614873,0.38803626753250386,0.5816954708711304,0.14135306648968757,0.8469665319585392,0.25388299621995974,0.7133906013164308,-0.19250202198797847,-0.7539631269986905,0.08549887676925344,1.319533724169116,-0.9514971981190357
-0.2647226189919497,0.6106213827974715,0.34341791732070936,-0.5090038784983656,-0.25022508343653194,0.25758988103932456,0.14135306648968757,0.2958736418308496,0.6947615947282234,0.27812341015177994,0.9927145868568007,2.406388753687064,1.3675043809518026,-1.113980548099529,-0.851339598317032
-0.2858273699960511,1.2789268685163104,-1.1568394705590088,0.6796484726614873,0.38803626753250386,0.25758988103932456,0.5067675913712875,-0.07152161825427683,0.033443696965827906,0.27812341015177994,-0.19250202198797847,-0.3650833393028946,-1.1965066274132958,0.07573754056514193,0.0
0.286962977431051,-1.1693667737639242,-0.6710691076895581,-0.11330725289043549,-1.475686877297082,1.6620474369771499,1.7857184284568872,1.0306641620011023,-0.18699560228830392,0.7133906013164308,-0.9826464278844979,1.3358760999740618,-1.1965066274132958,-0.843590073403013,0.5508667989110206
0.0029744858495466004,0.6106213827974715,0.34341791732070936,-0.5090038784983656,-0.25022508343653194,-1.6870436579515105,-1.320305033036712,-1.5411026585947825,1.135640193236487,1.1486577924810817,0.9927145868568007,0.006770415145578656,0.08549887676925344,-0.7895119784637097,1.2018911976240452
-0.2750898650992276,0.6106213827974715,0.34341791732070936,-0.5090038784983656,-0.25022508343653194,-0.0665157087924813,-0.4067687208327123,0.2958736418308496,-0.9805770796031784,-1.0276781633421728,-0.824617546705194,-0.18044357397591915,0.08549887676925344,0.562440395018871,0.80126079841603
-0.26398210141285844,-1.1693667737639242,-0.6710691076895581,-0.11330725289043549,-1.475686877297082,0.25758988103932456,0.5067675913712875,-0.07152161825427683,-0.18699560228830392,-0.15714378101287094,-0.19250202198797847,-1.053108353035776,-1.1965066274132958,0.8869089646546904,-1.7527579965350657
0.7816287202640235,0.6106213827974715,0.34341791732070936,-0.5090038784983656,-0.25022508343653194,-0.28258610201368517,-0.4067687208327123,-0.07152161825427683,-1.0687527993048311,-1.0276781633421728,-0.9826464278844979,-0.5008826302442834,1.3675043809518026,1.6440022938049355,-1.0015759980200376
-0.27027650083513427,-1.1104349419207578,-1.1601797382801151,-0.08713580776138195,-0.9395473424830896,1.337941847145344,1.4203039035752874,0.8469665319585392,0.25388299621995974,0.7133906013164308,-0.19250202198797847,-0.7054938746681985,0.08549887676925344,1.4817680089870258,-0.4507091991090169
-0.19807603687373487,0.6763411743293793,0.3023803424614041,0.27535823820521127,0.20932308926117313,-1.3089204698144037,-0.31541508961231235,-1.908497918679909,-1.5096313978130949,-1.8982125456714745,-0.9826464278844979,-0.66451343385658,1.3675043809518026,-1.7088395924318647,1.702679196634064
-0.2876786639437793,-1.1693667737639242,-0.6710691076895581,-0.11330725289043549,-1.475686877297082,1.8781178301983537,1.4203039035752874,1.7654546821713553,-0.6278742007965675,-0.15714378101287094,-0.9826464278844979,-0.7054938746681985,-1.1965066274132958,-0.3568872189492839,1.60252159683206
-0.14401825360007173,1.2789268685163104,-1.1568394705590088,0.6796484726614873,0.38803626753250386,-0.28258610201368517,0.14135306648968757,-0.6226145083819664,0.25388299621995974,0.27812341015177994,0.20257018096028123,-0.7054938746681985,-1.1965066274132958,1.4817680089870258,-1.1017335978220413
-0.26805494809786046,-1.1693667737639242,-0.6710691076895581,-0.11330725289043549,-1.475686877297082,1.8781178301983537,1.4203039035752874,1.7654546821713553,-0.6278742007965675,-0.15714378101287094,-0.9826464278844979,1.3358760999740618,-1.1965066274132958,-0.843590073403013,1.60252159683206
0.17847715209417905,-1.148385807453268,1.254833824079699,-0.4988477953139567,-1.5267477853746036,-1.6870436579515105,-1.320305033036712,-1.5411026585947825,-0.4074349015424357,-0.5924109721775218,-0.19250202198797847,-0.7054938746681985,-1.1965066274132958,-1.4384491177353484,-1.5023639970300564
0.03851932964592786,0.6106213827974715,0.34341791732070936,-0.5090038784983656,-0.25022508343653194,-1.6870436579515105,-1.320305033036712,-1.5411026585947825,1.135640193236487,1.1486577924810817,0.9927145868568007,-0.18044357397591915,0.08549887676925344,-0.7354338835244065,1.2018911976240452
0.5217070500029856,0.6106213827974715,0.34341791732070936,-0.5090038784983656,-0.25022508343653194,-0.714726888456093,-0.0413541959511124,-1.173707398509656,0.6947615947282234,0.7133906013164308,0.597642383908541,0.1260701194300788,1.3675043809518026,-1.059902453160226,1.5524427969310584
0.0992417711314125,0.6106213827974715,0.34341791732070936,-0.5090038784983656,-0.25022508343653194,-0.714726888456093,-0.5894759832735124,-0.6226145083819664,-1.0687527993048311,-1.0276781633421728,-0.9826464278844979,0.481837613057126,1.3675043809518026,-0.30280912400998067,0.4507091991090169
-0.17623076829054224,-1.1270962975203966,0.32289912989105674,-0.49181666080167363,1.2305412508116313,-0.28258610201368517,-0.4067687208327123,-0.07152161825427683,0.9152008939823552,0.7133906013164308,0.9927145868568007,1.3358760999740618,0.08549887676925344,-0.843590073403013,0.6510243987130244
0.07628572617958294,-1.1104349419207578,-1.1601797382801151,-0.08713580776138195,-0.9395473424830896,-0.714726888456093,-2.051134082799912,0.8469665319585392,0.033443696965827906,0.27812341015177994,-0.19250202198797847,-0.8727562352098543,-1.1965066274132958,0.5083623000795677,-0.7511819985150282
-0.20103810719009998,0.6106213827974715,0.34341791732070936,-0.5090038784983656,-0.25022508343653194,0.25758988103932456,0.14135306648968757,0.2958736418308496,0.6947615947282234,0.27812341015177994,0.9927145868568007,0.03559255019714171,1.3675043809518026,-0.19465293413137422,-0.80126079841603
-0.17808206223827042,1.2789268685163104,-1.1568394705590088,0.6796484726614873,0.38803626753250386,-0.17455090540308324,0.14135306648968757,-0.43891687833940324,0.6947615947282234,0.7133906013164308,0.597642383908541,2.994129652669048,-1.1965066274132958,-0.6272776936458,-0.10015759980200376
-0.014057418469552751,-1.1693667737639242,-0.6710691076895581,-0.11330725289043549,-1.475686877297082,1.8781178301983537,1.4203039035752874,1.7654546821713553,-0.6278742007965675,-0.15714378101287094,-0.9826464278844979,1.253919396708919,-1.1965066274132958,-1.6547614974925613,1.60252159683206
-0.12032169106915087,1.2789268685163104,-1.1568394705590088,0.6796484726614873,0.38803626753250386,0.5816954708711304,0.14135306648968757,0.8469665319585392,0.25388299621995974,0.7133906013164308,-0.19250202198797847,-0.7054938746681985,0.08549887676925344,-1.4384491177353484,-0.9514971981190357
-0.205110953875102,1.2789268685163104,-1.1568394705590088,0.6796484726614873,0.38803626753250386,-0.17455090540308324,0.14135306648968757,-0.43891687833940324,0.6947615947282234,0.7133906013164308,0.597642383908541,-0.07416729677918882,-1.1965066274132958,1.0491432494726,-0.10015759980200376
-0.20362991871691943,1.2789268685163104,-1.1568394705590088,0.6796484726614873,0.38803626753250386,-0.17455090540308324,0.14135306648968757,-0.43891687833940324,0.6947615947282234,0.7133906013164308,0.597642383908541,2.994129652669048,-1.1965066274132958,1.5358461039263291,-0.10015759980200376
-0.282865299679686,0.6763411743293793,0.3023803424614041,0.27535823820521127,0.20932308926117313,-0.606691691845491,-0.0413541959511124,-0.9900097684670929,-0.8483135000506994,0.27812341015177994,-1.7727908337810172,-0.48522247572823496,1.3675043809518026,0.9409870595939935,-1.0516547979210396
-0.21547819998237985,0.6106213827974715,0.34341791732070936,-0.5090038784983656,-0.25022508343653194,-1.4709732647303067,-1.320305033036712,-1.173707398509656,0.25388299621995974,0.7133906013164308,-0.19250202198797847,-0.8727562352098543,0.08549887676925344,0.12981563550444514,-1.251969997525047
-0.24732045588330473,0.6106213827974715,0.34341791732070936,-0.5090038784983656,-0.25022508343653194,-0.714726888456093,-0.5894759832735124,-0.6226145083819664,-1.0687527993048311,-1.0276781633421728,-0.9826464278844979,0.5534877303040735,1.3675043809518026,-1.6006834025532581,0.4507091991090169
-0.27768167662604704,-0.24959823593942765,0.8497070676198127,0.6726173381492043,1.000767164462779,1.337941847145344,1.4203039035752874,0.8469665319585392,0.6947615947282234,0.7133906013164308,0.597642383908541,-0.48522247572823496,-1.1965066274132958,1.6980803887442388,1.3020487974260488
-0.06959623690139846,0.6106213827974715,0.34341791732070936,-0.5090038784983656,-0.25022508343653194,-0.714726888456093,-0.0413541959511124,-1.173707398509656,0.6947615947282234,0.7133906013164308,0.597642383908541,0.481837613057126,1.3675043809518026,1.2113775342905098,1.5524427969310584
0.07073184433639837,1.2789268685163104,-1.1568394705590088,0.6796484726614873,0.38803626753250386,0.5816954708711304,0.14135306648968757,0.8469665319585392,0.6947615947282234,0.27812341015177994,0.9927145868568007,-0.20265138455711335,0.08549887676925344,-1.330292927856742,-0.6009455988120226
0.0962797008150474,-1.1693667737639242,-0.6710691076895581,-0.11330725289043549,-1.475686877297082,1.6620474369771499,1.7857184284568872,1.0306641620011023,-0.18699560228830392,0.7133906013164308,-0.9826464278844979,-0.20265138455711335,-1.1965066274132958,-1.330292927856742,0.5508667989110206
-0.29249202820787257,-1.1693667737639242,-0.6710691076895581,-0.11330725289043549,-1.475686877297082,1.337941847145344,1.4203039035752874,0.8469665319585392,0.6947615947282234,0.7133906013164308,0.597642383908541,0.006770415145578656,0.08549887676925344,0.021659445625838693,-0.15023639970300565
-0.18585749681872882,-1.1844854112524852,-1.1783126201946919,-0.8910288536657452,1.7156198775480973,0.7977658640923343,1.4203039035752874,-0.07152161825427683,0.6947615947282234,0.7133906013164308,0.597642383908541,-0.45330937043211694,-1.1965066274132958,1.3736118191084195,-0.2003151996040075
-0.2606497723069477,-0.551662442088432,1.2667633516550785,1.8397856671881925,2.532594406788464,0.7977658640923343,0.5067675913712875,0.8469665319585392,-3.2731457918461495,-3.204014119165427,-2.9580074426257963,0.03559255019714171,0.08549887676925344,-0.5731995987064968,-0.5508667989110206
-0.15401524091780394,1.2789268685163104,-1.1568394705590088,0.6796484726614873,0.38803626753250386,0.7977658640923343,0.5067675913712875,0.8469665319585392,0.033443696965827906,0.27812341015177994,-0.19250202198797847,0.03559255019714171,0.08549887676925344,0.7246746798367807,1.0015759980200376
-0.17363895676372276,1.8451044152818088,0.2384380746573705,-0.5179881059307273,1.434784883121723,-0.28258610201368517,-0.4067687208327123,-0.07152161825427683,0.25388299621995974,0.27812341015177994,0.20257018096028123,1.253919396708919,0.08549887676925344,-1.6547614974925613,1.251969997525047
-0.26768468930831485,0.6106213827974715,0.34341791732070936,-0.5090038784983656,-0.25022508343653194,0.7977658640923343,0.5067675913712875,0.8469665319585392,1.5765187917447507,1.5839249836457325,1.3877867898050604,-0.20265138455711335,-1.1965066274132958,-1.330292927856742,0.10015759980200376
-0.29323254578696384,-1.1693667737639242,-0.6710691076895581,-0.11330725289043549,-1.475686877297082,0.04151948781812065,-1.320305033036712,1.3980594220862288,-0.18699560228830392,-0.15714378101287094,-0.19250202198797847,0.006770415145578656,-1.1965066274132958,0.7787527747760838,1.3521275973270508
-0.1458695475477999,-0.24959823593942765,0.8497070676198127,0.6726173381492043,1.000767164462779,1.337941847145344,1.4203039035752874,0.8469665319585392,0.6947615947282234,0.7133906013164308,0.597642383908541,0.03559255019714171,-1.1965066274132958,0.4002061102009613,1.3020487974260488
-0.13179971354506564,0.6106213827974715,0.34341791732070936,-0.5090038784983656,-0.25022508343653194,-0.8227620850666949,-0.4067687208327123,-0.9900097684670929,0.6947615947282234,0.7133906013164308,0.597642383908541,0.1260701194300788,1.3675043809518026,0.8328308697153871,0.2503939995050094
-0.1884493083455483,1.2789268685163104,-1.1568394705590088,0.6796484726614873,0.38803626753250386,0.7977658640923343,0.5067675913712875,0.8469665319585392,0.033443696965827906,0.27812341015177994,-0.19250202198797847,0.03559255019714171,0.08549887676925344,1.4276899140477226,1.0015759980200376
-0.1458695475477999,-1.1693667737639242,-0.6710691076895581,-0.11330725289043549,-1.475686877297082,2.3102586166407617,0.8721821162528874,3.051338092469298,0.9152008939823552,1.1486577924810817,0.597642383908541,-1.053108353035776,-1.1965066274132958,1.1572994393512064,-0.2503939995050094
1.670990332752646,-1.2094774446519432,1.2939626745269432,-0.5238473846909631,1.4858457911992449,-1.9031140511727145,-1.320305033036712,-1.908497918679909,1.5765187917447507,1.1486577924810817,1.78285899275332,-1.053108353035776,0.08549887676925344,-1.2762148329174388,0.35055159930701313
-0.273608829941045,-0.24959823593942765,0.8497070676198127,0.6726173381492043,1.000767164462779,1.337941847145344,1.4203039035752874,0.8469665319585392,0.6947615947282234,0.7133906013164308,0.597642383908541,-0.9654119228257313,-1.1965066274132958,0.2379718253830516,1.3020487974260488
-0.23176958672238793,0.6106213827974715,0.34341791732070936,-0.5090038784983656,-0.25022508343653194,-0.8227620850666949,-0.4067687208327123,-0.9900097684670929,0.6947615947282234,0.7133906013164308,0.597642383908541,-0.7054938746681985,1.3675043809518026,-1.4384491177353484,0.2503939995050094
-0.24176657404012017,-1.1270962975203966,0.32289912989105674,-0.49181666080167363,1.2305412508116313,-0.28258610201368517,-0.4067687208327123,-0.07152161825427683,0.9152008939823552,0.7133906013164308,0.9927145868568007,-0.66451343385658,0.08549887676925344,-1.7088395924318647,0.6510243987130244
0.02222794290591978,1.3039189019157686,1.945314880142661,0.6730079567332199,-0.9395473424830896,0.25758988103932456,-0.4067687208327123,0.8469665319585392,0.6947615947282234,0.27812341015177994,0.9927145868568007,2.406388753687064,1.3675043809518026,-1.113980548099529,-1.60252159683206
1.7650360652972383,-1.1844854112524852,-1.1783126201946919,-0.8910288536657452,1.7156198775480973,0.7977658640923343,0.5067675913712875,0.8469665319585392,1.135640193236487,0.7133906013164308,1.3877867898050604,0.481837613057126,-1.1965066274132958,-0.30280912400998067,0.5007879990100188
-0.269535983256043,-1.1104349419207578,-1.1601797382801151,-0.08713580776138195,-0.9395473424830896,1.337941847145344,1.4203039035752874,0.8469665319585392,0.25388299621995974,0.7133906013164308,-0.19250202198797847,0.1260701194300788,0.08549887676925344,-1.3843710227960453,-0.4507091991090169
0.26326641490013014,0.6106213827974715,0.34341791732070936,-0.5090038784983656,-0.25022508343653194,-0.714726888456093,-0.0413541959511124,-1.173707398509656,0.6947615947282234,0.7133906013164308,0.597642383908541,-0.7054938746681985,1.3675043809518026,-1.4384491177353484,1.5524427969310584
-0.2936028045765095,-1.1693667737639242,-0.6710691076895581,-0.11330725289043549,-1.475686877297082,0.04151948781812065,-1.320305033036712,1.3980594220862288,-0.18699560228830392,-0.15714378101287094,-0.19250202198797847,-0.7054938746681985,-1.1965066274132958,1.4817680089870258,1.3521275973270508
-0.27916271178422963,-1.1104349419207578,-1.1601797382801151,-0.08713580776138195,-0.9395473424830896,-0.714726888456093,-2.051134082799912,0.8469665319585392,0.033443696965827906,0.27812341015177994,-0.19250202198797847,0.006770415145578656,-1.1965066274132958,0.021659445625838693,-0.7511819985150282
0.02037664895819159,1.3039189019157686,1.945314880142661,0.6730079567332199,-0.9395473424830896,0.25758988103932456,-0.4067687208327123,0.8469665319585392,0.6947615947282234,0.27812341015177994,0.9927145868568007,0.1260701194300788,1.3675043809518026,-1.059902453160226,-1.60252159683206
-0.17845232102781605,-1.1693667737639242,-0.6710691076895581,-0.11330725289043549,-1.475686877297082,-0.8227620850666949,-0.4067687208327123,-0.9900097684670929,-1.0687527993048311,-1.0276781633421728,-0.9826464278844979,1.253919396708919,1.3675043809518026,-1.6547614974925613,-1.3020487974260488
-0.29027047547059875,0.6106213827974715,0.34341791732070936,-0.5090038784983656,-0.25022508343653194,-1.2549028715091026,-0.4067687208327123,-1.7248002886373457,-0.49561062124408845,0.3651768483847101,-1.2196897496534538,0.481837613057126,0.08549887676925344,-0.30280912400998067,-1.2018911976240452
-0.01590871241728094,0.6106213827974715,0.34341791732070936,-0.5090038784983656,-0.25022508343653194,-1.6870436579515105,-1.320305033036712,-1.5411026585947825,1.135640193236487,1.1486577924810817,0.9927145868568007,0.1260701194300788,0.08549887676925344,-0.03241864931346453,1.2018911976240452
-0.2506527849892155,-1.1844854112524852,-1.1783126201946919,-0.8910288536657452,1.7156198775480973,0.7977658640923343,1.4203039035752874,-0.07152161825427683,0.6947615947282234,0.7133906013164308,0.597642383908541,-0.9654119228257313,-1.1965066274132958,0.2379718253830516,-0.2003151996040075
0.7675588862612892,-0.24959823593942765,0.8497070676198127,0.6726173381492043,1.000767164462779,0.5816954708711304,0.14135306648968757,0.8469665319585392,0.25388299621995974,-0.15714378101287094,0.597642383908541,-0.18044357397591915,0.08549887676925344,-0.7354338835244065,1.0516547979210396
-0.1710471452369033,-0.22886971441058448,0.5783211603049987,0.5987549149898665,0.31144490541621894,-0.8227620850666949,-1.320305033036712,-0.07152161825427683,0.6947615947282234,0.27812341015177994,0.9927145868568007,-0.18044357397591915,-1.1965066274132958,0.6165184899581742,0.15023639970300565
-0.08625788243095217,1.2789268685163104,-1.1568394705590088,0.6796484726614873,0.38803626753250386,0.5816954708711304,0.14135306648968757,0.8469665319585392,0.6947615947282234,0.27812341015177994,0.9927145868568007,-0.18044357397591915,0.08549887676925344,0.34612801526165804,-0.6009455988120226
-0.29249202820787257,-1.1270962975203966,0.32289912989105674,-0.49181666080167363,1.2305412508116313,-0.28258610201368517,-0.4067687208327123,-0.07152161825427683,0.9152008939823552,0.7133906013164308,0.9927145868568007,0.006770415145578656,0.08549887676925344,1.265455629229813,0.6510243987130244
-0.18881956713509393,1.2789268685163104,-1.1568394705590088,0.6796484726614873,0.38803626753250386,0.5816954708711304,0.14135306648968757,0.8469665319585392,0.25388299621995974,0.7133906013164308,-0.19250202198797847,-1.053108353035776,0.08549887676925344,0.6705965848974774,-0.9514971981190357
-0.16623378097281,-0.24959823593942765,0.8497070676198127,0.6726173381492043,1.000767164462779,1.1218714539241401,1.0548893786936875,0.8469665319585392,-0.4074349015424357,0.27812341015177994,-0.9826464278844979,0.006770415145578656,-1.1965066274132958,0.021659445625838693,-0.3004727994060113
0.0836909019704957,-1.1104349419207578,-1.1601797382801151,-0.08713580776138195,-0.9395473424830896,-0.714726888456093,-2.051134082799912,0.8469665319585392,0.033443696965827906,0.27812341015177994,-0.19250202198797847,0.11588619232781792,-1.1965066274132958,-1.4925272126746516,-0.7511819985150282
-0.25620666683240007,-1.148385807453268,1.254833824079699,-0.4988477953139567,-1.5267477853746036,0.25758988103932456,0.5067675913712875,-0.07152161825427683,0.033443696965827906,0.27812341015177994,-0.19250202198797847,-0.9654119228257313,0.08549887676925344,0.2379718253830516,-1.5524427969310584
-0.29323254578696384,-1.1844854112524852,-1.1783126201946919,-0.8910288536657452,1.7156198775480973,0.7977658640923343,0.5067675913712875,0.8469665319585392,1.135640193236487,0.7133906013164308,1.3877867898050604,-0.7054938746681985,-1.1965066274132958,1.4817680089870258,0.5007879990100188
-0.17956309739645296,1.2789268685163104,-1.1568394705590088,0.6796484726614873,0.38803626753250386,0.5816954708711304,0.14135306648968757,0.8469665319585392,0.6947615947282234,0.27812341015177994,0.9927145868568007,0.006770415145578656,0.08549887676925344,0.021659445625838693,-0.6009455988120226
1.5628747662053197,0.6106213827974715,0.34341791732070936,-0.5090038784983656,-0.25022508343653194,-0.28258610201368517,-0.4067687208327123,-0.07152161825427683,-1.0687527993048311,-1.0276781633421728,-0.9826464278844979,1.253919396708919,1.3675043809518026,-1.2221367379781356,-1.0015759980200376
0.007047332534548619,1.2789268685163104,-1.1568394705590088,0.6796484726614873,0.38803626753250386,0.36562507764992647,1.2375966411344874,-0.6226145083819664,1.3560794924906188,0.7133906013164308,1.78285899275332,-1.053108353035776,1.3675043809518026,0.8869089646546904,0.05007879990100188
-0.14846135907461938,1.8451044152818088,0.2384380746573705,-0.5179881059307273,1.434784883121723,-1.3629380681197047,-0.4067687208327123,-1.908497918679909,-0.4074349015424357,0.27812341015177994,-0.9826464278844979,0.006770415145578656,0.08549887676925344,-0.14057483919207098,1.652600396733062
-0.10625185706641663,1.2789268685163104,-1.1568394705590088,0.6796484726614873,0.38803626753250386,0.5816954708711304,0.14135306648968757,0.8469665319585392,0.25388299621995974,0.7133906013164308,-0.19250202198797847,-0.18044357397591915,0.08549887676925344,0.18389373044374838,-0.9514971981190357
-0.2865678875751424,1.8451044152818088,0.2384380746573705,-0.5179881059307273,1.434784883121723,1.554012240366548,1.7857184284568872,0.8469665319585392,-2.391388594829622,-2.7687469280007764,-1.7727908337810172,2.994129652669048,1.3675043809518026,-0.6272776936458,1.4022063972280525
-0.16475274581462745,1.2789268685163104,-1.1568394705590088,0.6796484726614873,0.38803626753250386,0.36562507764992647,1.2375966411344874,-0.6226145083819664,1.3560794924906188,0.7133906013164308,1.78285899275332,2.994129652669048,1.3675043809518026,1.5899241988656323,0.05007879990100188
-0.23473165703875304,1.8451044152818088,0.2384380746573705,-0.5179881059307273,1.434784883121723,1.554012240366548,1.7857184284568872,0.8469665319585392,-2.391388594829622,-2.7687469280007764,-1.7727908337810172,0.11588619232781792,1.3675043809518026,-1.4925272126746516,1.4022063972280525
-0.28360581725877726,-0.24959823593942765,0.8497070676198127,0.6726173381492043,1.000767164462779,0.5816954708711304,0.14135306648968757,0.8469665319585392,0.25388299621995974,-0.15714378101287094,0.597642383908541,0.1260701194300788,0.08549887676925344,-0.03241864931346453,1.0516547979210396
0.209208631626467,0.6106213827974715,0.34341791732070936,-0.5090038784983656,-0.25022508343653194,0.25758988103932456,0.5067675913712875,-0.07152161825427683,-0.4074349015424357,-1.0276781633421728,0.20257018096028123,0.11588619232781792,0.08549887676925344,-1.4925272126746516,-0.7011031986140263
-0.03368113431547157,-1.1270962975203966,0.32289912989105674,-0.49181666080167363,1.2305412508116313,0.7977658640923343,0.5067675913712875,0.8469665319585392,1.135640193236487,0.7133906013164308,1.3877867898050604,-1.053108353035776,1.3675043809518026,1.1572994393512064,-0.35055159930701313
-0.14068592449416098,0.6106213827974715,0.34341791732070936,-0.5090038784983656,-0.25022508343653194,-0.8227620850666949,-0.4067687208327123,-0.9900097684670929,0.25388299621995974,-0.15714378101287094,0.597642383908541,-0.18044357397591915,1.3675043809518026,0.34612801526165804,0.2003151996040075
-0.29286228699741823,-1.2063920084297877,-1.0733327775313528,0.2886392700617461,0.20932308926117313,-0.4986564952348891,-2.233841345240712,1.3980594220862288,0.9152008939823552,1.1486577924810817,0.597642383908541,0.03559255019714171,-1.1965066274132958,1.4276899140477226,-0.9014183982180338
-0.28545711120650546,-1.1693667737639242,-0.6710691076895581,-0.11330725289043549,-1.475686877297082,1.8781178301983537,1.4203039035752874,1.7654546821713553,-0.6278742007965675,-0.15714378101287094,-0.9826464278844979,-0.45330937043211694,-1.1965066274132958,1.1032213444119032,1.60252159683206
-0.27953297057377524,0.6106213827974715,0.34341791732070936,-0.5090038784983656,-0.25022508343653194,-0.714726888456093,-0.5894759832735124,-0.6226145083819664,-1.0687527993048311,-1.0276781633421728,-0.9826464278844979,-0.18044357397591915,1.3675043809518026,0.6165184899581742,0.4507091991090169
-0.1595691227609885,0.6106213827974715,0.34341791732070936,-0.5090038784983656,-0.25022508343653194,-0.8227620850666949,-0.4067687208327123,-0.9900097684670929,0.6947615947282234,0.7133906013164308,0.597642383908541,0.006770415145578656,1.3675043809518026,-0.14057483919207098,0.2503939995050094
-0.2343613982492074,-1.0734097072548943,4.356033812575339,6.534630428473198,-0.8118950722892828,0.25758988103932456,0.5067675913712875,-0.07152161825427683,-0.18699560228830392,-0.5924109721775218,0.20257018096028123,-0.8727562352098543,0.08549887676925344,0.12981563550444514,-1.4022063972280525
-0.09218202306368238,0.6106213827974715,0.34341791732070936,-0.5090038784983656,-0.25022508343653194,-2.659360427446928,-1.6857195579183122,-2.826986068892725,0.47432229547409155,0.7133906013164308,0.20257018096028123,2.994129652669048,-1.1965066274132958,0.29204992032235483,0.7511819985150282
-0.15216394697007576,-1.1693667737639242,-0.6710691076895581,-0.11330725289043549,-1.475686877297082,1.6620474369771499,1.7857184284568872,1.0306641620011023,-0.18699560228830392,0.7133906013164308,-0.9826464278844979,-0.66451343385658,-1.1965066274132958,-1.7088395924318647,0.5508667989110206
-0.18881956713509393,0.6106213827974715,0.34341791732070936,-0.5090038784983656,-0.25022508343653194,-1.0388324782878988,-1.6857195579183122,-0.07152161825427683,0.47432229547409155,0.27812341015177994,0.597642383908541,0.1260701194300788,0.08549887676925344,0.8328308697153871,-1.1518123977230432
-0.18104413255463553,0.6106213827974715,0.34341791732070936,-0.5090038784983656,-0.25022508343653194,0.25758988103932456,0.5067675913712875,-0.07152161825427683,-0.4074349015424357,-1.0276781633421728,0.20257018096028123,0.5534877303040735,0.08549887676925344,0.9950651545332968,-0.7011031986140263
-0.12402427896460726,0.6106213827974715,0.34341791732070936,-0.5090038784983656,-0.25022508343653194,-1.0388324782878988,-1.6857195579183122,-0.07152161825427683,0.47432229547409155,0.27812341015177994,0.597642383908541,-0.07416729677918882,0.08549887676925344,-1.546605307613955,-1.1518123977230432
0.32732118549152556,-1.1409807605200954,0.2880649093709489,-0.5058789298262397,0.9497062563852547,1.337941847145344,1.4203039035752874,0.8469665319585392,-0.18699560228830392,-0.15714378101287094,-0.19250202198797847,1.253919396708919,0.08549887676925344,-1.2221367379781356,0.7011031986140263
-0.24435838556693965,1.8451044152818088,0.2384380746573705,-0.5179881059307273,1.434784883121723,1.554012240366548,1.7857184284568872,0.8469665319585392,-2.391388594829622,-2.7687469280007764,-1.7727908337810172,-0.7054938746681985,1.3675043809518026,-1.4384491177353484,1.4022063972280525
0.11627367545051186,0.6106213827974715,0.34341791732070936,-0.5090038784983656,-0.25022508343653194,-1.0388324782878988,-1.6857195579183122,-0.07152161825427683,0.47432229547409155,0.27812341015177994,0.597642383908541,-0.45330937043211694,0.08549887676925344,1.1032213444119032,-1.1518123977230432
1.3170229299470162,1.8451044152818088,0.2384380746573705,-0.5179881059307273,1.434784883121723,-0.28258610201368517,-0.4067687208327123,-0.07152161825427683,0.25388299621995974,0.27812341015177994,0.20257018096028123,0.006770415145578656,0.08549887676925344,1.265455629229813,1.251969997525047
0.15700214230053203,0.6106213827974715,0.34341791732070936,-0.5090038784983656,-0.25022508343653194,-1.4709732647303067,-1.320305033036712,-1.173707398509656,0.25388299621995974,0.7133906013164308,-0.19250202198797847,-1.053108353035776,0.08549887676925344,0.4542842051402645,-1.251969997525047
-0.2802734881528665,-1.0734097072548943,4.356033812575339,6.534630428473198,-0.8118950722892828,0.25758988103932456,0.5067675913712875,-0.07152161825427683,-0.18699560228830392,-0.5924109721775218,0.20257018096028123,0.006770415145578656,0.08549887676925344,0.021659445625838693,-1.4022063972280525
-0.14253721844188916,-1.1270962975203966,0.32289912989105674,-0.49181666080167363,1.2305412508116313,0.7977658640923343,0.5067675913712875,0.8469665319585392,1.135640193236487,0.7133906013164308,1.3877867898050604,0.006770415145578656,1.3675043809518026,0.021659445625838693,-0.35055159930701313
-0.29212176941832696,-1.1693667737639242,-0.6710691076895581,-0.11330725289043549,-1.475686877297082,1.8781178301983537,1.4203039035752874,1.7654546821713553,-0.6278742007965675,-0.15714378101287094,-0.9826464278844979,-0.48522247572823496,-1.1965066274132958,1.6980803887442388,1.60252159683206
0.3091785048037893,-1.1693667737639242,-0.6710691076895581,-0.11330725289043549,-1.475686877297082,1.6620474369771499,1.7857184284568872,1.0306641620011023,-0.18699560228830392,0.7133906013164308,-0.9826464278844979,-0.8727562352098543,-1.1965066274132958,0.5083623000795677,0.5508667989110206
-0.27953297057377524,-0.24959823593942765,0.8497070676198127,0.6726173381492043,1.000767164462779,1.337941847145344,1.4203039035752874,0.8469665319585392,0.6947615947282234,0.7133906013164308,0.597642383908541,0.1260701194300788,-1.1965066274132958,-1.3843710227960453,1.3020487974260488
-0.25731744320103694,-1.1693667737639242,-0.6710691076895581,-0.11330725289043549,-1.475686877297082,0.04151948781812065,-1.320305033036712,1.3980594220862288,-0.18699560228830392,-0.15714378101287094,-0.19250202198797847,0.481837613057126,-1.1965066274132958,-0.30280912400998067,1.3521275973270508
-0.2295480339851141,-1.1104349419207578,-1.1601797382801151,-0.08713580776138195,-0.9395473424830896,1.337941847145344,1.4203039035752874,0.8469665319585392,0.25388299621995974,0.7133906013164308,-0.19250202198797847,-0.3650833393028946,0.08549887676925344,0.07573754056514193,-0.4507091991090169
-0.19955707203191742,-0.22886971441058448,0.5783211603049987,0.5987549149898665,0.31144490541621894,-0.8227620850666949,-1.320305033036712,-0.07152161825427683,0.6947615947282234,0.27812341015177994,0.9927145868568007,2.994129652669048,-1.1965066274132958,-0.6272776936458,0.15023639970300565
-0.19141137866191338,-0.24959823593942765,0.8497070676198127,0.6726173381492043,1.000767164462779,1.337941847145344,1.4203039035752874,0.8469665319585392,0.6947615947282234,0.7133906013164308,0.597642383908541,-0.7054938746681985,-1.1965066274132958,-1.4384491177353484,1.3020487974260488
-0.2276967400373859,0.6106213827974715,0.34341791732070936,-0.5090038784983656,-0.25022508343653194,1.1218714539241401,0.5067675913712875,1.3980594220862288,-0.6278742007965675,0.27812341015177994,-1.3777186308327576,2.994129652669048,0.08549887676925344,1.5358461039263291,1.5023639970300564
-0.24620967951466782,-1.1693667737639242,-0.6710691076895581,-0.11330725289043549,-1.475686877297082,0.25758988103932456,0.5067675913712875,-0.07152161825427683,-0.18699560228830392,-0.15714378101287094,-0.19250202198797847,0.481837613057126,-1.1965066274132958,-0.30280912400998067,-1.7527579965350657
-0.27842219420513836,0.6106213827974715,0.34341791732070936,-0.5090038784983656,-0.25022508343653194,0.7977658640923343,0.5067675913712875,0.8469665319585392,1.5765187917447507,1.5839249836457325,1.3877867898050604,1.3358760999740618,-1.1965066274132958,-0.843590073403013,0.10015759980200376
-0.265463136571041,-1.1693667737639242,-0.6710691076895581,-0.11330725289043549,-1.475686877297082,0.25758988103932456,0.5067675913712875,-0.07152161825427683,-0.18699560228830392,-0.15714378101287094,-0.19250202198797847,-0.9654119228257313,-1.1965066274132958,-1.1680586430388322,-1.7527579965350657
-0.27731141783650143,-1.1104349419207578,-1.1601797382801151,-0.08713580776138195,-0.9395473424830896,1.337941847145344,1.4203039035752874,0.8469665319585392,0.25388299621995974,0.7133906013164308,-0.19250202198797847,0.03559255019714171,0.08549887676925344,-0.5731995987064968,-0.4507091991090169
-0.20955405934964966,0.6106213827974715,0.34341791732070936,-0.5090038784983656,-0.25022508343653194,-0.606691691845491,-0.9548905081551122,-0.07152161825427683,-0.18699560228830392,-0.5924109721775218,0.20257018096028123,-0.18044357397591915,0.08549887676925344,0.18389373044374838,0.9514971981190357
-0.23695320977602688,-1.1409807605200954,0.2880649093709489,-0.5058789298262397,0.9497062563852547,1.337941847145344,1.4203039035752874,0.8469665319585392,-0.18699560228830392,-0.15714378101287094,-0.19250202198797847,0.03559255019714171,0.08549887676925344,0.4002061102009613,0.7011031986140263
-0.28175452331104905,-1.2063920084297877,-1.0733327775313528,0.2886392700617461,0.20932308926117313,-0.4986564952348891,-2.233841345240712,1.3980594220862288,0.9152008939823552,1.1486577924810817,0.597642383908541,0.1260701194300788,-1.1965066274132958,-1.3843710227960453,-0.9014183982180338
-0.29286228699741823,-1.1693667737639242,-0.6710691076895581,-0.11330725289043549,-1.475686877297082,1.337941847145344,1.4203039035752874,0.8469665319585392,0.6947615947282234,0.7133906013164308,0.597642383908541,0.006770415145578656,0.08549887676925344,-0.14057483919207098,-0.15023639970300565
-0.10180875159186897,0.6106213827974715,0.34341791732070936,-0.5090038784983656,-0.25022508343653194,-1.6870436579515105,-1.320305033036712,-1.5411026585947825,1.135640193236487,1.1486577924810817,0.9927145868568007,-0.66451343385658,0.08549887676925344,-0.24873102907067746,1.2018911976240452
-0.24657993830421346,-1.1693667737639242,-0.6710691076895581,-0.11330725289043549,-1.475686877297082,0.25758988103932456,0.5067675913712875,-0.07152161825427683,-0.18699560228830392,-0.15714378101287094,-0.19250202198797847,0.481837613057126,-1.1965066274132958,1.2113775342905098,-1.7527579965350657
-0.25509589046376313,-0.24959823593942765,0.8497070676198127,0.6726173381492043,1.000767164462779,1.1218714539241401,1.0548893786936875,0.8469665319585392,-0.4074349015424357,0.27812341015177994,-0.9826464278844979,-0.7054938746681985,-1.1965066274132958,-0.3568872189492839,-0.3004727994060113
-0.10847340980369045,-0.5538222474439407,1.2514935563585923,-0.5304879006192306,1.996454871974474,0.7977658640923343,0.5067675913712875,0.8469665319585392,-3.2731457918461495,-3.204014119165427,-2.9580074426257963,-0.18044357397591915,0.08549887676925344,0.6165184899581742,0.6009455988120226
-0.08033374179822196,-0.22886971441058448,0.5783211603049987,0.5987549149898665,0.31144490541621894,-0.8227620850666949,-1.320305033036712,-0.07152161825427683,0.6947615947282234,0.27812341015177994,0.9927145868568007,-0.48522247572823496,-1.1965066274132958,-0.9517462632816194,0.15023639970300565
-0.24954200862057857,-1.1104349419207578,-1.1601797382801151,-0.08713580776138195,-0.9395473424830896,1.337941847145344,1.4203039035752874,0.8469665319585392,0.25388299621995974,0.7133906013164308,-0.19250202198797847,-0.8727562352098543,0.08549887676925344,0.12981563550444514,-0.4507091991090169
-0.17363895676372276,1.2789268685163104,-1.1568394705590088,0.6796484726614873,0.38803626753250386,-0.8227620850666949,-0.4067687208327123,-0.9900097684670929,-1.0687527993048311,-1.0276781633421728,-0.9826464278844979,-0.18044357397591915,1.3675043809518026,0.562440395018871,1.1518123977230432
-0.10662211585596226,1.2789268685163104,-1.1568394705590088,0.6796484726614873,0.38803626753250386,-0.8227620850666949,-0.4067687208327123,-0.9900097684670929,-1.0687527993048311,-1.0276781633421728,-0.9826464278844979,-0.7054938746681985,1.3675043809518026,1.4817680089870258,1.1518123977230432
-0.1214324674377878,1.2789268685163104,-1.1568394705590088,0.6796484726614873,0.38803626753250386,-0.8227620850666949,-0.4067687208327123,-0.9900097684670929,-1.0687527993048311,-1.0276781633421728,-0.9826464278844979,-0.45330937043211694,1.3675043809518026,-0.8976681683423162,1.1518123977230432
1.3636755374297667,-1.2094774446519432,1.2939626745269432,-0.5238473846909631,1.4858457911992449,-1.9031140511727145,-1.320305033036712,-1.908497918679909,1.5765187917447507,1.1486577924810817,1.78285899275332,-0.9654119228257313,0.08549887676925344,-1.1680586430388322,0.35055159930701313
-0.25694718441149134,-1.1693667737639242,-0.6710691076895581,-0.11330725289043549,-1.475686877297082,2.3102586166407617,0.8721821162528874,3.051338092469298,0.9152008939823552,1.1486577924810817,0.597642383908541,1.3358760999740618,-1.1965066274132958,-0.843590073403013,-0.2503939995050094
3.759249905790045,0.6763411743293793,0.3023803424614041,0.27535823820521127,0.20932308926117313,-1.3089204698144037,-0.31541508961231235,-1.908497918679909,-1.5096313978130949,-1.8982125456714745,-0.9826464278844979,-0.8727562352098543,1.3675043809518026,0.12981563550444514,1.702679196634064
-0.27731141783650143,-1.1693667737639242,-0.6710691076895581,-0.11330725289043549,-1.475686877297082,1.337941847145344,1.4203039035752874,0.8469665319585392,0.6947615947282234,0.7133906013164308,0.597642383908541,-0.48522247572823496,0.08549887676925344,1.6980803887442388,-0.15023639970300565
-0.16697429855190127,1.2789268685163104,-1.1568394705590088,0.6796484726614873,0.38803626753250386,0.5816954708711304,0.14135306648968757,0.8469665319585392,0.25388299621995974,0.7133906013164308,-0.19250202198797847,0.03559255019714171,0.08549887676925344,0.7246746798367807,-0.9514971981190357
1.2962884377324604,1.8451044152818088,0.2384380746573705,-0.5179881059307273,1.434784883121723,-0.28258610201368517,-0.4067687208327123,-0.07152161825427683,0.25388299621995974,0.27812341015177994,0.20257018096028123,-0.9654119228257313,0.08549887676925344,-1.1680586430388322,1.251969997525047
-0.27471960630968195,-1.0734097072548943,4.356033812575339,6.534630428473198,-0.8118950722892828,0.25758988103932456,0.5067675913712875,-0.07152161825427683,-0.18699560228830392,-0.5924109721775218,0.20257018096028123,-0.9654119228257313,0.08549887676925344,-1.1680586430388322,-1.4022063972280525
1.1126400781178238,1.8451044152818088,0.2384380746573705,-0.5179881059307273,1.434784883121723,1.554012240366548,1.7857184284568872,0.8469665319585392,-2.391388594829622,-2.7687469280007764,-1.7727908337810172,-0.45330937043211694,1.3675043809518026,-0.8976681683423162,1.4022063972280525
-0.09477383459050186,0.6106213827974715,0.34341791732070936,-0.5090038784983656,-0.25022508343653194,-2.659360427446928,-1.6857195579183122,-2.826986068892725,0.47432229547409155,0.7133906013164308,0.20257018096028123,-1.053108353035776,-1.1965066274132958,0.8869089646546904,0.7511819985150282
0.30769746964560674,-1.1844854112524852,-1.1783126201946919,-0.8910288536657452,1.7156198775480973,-1.3629380681197047,-1.320305033036712,-0.9900097684670929,0.47432229547409155,1.1486577924810817,-0.19250202198797847,-0.07416729677918882,1.3675043809518026,-0.46504340882789036,0.3004727994060113
-0.28175452331104905,-1.1270962975203966,0.32289912989105674,-0.49181666080167363,1.2305412508116313,-0.28258610201368517,-0.4067687208327123,-0.07152161825427683,0.9152008939823552,0.7133906013164308,0.9927145868568007,0.03559255019714171,0.08549887676925344,0.7246746798367807,0.6510243987130244
-0.2643523602024041,0.6106213827974715,0.34341791732070936,-0.5090038784983656,-0.25022508343653194,0.25758988103932456,0.14135306648968757,0.2958736418308496,0.6947615947282234,0.27812341015177994,0.9927145868568007,1.253919396708919,1.3675043809518026,-1.2221367379781356,-0.80126079841603
-0.023313888208193703,-1.1104349419207578,-1.1601797382801151,-0.08713580776138195,-0.9395473424830896,0.25758988103932456,0.5067675913712875,-0.07152161825427683,-0.18699560228830392,-0.15714378101287094,-0.19250202198797847,2.994129652669048,-1.1965066274132958,-0.6272776936458,-0.5007879990100188
-0.07329882479685484,0.6106213827974715,0.34341791732070936,-0.5090038784983656,-0.25022508343653194,-2.011149247783316,-2.233841345240712,-1.173707398509656,0.9152008939823552,1.1486577924810817,0.597642383908541,-0.66451343385658,0.08549887676925344,-1.7088395924318647,1.4522851971290545
-0.10069797522323207,1.8451044152818088,0.2384380746573705,-0.5179881059307273,1.434784883121723,1.554012240366548,1.7857184284568872,0.8469665319585392,-2.391388594829622,-2.7687469280007764,-1.7727908337810172,-0.18044357397591915,1.3675043809518026,-1.0058243582209225,1.4022063972280525
0.14737541377234545,-1.1693667737639242,-0.6710691076895581,-0.11330725289043549,-1.475686877297082,1.6620474369771499,1.7857184284568872,1.0306641620011023,-0.18699560228830392,0.7133906013164308,-0.9826464278844979,2.406388753687064,-1.1965066274132958,-1.113980548099529,0.5508667989110206
-0.2802734881528665,-1.1270962975203966,0.32289912989105674,-0.49181666080167363,1.2305412508116313,-0.28258610201368517,-0.4067687208327123,-0.07152161825427683,0.9152008939823552,0.7133906013164308,0.9927145868568007,0.03559255019714171,0.08549887676925344,-0.5731995987064968,0.6510243987130244
-0.28619762878559674,-1.2063920084297877,-1.0733327775313528,0.2886392700617461,0.20932308926117313,-0.4986564952348891,-2.233841345240712,1.3980594220862288,0.9152008939823552,1.1486577924810817,0.597642383908541,-0.48522247572823496,-1.1965066274132958,0.9409870595939935,-0.9014183982180338
-0.2576877019905826,-0.24959823593942765,0.8497070676198127,0.6726173381492043,1.000767164462779,0.25758988103932456,0.5067675913712875,-0.07152161825427683,-0.18699560228830392,-0.15714378101287094,-0.19250202198797847,-0.45330937043211694,-1.1965066274132958,1.3736118191084195,-0.400630399208015
-0.15586653486553212,1.2789268685163104,-1.1568394705590088,0.6796484726614873,0.38803626753250386,-0.8227620850666949,-0.4067687208327123,-0.9900097684670929,-1.0687527993048311,-1.0276781633421728,-0.9826464278844979,2.994129652669048,1.3675043809518026,-0.6272776936458,1.1518123977230432
-0.2899002166810531,-1.1490028946976991,1.2639002650369873,-0.48947294929757934,-1.4246259692195578,0.9058010607029362,1.6030111660160873,-0.07152161825427683,-3.2731457918461495,-2.7687469280007764,-3.353079645574056,-0.8727562352098543,0.08549887676925344,0.12981563550444514,-1.702679196634064
-0.018500523944100407,1.2789268685163104,-1.1568394705590088,0.6796484726614873,0.38803626753250386,0.5816954708711304,0.14135306648968757,0.8469665319585392,0.6947615947282234,0.27812341015177994,0.9927145868568007,-0.7054938746681985,0.08549887676925344,-1.4384491177353484,-0.6009455988120226
-0.11810013833187705,0.6106213827974715,0.34341791732070936,-0.5090038784983656,-0.25022508343653194,0.25758988103932456,0.14135306648968757,0.2958736418308496,0.6947615947282234,0.27812341015177994,0.9927145868568007,-0.9654119228257313,1.3675043809518026,-1.1680586430388322,-0.851339598317032
-0.2673144305187692,1.2789268685163104,-1.1568394705590088,0.6796484726614873,0.38803626753250386,0.25758988103932456,0.5067675913712875,-0.07152161825427683,0.033443696965827906,0.27812341015177994,-0.19250202198797847,-0.20265138455711335,-1.1965066274132958,-1.330292927856742,0.0
0.010749920430005,-1.1104349419207578,-1.1601797382801151,-0.08713580776138195,-0.9395473424830896,-0.714726888456093,-2.051134082799912,0.8469665319585392,0.033443696965827906,0.27812341015177994,-0.19250202198797847,-0.07416729677918882,-1.1965066274132958,-1.546605307613955,-0.7511819985150282
-0.23251010430147923,0.6106213827974715,0.34341791732070936,-0.5090038784983656,-0.25022508343653194,0.6897306674817323,0.5067675913712875,0.663268901915976,0.033443696965827906,0.27812341015177994,-0.19250202198797847,1.3358760999740618,-1.1965066274132958,-0.843590073403013,0.400630399208015
-0.06959623690139846,1.2789268685163104,-1.1568394705590088,0.6796484726614873,0.38803626753250386,0.5816954708711304,0.14135306648968757,0.8469665319585392,0.25388299621995974,0.7133906013164308,-0.19250202198797847,-1.053108353035776,0.08549887676925344,1.1572994393512064,-0.9514971981190357
0.20254397341464553,-0.22886971441058448,0.5783211603049987,0.5987549149898665,0.31144490541621894,-0.8227620850666949,-1.320305033036712,-0.07152161825427683,0.6947615947282234,0.27812341015177994,0.9927145868568007,1.253919396708919,-1.1965066274132958,-1.2221367379781356,0.15023639970300565
-0.04701045073911454,0.6106213827974715,0.34341791732070936,-0.5090038784983656,-0.25022508343653194,-1.4709732647303067,-1.320305033036712,-1.173707398509656,0.25388299621995974,0.7133906013164308,-0.19250202198797847,-1.053108353035776,0.08549887676925344,0.6705965848974774,-1.251969997525047
-0.17956309739645296,-1.1844854112524852,-1.1783126201946919,-0.8910288536657452,1.7156198775480973,-1.3629380681197047,-1.320305033036712,-0.9900097684670929,0.47432229547409155,1.1486577924810817,-0.19250202198797847,-0.18044357397591915,1.3675043809518026,0.562440395018871,0.3004727994060113
-0.18252516771281807,0.6106213827974715,0.34341791732070936,-0.5090038784983656,-0.25022508343653194,-0.8227620850666949,-0.4067687208327123,-0.9900097684670929,0.6947615947282234,0.7133906013164308,0.597642383908541,0.03559255019714171,1.3675043809518026,1.4276899140477226,0.2503939995050094
1.1878026123955885,1.8451044152818088,0.2384380746573705,-0.5179881059307273,1.434784883121723,-1.3629380681197047,-0.4067687208327123,-1.908497918679909,-0.4074349015424357,0.27812341015177994,-0.9826464278844979,-0.8727562352098543,0.08549887676925344,-0.41096531388858715,1.652600396733062
-0.19289241382009595,1.2789268685163104,-1.1568394705590088,0.6796484726614873,0.38803626753250386,-0.17455090540308324,0.14135306648968757,-0.43891687833940324,0.6947615947282234,0.7133906013164308,0.597642383908541,0.006770415145578656,-1.1965066274132958,-0.7895119784637097,-0.10015759980200376
-0.27916271178422963,-1.1490028946976991,1.2639002650369873,-0.48947294929757934,-1.4246259692195578,0.9058010607029362,1.6030111660160873,-0.07152161825427683,-3.2731457918461495,-2.7687469280007764,-3.353079645574056,0.1260701194300788,0.08549887676925344,0.8328308697153871,-1.702679196634064
-0.21362690603465168,-1.1693667737639242,-0.6710691076895581,-0.11330725289043549,-1.475686877297082,0.25758988103932456,0.5067675913712875,-0.07152161825427683,-0.18699560228830392,-0.15714378101287094,-0.19250202198797847,-1.053108353035776,-1.1965066274132958,1.1572994393512064,1.7527579965350657
-0.13254023112415694,0.6106213827974715,0.34341791732070936,-0.5090038784983656,-0.25022508343653194,-0.8227620850666949,-0.4067687208327123,-0.9900097684670929,-0.4074349015424357,-1.0276781633421728,0.20257018096028123,0.1260701194300788,1.3675043809518026,-0.03241864931346453,0.851339598317032
-0.1925221550305503,0.6106213827974715,0.34341791732070936,-0.5090038784983656,-0.25022508343653194,-1.6870436579515105,-1.320305033036712,-1.5411026585947825,1.135640193236487,1.1486577924810817,0.9927145868568007,-0.07416729677918882,0.08549887676925344,-0.46504340882789036,1.2018911976240452
-0.2917515106287813,-1.1693667737639242,-0.6710691076895581,-0.11330725289043549,-1.475686877297082,0.04151948781812065,-1.320305033036712,1.3980594220862288,-0.18699560228830392,-0.15714378101287094,-0.19250202198797847,-0.8727562352098543,-1.1965066274132958,-0.41096531388858715,1.3521275973270508
0.19884138551918915,0.6106213827974715,0.34341791732070936,-0.5090038784983656,-0.25022508343653194,-1.6870436579515105,-1.320305033036712,-1.5411026585947825,1.135640193236487,1.1486577924810817,0.9927145868568007,-0.48522247572823496,0.08549887676925344,-0.9517462632816194,1.2018911976240452
-0.2906407342601444,1.8451044152818088,0.2384380746573705,-0.5179881059307273,1.434784883121723,-1.3629380681197047,-0.4067687208327123,-1.908497918679909,-0.4074349015424357,0.27812341015177994,-0.9826464278844979,-0.48522247572823496,0.08549887676925344,-0.9517462632816194,1.652600396733062
-0.2284372576164772,-1.1104349419207578,-1.1601797382801151,-0.08713580776138195,-0.9395473424830896,1.337941847145344,1.4203039035752874,0.8469665319585392,0.6947615947282234,0.7133906013164308,0.597642383908541,-0.45330937043211694,0.08549887676925344,-0.8976681683423162,-1.4522851971290545
-0.29101099304969,-1.1490028946976991,1.2639002650369873,-0.48947294929757934,-1.4246259692195578,0.9058010607029362,1.6030111660160873,-0.07152161825427683,-3.2731457918461495,-2.7687469280007764,-3.353079645574056,0.03559255019714171,0.08549887676925344,0.7246746798367807,-1.702679196634064
-0.1828954265023637,-1.1693667737639242,-0.6710691076895581,-0.11330725289043549,-1.475686877297082,-0.8227620850666949,-0.4067687208327123,-0.9900097684670929,-1.0687527993048311,-1.0276781633421728,-0.9826464278844979,-0.18044357397591915,1.3675043809518026,-0.7354338835244065,-1.3020487974260488
-0.29027047547059875,-1.1104349419207578,-1.1601797382801151,-0.08713580776138195,-0.9395473424830896,1.337941847145344,1.4203039035752874,0.8469665319585392,0.25388299621995974,0.7133906013164308,-0.19250202198797847,-0.18044357397591915,0.08549887676925344,0.562440395018871,-0.4507091991090169
-0.2936028045765095,-1.1693667737639242,-0.6710691076895581,-0.11330725289043549,-1.475686877297082,0.04151948781812065,-1.320305033036712,1.3980594220862288,-0.18699560228830392,-0.15714378101287094,-0.19250202198797847,0.11588619232781792,-1.1965066274132958,-1.4925272126746516,1.3521275973270508
-0.14401825360007173,0.6106213827974715,0.34341791732070936,-0.5090038784983656,-0.25022508343653194,-0.606691691845491,-0.9548905081551122,-0.07152161825427683,-0.18699560228830392,-0.5924109721775218,0.20257018096028123,-0.45330937043211694,0.08549887676925344,-0.6813557885851033,0.9514971981190357
0.010749920430005,0.6106213827974715,0.34341791732070936,-0.5090038784983656,-0.25022508343653194,-2.659360427446928,-1.6857195579183122,-2.826986068892725,0.47432229547409155,0.7133906013164308,0.20257018096028123,0.03559255019714171,-1.1965066274132958,0.4002061102009613,0.7511819985150282
-0.17919283860690732,1.2789268685163104,-1.1568394705590088,0.6796484726614873,0.38803626753250386,0.5816954708711304,0.14135306648968757,0.8469665319585392,0.25388299621995974,0.7133906013164308,-0.19250202198797847,2.994129652669048,0.08549887676925344,1.5899241988656323,-0.9514971981190357
-0.16438248702508182,-1.1693667737639242,-0.6710691076895581,-0.11330725289043549,-1.475686877297082,-0.8227620850666949,-0.4067687208327123,-0.9900097684670929,-1.0687527993048311,-1.0276781633421728,-0.9826464278844979,0.1260701194300788,1.3675043809518026,-1.3843710227960453,-1.3020487974260488
-0.20103810719009998,-1.1844854112524852,-1.1783126201946919,-0.8910288536657452,1.7156198775480973,0.7977658640923343,1.4203039035752874,-0.07152161825427683,0.6947615947282234,0.7133906013164308,0.597642383908541,-0.07416729677918882,-1.1965066274132958,1.0491432494726,-0.2003151996040075
-0.11587858559460322,0.6106213827974715,0.34341791732070936,-0.5090038784983656,-0.25022508343653194,-0.8227620850666949,-0.4067687208327123,-0.9900097684670929,0.25388299621995974,-0.15714378101287094,0.597642383908541,-0.3650833393028946,1.3675043809518026,0.07573754056514193,0.2003151996040075
-0.21547819998237985,-1.1844854112524852,-1.1783126201946919,-0.8910288536657452,1.7156198775480973,-1.3629380681197047,-1.320305033036712,-0.9900097684670929,0.47432229547409155,1.1486577924810817,-0.19250202198797847,2.994129652669048,1.3675043809518026,-0.6272776936458,0.3004727994060113
-0.14735058270598245,0.6106213827974715,0.34341791732070936,-0.5090038784983656,-0.25022508343653194,0.25758988103932456,0.14135306648968757,0.2958736418308496,0.6947615947282234,0.27812341015177994,0.9927145868568007,0.03559255019714171,1.3675043809518026,0.7246746798367807,-0.851339598317032
-0.15586653486553212,1.2789268685163104,-1.1568394705590088,0.6796484726614873,0.38803626753250386,0.7977658640923343,0.5067675913712875,0.8469665319585392,0.033443696965827906,0.27812341015177994,-0.19250202198797847,0.03559255019714171,0.08549887676925344,0.4002061102009613,1.0015759980200376
-0.2802734881528665,0.6106213827974715,0.34341791732070936,-0.5090038784983656,-0.25022508343653194,0.7977658640923343,0.5067675913712875,0.8469665319585392,1.5765187917447507,1.5839249836457325,1.3877867898050604,-0.18044357397591915,-1.1965066274132958,-0.7354338835244065,0.10015759980200376
-0.26287132504422156,-1.1844854112524852,-1.1783126201946919,-0.8910288536657452,1.7156198775480973,0.7977658640923343,1.4203039035752874,-0.07152161825427683,0.6947615947282234,0.7133906013164308,0.597642383908541,-0.66451343385658,-1.1965066274132958,-1.7088395924318647,-0.2003151996040075
-0.1603096403400798,-1.0734097072548943,4.356033812575339,6.534630428473198,-0.8118950722892828,0.25758988103932456,0.5067675913712875,-0.07152161825427683,-0.18699560228830392,-0.5924109721775218,0.20257018096028123,2.994129652669048,0.08549887676925344,1.5899241988656323,-1.4022063972280525
-0.20029758961100871,0.6106213827974715,0.34341791732070936,-0.5090038784983656,-0.25022508343653194,-1.4709732647303067,-1.320305033036712,-1.173707398509656,0.25388299621995974,0.7133906013164308,-0.19250202198797847,-0.18044357397591915,0.08549887676925344,0.6165184899581742,-1.251969997525047
-0.08218503574595015,0.6106213827974715,0.34341791732070936,-0.5090038784983656,-0.25022508343653194,0.25758988103932456,0.14135306648968757,0.2958736418308496,0.6947615947282234,0.27812341015177994,0.9927145868568007,-0.9654119228257313,1.3675043809518026,-0.08649674425276777,-0.851339598317032
-0.23843424493420942,-0.24959823593942765,0.8497070676198127,0.6726173381492043,1.000767164462779,1.337941847145344,1.4203039035752874,0.8469665319585392,0.6947615947282234,0.7133906013164308,0.597642383908541,0.5534877303040735,-1.1965066274132958,-1.6006834025532581,1.3020487974260488
-0.2876786639437793,-1.1693667737639242,-0.6710691076895581,-0.11330725289043549,-1.475686877297082,1.8781178301983537,1.4203039035752874,1.7654546821713553,-0.6278742007965675,-0.15714378101287094,-0.9826464278844979,0.006770415145578656,-1.1965066274132958,-0.14057483919207098,1.60252159683206
-0.2643523602024041,0.6106213827974715,0.34341791732070936,-0.5090038784983656,-0.25022508343653194,0.25758988103932456,0.14135306648968757,0.2958736418308496,0.6947615947282234,0.27812341015177994,0.9927145868568007,-0.9654119228257313,1.3675043809518026,-1.1680586430388322,-0.80126079841603
-0.286938146364688,-1.1693667737639242,-0.6710691076895581,-0.11330725289043549,-1.475686877297082,1.337941847145344,1.4203039035752874,0.8469665319585392,0.6947615947282234,0.7133906013164308,0.597642383908541,-0.18044357397591915,0.08549887676925344,-0.7354338835244065,-0.15023639970300565
-0.1865980143978201,0.6106213827974715,0.34341791732070936,-0.5090038784983656,-0.25022508343653194,-0.714726888456093,-0.5894759832735124,-0.6226145083819664,-1.0687527993048311,-1.0276781633421728,-0.9826464278844979,0.03559255019714171,1.3675043809518026,0.4002061102009613,0.4507091991090169
-0.29212176941832696,0.6106213827974715,0.34341791732070936,-0.5090038784983656,-0.25022508343653194,-0.8227620850666949,-0.4067687208327123,-0.9900097684670929,-0.4074349015424357,-0.5924109721775218,-0.19250202198797847,0.1260701194300788,1.3675043809518026,-0.03241864931346453,-0.6510243987130244
0.24253192268557444,-1.2094774446519432,1.2939626745269432,-0.5238473846909631,1.4858457911992449,-1.9031140511727145,-1.320305033036712,-1.908497918679909,1.5765187917447507,1.1486577924810817,1.78285899275332,-0.66451343385658,0.08549887676925344,-1.7088395924318647,0.35055159930701313
-0.2606497723069477,0.6106213827974715,0.34341791732070936,-0.5090038784983656,-0.25022508343653194,0.25758988103932456,0.14135306648968757,0.2958736418308496,0.6947615947282234,0.27812341015177994,0.9927145868568007,0.11588619232781792,1.3675043809518026,-1.4925272126746516,-0.80126079841603
-0.286938146364688,-1.1693667737639242,-0.6710691076895581,-0.11330725289043549,-1.475686877297082,1.8781178301983537,1.4203039035752874,1.7654546821713553,-0.6278742007965675,-0.15714378101287094,-0.9826464278844979,-0.18044357397591915,-1.1965066274132958,-1.0058243582209225,1.60252159683206
0.6912855756148878,-1.148385807453268,1.254833824079699,-0.4988477953139567,-1.5267477853746036,-1.6870436579515105,-1.320305033036712,-1.5411026585947825,-0.4074349015424357,-0.5924109721775218,-0.19250202198797847,-0.18044357397591915,-1.1965066274132958,0.6165184899581742,-1.5023639970300564
-0.2762006414678645,-1.1844854112524852,-1.1783126201946919,-0.8910288536657452,1.7156198775480973,0.7977658640923343,1.4203039035752874,-0.07152161825427683,0.6947615947282234,0.7133906013164308,0.597642383908541,0.006770415145578656,-1.1965066274132958,-0.14057483919207098,-0.2003151996040075
-0.27286831236195375,1.2789268685163104,-1.1568394705590088,0.6796484726614873,0.38803626753250386,0.25758988103932456,0.5067675913712875,-0.07152161825427683,0.033443696965827906,0.27812341015177994,-0.19250202198797847,-0.8727562352098543,-1.1965066274132958,0.12981563550444514,0.0
-0.17252818039508586,-0.24959823593942765,0.8497070676198127,0.6726173381492043,1.000767164462779,0.5816954708711304,0.14135306648968757,0.8469665319585392,0.25388299621995974,-0.15714378101287094,0.597642383908541,2.406388753687064,0.08549887676925344,-1.113980548099529,1.0516547979210396
-0.18437646166054628,0.6106213827974715,0.34341791732070936,-0.5090038784983656,-0.25022508343653194,-0.714726888456093,-0.0413541959511124,-1.173707398509656,0.6947615947282234,0.7133906013164308,0.597642383908541,-0.9654119228257313,1.3675043809518026,-0.08649674425276777,1.5524427969310584
-0.1925221550305503,0.6106213827974715,0.34341791732070936,-0.5090038784983656,-0.25022508343653194,-0.606691691845491,-0.9548905081551122,-0.07152161825427683,-0.18699560228830392,-0.5924109721775218,0.20257018096028123,0.1260701194300788,0.08549887676925344,-1.3843710227960453,0.9514971981190357
-0.14512902996870863,1.2789268685163104,-1.1568394705590088,0.6796484726614873,0.38803626753250386,0.5816954708711304,0.14135306648968757,0.8469665319585392,0.25388299621995974,0.7133906013164308,-0.19250202198797847,0.006770415145578656,0.08549887676925344,0.7787527747760838,-0.9514971981190357
-0.15808808760280596,0.6106213827974715,0.34341791732070936,-0.5090038784983656,-0.25022508343653194,-0.606691691845491,-0.9548905081551122,-0.07152161825427683,-0.18699560228830392,-0.5924109721775218,0.20257018096028123,0.03559255019714171,0.08549887676925344,1.4276899140477226,1.1017335978220413
-0.07515011874458304,1.2789268685163104,-1.1568394705590088,0.6796484726614873,0.38803626753250386,0.36562507764992647,1.2375966411344874,-0.6226145083819664,1.3560794924906188,0.7133906013164308,1.78285899275332,0.1260701194300788,1.3675043809518026,-1.059902453160226,0.05007879990100188
-0.19289241382009595,-0.551662442088432,1.2667633516550785,1.8397856671881925,2.532594406788464,0.7977658640923343,0.5067675913712875,0.8469665319585392,-3.2731457918461495,-3.204014119165427,-2.9580074426257963,-0.45330937043211694,0.08549887676925344,1.3736118191084195,-0.5508667989110206
2.475192423645772,0.6763411743293793,0.3023803424614041,0.27535823820521127,0.20932308926117313,0.4736602742605284,-0.9548905081551122,1.7654546821713553,0.033443696965827906,0.27812341015177994,-0.19250202198797847,2.406388753687064,-1.1965066274132958,-1.113980548099529,-1.652600396733062
1.315171635999288,0.6106213827974715,0.34341791732070936,-0.5090038784983656,-0.25022508343653194,-0.8227620850666949,-0.4067687208327123,-0.9900097684670929,-0.4074349015424357,-0.5924109721775218,-0.19250202198797847,0.481837613057126,1.3675043809518026,-0.30280912400998067,-0.6510243987130244
-0.2913812518392357,-1.2063920084297877,-1.0733327775313528,0.2886392700617461,0.20932308926117313,-0.4986564952348891,-2.233841345240712,1.3980594220862288,0.9152008939823552,1.1486577924810817,0.597642383908541,0.006770415145578656,-1.1965066274132958,1.265455629229813,-0.9014183982180338
-0.2510230437787611,0.6106213827974715,0.34341791732070936,-0.5090038784983656,-0.25022508343653194,-0.606691691845491,-0.9548905081551122,-0.07152161825427683,-0.18699560228830392,-0.5924109721775218,0.20257018096028123,0.5534877303040735,0.08549887676925344,-1.6006834025532581,1.1017335978220413
-0.14920187665371065,-1.1693667737639242,-0.6710691076895581,-0.11330725289043549,-1.475686877297082,0.25758988103932456,0.5067675913712875,-0.07152161825427683,-0.18699560228830392,-0.15714378101287094,-0.19250202198797847,-0.7539631269986905,-1.1965066274132958,1.319533724169116,-1.7527579965350657
-0.29101099304969,-1.1693667737639242,-0.6710691076895581,-0.11330725289043549,-1.475686877297082,0.25758988103932456,0.5067675913712875,-0.07152161825427683,-0.18699560228830392,-0.15714378101287094,-0.19250202198797847,-0.18044357397591915,-1.1965066274132958,0.562440395018871,-1.7527579965350657
-0.20362991871691943,0.6106213827974715,0.34341791732070936,-0.5090038784983656,-0.25022508343653194,0.25758988103932456,0.14135306648968757,0.2958736418308496,0.6947615947282234,0.27812341015177994,0.9927145868568007,0.11588619232781792,1.3675043809518026,-1.4925272126746516,-0.851339598317032
-0.11069496254096428,-0.24959823593942765,0.8497070676198127,0.6726173381492043,1.000767164462779,0.25758988103932456,0.5067675913712875,-0.07152161825427683,-0.18699560228830392,-0.15714378101287094,-0.19250202198797847,1.3358760999740618,-1.1965066274132958,-0.843590073403013,-0.400630399208015
0.14848619014098235,-1.1104349419207578,-1.1601797382801151,-0.08713580776138195,-0.9395473424830896,-0.8227620850666949,-0.4067687208327123,-0.9900097684670929,-1.0687527993048311,-1.0276781633421728,-0.9826464278844979,0.5534877303040735,1.3675043809518026,0.9950651545332968,0.9014183982180338
-0.17808206223827042,-1.1270962975203966,0.32289912989105674,-0.49181666080167363,1.2305412508116313,0.7977658640923343,0.5067675913712875,0.8469665319585392,1.135640193236487,0.7133906013164308,1.3877867898050604,0.03559255019714171,1.3675043809518026,0.7246746798367807,-0.35055159930701313
-0.25620666683240007,0.6106213827974715,0.34341791732070936,-0.5090038784983656,-0.25022508343653194,-0.8227620850666949,-0.4067687208327123,-0.9900097684670929,-0.4074349015424357,-1.0276781633421728,0.20257018096028123,0.5534877303040735,1.3675043809518026,0.9950651545332968,0.851339598317032
-0.28323555846923165,0.6106213827974715,0.34341791732070936,-0.5090038784983656,-0.25022508343653194,-0.714726888456093,-0.5894759832735124,-0.6226145083819664,-1.0687527993048311,-1.0276781633421728,-0.9826464278844979,2.994129652669048,1.3675043809518026,1.5899241988656323,0.4507091991090169
-0.27953297057377524,1.2789268685163104,-1.1568394705590088,0.6796484726614873,0.38803626753250386,0.25758988103932456,0.5067675913712875,-0.07152161825427683,0.033443696965827906,0.27812341015177994,-0.19250202198797847,-0.45330937043211694,-1.1965066274132958,1.3736118191084195,0.0
0.44839580967294923,0.6763411743293793,0.3023803424614041,0.27535823820521127,0.20932308926117313,-1.3089204698144037,-0.31541508961231235,-1.908497918679909,-1.5096313978130949,-1.8982125456714745,-0.9826464278844979,0.03559255019714171,1.3675043809518026,0.7246746798367807,1.702679196634064
-0.09144150548459111,0.6106213827974715,0.34341791732070936,-0.5090038784983656,-0.25022508343653194,-1.4709732647303067,-1.320305033036712,-1.173707398509656,0.25388299621995974,0.7133906013164308,-0.19250202198797847,0.481837613057126,0.08549887676925344,-0.30280912400998067,-1.251969997525047
0.5398497306907218,1.2789268685163104,-1.1568394705590088,0.6796484726614873,0.38803626753250386,0.5816954708711304,0.14135306648968757,0.8469665319585392,0.6947615947282234,0.27812341015177994,0.9927145868568007,-0.5008826302442834,0.08549887676925344,1.6440022938049355,-0.6009455988120226
-0.2691657244664974,-1.2094774446519432,1.2939626745269432,-0.5238473846909631,1.4858457911992449,-1.9031140511727145,-1.320305033036712,-1.908497918679909,1.5765187917447507,1.1486577924810817,1.78285899275332,0.481837613057126,0.08549887676925344,-0.30280912400998067,0.35055159930701313
0.46505745520250297,-0.5538222474439407,1.2514935563585923,-0.5304879006192306,1.996454871974474,0.7977658640923343,0.5067675913712875,0.8469665319585392,-3.2731457918461495,-3.204014119165427,-2.9580074426257963,0.03559255019714171,0.08549887676925344,0.4002061102009613,0.6009455988120226
1.9527572715968768,0.6106213827974715,0.34341791732070936,-0.5090038784983656,-0.25022508343653194,0.25758988103932456,0.5067675913712875,-0.07152161825427683,-0.4074349015424357,-1.0276781633421728,0.20257018096028123,-1.053108353035776,0.08549887676925344,-1.2762148329174388,-0.7011031986140263
-0.22510492851056646,0.6106213827974715,0.34341791732070936,-0.5090038784983656,-0.25022508343653194,0.7977658640923343,0.5067675913712875,0.8469665319585392,1.5765187917447507,1.5839249836457325,1.3877867898050604,-0.48522247572823496,-1.1965066274132958,0.9409870595939935,0.10015759980200376
-0.16179067549826234,0.6106213827974715,0.34341791732070936,-0.5090038784983656,-0.25022508343653194,-0.714726888456093,-0.0413541959511124,-1.173707398509656,0.6947615947282234,0.7133906013164308,0.597642383908541,-0.18044357397591915,1.3675043809518026,-0.7354338835244065,1.5524427969310584
0.03925984722501913,-1.1693667737639242,-0.6710691076895581,-0.11330725289043549,-1.475686877297082,-0.8227620850666949,-0.4067687208327123,-0.9900097684670929,-1.0687527993048311,-1.0276781633421728,-0.9826464278844979,-1.053108353035776,1.3675043809518026,0.6705965848974774,-1.3020487974260488
0.14071075556052395,0.6106213827974715,0.34341791732070936,-0.5090038784983656,-0.25022508343653194,-0.28258610201368517,-0.4067687208327123,-0.07152161825427683,-1.0687527993048311,-1.0276781633421728,-0.9826464278844979,-0.18044357397591915,1.3675043809518026,-1.0058243582209225,-1.0015759980200376
-0.19992733082146305,0.6106213827974715,0.34341791732070936,-0.5090038784983656,-0.25022508343653194,-2.659360427446928,-1.6857195579183122,-2.826986068892725,0.47432229547409155,0.7133906013164308,0.20257018096028123,1.253919396708919,-1.1965066274132958,-1.6547614974925613,0.7511819985150282
-0.2110350945078322,1.2789268685163104,-1.1568394705590088,0.6796484726614873,0.38803626753250386,-0.17455090540308324,0.14135306648968757,-0.43891687833940324,0.6947615947282234,0.7133906013164308,0.597642383908541,-0.9654119228257313,-1.1965066274132958,0.2379718253830516,-0.10015759980200376
-0.2506527849892155,-1.1104349419207578,-1.1601797382801151,-0.08713580776138195,-0.9395473424830896,-0.8227620850666949,-0.4067687208327123,-0.9900097684670929,-1.0687527993048311,-1.0276781633421728,-0.9826464278844979,-0.45330937043211694,1.3675043809518026,-0.6813557885851033,0.9014183982180338
-0.11995143227960524,-1.1693667737639242,-0.6710691076895581,-0.11330725289043549,-1.475686877297082,-0.8227620850666949,-0.4067687208327123,-0.9900097684670929,-1.0687527993048311,-1.0276781633421728,-0.9826464278844979,0.03559255019714171,1.3675043809518026,-0.19465293413137422,-1.3020487974260488
0.3536095595492659,1.2789268685163104,-1.1568394705590088,0.6796484726614873,0.38803626753250386,0.7977658640923343,0.5067675913712875,0.8469665319585392,0.033443696965827906,0.27812341015177994,-0.19250202198797847,-0.8727562352098543,0.08549887676925344,-0.41096531388858715,1.0015759980200376
-0.18733853197691136,1.2789268685163104,-1.1568394705590088,0.6796484726614873,0.38803626753250386,0.25758988103932456,0.5067675913712875,-0.07152161825427683,0.033443696965827906,0.27812341015177994,-0.19250202198797847,-0.07416729677918882,-1.1965066274132958,-1.546605307613955,0.0
-0.16105015791917107,0.6106213827974715,0.34341791732070936,-0.5090038784983656,-0.25022508343653194,0.25758988103932456,0.14135306648968757,0.2958736418308496,0.6947615947282234,0.27812341015177994,0.9927145868568007,-0.18044357397591915,1.3675043809518026,-0.7354338835244065,-0.851339598317032
0.7557106049958289,0.6106213827974715,0.34341791732070936,-0.5090038784983656,-0.25022508343653194,0.25758988103932456,0.5067675913712875,-0.07152161825427683,-0.4074349015424357,-1.0276781633421728,0.20257018096028123,-0.45330937043211694,0.08549887676925344,1.3736118191084195,-0.7011031986140263
0.0007529331122727719,0.6106213827974715,0.34341791732070936,-0.5090038784983656,-0.25022508343653194,-0.606691691845491,-0.9548905081551122,-0.07152161825427683,-0.18699560228830392,-0.5924109721775218,0.20257018096028123,-0.8727562352098543,0.08549887676925344,-0.41096531388858715,0.9514971981190357
-0.2354721746178443,0.6106213827974715,0.34341791732070936,-0.5090038784983656,-0.25022508343653194,-2.659360427446928,-1.6857195579183122,-2.826986068892725,0.47432229547409155,0.7133906013164308,0.20257018096028123,-0.7054938746681985,-1.1965066274132958,-0.3568872189492839,0.7511819985150282
-0.17586050950099658,0.6106213827974715,0.34341791732070936,-0.5090038784983656,-0.25022508343653194,-0.8227620850666949,-0.4067687208327123,-0.9900097684670929,0.6947615947282234,0.7133906013164308,0.597642383908541,-0.45330937043211694,1.3675043809518026,-0.6813557885851033,0.2503939995050094
0.04777579938456881,1.2789268685163104,-1.1568394705590088,0.6796484726614873,0.38803626753250386,0.5816954708711304,0.14135306648968757,0.8469665319585392,0.6947615947282234,0.27812341015177994,0.9927145868568007,-0.8727562352098543,0.08549887676925344,-0.41096531388858715,-0.6009455988120226
-0.1906708610828221,1.3039189019157686,1.945314880142661,0.6730079567332199,-0.9395473424830896,0.25758988103932456,-0.4067687208327123,0.8469665319585392,0.6947615947282234,0.27812341015177994,0.9927145868568007,2.994129652669048,1.3675043809518026,-0.6272776936458,-1.60252159683206
1.295547920153369,-1.2094774446519432,1.2939626745269432,-0.5238473846909631,1.4858457911992449,-1.9031140511727145,-1.320305033036712,-1.908497918679909,1.5765187917447507,1.1486577924810817,1.78285899275332,-0.07416729677918882,0.08549887676925344,-1.546605307613955,0.35055159930701313
-0.16290145186689925,1.2789268685163104,-1.1568394705590088,0.6796484726614873,0.38803626753250386,-0.17455090540308324,0.14135306648968757,-0.43891687833940324,0.6947615947282234,0.7133906013164308,0.597642383908541,-0.18044357397591915,-1.1965066274132958,0.34612801526165804,-0.10015759980200376
-0.13179971354506564,1.2789268685163104,-1.1568394705590088,0.6796484726614873,0.38803626753250386,0.25758988103932456,0.5067675913712875,-0.07152161825427683,0.033443696965827906,0.27812341015177994,-0.19250202198797847,0.03559255019714171,-1.1965066274132958,0.4002061102009613,0.0
-0.1984462956632805,-1.0734097072548943,4.356033812575339,6.534630428473198,-0.8118950722892828,0.25758988103932456,0.5067675913712875,-0.07152161825427683,-0.18699560228830392,-0.5924109721775218,0.20257018096028123,-0.45330937043211694,0.08549887676925344,1.1032213444119032,-1.4022063972280525
-0.057377696846392406,1.2789268685163104,-1.1568394705590088,0.6796484726614873,0.38803626753250386,0.36562507764992647,1.2375966411344874,-0.6226145083819664,1.3560794924906188,0.7133906013164308,1.78285899275332,-0.8727562352098543,1.3675043809518026,-0.41096531388858715,0.05007879990100188
0.7571916401540114,-1.1693667737639242,-0.6710691076895581,-0.11330725289043549,-1.475686877297082,1.6620474369771499,1.7857184284568872,1.0306641620011023,-0.18699560228830392,0.7133906013164308,-0.9826464278844979,1.253919396708919,-1.1965066274132958,-1.6547614974925613,0.5508667989110206
-0.1417967008627979,1.2789268685163104,-1.1568394705590088,0.6796484726614873,0.38803626753250386,0.36562507764992647,1.2375966411344874,-0.6226145083819664,1.3560794924906188,0.7133906013164308,1.78285899275332,0.11588619232781792,1.3675043809518026,-1.4925272126746516,0.05007879990100188
-0.286938146364688,-1.1409807605200954,0.2880649093709489,-0.5058789298262397,0.9497062563852547,1.337941847145344,1.4203039035752874,0.8469665319585392,-0.18699560228830392,-0.15714378101287094,-0.19250202198797847,-0.7054938746681985,0.08549887676925344,1.4817680089870258,0.7011031986140263
-0.29027047547059875,-1.1270962975203966,0.32289912989105674,-0.49181666080167363,1.2305412508116313,-0.28258610201368517,-0.4067687208327123,-0.07152161825427683,0.9152008939823552,0.7133906013164308,0.9927145868568007,-0.5008826302442834,0.08549887676925344,1.6440022938049355,0.6510243987130244
-0.25694718441149134,-0.24959823593942765,0.8497070676198127,0.6726173381492043,1.000767164462779,1.337941847145344,1.4203039035752874,0.8469665319585392,0.6947615947282234,0.7133906013164308,0.597642383908541,1.253919396708919,-1.1965066274132958,-1.6547614974925613,1.3020487974260488
0.109979276028236,-1.1270962975203966,0.32289912989105674,-0.49181666080167363,1.2305412508116313,0.7977658640923343,0.5067675913712875,0.8469665319585392,1.135640193236487,0.7133906013164308,1.3877867898050604,-1.053108353035776,1.3675043809518026,0.6705965848974774,-0.35055159930701313
-0.11476780922596631,-0.22886971441058448,0.5783211603049987,0.5987549149898665,0.31144490541621894,-0.8227620850666949,-1.320305033036712,-0.07152161825427683,0.6947615947282234,0.27812341015177994,0.9927145868568007,-0.7054938746681985,-1.1965066274132958,1.4817680089870258,0.15023639970300565
-0.27286831236195375,0.6106213827974715,0.34341791732070936,-0.5090038784983656,-0.25022508343653194,-2.659360427446928,-1.6857195579183122,-2.826986068892725,0.47432229547409155,0.7133906013164308,0.20257018096028123,-0.45330937043211694,-1.1965066274132958,1.3736118191084195,0.7511819985150282
-0.2110350945078322,1.2789268685163104,-1.1568394705590088,0.6796484726614873,0.38803626753250386,-0.8227620850666949,-0.4067687208327123,-0.9900097684670929,-1.0687527993048311,-1.0276781633421728,-0.9826464278844979,0.5534877303040735,1.3675043809518026,-1.6006834025532581,1.1518123977230432
-0.021462594260465512,1.8451044152818088,0.2384380746573705,-0.5179881059307273,1.434784883121723,-0.28258610201368517,-0.4067687208327123,-0.07152161825427683,0.25388299621995974,0.27812341015177994,0.20257018096028123,2.994129652669048,0.08549887676925344,0.29204992032235483,1.251969997525047
-0.2758303826783189,0.6106213827974715,0.34341791732070936,-0.5090038784983656,-0.25022508343653194,1.1218714539241401,0.5067675913712875,1.3980594220862288,-0.6278742007965675,0.27812341015177994,-1.3777186308327576,0.03559255019714171,0.08549887676925344,-0.19465293413137422,1.5023639970300564
-0.2865678875751424,-1.1270962975203966,0.32289912989105674,-0.49181666080167363,1.2305412508116313,0.7977658640923343,0.5067675913712875,0.8469665319585392,1.135640193236487,0.7133906013164308,1.3877867898050604,2.994129652669048,1.3675043809518026,0.29204992032235483,-0.35055159930701313
-0.2088135417705584,-1.1693667737639242,-0.6710691076895581,-0.11330725289043549,-1.475686877297082,0.25758988103932456,0.5067675913712875,-0.07152161825427683,-0.18699560228830392,-0.15714378101287094,-0.19250202198797847,-1.053108353035776,-1.1965066274132958,0.4542842051402645,1.7527579965350657
-0.0544156265300273,0.6106213827974715,0.34341791732070936,-0.5090038784983656,-0.25022508343653194,0.25758988103932456,0.5067675913712875,-0.07152161825427683,-0.4074349015424357,-1.0276781633421728,0.20257018096028123,-0.7539631269986905,0.08549887676925344,1.319533724169116,-0.7011031986140263
-0.23362088067011613,-1.1693667737639242,-0.6710691076895581,-0.11330725289043549,-1.475686877297082,0.25758988103932456,0.5067675913712875,-0.07152161825427683,-0.18699560228830392,-0.15714378101287094,-0.19250202198797847,-0.48522247572823496,-1.1965066274132958,-0.9517462632816194,1.7527579965350657
0.22846208868284018,-1.2094774446519432,1.2939626745269432,-0.5238473846909631,1.4858457911992449,-1.9031140511727145,-1.320305033036712,-1.908497918679909,1.5765187917447507,1.1486577924810817,1.78285899275332,0.006770415145578656,0.08549887676925344,-0.14057483919207098,0.35055159930701313
-0.18252516771281807,0.6106213827974715,0.34341791732070936,-0.5090038784983656,-0.25022508343653194,-0.8227620850666949,-0.4067687208327123,-0.9900097684670929,0.6947615947282234,0.7133906013164308,0.597642383908541,0.481837613057126,1.3675043809518026,1.2113775342905098,0.2503939995050094
-0.2732385711514994,-1.1270962975203966,0.32289912989105674,-0.49181666080167363,1.2305412508116313,-0.28258610201368517,-0.4067687208327123,-0.07152161825427683,0.9152008939823552,0.7133906013164308,0.9927145868568007,0.1260701194300788,0.08549887676925344,-1.3843710227960453,0.6510243987130244
-0.26102003109649335,1.2789268685163104,-1.1568394705590088,0.6796484726614873,0.38803626753250386,0.7977658640923343,0.5067675913712875,0.8469665319585392,0.033443696965827906,0.27812341015177994,-0.19250202198797847,-0.18044357397591915,0.08549887676925344,-0.7354338835244065,1.0015759980200376
-0.265463136571041,0.6106213827974715,0.34341791732070936,-0.5090038784983656,-0.25022508343653194,-0.8227620850666949,-0.4067687208327123,-0.9900097684670929,-0.4074349015424357,-0.5924109721775218,-0.19250202198797847,-0.7539631269986905,1.3675043809518026,1.319533724169116,-0.6510243987130244
-0.269535983256043,-1.1693667737639242,-0.6710691076895581,-0.11330725289043549,-1.475686877297082,0.25758988103932456,0.5067675913712875,-0.07152161825427683,-0.18699560228830392,-0.15714378101287094,-0.19250202198797847,2.994129652669048,-1.1965066274132958,1.5899241988656323,-1.7527579965350657
-0.015168194838189665,0.6106213827974715,0.34341791732070936,-0.5090038784983656,-0.25022508343653194,0.6897306674817323,0.5067675913712875,0.663268901915976,0.033443696965827906,0.27812341015177994,-0.19250202198797847,-0.45330937043211694,-1.1965066274132958,-0.8976681683423162,0.400630399208015
-0.23991528009239196,-1.1844854112524852,-1.1783126201946919,-0.8910288536657452,1.7156198775480973,-1.3629380681197047,-1.320305033036712,-0.9900097684670929,0.47432229547409155,1.1486577924810817,-0.19250202198797847,-0.9654119228257313,1.3675043809518026,-0.08649674425276777,0.3004727994060113
-0.2517635613578524,0.6106213827974715,0.34341791732070936,-0.5090038784983656,-0.25022508343653194,-0.606691691845491,-0.9548905081551122,-0.07152161825427683,-0.18699560228830392,-0.5924109721775218,0.20257018096028123,2.994129652669048,0.08549887676925344,0.29204992032235483,0.9514971981190357
0.4295126114061217,0.6106213827974715,0.34341791732070936,-0.5090038784983656,-0.25022508343653194,-0.714726888456093,-0.5894759832735124,-0.6226145083819664,-1.0687527993048311,-1.0276781633421728,-0.9826464278844979,0.11588619232781792,1.3675043809518026,-1.4925272126746516,0.4507091991090169
-0.22732648124784027,-1.1844854112524852,-1.1783126201946919,-0.8910288536657452,1.7156198775480973,0.7977658640923343,1.4203039035752874,-0.07152161825427683,0.6947615947282234,0.7133906013164308,0.597642383908541,0.006770415145578656,-1.1965066274132958,0.021659445625838693,-0.2003151996040075
-0.26287132504422156,-1.1104349419207578,-1.1601797382801151,-0.08713580776138195,-0.9395473424830896,0.25758988103932456,0.5067675913712875,-0.07152161825427683,-0.18699560228830392,-0.15714378101287094,-0.19250202198797847,-0.18044357397591915,-1.1965066274132958,0.6165184899581742,-0.5007879990100188
0.02556027201183052,0.6106213827974715,0.34341791732070936,-0.5090038784983656,-0.25022508343653194,-0.8227620850666949,-0.4067687208327123,-0.9900097684670929,0.6947615947282234,0.7133906013164308,0.597642383908541,0.03559255019714171,1.3675043809518026,0.4002061102009613,0.2503939995050094
-0.27842219420513836,-1.1693667737639242,-0.6710691076895581,-0.11330725289043549,-1.475686877297082,1.8781178301983537,1.4203039035752874,1.7654546821713553,-0.6278742007965675,-0.15714378101287094,-0.9826464278844979,0.1260701194300788,-1.1965066274132958,-0.03241864931346453,1.60252159683206
-0.16956611007872074,0.6106213827974715,0.34341791732070936,-0.5090038784983656,-0.25022508343653194,-1.0388324782878988,-1.6857195579183122,-0.07152161825427683,0.47432229547409155,0.27812341015177994,0.597642383908541,2.406388753687064,0.08549887676925344,-1.113980548099529,-1.1518123977230432
-0.14809110028507375,-1.1104349419207578,-1.1601797382801151,-0.08713580776138195,-0.9395473424830896,0.25758988103932456,0.5067675913712875,-0.07152161825427683,-0.18699560228830392,-0.15714378101287094,-0.19250202198797847,-0.20265138455711335,-1.1965066274132958,-1.330292927856742,-0.5007879990100188
-0.2684252068874061,-1.1104349419207578,-1.1601797382801151,-0.08713580776138195,-0.9395473424830896,1.337941847145344,1.4203039035752874,0.8469665319585392,0.25388299621995974,0.7133906013164308,-0.19250202198797847,-0.48522247572823496,0.08549887676925344,-0.9517462632816194,-0.4507091991090169
-0.2810140057319578,-1.1693667737639242,-0.6710691076895581,-0.11330725289043549,-1.475686877297082,1.8781178301983537,1.4203039035752874,1.7654546821713553,-0.6278742007965675,-0.15714378101287094,-0.9826464278844979,-0.45330937043211694,-1.1965066274132958,-0.6813557885851033,1.60252159683206
-0.024424664576830617,-1.2094774446519432,1.2939626745269432,-0.5238473846909631,1.4858457911992449,-1.9031140511727145,-1.320305033036712,-1.908497918679909,1.5765187917447507,1.1486577924810817,1.78285899275332,0.03559255019714171,0.08549887676925344,0.4002061102009613,0.35055159930701313
-0.28619762878559674,-1.1270962975203966,0.32289912989105674,-0.49181666080167363,1.2305412508116313,-0.28258610201368517,-0.4067687208327123,-0.07152161825427683,0.9152008939823552,0.7133906013164308,0.9927145868568007,-0.9654119228257313,0.08549887676925344,0.2379718253830516,0.6510243987130244
-0.1973355192946436,-0.24959823593942765,0.8497070676198127,0.6726173381492043,1.000767164462779,1.1218714539241401,1.0548893786936875,0.8469665319585392,-0.4074349015424357,0.27812341015177994,-0.9826464278844979,-0.9654119228257313,-1.1965066274132958,0.2379718253830516,-0.3004727994060113
-0.22510492851056646,-1.0734097072548943,4.356033812575339,6.534630428473198,-0.8118950722892828,0.25758988103932456,0.5067675913712875,-0.07152161825427683,-0.18699560228830392,-0.5924109721775218,0.20257018096028123,0.5534877303040735,0.08549887676925344,-1.6006834025532581,-1.4022063972280525
-0.26398210141285844,-1.1693667737639242,-0.6710691076895581,-0.11330725289043549,-1.475686877297082,-0.8227620850666949,-0.4067687208327123,-0.9900097684670929,-1.0687527993048311,-1.0276781633421728,-0.9826464278844979,-0.07416729677918882,1.3675043809518026,1.0491432494726,-1.3020487974260488
-0.08366607090413271,0.6106213827974715,0.34341791732070936,-0.5090038784983656,-0.25022508343653194,-0.714726888456093,-0.5894759832735124,-0.6226145083819664,-1.0687527993048311,-1.0276781633421728,-0.9826464278844979,-0.3650833393028946,1.3675043809518026,0.07573754056514193,0.4507091991090169
-0.2887894403124162,-1.2063920084297877,-1.0733327775313528,0.2886392700617461,0.20932308926117313,-0.4986564952348891,-2.233841345240712,1.3980594220862288,0.9152008939823552,1.1486577924810817,0.597642383908541,-0.9654119228257313,-1.1965066274132958,0.2379718253830516,-0.9014183982180338
0.09961202992095813,0.6106213827974715,0.34341791732070936,-0.5090038784983656,-0.25022508343653194,-0.606691691845491,-0.9548905081551122,-0.07152161825427683,-0.18699560228830392,-0.5924109721775218,0.20257018096028123,-0.8727562352098543,0.08549887676925344,-0.5191215037671936,1.1017335978220413
-0.11254625648869247,-1.1693667737639242,-0.6710691076895581,-0.11330725289043549,-1.475686877297082,0.25758988103932456,0.5067675913712875,-0.07152161825427683,-0.18699560228830392,-0.15714378101287094,-0.19250202198797847,-0.66451343385658,-1.1965066274132958,-1.7088395924318647,1.7527579965350657
-0.23065881035375102,0.6106213827974715,0.34341791732070936,-0.5090038784983656,-0.25022508343653194,-0.8227620850666949,-0.4067687208327123,-0.9900097684670929,-0.4074349015424357,-0.5924109721775218,-0.19250202198797847,-0.18044357397591915,1.3675043809518026,0.18389373044374838,-0.6510243987130244
0.127381439136881,-0.22886971441058448,0.5783211603049987,0.5987549149898665,0.31144490541621894,-0.8227620850666949,-1.320305033036712,-0.07152161825427683,0.6947615947282234,0.27812341015177994,0.9927145868568007,-0.5008826302442834,-1.1965066274132958,1.6440022938049355,0.15023639970300565
0.02556027201183052,0.6106213827974715,0.34341791732070936,-0.5090038784983656,-0.25022508343653194,-1.0388324782878988,-1.6857195579183122,-0.07152161825427683,0.47432229547409155,0.27812341015177994,0.597642383908541,-0.9654119228257313,0.08549887676925344,-0.08649674425276777,-1.1518123977230432
-0.27694115904695576,-0.24959823593942765,0.8497070676198127,0.6726173381492043,1.000767164462779,0.5816954708711304,0.14135306648968757,0.8469665319585392,0.25388299621995974,-0.15714378101287094,0.597642383908541,-0.66451343385658,0.08549887676925344,-1.7088395924318647,1.0516547979210396
1.6924653425462932,1.8451044152818088,0.2384380746573705,-0.5179881059307273,1.434784883121723,-1.3629380681197047,-0.4067687208327123,-1.908497918679909,-0.4074349015424357,0.27812341015177994,-0.9826464278844979,-0.18044357397591915,0.08549887676925344,0.18389373044374838,1.652600396733062
-0.2865678875751424,-0.24959823593942765,0.8497070676198127,0.6726173381492043,1.000767164462779,0.5816954708711304,0.14135306648968757,0.8469665319585392,0.25388299621995974,-0.15714378101287094,0.597642383908541,1.3358760999740618,0.08549887676925344,-0.843590073403013,1.0516547979210396
0.05407019880684465,-1.1104349419207578,-1.1601797382801151,-0.08713580776138195,-0.9395473424830896,-0.714726888456093,-2.051134082799912,0.8469665319585392,0.033443696965827906,0.27812341015177994,-0.19250202198797847,-0.9654119228257313,-1.1965066274132958,-0.08649674425276777,-0.7511819985150282
-0.15512601728644085,-1.1844854112524852,-1.1783126201946919,-0.8910288536657452,1.7156198775480973,0.7977658640923343,1.4203039035752874,-0.07152161825427683,0.6947615947282234,0.7133906013164308,0.597642383908541,2.994129652669048,-1.1965066274132958,-0.6272776936458,-0.2003151996040075
-0.1225432438064247,0.6106213827974715,0.34341791732070936,-0.5090038784983656,-0.25022508343653194,-0.8227620850666949,-0.4067687208327123,-0.9900097684670929,0.25388299621995974,-0.15714378101287094,0.597642383908541,-0.7054938746681985,1.3675043809518026,1.4817680089870258,0.2003151996040075
-0.127356608070518,1.2789268685163104,-1.1568394705590088,0.6796484726614873,0.38803626753250386,-0.17455090540308324,0.14135306648968757,-0.43891687833940324,0.6947615947282234,0.7133906013164308,0.597642383908541,-1.053108353035776,-1.1965066274132958,0.4542842051402645,-0.10015759980200376
-0.26139028988603896,0.6763411743293793,0.3023803424614041,0.27535823820521127,0.20932308926117313,-1.3089204698144037,-0.31541508961231235,-1.908497918679909,-1.5096313978130949,-1.8982125456714745,-0.9826464278844979,2.994129652669048,1.3675043809518026,0.29204992032235483,1.702679196634064
-0.2673144305187692,0.6106213827974715,0.34341791732070936,-0.5090038784983656,-0.25022508343653194,0.7977658640923343,0.5067675913712875,0.8469665319585392,1.5765187917447507,1.5839249836457325,1.3877867898050604,0.5534877303040735,-1.1965066274132958,0.9950651545332968,0.10015759980200376
-0.18807904955600266,1.2789268685163104,-1.1568394705590088,0.6796484726614873,0.38803626753250386,-0.17455090540308324,0.14135306648968757,-0.43891687833940324,0.6947615947282234,0.7133906013164308,0.597642383908541,-0.7054938746681985,-1.1965066274132958,1.4817680089870258,-0.10015759980200376
-0.028867770051378274,-1.1693667737639242,-0.6710691076895581,-0.11330725289043549,-1.475686877297082,0.25758988103932456,0.5067675913712875,-0.07152161825427683,-0.18699560228830392,-0.15714378101287094,-0.19250202198797847,0.481837613057126,-1.1965066274132958,-0.30280912400998067,1.7527579965350657
-0.29323254578696384,-1.2063920084297877,-1.0733327775313528,0.2886392700617461,0.20932308926117313,-0.4986564952348891,-2.233841345240712,1.3980594220862288,0.9152008939823552,1.1486577924810817,0.597642383908541,-0.18044357397591915,-1.1965066274132958,0.18389373044374838,-0.9014183982180338
-0.21955104666738187,0.6106213827974715,0.34341791732070936,-0.5090038784983656,-0.25022508343653194,-1.2549028715091026,-0.4067687208327123,-1.7248002886373457,-0.49561062124408845,0.3651768483847101,-1.2196897496534538,-0.48522247572823496,0.08549887676925344,0.9409870595939935,-1.2018911976240452
-0.1429074772314348,0.6106213827974715,0.34341791732070936,-0.5090038784983656,-0.25022508343653194,-1.6870436579515105,-1.320305033036712,-1.5411026585947825,1.135640193236487,1.1486577924810817,0.9927145868568007,-1.053108353035776,0.08549887676925344,-1.2762148329174388,1.2018911976240452
-0.10180875159186897,0.6106213827974715,0.34341791732070936,-0.5090038784983656,-0.25022508343653194,-0.28258610201368517,-0.4067687208327123,-0.07152161825427683,-1.0687527993048311,-1.0276781633421728,-0.9826464278844979,2.994129652669048,1.3675043809518026,-0.6272776936458,-1.0015759980200376
-0.054045367740481666,0.6106213827974715,0.34341791732070936,-0.5090038784983656,-0.25022508343653194,-0.8227620850666949,-0.4067687208327123,-0.9900097684670929,-0.4074349015424357,-1.0276781633421728,0.20257018096028123,-0.18044357397591915,1.3675043809518026,0.562440395018871,0.851339598317032
-0.2762006414678645,0.6106213827974715,0.34341791732070936,-0.5090038784983656,-0.25022508343653194,1.1218714539241401,0.5067675913712875,1.3980594220862288,-0.6278742007965675,0.27812341015177994,-1.3777186308327576,0.03559255019714171,0.08549887676925344,0.7246746798367807,1.5023639970300564
0.8034739888472161,0.6763411743293793,0.3023803424614041,0.27535823820521127,0.20932308926117313,0.4736602742605284,-0.9548905081551122,1.7654546821713553,0.033443696965827906,0.27812341015177994,-0.19250202198797847,-0.5008826302442834,-1.1965066274132958,1.6440022938049355,-1.652600396733062
-0.20696224782283018,0.6106213827974715,0.34341791732070936,-0.5090038784983656,-0.25022508343653194,-0.714726888456093,-0.0413541959511124,-1.173707398509656,0.6947615947282234,0.7133906013164308,0.597642383908541,-0.7054938746681985,1.3675043809518026,-0.3568872189492839,1.5524427969310584
-0.1458695475477999,0.6106213827974715,0.34341791732070936,-0.5090038784983656,-0.25022508343653194,-0.0665157087924813,-0.4067687208327123,0.2958736418308496,-0.9805770796031784,-1.0276781633421728,-0.824617546705194,-0.8727562352098543,0.08549887676925344,-0.41096531388858715,0.80126079841603
-0.2850868524169598,-1.1844854112524852,-1.1783126201946919,-0.8910288536657452,1.7156198775480973,0.7977658640923343,0.5067675913712875,0.8469665319585392,1.135640193236487,0.7133906013164308,1.3877867898050604,-0.9654119228257313,-1.1965066274132958,0.2379718253830516,0.5007879990100188
0.2062465613101019,-1.1693667737639242,-0.6710691076895581,-0.11330725289043549,-1.475686877297082,0.25758988103932456,0.5067675913712875,-0.07152161825427683,-0.18699560228830392,-0.15714378101287094,-0.19250202198797847,-0.07416729677918882,-1.1965066274132958,-1.546605307613955,-1.7527579965350657
-0.21621871756147115,1.2789268685163104,-1.1568394705590088,0.6796484726614873,0.38803626753250386,-0.28258610201368517,0.14135306648968757,-0.6226145083819664,0.25388299621995974,0.27812341015177994,0.20257018096028123,-0.20265138455711335,-1.1965066274132958,-1.330292927856742,-1.1017335978220413
-0.2606497723069477,0.6106213827974715,0.34341791732070936,-0.5090038784983656,-0.25022508343653194,0.6897306674817323,0.5067675913712875,0.663268901915976,0.033443696965827906,0.27812341015177994,-0.19250202198797847,-1.053108353035776,-1.1965066274132958,0.8869089646546904,0.400630399208015
-0.26102003109649335,-1.148385807453268,1.254833824079699,-0.4988477953139567,-1.5267477853746036,0.25758988103932456,0.5067675913712875,-0.07152161825427683,0.033443696965827906,0.27812341015177994,-0.19250202198797847,0.5534877303040735,0.08549887676925344,-1.6006834025532581,-1.5524427969310584
0.27659573132377313,-0.24959823593942765,0.8497070676198127,0.6726173381492043,1.000767164462779,0.5816954708711304,0.14135306648968757,0.8469665319585392,0.25388299621995974,-0.15714378101287094,0.597642383908541,1.253919396708919,0.08549887676925344,-1.6547614974925613,1.0516547979210396
-0.06330183747912262,1.2789268685163104,-1.1568394705590088,0.6796484726614873,0.38803626753250386,0.7977658640923343,0.5067675913712875,0.8469665319585392,0.033443696965827906,0.27812341015177994,-0.19250202198797847,-0.7054938746681985,0.08549887676925344,-0.3568872189492839,1.0015759980200376
-0.16586352218326436,0.6106213827974715,0.34341791732070936,-0.5090038784983656,-0.25022508343653194,-0.606691691845491,-0.9548905081551122,-0.07152161825427683,-0.18699560228830392,-0.5924109721775218,0.20257018096028123,-0.7054938746681985,0.08549887676925344,-1.4384491177353484,0.9514971981190357
0.8079170943217638,1.8451044152818088,0.2384380746573705,-0.5179881059307273,1.434784883121723,-0.28258610201368517,-0.4067687208327123,-0.07152161825427683,0.25388299621995974,0.27812341015177994,0.20257018096028123,0.03559255019714171,0.08549887676925344,0.4002061102009613,1.251969997525047
-0.28804892273332494,-1.1270962975203966,0.32289912989105674,-0.49181666080167363,1.2305412508116313,-0.28258610201368517,-0.4067687208327123,-0.07152161825427683,0.9152008939823552,0.7133906013164308,0.9927145868568007,-0.66451343385658,0.08549887676925344,-0.24873102907067746,0.6510243987130244
0.03259518901319765,1.2789268685163104,-1.1568394705590088,0.6796484726614873,0.38803626753250386,0.7977658640923343,0.5067675913712875,0.8469665319585392,0.033443696965827906,0.27812341015177994,-0.19250202198797847,-0.9654119228257313,0.08549887676925344,-1.1680586430388322,1.0015759980200376
-0.2847165936274142,0.6106213827974715,0.34341791732070936,-0.5090038784983656,-0.25022508343653194,-0.8227620850666949,-0.4067687208327123,-0.9900097684670929,-0.4074349015424357,-1.0276781633421728,0.20257018096028123,1.3358760999740618,1.3675043809518026,-0.843590073403013,0.851339598317032
-0.2432476091983027,0.6106213827974715,0.34341791732070936,-0.5090038784983656,-0.25022508343653194,-0.606691691845491,-0.9548905081551122,-0.07152161825427683,-0.18699560228830392,-0.5924109721775218,0.20257018096028123,0.481837613057126,0.08549887676925344,1.2113775342905098,0.9514971981190357
-0.22732648124784027,1.2789268685163104,-1.1568394705590088,0.6796484726614873,0.38803626753250386,-0.28258610201368517,0.14135306648968757,-0.6226145083819664,0.25388299621995974,0.27812341015177994,0.20257018096028123,-0.7539631269986905,-1.1965066274132958,1.319533724169116,-1.1017335978220413
-0.2913812518392357,-1.1104349419207578,-1.1601797382801151,-0.08713580776138195,-0.9395473424830896,-0.8227620850666949,-0.4067687208327123,-0.9900097684670929,-1.0687527993048311,-1.0276781633421728,-0.9826464278844979,0.006770415145578656,1.3675043809518026,-0.7895119784637097,0.9014183982180338
-0.14809110028507375,0.6106213827974715,0.34341791732070936,-0.5090038784983656,-0.25022508343653194,-0.0665157087924813,-0.4067687208327123,0.2958736418308496,-0.9805770796031784,-1.0276781633421728,-0.824617546705194,1.253919396708919,0.08549887676925344,-1.6547614974925613,0.80126079841603
-0.22584544608965773,-1.148385807453268,1.254833824079699,-0.4988477953139567,-1.5267477853746036,0.25758988103932456,0.5067675913712875,-0.07152161825427683,0.033443696965827906,0.27812341015177994,-0.19250202198797847,-0.8727562352098543,0.08549887676925344,0.5083623000795677,-1.5524427969310584
-0.27768167662604704,0.6106213827974715,0.34341791732070936,-0.5090038784983656,-0.25022508343653194,-0.8227620850666949,-0.4067687208327123,-0.9900097684670929,0.6947615947282234,0.7133906013164308,0.597642383908541,-0.9654119228257313,1.3675043809518026,-1.1680586430388322,0.2503939995050094
0.5653975871693708,1.3039189019157686,1.945314880142661,0.6730079567332199,-0.9395473424830896,0.25758988103932456,-0.4067687208327123,0.8469665319585392,0.6947615947282234,0.27812341015177994,0.9927145868568007,0.006770415145578656,1.3675043809518026,1.265455629229813,-1.60252159683206
-0.2891596991019618,-1.1693667737639242,-0.6710691076895581,-0.11330725289043549,-1.475686877297082,0.04151948781812065,-1.320305033036712,1.3980594220862288,-0.18699560228830392,-0.15714378101287094,-0.19250202198797847,0.1260701194300788,-1.1965066274132958,-1.3843710227960453,1.3521275973270508
-0.24954200862057857,-0.24959823593942765,0.8497070676198127,0.6726173381492043,1.000767164462779,1.337941847145344,1.4203039035752874,0.8469665319585392,0.6947615947282234,0.7133906013164308,0.597642383908541,-0.45330937043211694,-1.1965066274132958,1.3736118191084195,1.3020487974260488
1.24963583024971,-0.5538222474439407,1.2514935563585923,-0.5304879006192306,1.996454871974474,0.7977658640923343,0.5067675913712875,0.8469665319585392,-3.2731457918461495,-3.204014119165427,-2.9580074426257963,0.03559255019714171,0.08549887676925344,-0.5731995987064968,0.6009455988120226
-0.17474973313235967,0.6106213827974715,0.34341791732070936,-0.5090038784983656,-0.25022508343653194,0.25758988103932456,0.14135306648968757,0.2958736418308496,0.6947615947282234,0.27812341015177994,0.9927145868568007,-0.18044357397591915,1.3675043809518026,0.18389373044374838,-0.851339598317032
-0.10180875159186897,0.6106213827974715,0.34341791732070936,-0.5090038784983656,-0.25022508343653194,0.25758988103932456,0.14135306648968757,0.2958736418308496,0.6947615947282234,0.27812341015177994,0.9927145868568007,-0.45330937043211694,1.3675043809518026,1.1032213444119032,-0.80126079841603
0.21957587773374487,-1.1409807605200954,0.2880649093709489,-0.5058789298262397,0.9497062563852547,1.337941847145344,1.4203039035752874,0.8469665319585392,-0.18699560228830392,-0.15714378101287094,-0.19250202198797847,-0.9654119228257313,0.08549887676925344,-1.1680586430388322,0.7011031986140263
-0.1614204167087167,0.6106213827974715,0.34341791732070936,-0.5090038784983656,-0.25022508343653194,-0.606691691845491,-0.9548905081551122,-0.07152161825427683,-0.18699560228830392,-0.5924109721775218,0.20257018096028123,-0.9654119228257313,0.08549887676925344,0.2379718253830516,1.1017335978220413
-0.06330183747912262,1.2789268685163104,-1.1568394705590088,0.6796484726614873,0.38803626753250386,-0.8227620850666949,-0.4067687208327123,-0.9900097684670929,-1.0687527993048311,-1.0276781633421728,-0.9826464278844979,0.006770415145578656,1.3675043809518026,0.7787527747760838,1.1518123977230432
-0.2499122674101242,0.6106213827974715,0.34341791732070936,-0.5090038784983656,-0.25022508343653194,-0.8227620850666949,-0.4067687208327123,-0.9900097684670929,0.6947615947282234,0.7133906013164308,0.597642383908541,-1.053108353035776,1.3675043809518026,1.1572994393512064,0.2503939995050094
-0.16105015791917107,1.2789268685163104,-1.1568394705590088,0.6796484726614873,0.38803626753250386,-0.8227620850666949,-0.4067687208327123,-0.9900097684670929,-1.0687527993048311,-1.0276781633421728,-0.9826464278844979,-0.8727562352098543,1.3675043809518026,0.5083623000795677,1.1518123977230432
-0.27175753599331687,0.6106213827974715,0.34341791732070936,-0.5090038784983656,-0.25022508343653194,-0.8227620850666949,-0.4067687208327123,-0.9900097684670929,-0.4074349015424357,-1.0276781633421728,0.20257018096028123,-0.07416729677918882,1.3675043809518026,1.0491432494726,0.851339598317032
-0.2913812518392357,-1.1270962975203966,0.32289912989105674,-0.49181666080167363,1.2305412508116313,-0.28258610201368517,-0.4067687208327123,-0.07152161825427683,0.9152008939823552,0.7133906013164308,0.9927145868568007,0.006770415145578656,0.08549887676925344,-0.7895119784637097,0.6510243987130244
-0.12587557291233545,-0.22886971441058448,0.5783211603049987,0.5987549149898665,0.31144490541621894,-0.8227620850666949,-1.320305033036712,-0.07152161825427683,0.6947615947282234,0.27812341015177994,0.9927145868568007,-0.66451343385658,-1.1965066274132958,-1.7088395924318647,0.15023639970300565
-0.08884969395777165,1.2789268685163104,-1.1568394705590088,0.6796484726614873,0.38803626753250386,0.5816954708711304,0.14135306648968757,0.8469665319585392,0.25388299621995974,0.7133906013164308,-0.19250202198797847,0.006770415145578656,0.08549887676925344,1.265455629229813,-0.9514971981190357
0.052589163648662104,0.6106213827974715,0.34341791732070936,-0.5090038784983656,-0.25022508343653194,-0.606691691845491,-0.9548905081551122,-0.07152161825427683,-0.18699560228830392,-0.5924109721775218,0.20257018096028123,0.1260701194300788,0.08549887676925344,-1.059902453160226,1.1017335978220413
-0.2917515106287813,-1.1693667737639242,-0.6710691076895581,-0.11330725289043549,-1.475686877297082,1.337941847145344,1.4203039035752874,0.8469665319585392,0.6947615947282234,0.7133906013164308,0.597642383908541,-0.18044357397591915,0.08549887676925344,0.34612801526165804,-0.15023639970300565
-0.26805494809786046,-1.0734097072548943,4.356033812575339,6.534630428473198,-0.8118950722892828,0.25758988103932456,0.5067675913712875,-0.07152161825427683,-0.18699560228830392,-0.5924109721775218,0.20257018096028123,-1.053108353035776,0.08549887676925344,-1.2762148329174388,-1.4022063972280525
-0.061450543531394425,0.6106213827974715,0.34341791732070936,-0.5090038784983656,-0.25022508343653194,-0.8227620850666949,-0.4067687208327123,-0.9900097684670929,0.6947615947282234,0.7133906013164308,0.597642383908541,-0.18044357397591915,1.3675043809518026,-1.0058243582209225,0.2503939995050094
-0.1769712858696335,1.2789268685163104,-1.1568394705590088,0.6796484726614873,0.38803626753250386,-0.17455090540308324,0.14135306648968757,-0.43891687833940324,0.6947615947282234,0.7133906013164308,0.597642383908541,-0.66451343385658,-1.1965066274132958,-1.7088395924318647,-0.10015759980200376
-0.1458695475477999,-1.1104349419207578,-1.1601797382801151,-0.08713580776138195,-0.9395473424830896,0.25758988103932456,0.5067675913712875,-0.07152161825427683,-0.18699560228830392,-0.15714378101287094,-0.19250202198797847,0.1260701194300788,-1.1965066274132958,-1.3843710227960453,-0.5007879990100188
-0.2917515106287813,-1.2063920084297877,-1.0733327775313528,0.2886392700617461,0.20932308926117313,-0.4986564952348891,-2.233841345240712,1.3980594220862288,0.9152008939823552,1.1486577924810817,0.597642383908541,2.406388753687064,-1.1965066274132958,-1.113980548099529,-0.9014183982180338
-0.22473466972102082,0.6106213827974715,0.34341791732070936,-0.5090038784983656,-0.25022508343653194,-0.8227620850666949,-0.4067687208327123,-0.9900097684670929,0.25388299621995974,-0.15714378101287094,0.597642383908541,0.03559255019714171,1.3675043809518026,0.7246746798367807,0.2003151996040075
-0.12661609049142672,0.6106213827974715,0.34341791732070936,-0.5090038784983656,-0.25022508343653194,-0.8227620850666949,-0.4067687208327123,-0.9900097684670929,0.6947615947282234,0.7133906013164308,0.597642383908541,0.11588619232781792,1.3675043809518026,-1.4925272126746516,0.2503939995050094
1.0393288377877876,-0.24959823593942765,0.8497070676198127,0.6726173381492043,1.000767164462779,1.1218714539241401,1.0548893786936875,0.8469665319585392,-0.4074349015424357,0.27812341015177994,-0.9826464278844979,-0.07416729677918882,-1.1965066274132958,-1.546605307613955,-0.3004727994060113
-0.08884969395777165,1.2789268685163104,-1.1568394705590088,0.6796484726614873,0.38803626753250386,0.5816954708711304,0.14135306648968757,0.8469665319585392,0.6947615947282234,0.27812341015177994,0.9927145868568007,-0.48522247572823496,0.08549887676925344,0.9409870595939935,-0.6009455988120226
-0.2354721746178443,-1.1409807605200954,0.2880649093709489,-0.5058789298262397,0.9497062563852547,1.337941847145344,1.4203039035752874,0.8469665319585392,-0.18699560228830392,-0.15714378101287094,-0.19250202198797847,-1.053108353035776,0.08549887676925344,0.4542842051402645,0.7011031986140263
-0.2895299578915075,-0.24959823593942765,0.8497070676198127,0.6726173381492043,1.000767164462779,0.5816954708711304,0.14135306648968757,0.8469665319585392,0.25388299621995974,-0.15714378101287094,0.597642383908541,-0.18044357397591915,0.08549887676925344,0.562440395018871,1.0516547979210396
-0.29249202820787257,-1.1693667737639242,-0.6710691076895581,-0.11330725289043549,-1.475686877297082,0.04151948781812065,-1.320305033036712,1.3980594220862288,-0.18699560228830392,-0.15714378101287094,-0.19250202198797847,-0.7054938746681985,-1.1965066274132958,-1.4384491177353484,1.3521275973270508
-0.2595389959383108,-0.5538222474439407,1.2514935563585923,-0.5304879006192306,1.996454871974474,0.7977658640923343,0.5067675913712875,0.8469665319585392,-3.2731457918461495,-3.204014119165427,-2.9580074426257963,0.006770415145578656,0.08549887676925344,0.7787527747760838,0.6009455988120226
-0.2710170184142256,-1.1693667737639242,-0.6710691076895581,-0.11330725289043549,-1.475686877297082,0.25758988103932456,0.5067675913712875,-0.07152161825427683,-0.18699560228830392,-0.15714378101287094,-0.19250202198797847,2.994129652669048,-1.1965066274132958,-0.6272776936458,1.7527579965350657
0.27104184948058857,-1.1693667737639242,-0.6710691076895581,-0.11330725289043549,-1.475686877297082,-0.8227620850666949,-0.4067687208327123,-0.9900097684670929,-1.0687527993048311,-1.0276781633421728,-0.9826464278844979,0.1260701194300788,1.3675043809518026,-1.059902453160226,-1.3020487974260488
-0.28804892273332494,-1.1490028946976991,1.2639002650369873,-0.48947294929757934,-1.4246259692195578,0.9058010607029362,1.6030111660160873,-0.07152161825427683,-3.2731457918461495,-2.7687469280007764,-3.353079645574056,-0.9654119228257313,0.08549887676925344,0.2379718253830516,-1.702679196634064
-0.07181778963867229,-1.1693667737639242,-0.6710691076895581,-0.11330725289043549,-1.475686877297082,2.3102586166407617,0.8721821162528874,3.051338092469298,0.9152008939823552,1.1486577924810817,0.597642383908541,0.5534877303040735,-1.1965066274132958,-1.6006834025532581,-0.2503939995050094
1.452167388131174,-1.1270962975203966,0.32289912989105674,-0.49181666080167363,1.2305412508116313,0.7977658640923343,0.5067675913712875,0.8469665319585392,1.135640193236487,0.7133906013164308,1.3877867898050604,0.11588619232781792,1.3675043809518026,-1.4925272126746516,-0.35055159930701313
-0.2732385711514994,0.6106213827974715,0.34341791732070936,-0.5090038784983656,-0.25022508343653194,-2.659360427446928,-1.6857195579183122,-2.826986068892725,0.47432229547409155,0.7133906013164308,0.20257018096028123,-0.18044357397591915,-1.1965066274132958,0.562440395018871,0.7511819985150282
-0.2254751873001121,-1.1844854112524852,-1.1783126201946919,-0.8910288536657452,1.7156198775480973,0.7977658640923343,1.4203039035752874,-0.07152161825427683,0.6947615947282234,0.7133906013164308,0.597642383908541,-0.48522247572823496,-1.1965066274132958,0.9409870595939935,-0.2003151996040075
-0.17623076829054224,-1.148385807453268,1.254833824079699,-0.4988477953139567,-1.5267477853746036,0.25758988103932456,0.5067675913712875,-0.07152161825427683,0.033443696965827906,0.27812341015177994,-0.19250202198797847,1.253919396708919,0.08549887676925344,-1.6547614974925613,-1.5524427969310584
-0.2936028045765095,-1.1844854112524852,-1.1783126201946919,-0.8910288536657452,1.7156198775480973,0.7977658640923343,0.5067675913712875,0.8469665319585392,1.135640193236487,0.7133906013164308,1.3877867898050604,2.994129652669048,-1.1965066274132958,1.5899241988656323,0.5007879990100188
-0.07848244785049377,0.6106213827974715,0.34341791732070936,-0.5090038784983656,-0.25022508343653194,-1.4709732647303067,-1.320305033036712,-1.173707398509656,0.25388299621995974,0.7133906013164308,-0.19250202198797847,0.006770415145578656,0.08549887676925344,-0.14057483919207098,-1.251969997525047
-0.27657090025741016,0.6106213827974715,0.34341791732070936,-0.5090038784983656,-0.25022508343653194,-2.011149247783316,-2.233841345240712,-1.173707398509656,0.9152008939823552,1.1486577924810817,0.597642383908541,0.5534877303040735,0.08549887676925344,0.9950651545332968,1.4522851971290545
0.49208634683933455,0.6106213827974715,0.34341791732070936,-0.5090038784983656,-0.25022508343653194,-0.8227620850666949,-0.4067687208327123,-0.9900097684670929,-0.4074349015424357,-0.5924109721775218,-0.19250202198797847,-0.5008826302442834,1.3675043809518026,1.6440022938049355,-0.6510243987130244
-0.29101099304969,-1.1693667737639242,-0.6710691076895581,-0.11330725289043549,-1.475686877297082,1.337941847145344,1.4203039035752874,0.8469665319585392,0.6947615947282234,0.7133906013164308,0.597642383908541,-1.053108353035776,0.08549887676925344,-1.2762148329174388,-0.15023639970300565
-0.19030060229327647,1.2789268685163104,-1.1568394705590088,0.6796484726614873,0.38803626753250386,-0.17455090540308324,0.14135306648968757,-0.43891687833940324,0.6947615947282234,0.7133906013164308,0.597642383908541,-0.18044357397591915,-1.1965066274132958,0.6165184899581742,-0.10015759980200376
-0.0621910611104857,-1.1270962975203966,0.32289912989105674,-0.49181666080167363,1.2305412508116313,0.7977658640923343,0.5067675913712875,0.8469665319585392,1.135640193236487,0.7133906013164308,1.3877867898050604,2.406388753687064,1.3675043809518026,-1.113980548099529,-0.35055159930701313
-0.21214587087646913,-1.1844854112524852,-1.1783126201946919,-0.8910288536657452,1.7156198775480973,0.7977658640923343,1.4203039035752874,-0.07152161825427683,0.6947615947282234,0.7133906013164308,0.597642383908541,-0.66451343385658,-1.1965066274132958,-0.24873102907067746,-0.2003151996040075
-0.08329581211458707,-1.1104349419207578,-1.1601797382801151,-0.08713580776138195,-0.9395473424830896,1.337941847145344,1.4203039035752874,0.8469665319585392,0.6947615947282234,0.7133906013164308,0.597642383908541,0.03559255019714171,0.08549887676925344,-0.19465293413137422,-1.4522851971290545
-0.2758303826783189,-1.1490028946976991,1.2639002650369873,-0.48947294929757934,-1.4246259692195578,0.9058010607029362,1.6030111660160873,-0.07152161825427683,-3.2731457918461495,-2.7687469280007764,-3.353079645574056,0.006770415145578656,0.08549887676925344,-0.7895119784637097,-1.702679196634064
0.9093680026572687,1.3039189019157686,1.945314880142661,0.6730079567332199,-0.9395473424830896,0.25758988103932456,-0.4067687208327123,0.8469665319585392,0.6947615947282234,0.27812341015177994,0.9927145868568007,0.1260701194300788,1.3675043809518026,-0.03241864931346453,-1.60252159683206
-0.2532445965160349,0.6106213827974715,0.34341791732070936,-0.5090038784983656,-0.25022508343653194,-1.2549028715091026,-0.4067687208327123,-1.7248002886373457,-0.49561062124408845,0.3651768483847101,-1.2196897496534538,0.11588619232781792,0.08549887676925344,-1.4925272126746516,-1.2018911976240452
0.010009402850913724,0.6303681746192655,0.2680233030443114,0.2800456612134002,0.9752367104240179,1.337941847145344,0.5067675913712875,1.7654546821713553,0.25388299621995974,-0.15714378101287094,0.597642383908541,2.994129652669048,-1.1965066274132958,1.5358461039263291,-0.05007879990100188
-0.2913812518392357,-0.551662442088432,1.2667633516550785,1.8397856671881925,2.532594406788464,0.7977658640923343,0.5067675913712875,0.8469665319585392,-3.2731457918461495,-3.204014119165427,-2.9580074426257963,0.1260701194300788,0.08549887676925344,0.8328308697153871,-0.5508667989110206
-0.2532445965160349,-0.24959823593942765,0.8497070676198127,0.6726173381492043,1.000767164462779,1.337941847145344,1.4203039035752874,0.8469665319585392,0.6947615947282234,0.7133906013164308,0.597642383908541,-0.18044357397591915,-1.1965066274132958,0.18389373044374838,1.3020487974260488
-0.07107727205958102,-0.22886971441058448,0.5783211603049987,0.5987549149898665,0.31144490541621894,-0.8227620850666949,-1.320305033036712,-0.07152161825427683,0.6947615947282234,0.27812341015177994,0.9927145868568007,-0.9654119228257313,-1.1965066274132958,-1.1680586430388322,0.15023639970300565
0.15107800166780183,0.6106213827974715,0.34341791732070936,-0.5090038784983656,-0.25022508343653194,-2.659360427446928,-1.6857195579183122,-2.826986068892725,0.47432229547409155,0.7133906013164308,0.20257018096028123,-0.9654119228257313,-1.1965066274132958,-0.08649674425276777,0.7511819985150282
-0.24657993830421346,0.6106213827974715,0.34341791732070936,-0.5090038784983656,-0.25022508343653194,-0.8227620850666949,-0.4067687208327123,-0.9900097684670929,-0.4074349015424357,-0.5924109721775218,-0.19250202198797847,-0.48522247572823496,1.3675043809518026,1.6980803887442388,-0.6510243987130244
-0.2432476091983027,0.6106213827974715,0.34341791732070936,-0.5090038784983656,-0.25022508343653194,-0.606691691845491,-0.9548905081551122,-0.07152161825427683,-0.18699560228830392,-0.5924109721775218,0.20257018096028123,-0.18044357397591915,0.08549887676925344,0.6165184899581742,0.9514971981190357
-0.10773289222459918,-1.1693667737639242,-0.6710691076895581,-0.11330725289043549,-1.475686877297082,-0.8227620850666949,-0.4067687208327123,-0.9900097684670929,-1.0687527993048311,-1.0276781633421728,-0.9826464278844979,-0.45330937043211694,1.3675043809518026,-0.6813557885851033,-1.3020487974260488
0.07665598496912858,0.6106213827974715,0.34341791732070936,-0.5090038784983656,-0.25022508343653194,-0.8227620850666949,-0.4067687208327123,-0.9900097684670929,-0.4074349015424357,-0.5924109721775218,-0.19250202198797847,-0.48522247572823496,1.3675043809518026,0.9409870595939935,-0.6510243987130244
-0.14883161786416502,0.6106213827974715,0.34341791732070936,-0.5090038784983656,-0.25022508343653194,-0.0665157087924813,-0.4067687208327123,0.2958736418308496,-0.9805770796031784,-1.0276781633421728,-0.824617546705194,0.481837613057126,0.08549887676925344,1.2113775342905098,0.80126079841603
-0.25620666683240007,-0.24959823593942765,0.8497070676198127,0.6726173381492043,1.000767164462779,0.25758988103932456,0.5067675913712875,-0.07152161825427683,-0.18699560228830392,-0.15714378101287094,-0.19250202198797847,-0.20265138455711335,-1.1965066274132958,-1.330292927856742,-0.400630399208015
0.15255903682598437,0.6106213827974715,0.34341791732070936,-0.5090038784983656,-0.25022508343653194,-1.4709732647303067,-1.320305033036712,-1.173707398509656,0.25388299621995974,0.7133906013164308,-0.19250202198797847,-1.053108353035776,0.08549887676925344,0.8869089646546904,-1.251969997525047
-0.0932927994323193,1.2789268685163104,-1.1568394705590088,0.6796484726614873,0.38803626753250386,0.36562507764992647,1.2375966411344874,-0.6226145083819664,1.3560794924906188,0.7133906013164308,1.78285899275332,-0.7054938746681985,1.3675043809518026,-0.3568872189492839,0.05007879990100188
0.7334950776230905,0.6106213827974715,0.34341791732070936,-0.5090038784983656,-0.25022508343653194,-0.28258610201368517,-0.4067687208327123,-0.07152161825427683,-1.0687527993048311,-1.0276781633421728,-0.9826464278844979,0.5534877303040735,1.3675043809518026,0.9950651545332968,-1.0015759980200376
-0.07181778963867229,-1.1693667737639242,-0.6710691076895581,-0.11330725289043549,-1.475686877297082,2.3102586166407617,0.8721821162528874,3.051338092469298,0.9152008939823552,1.1486577924810817,0.597642383908541,-0.8727562352098543,-1.1965066274132958,-0.41096531388858715,-0.2503939995050094
-0.1088436685932361,-1.1693667737639242,-0.6710691076895581,-0.11330725289043549,-1.475686877297082,-0.8227620850666949,-0.4067687208327123,-0.9900097684670929,-1.0687527993048311,-1.0276781633421728,-0.9826464278844979,-0.45330937043211694,1.3675043809518026,-0.8976681683423162,-1.3020487974260488
0.13071376824279174,0.6106213827974715,0.34341791732070936,-0.5090038784983656,-0.25022508343653194,-0.8227620850666949,-0.4067687208327123,-0.9900097684670929,-0.4074349015424357,-1.0276781633421728,0.20257018096028123,-0.18044357397591915,1.3675043809518026,-1.0058243582209225,0.851339598317032
-0.29212176941832696,-1.2063920084297877,-1.0733327775313528,0.2886392700617461,0.20932308926117313,-0.4986564952348891,-2.233841345240712,1.3980594220862288,0.9152008939823552,1.1486577924810817,0.597642383908541,-0.7054938746681985,-1.1965066274132958,1.4817680089870258,-0.9014183982180338
-0.2713872772037712,-1.1693667737639242,-0.6710691076895581,-0.11330725289043549,-1.475686877297082,1.337941847145344,1.4203039035752874,0.8469665319585392,0.6947615947282234,0.7133906013164308,0.597642383908541,0.1260701194300788,0.08549887676925344,0.8328308697153871,-0.15023639970300565
-0.27731141783650143,-1.1104349419207578,-1.1601797382801151,-0.08713580776138195,-0.9395473424830896,-0.8227620850666949,-0.4067687208327123,-0.9900097684670929,-1.0687527993048311,-1.0276781633421728,-0.9826464278844979,-0.48522247572823496,1.3675043809518026,-0.9517462632816194,0.9014183982180338
-0.26398210141285844,0.6106213827974715,0.34341791732070936,-0.5090038784983656,-0.25022508343653194,-2.011149247783316,-2.233841345240712,-1.173707398509656,0.9152008939823552,1.1486577924810817,0.597642383908541,0.11588619232781792,0.08549887676925344,-1.4925272126746516,1.4522851971290545
-0.24769071467285037,0.6106213827974715,0.34341791732070936,-0.5090038784983656,-0.25022508343653194,0.25758988103932456,0.14135306648968757,0.2958736418308496,0.6947615947282234,0.27812341015177994,0.9927145868568007,-1.053108353035776,1.3675043809518026,1.1572994393512064,-0.80126079841603
-0.28323555846923165,-1.1409807605200954,0.2880649093709489,-0.5058789298262397,0.9497062563852547,1.337941847145344,1.4203039035752874,0.8469665319585392,-0.18699560228830392,-0.15714378101287094,-0.19250202198797847,-0.18044357397591915,0.08549887676925344,0.562440395018871,0.7011031986140263
-0.2887894403124162,0.6106213827974715,0.34341791732070936,-0.5090038784983656,-0.25022508343653194,-1.2549028715091026,-0.4067687208327123,-1.7248002886373457,-0.49561062124408845,0.3651768483847101,-1.2196897496534538,-0.45330937043211694,0.08549887676925344,1.3736118191084195,-1.2018911976240452
0.6324144280771313,0.6106213827974715,0.34341791732070936,-0.5090038784983656,-0.25022508343653194,-0.714726888456093,-0.0413541959511124,-1.173707398509656,0.6947615947282234,0.7133906013164308,0.597642383908541,0.1260701194300788,1.3675043809518026,-1.3843710227960453,1.5524427969310584
-0.28841918152287055,0.6106213827974715,0.34341791732070936,-0.5090038784983656,-0.25022508343653194,-0.0665157087924813,-0.4067687208327123,0.2958736418308496,-0.9805770796031784,-1.0276781633421728,-0.824617546705194,0.03559255019714171,0.08549887676925344,0.4002061102009613,0.80126079841603
-0.24472864435648528,-1.1409807605200954,0.2880649093709489,-0.5058789298262397,0.9497062563852547,1.337941847145344,1.4203039035752874,0.8469665319585392,-0.18699560228830392,-0.15714378101287094,-0.19250202198797847,0.006770415145578656,0.08549887676925344,-0.7895119784637097,0.7011031986140263
-0.21510794119283422,0.6106213827974715,0.34341791732070936,-0.5090038784983656,-0.25022508343653194,-0.8227620850666949,-0.4067687208327123,-0.9900097684670929,0.6947615947282234,0.7133906013164308,0.597642383908541,-0.48522247572823496,1.3675043809518026,0.9409870595939935,0.2503939995050094
0.09813099476277559,-0.5538222474439407,1.2514935563585923,-0.5304879006192306,1.996454871974474,0.7977658640923343,0.5067675913712875,0.8469665319585392,-3.2731457918461495,-3.204014119165427,-2.9580074426257963,0.03559255019714171,0.08549887676925344,-0.19465293413137422,0.6009455988120226
-0.03368113431547157,0.6106213827974715,0.34341791732070936,-0.5090038784983656,-0.25022508343653194,1.1218714539241401,0.5067675913712875,1.3980594220862288,-0.6278742007965675,0.27812341015177994,-1.3777186308327576,0.006770415145578656,0.08549887676925344,-0.14057483919207098,1.5023639970300564
1.0856111864809923,-1.1844854112524852,-1.1783126201946919,-0.8910288536657452,1.7156198775480973,-1.3629380681197047,-1.320305033036712,-0.9900097684670929,0.47432229547409155,1.1486577924810817,-0.19250202198797847,1.253919396708919,1.3675043809518026,-1.6547614974925613,0.3004727994060113
0.19624957399236967,0.6106213827974715,0.34341791732070936,-0.5090038784983656,-0.25022508343653194,-0.8227620850666949,-0.4067687208327123,-0.9900097684670929,-0.4074349015424357,-1.0276781633421728,0.20257018096028123,0.03559255019714171,1.3675043809518026,-0.19465293413137422,0.851339598317032
-0.226585963668749,0.6106213827974715,0.34341791732070936,-0.5090038784983656,-0.25022508343653194,-0.606691691845491,-0.9548905081551122,-0.07152161825427683,-0.18699560228830392,-0.5924109721775218,0.20257018096028123,-0.07416729677918882,0.08549887676925344,-0.46504340882789036,0.9514971981190357
-0.26990624204558866,-1.1693667737639242,-0.6710691076895581,-0.11330725289043549,-1.475686877297082,0.25758988103932456,0.5067675913712875,-0.07152161825427683,-0.18699560228830392,-0.15714378101287094,-0.19250202198797847,0.006770415145578656,-1.1965066274132958,-0.7895119784637097,1.7527579965350657
-0.2850868524169598,-1.1490028946976991,1.2639002650369873,-0.48947294929757934,-1.4246259692195578,0.9058010607029362,1.6030111660160873,-0.07152161825427683,-3.2731457918461495,-2.7687469280007764,-3.353079645574056,-0.9654119228257313,0.08549887676925344,-1.1680586430388322,-1.702679196634064
-0.25620666683240007,-1.1104349419207578,-1.1601797382801151,-0.08713580776138195,-0.9395473424830896,1.337941847145344,1.4203039035752874,0.8469665319585392,0.25388299621995974,0.7133906013164308,-0.19250202198797847,-1.053108353035776,0.08549887676925344,0.8869089646546904,-0.4507091991090169
-0.27842219420513836,-1.1844854112524852,-1.1783126201946919,-0.8910288536657452,1.7156198775480973,0.7977658640923343,1.4203039035752874,-0.07152161825427683,0.6947615947282234,0.7133906013164308,0.597642383908541,-0.7054938746681985,-1.1965066274132958,1.4817680089870258,-0.2003151996040075
-0.07626089511321994,1.2789268685163104,-1.1568394705590088,0.6796484726614873,0.38803626753250386,-0.28258610201368517,0.14135306648968757,-0.6226145083819664,0.25388299621995974,0.27812341015177994,0.20257018096028123,1.253919396708919,-1.1965066274132958,-1.2221367379781356,-1.1017335978220413
-0.05478588531957294,-0.22886971441058448,0.5783211603049987,0.5987549149898665,0.31144490541621894,-0.8227620850666949,-1.320305033036712,-0.07152161825427683,0.6947615947282234,0.27812341015177994,0.9927145868568007,-1.053108353035776,-1.1965066274132958,1.1572994393512064,0.15023639970300565
-0.06108028474184879,0.6106213827974715,0.34341791732070936,-0.5090038784983656,-0.25022508343653194,-0.8227620850666949,-0.4067687208327123,-0.9900097684670929,0.25388299621995974,-0.15714378101287094,0.597642383908541,-0.9654119228257313,1.3675043809518026,-0.08649674425276777,0.2003151996040075
-0.16660403976235563,0.6106213827974715,0.34341791732070936,-0.5090038784983656,-0.25022508343653194,0.25758988103932456,0.14135306648968757,0.2958736418308496,0.6947615947282234,0.27812341015177994,0.9927145868568007,-1.053108353035776,1.3675043809518026,0.4542842051402645,-0.851339598317032
-0.27027650083513427,-1.1693667737639242,-0.6710691076895581,-0.11330725289043549,-1.475686877297082,0.25758988103932456,0.5067675913712875,-0.07152161825427683,-0.18699560228830392,-0.15714378101287094,-0.19250202198797847,0.03559255019714171,-1.1965066274132958,0.7246746798367807,-1.7527579965350657
-0.2891596991019618,-1.1270962975203966,0.32289912989105674,-0.49181666080167363,1.2305412508116313,0.7977658640923343,0.5067675913712875,0.8469665319585392,1.135640193236487,0.7133906013164308,1.3877867898050604,-0.07416729677918882,1.3675043809518026,1.0491432494726,-0.35055159930701313
0.042592176330929876,1.3039189019157686,1.945314880142661,0.6730079567332199,-0.9395473424830896,0.25758988103932456,-0.4067687208327123,0.8469665319585392,0.6947615947282234,0.27812341015177994,0.9927145868568007,-0.45330937043211694,1.3675043809518026,-0.6813557885851033,-1.60252159683206
-0.1828954265023637,-1.1104349419207578,-1.1601797382801151,-0.08713580776138195,-0.9395473424830896,-0.714726888456093,-2.051134082799912,0.8469665319585392,0.033443696965827906,0.27812341015177994,-0.19250202198797847,-0.48522247572823496,-1.1965066274132958,1.6980803887442388,-0.7511819985150282
-0.22917777519556848,0.6106213827974715,0.34341791732070936,-0.5090038784983656,-0.25022508343653194,0.7977658640923343,0.5067675913712875,0.8469665319585392,1.5765187917447507,1.5839249836457325,1.3877867898050604,0.1260701194300788,-1.1965066274132958,0.8328308697153871,0.10015759980200376
-0.2539851140951262,0.6106213827974715,0.34341791732070936,-0.5090038784983656,-0.25022508343653194,0.7977658640923343,0.5067675913712875,0.8469665319585392,1.5765187917447507,1.5839249836457325,1.3877867898050604,0.03559255019714171,-1.1965066274132958,1.4276899140477226,0.10015759980200376
-0.25620666683240007,0.6106213827974715,0.34341791732070936,-0.5090038784983656,-0.25022508343653194,0.7977658640923343,0.5067675913712875,0.8469665319585392,1.5765187917447507,1.5839249836457325,1.3877867898050604,-0.7054938746681985,-1.1965066274132958,1.4817680089870258,0.10015759980200376
1.3025828371547363,0.6763411743293793,0.3023803424614041,0.27535823820521127,0.20932308926117313,0.4736602742605284,-0.9548905081551122,1.7654546821713553,0.033443696965827906,0.27812341015177994,-0.19250202198797847,0.006770415145578656,-1.1965066274132958,0.7787527747760838,-1.652600396733062
-0.1906708610828221,1.2789268685163104,-1.1568394705590088,0.6796484726614873,0.38803626753250386,-0.8227620850666949,-0.4067687208327123,-0.9900097684670929,-1.0687527993048311,-1.0276781633421728,-0.9826464278844979,0.006770415145578656,1.3675043809518026,0.021659445625838693,1.1518123977230432
0.11257108755505547,1.2789268685163104,-1.1568394705590088,0.6796484726614873,0.38803626753250386,0.25758988103932456,0.5067675913712875,-0.07152161825427683,0.033443696965827906,0.27812341015177994,-0.19250202198797847,0.481837613057126,-1.1965066274132958,-0.30280912400998067,0.0
-0.2528743377264893,0.6763411743293793,0.3023803424614041,0.27535823820521127,0.20932308926117313,-0.606691691845491,-0.0413541959511124,-0.9900097684670929,-0.8483135000506994,0.27812341015177994,-1.7727908337810172,-0.48522247572823496,1.3675043809518026,1.6980803887442388,-1.0516547979210396
-0.23843424493420942,-1.1693667737639242,-0.6710691076895581,-0.11330725289043549,-1.475686877297082,-0.8227620850666949,-0.4067687208327123,-0.9900097684670929,-1.0687527993048311,-1.0276781633421728,-0.9826464278844979,-0.18044357397591915,1.3675043809518026,0.34612801526165804,-1.3020487974260488
0.03888958843547349,-1.1693667737639242,-0.6710691076895581,-0.11330725289043549,-1.475686877297082,1.6620474369771499,1.7857184284568872,1.0306641620011023,-0.18699560228830392,0.7133906013164308,-0.9826464278844979,0.006770415145578656,-1.1965066274132958,0.021659445625838693,0.5508667989110206
-0.18696827318736572,-1.148385807453268,1.254833824079699,-0.4988477953139567,-1.5267477853746036,0.25758988103932456,0.5067675913712875,-0.07152161825427683,0.033443696965827906,0.27812341015177994,-0.19250202198797847,-0.18044357397591915,0.08549887676925344,0.6165184899581742,-1.5524427969310584
-0.24546916193557655,-1.1104349419207578,-1.1601797382801151,-0.08713580776138195,-0.9395473424830896,-0.8227620850666949,-0.4067687208327123,-0.9900097684670929,-1.0687527993048311,-1.0276781633421728,-0.9826464278844979,-0.8727562352098543,1.3675043809518026,0.12981563550444514,0.9014183982180338
-0.17845232102781605,-1.1693667737639242,-0.6710691076895581,-0.11330725289043549,-1.475686877297082,1.8781178301983537,1.4203039035752874,1.7654546821713553,-0.6278742007965675,-0.15714378101287094,-0.9826464278844979,0.1260701194300788,-1.1965066274132958,-1.059902453160226,1.60252159683206
-0.21844027029874497,1.2789268685163104,-1.1568394705590088,0.6796484726614873,0.38803626753250386,0.25758988103932456,0.5067675913712875,-0.07152161825427683,0.033443696965827906,0.27812341015177994,-0.19250202198797847,-0.07416729677918882,-1.1965066274132958,1.0491432494726,0.0
-0.2199213054569275,-0.24959823593942765,0.8497070676198127,0.6726173381492043,1.000767164462779,1.337941847145344,1.4203039035752874,0.8469665319585392,0.6947615947282234,0.7133906013164308,0.597642383908541,-0.7539631269986905,-1.1965066274132958,1.319533724169116,1.3020487974260488
-0.04552941558093199,-1.1270962975203966,0.32289912989105674,-0.49181666080167363,1.2305412508116313,-0.28258610201368517,-0.4067687208327123,-0.07152161825427683,0.9152008939823552,0.7133906013164308,0.9927145868568007,-0.8727562352098543,0.08549887676925344,-0.41096531388858715,0.6510243987130244
-0.2665739129396779,1.2789268685163104,-1.1568394705590088,0.6796484726614873,0.38803626753250386,0.7977658640923343,0.5067675913712875,0.8469665319585392,0.033443696965827906,0.27812341015177994,-0.19250202198797847,0.03559255019714171,0.08549887676925344,-0.19465293413137422,1.0015759980200376
1.8053942733577129,0.6763411743293793,0.3023803424614041,0.27535823820521127,0.20932308926117313,-1.3089204698144037,-0.31541508961231235,-1.908497918679909,-1.5096313978130949,-1.8982125456714745,-0.9826464278844979,0.11588619232781792,1.3675043809518026,-1.4925272126746516,1.702679196634064
-0.2684252068874061,-0.24959823593942765,0.8497070676198127,0.6726173381492043,1.000767164462779,1.337941847145344,1.4203039035752874,0.8469665319585392,0.6947615947282234,0.7133906013164308,0.597642383908541,-0.9654119228257313,-1.1965066274132958,-1.1680586430388322,1.3020487974260488
-0.15660705244462342,-1.1693667737639242,-0.6710691076895581,-0.11330725289043549,-1.475686877297082,-0.8227620850666949,-0.4067687208327123,-0.9900097684670929,-1.0687527993048311,-1.0276781633421728,-0.9826464278844979,-0.18044357397591915,1.3675043809518026,0.18389373044374838,-1.3020487974260488
-0.17586050950099658,-1.148385807453268,1.254833824079699,-0.4988477953139567,-1.5267477853746036,-1.6870436579515105,-1.320305033036712,-1.5411026585947825,-0.4074349015424357,-0.5924109721775218,-0.19250202198797847,1.3358760999740618,-1.1965066274132958,-0.843590073403013,-1.5023639970300564
-0.037013463421382314,0.6106213827974715,0.34341791732070936,-0.5090038784983656,-0.25022508343653194,0.25758988103932456,0.14135306648968757,0.2958736418308496,0.6947615947282234,0.27812341015177994,0.9927145868568007,-0.18044357397591915,1.3675043809518026,-1.0058243582209225,-0.851339598317032
-0.2539851140951262,-1.1844854112524852,-1.1783126201946919,-0.8910288536657452,1.7156198775480973,-1.3629380681197047,-1.320305033036712,-0.9900097684670929,0.47432229547409155,1.1486577924810817,-0.19250202198797847,-0.7054938746681985,1.3675043809518026,-1.4384491177353484,0.3004727994060113
-0.2506527849892155,-1.1270962975203966,0.32289912989105674,-0.49181666080167363,1.2305412508116313,-0.28258610201368517,-0.4067687208327123,-0.07152161825427683,0.9152008939823552,0.7133906013164308,0.9927145868568007,0.03559255019714171,0.08549887676925344,0.4002061102009613,0.6510243987130244
1.0804275634273535,0.6303681746192655,0.2680233030443114,0.2800456612134002,0.9752367104240179,1.337941847145344,0.5067675913712875,1.7654546821713553,0.25388299621995974,-0.15714378101287094,0.597642383908541,-0.18044357397591915,-1.1965066274132958,-0.7354338835244065,-0.05007879990100188
-0.2876786639437793,0.6106213827974715,0.34341791732070936,-0.5090038784983656,-0.25022508343653194,-2.011149247783316,-2.233841345240712,-1.173707398509656,0.9152008939823552,1.1486577924810817,0.597642383908541,-0.18044357397591915,0.08549887676925344,0.562440395018871,1.4522851971290545
0.32324833880652354,0.6106213827974715,0.34341791732070936,-0.5090038784983656,-0.25022508343653194,0.25758988103932456,0.5067675913712875,-0.07152161825427683,-0.4074349015424357,-1.0276781633421728,0.20257018096028123,-0.48522247572823496,0.08549887676925344,0.9409870595939935,-0.7011031986140263
-0.14623980633734554,0.6106213827974715,0.34341791732070936,-0.5090038784983656,-0.25022508343653194,-0.714726888456093,-0.0413541959511124,-1.173707398509656,0.6947615947282234,0.7133906013164308,0.597642383908541,-0.48522247572823496,1.3675043809518026,1.6980803887442388,1.5524427969310584
-0.2917515106287813,-0.24959823593942765,0.8497070676198127,0.6726173381492043,1.000767164462779,0.5816954708711304,0.14135306648968757,0.8469665319585392,0.25388299621995974,-0.15714378101287094,0.597642383908541,-0.7054938746681985,0.08549887676925344,-1.4384491177353484,1.0516547979210396
-0.20066784840055435,-0.24959823593942765,0.8497070676198127,0.6726173381492043,1.000767164462779,0.25758988103932456,0.5067675913712875,-0.07152161825427683,-0.18699560228830392,-0.15714378101287094,-0.19250202198797847,-0.3650833393028946,-1.1965066274132958,0.07573754056514193,-0.400630399208015
0.2391995935796637,0.6106213827974715,0.34341791732070936,-0.5090038784983656,-0.25022508343653194,-1.6870436579515105,-1.320305033036712,-1.5411026585947825,1.135640193236487,1.1486577924810817,0.9927145868568007,-1.053108353035776,0.08549887676925344,0.8869089646546904,1.2018911976240452
-0.07552037753412867,0.6106213827974715,0.34341791732070936,-0.5090038784983656,-0.25022508343653194,-0.606691691845491,-0.9548905081551122,-0.07152161825427683,-0.18699560228830392,-0.5924109721775218,0.20257018096028123,-0.7539631269986905,0.08549887676925344,1.319533724169116,0.9514971981190357
-0.2810140057319578,0.6106213827974715,0.34341791732070936,-0.5090038784983656,-0.25022508343653194,0.7977658640923343,0.5067675913712875,0.8469665319585392,1.5765187917447507,1.5839249836457325,1.3877867898050604,2.994129652669048,-1.1965066274132958,-0.6272776936458,0.10015759980200376
-0.25435537288467186,0.6763411743293793,0.3023803424614041,0.27535823820521127,0.20932308926117313,-0.606691691845491,-0.0413541959511124,-0.9900097684670929,-0.8483135000506994,0.27812341015177994,-1.7727908337810172,-0.7054938746681985,1.3675043809518026,-1.4384491177353484,-1.0516547979210396
-0.05996950837321187,-0.5538222474439407,1.2514935563585923,-0.5304879006192306,1.996454871974474,0.7977658640923343,0.5067675913712875,0.8469665319585392,-3.2731457918461495,-3.204014119165427,-2.9580074426257963,-0.18044357397591915,0.08549887676925344,-0.7354338835244065,0.6009455988120226
-0.12069194985869651,-0.24959823593942765,0.8497070676198127,0.6726173381492043,1.000767164462779,1.1218714539241401,1.0548893786936875,0.8469665319585392,-0.4074349015424357,0.27812341015177994,-0.9826464278844979,-0.48522247572823496,-1.1965066274132958,-0.9517462632816194,-0.3004727994060113
0.33509662007198393,0.6106213827974715,0.34341791732070936,-0.5090038784983656,-0.25022508343653194,-0.8227620850666949,-0.4067687208327123,-0.9900097684670929,-0.4074349015424357,-1.0276781633421728,0.20257018096028123,-0.9654119228257313,1.3675043809518026,-1.1680586430388322,0.851339598317032
-0.1417967008627979,0.6106213827974715,0.34341791732070936,-0.5090038784983656,-0.25022508343653194,0.6897306674817323,0.5067675913712875,0.663268901915976,0.033443696965827906,0.27812341015177994,-0.19250202198797847,0.481837613057126,-1.1965066274132958,-0.30280912400998067,0.400630399208015
0.015563284694098295,1.2789268685163104,-1.1568394705590088,0.6796484726614873,0.38803626753250386,0.25758988103932456,0.5067675913712875,-0.07152161825427683,0.033443696965827906,0.27812341015177994,-0.19250202198797847,1.253919396708919,-1.1965066274132958,-1.2221367379781356,0.0
-0.034421651894562845,1.2789268685163104,-1.1568394705590088,0.6796484726614873,0.38803626753250386,0.5816954708711304,0.14135306648968757,0.8469665319585392,0.6947615947282234,0.27812341015177994,0.9927145868568007,-0.45330937043211694,0.08549887676925344,-0.6813557885851033,-0.6009455988120226
-0.0932927994323193,0.6106213827974715,0.34341791732070936,-0.5090038784983656,-0.25022508343653194,0.25758988103932456,0.14135306648968757,0.2958736418308496,0.6947615947282234,0.27812341015177994,0.9927145868568007,-0.45330937043211694,1.3675043809518026,-0.8976681683423162,-0.80126079841603
-0.07811218906094813,1.3039189019157686,1.945314880142661,0.6730079567332199,-0.9395473424830896,0.25758988103932456,-0.4067687208327123,0.8469665319585392,0.6947615947282234,0.27812341015177994,0.9927145868568007,-0.7054938746681985,1.3675043809518026,1.4817680089870258,-1.60252159683206
-0.21621871756147115,0.6106213827974715,0.34341791732070936,-0.5090038784983656,-0.25022508343653194,1.1218714539241401,0.5067675913712875,1.3980594220862288,-0.6278742007965675,0.27812341015177994,-1.3777186308327576,0.1260701194300788,0.08549887676925344,0.8328308697153871,1.5023639970300564
-0.22732648124784027,0.6106213827974715,0.34341791732070936,-0.5090038784983656,-0.25022508343653194,-0.606691691845491,-0.9548905081551122,-0.07152161825427683,-0.18699560228830392,-0.5924109721775218,0.20257018096028123,0.006770415145578656,0.08549887676925344,-0.14057483919207098,1.1017335978220413
-0.10995444496187301,0.6763411743293793,0.3023803424614041,0.27535823820521127,0.20932308926117313,-1.3089204698144037,-0.31541508961231235,-1.908497918679909,-1.5096313978130949,-1.8982125456714745,-0.9826464278844979,-0.66451343385658,1.3675043809518026,-0.24873102907067746,1.702679196634064
-0.1195811734900596,0.6106213827974715,0.34341791732070936,-0.5090038784983656,-0.25022508343653194,0.25758988103932456,0.14135306648968757,0.2958736418308496,0.6947615947282234,0.27812341015177994,0.9927145868568007,-1.053108353035776,1.3675043809518026,0.8869089646546904,-0.851339598317032
-0.2647226189919497,-1.1693667737639242,-0.6710691076895581,-0.11330725289043549,-1.475686877297082,0.25758988103932456,0.5067675913712875,-0.07152161825427683,-0.18699560228830392,-0.15714378101287094,-0.19250202198797847,0.1260701194300788,-1.1965066274132958,0.8328308697153871,-1.7527579965350657
-0.20585147145419327,0.6106213827974715,0.34341791732070936,-0.5090038784983656,-0.25022508343653194,-0.8227620850666949,-0.4067687208327123,-0.9900097684670929,0.25388299621995974,-0.15714378101287094,0.597642383908541,0.5534877303040735,1.3675043809518026,-1.6006834025532581,0.2003151996040075
-0.07959322421913069,0.6106213827974715,0.34341791732070936,-0.5090038784983656,-0.25022508343653194,-1.4709732647303067,-1.320305033036712,-1.173707398509656,0.25388299621995974,0.7133906013164308,-0.19250202198797847,-0.45330937043211694,0.08549887676925344,-0.8976681683423162,-1.251969997525047
5.08218456083661,0.6763411743293793,0.3023803424614041,0.27535823820521127,0.20932308926117313,0.4736602742605284,-0.9548905081551122,1.7654546821713553,0.033443696965827906,0.27812341015177994,-0.19250202198797847,-0.8727562352098543,-1.1965066274132958,0.12981563550444514,-1.652600396733062
0.08998530139277154,0.6106213827974715,0.34341791732070936,-0.5090038784983656,-0.25022508343653194,-1.6870436579515105,-1.320305033036712,-1.5411026585947825,1.135640193236487,1.1486577924810817,0.9927145868568007,2.994129652669048,0.08549887676925344,-0.6272776936458,1.2018911976240452
-0.05663717926730113,0.6106213827974715,0.34341791732070936,-0.5090038784983656,-0.25022508343653194,0.25758988103932456,0.14135306648968757,0.2958736418308496,0.6947615947282234,0.27812341015177994,0.9927145868568007,0.1260701194300788,1.3675043809518026,-1.059902453160226,-0.851339598317032
-0.2850868524169598,-1.2063920084297877,-1.0733327775313528,0.2886392700617461,0.20932308926117313,-0.4986564952348891,-2.233841345240712,1.3980594220862288,0.9152008939823552,1.1486577924810817,0.597642383908541,-0.5008826302442834,-1.1965066274132958,1.6440022938049355,-0.9014183982180338
-0.23954502130284633,-1.0734097072548943,4.356033812575339,6.534630428473198,-0.8118950722892828,0.25758988103932456,0.5067675913712875,-0.07152161825427683,-0.18699560228830392,-0.5924109721775218,0.20257018096028123,-0.8727562352098543,0.08549887676925344,-0.41096531388858715,-1.4022063972280525
-0.23621269219693558,-1.148385807453268,1.254833824079699,-0.4988477953139567,-1.5267477853746036,0.25758988103932456,0.5067675913712875,-0.07152161825427683,0.033443696965827906,0.27812341015177994,-0.19250202198797847,0.006770415145578656,0.08549887676925344,0.7787527747760838,-1.5524427969310584
-0.1680850749205382,-1.1104349419207578,-1.1601797382801151,-0.08713580776138195,-0.9395473424830896,-0.714726888456093,-2.051134082799912,0.8469665319585392,0.033443696965827906,0.27812341015177994,-0.19250202198797847,-0.7054938746681985,-1.1965066274132958,-0.3568872189492839,-0.7511819985150282
-0.24732045588330473,-1.1270962975203966,0.32289912989105674,-0.49181666080167363,1.2305412508116313,-0.28258610201368517,-0.4067687208327123,-0.07152161825427683,0.9152008939823552,0.7133906013164308,0.9927145868568007,0.1260701194300788,0.08549887676925344,0.8328308697153871,0.6510243987130244
-0.2939730633660551,-1.1104349419207578,-1.1601797382801151,-0.08713580776138195,-0.9395473424830896,1.337941847145344,1.4203039035752874,0.8469665319585392,0.25388299621995974,0.7133906013164308,-0.19250202198797847,2.994129652669048,0.08549887676925344,1.5899241988656323,-0.4507091991090169
0.10183358265823196,0.6106213827974715,0.34341791732070936,-0.5090038784983656,-0.25022508343653194,0.25758988103932456,0.5067675913712875,-0.07152161825427683,-0.4074349015424357,-1.0276781633421728,0.20257018096028123,-0.20265138455711335,0.08549887676925344,-1.330292927856742,-0.7011031986140263
-0.01590871241728094,-1.1104349419207578,-1.1601797382801151,-0.08713580776138195,-0.9395473424830896,-0.714726888456093,-2.051134082799912,0.8469665319585392,0.033443696965827906,0.27812341015177994,-0.19250202198797847,0.5534877303040735,-1.1965066274132958,0.9950651545332968,-0.7511819985150282
0.16181550656462534,0.6106213827974715,0.34341791732070936,-0.5090038784983656,-0.25022508343653194,0.25758988103932456,0.5067675913712875,-0.07152161825427683,-0.4074349015424357,-1.0276781633421728,0.20257018096028123,0.006770415145578656,0.08549887676925344,0.7787527747760838,-0.7011031986140263
-0.15401524091780394,0.6106213827974715,0.34341791732070936,-0.5090038784983656,-0.25022508343653194,-0.8227620850666949,-0.4067687208327123,-0.9900097684670929,0.6947615947282234,0.7133906013164308,0.597642383908541,-0.18044357397591915,1.3675043809518026,0.34612801526165804,0.2503939995050094
-0.27175753599331687,-1.1844854112524852,-1.1783126201946919,-0.8910288536657452,1.7156198775480973,0.7977658640923343,0.5067675913712875,0.8469665319585392,1.135640193236487,0.7133906013164308,1.3877867898050604,-0.8727562352098543,-1.1965066274132958,-0.41096531388858715,0.5007879990100188
-0.15142342939098447,0.6106213827974715,0.34341791732070936,-0.5090038784983656,-0.25022508343653194,0.25758988103932456,0.14135306648968757,0.2958736418308496,0.6947615947282234,0.27812341015177994,0.9927145868568007,-0.18044357397591915,1.3675043809518026,-1.0058243582209225,-0.80126079841603
-0.2554661492533088,0.6106213827974715,0.34341791732070936,-0.5090038784983656,-0.25022508343653194,-0.606691691845491,-0.9548905081551122,-0.07152161825427683,-0.18699560228830392,-0.5924109721775218,0.20257018096028123,2.406388753687064,0.08549887676925344,-1.113980548099529,1.1017335978220413
-0.20770276540192145,-1.1693667737639242,-0.6710691076895581,-0.11330725289043549,-1.475686877297082,0.25758988103932456,0.5067675913712875,-0.07152161825427683,-0.18699560228830392,-0.15714378101287094,-0.19250202198797847,-0.7054938746681985,-1.1965066274132958,-1.4384491177353484,-1.7527579965350657
-0.1673445573414469,1.2789268685163104,-1.1568394705590088,0.6796484726614873,0.38803626753250386,0.5816954708711304,0.14135306648968757,0.8469665319585392,0.25388299621995974,0.7133906013164308,-0.19250202198797847,-0.48522247572823496,0.08549887676925344,1.6980803887442388,-0.9514971981190357
0.036297776908654024,1.2789268685163104,-1.1568394705590088,0.6796484726614873,0.38803626753250386,0.5816954708711304,0.14135306648968757,0.8469665319585392,0.25388299621995974,0.7133906013164308,-0.19250202198797847,-0.9654119228257313,0.08549887676925344,0.2379718253830516,-0.9514971981190357
-0.21029457692874093,0.6106213827974715,0.34341791732070936,-0.5090038784983656,-0.25022508343653194,0.7977658640923343,0.5067675913712875,0.8469665319585392,1.5765187917447507,1.5839249836457325,1.3877867898050604,-0.5008826302442834,-1.1965066274132958,1.6440022938049355,0.10015759980200376
-0.2665739129396779,-0.24959823593942765,0.8497070676198127,0.6726173381492043,1.000767164462779,0.25758988103932456,0.5067675913712875,-0.07152161825427683,-0.18699560228830392,-0.15714378101287094,-0.19250202198797847,2.994129652669048,-1.1965066274132958,1.5358461039263291,-0.400630399208015
0.2566017566883087,-1.1693667737639242,-0.6710691076895581,-0.11330725289043549,-1.475686877297082,1.6620474369771499,1.7857184284568872,1.0306641620011023,-0.18699560228830392,0.7133906013164308,-0.9826464278844979,2.994129652669048,-1.1965066274132958,1.5899241988656323,0.5508667989110206
-0.17141740402644892,-1.148385807453268,1.254833824079699,-0.4988477953139567,-1.5267477853746036,-1.6870436579515105,-1.320305033036712,-1.5411026585947825,-0.4074349015424357,-0.5924109721775218,-0.19250202198797847,-0.45330937043211694,-1.1965066274132958,-0.6813557885851033,-1.5023639970300564
-0.24176657404012017,-1.1693667737639242,-0.6710691076895581,-0.11330725289043549,-1.475686877297082,0.04151948781812065,-1.320305033036712,1.3980594220862288,-0.18699560228830392,-0.15714378101287094,-0.19250202198797847,-0.45330937043211694,-1.1965066274132958,-0.8976681683423162,1.3521275973270508
1.1633655322855763,0.6106213827974715,0.34341791732070936,-0.5090038784983656,-0.25022508343653194,0.25758988103932456,0.5067675913712875,-0.07152161825427683,-0.4074349015424357,-1.0276781633421728,0.20257018096028123,-0.8727562352098543,0.08549887676925344,-0.41096531388858715,-0.7011031986140263
0.26511770884785835,1.8451044152818088,0.2384380746573705,-0.5179881059307273,1.434784883121723,1.554012240366548,1.7857184284568872,0.8469665319585392,-2.391388594829622,-2.7687469280007764,-1.7727908337810172,-0.07416729677918882,1.3675043809518026,-1.546605307613955,1.4022063972280525
-0.17178766281599456,1.2789268685163104,-1.1568394705590088,0.6796484726614873,0.38803626753250386,0.36562507764992647,1.2375966411344874,-0.6226145083819664,1.3560794924906188,0.7133906013164308,1.78285899275332,-0.45330937043211694,1.3675043809518026,-0.8976681683423162,0.05007879990100188
-0.25620666683240007,-1.1693667737639242,-0.6710691076895581,-0.11330725289043549,-1.475686877297082,0.25758988103932456,0.5067675913712875,-0.07152161825427683,-0.18699560228830392,-0.15714378101287094,-0.19250202198797847,-0.18044357397591915,-1.1965066274132958,0.562440395018871,1.7527579965350657
-0.2847165936274142,-1.1693667737639242,-0.6710691076895581,-0.11330725289043549,-1.475686877297082,1.8781178301983537,1.4203039035752874,1.7654546821713553,-0.6278742007965675,-0.15714378101287094,-0.9826464278844979,-0.9654119228257313,-1.1965066274132958,0.2379718253830516,1.60252159683206
-0.0592289907941206,0.6106213827974715,0.34341791732070936,-0.5090038784983656,-0.25022508343653194,-0.28258610201368517,-0.4067687208327123,-0.07152161825427683,-1.0687527993048311,-1.0276781633421728,-0.9826464278844979,-0.7539631269986905,1.3675043809518026,1.319533724169116,-1.0015759980200376
-0.16771481613099254,-0.24959823593942765,0.8497070676198127,0.6726173381492043,1.000767164462779,0.25758988103932456,0.5067675913712875,-0.07152161825427683,-0.18699560228830392,-0.15714378101287094,-0.19250202198797847,-0.7539631269986905,-1.1965066274132958,1.319533724169116,-0.400630399208015
-0.28619762878559674,-1.2094774446519432,1.2939626745269432,-0.5238473846909631,1.4858457911992449,-1.9031140511727145,-1.320305033036712,-1.908497918679909,1.5765187917447507,1.1486577924810817,1.78285899275332,0.006770415145578656,0.08549887676925344,0.7787527747760838,0.35055159930701313
0.014452508325461381,0.6106213827974715,0.34341791732070936,-0.5090038784983656,-0.25022508343653194,-1.0388324782878988,-1.6857195579183122,-0.07152161825427683,0.47432229547409155,0.27812341015177994,0.597642383908541,-1.053108353035776,0.08549887676925344,-1.2762148329174388,-1.1518123977230432
-0.0855173648518609,-1.1693667737639242,-0.6710691076895581,-0.11330725289043549,-1.475686877297082,0.25758988103932456,0.5067675913712875,-0.07152161825427683,-0.18699560228830392,-0.15714378101287094,-0.19250202198797847,-0.07416729677918882,-1.1965066274132958,-1.546605307613955,1.7527579965350657
-0.19289241382009595,-0.24959823593942765,0.8497070676198127,0.6726173381492043,1.000767164462779,0.5816954708711304,0.14135306648968757,0.8469665319585392,0.25388299621995974,-0.15714378101287094,0.597642383908541,-0.18044357397591915,0.08549887676925344,0.6165184899581742,1.0516547979210396
-0.19289241382009595,-1.1844854112524852,-1.1783126201946919,-0.8910288536657452,1.7156198775480973,0.7977658640923343,1.4203039035752874,-0.07152161825427683,0.6947615947282234,0.7133906013164308,0.597642383908541,0.11588619232781792,-1.1965066274132958,-1.4925272126746516,-0.2003151996040075
-0.2806437469424122,0.6106213827974715,0.34341791732070936,-0.5090038784983656,-0.25022508343653194,-2.011149247783316,-2.233841345240712,-1.173707398509656,0.9152008939823552,1.1486577924810817,0.597642383908541,-0.3650833393028946,0.08549887676925344,0.07573754056514193,1.4522851971290545
-0.02960828763046955,-1.1270962975203966,0.32289912989105674,-0.49181666080167363,1.2305412508116313,-0.28258610201368517,-0.4067687208327123,-0.07152161825427683,0.9152008939823552,0.7133906013164308,0.9927145868568007,-0.18044357397591915,0.08549887676925344,0.18389373044374838,0.6510243987130244
0.33916946675698595,-0.5538222474439407,1.2514935563585923,-0.5304879006192306,1.996454871974474,0.7977658640923343,0.5067675913712875,0.8469665319585392,-3.2731457918461495,-3.204014119165427,-2.9580074426257963,-0.8727562352098543,0.08549887676925344,-0.41096531388858715,0.6009455988120226
-0.18437646166054628,1.2789268685163104,-1.1568394705590088,0.6796484726614873,0.38803626753250386,0.5816954708711304,0.14135306648968757,0.8469665319585392,0.25388299621995974,0.7133906013164308,-0.19250202198797847,0.1260701194300788,0.08549887676925344,-1.3843710227960453,-0.9514971981190357
-0.2236238933523839,-1.1844854112524852,-1.1783126201946919,-0.8910288536657452,1.7156198775480973,-1.3629380681197047,-1.320305033036712,-0.9900097684670929,0.47432229547409155,1.1486577924810817,-0.19250202198797847,-0.48522247572823496,1.3675043809518026,0.9409870595939935,0.3004727994060113
-0.28841918152287055,0.6106213827974715,0.34341791732070936,-0.5090038784983656,-0.25022508343653194,-0.0665157087924813,-0.4067687208327123,0.2958736418308496,-0.9805770796031784,-1.0276781633421728,-0.824617546705194,1.253919396708919,0.08549887676925344,-1.2221367379781356,0.80126079841603
0.11220082876550984,0.6106213827974715,0.34341791732070936,-0.5090038784983656,-0.25022508343653194,-0.8227620850666949,-0.4067687208327123,-0.9900097684670929,-0.4074349015424357,-1.0276781633421728,0.20257018096028123,0.1260701194300788,1.3675043809518026,-1.3843710227960453,0.851339598317032
0.29140608290559866,0.6106213827974715,0.34341791732070936,-0.5090038784983656,-0.25022508343653194,-0.8227620850666949,-0.4067687208327123,-0.9900097684670929,-0.4074349015424357,-1.0276781633421728,0.20257018096028123,0.11588619232781792,1.3675043809518026,-1.4925272126746516,0.851339598317032
-0.21436742361374295,0.6106213827974715,0.34341791732070936,-0.5090038784983656,-0.25022508343653194,-0.606691691845491,-0.9548905081551122,-0.07152161825427683,-0.18699560228830392,-0.5924109721775218,0.20257018096028123,0.481837613057126,0.08549887676925344,-0.30280912400998067,0.9514971981190357
-0.052194073792753475,-0.22886971441058448,0.5783211603049987,0.5987549149898665,0.31144490541621894,-0.8227620850666949,-1.320305033036712,-0.07152161825427683,0.6947615947282234,0.27812341015177994,0.9927145868568007,-0.9654119228257313,-1.1965066274132958,-0.08649674425276777,0.15023639970300565
-0.2595389959383108,0.6106213827974715,0.34341791732070936,-0.5090038784983656,-0.25022508343653194,0.25758988103932456,0.14135306648968757,0.2958736418308496,0.6947615947282234,0.27812341015177994,0.9927145868568007,-0.18044357397591915,1.3675043809518026,0.18389373044374838,-0.80126079841603
-0.29101099304969,-1.1490028946976991,1.2639002650369873,-0.48947294929757934,-1.4246259692195578,0.9058010607029362,1.6030111660160873,-0.07152161825427683,-3.2731457918461495,-2.7687469280007764,-3.353079645574056,0.03559255019714171,0.08549887676925344,-0.5731995987064968,-1.702679196634064
1.1996508936610488,0.6106213827974715,0.34341791732070936,-0.5090038784983656,-0.25022508343653194,-0.28258610201368517,-0.4067687208327123,-0.07152161825427683,-1.0687527993048311,-1.0276781633421728,-0.9826464278844979,0.03559255019714171,1.3675043809518026,-0.19465293413137422,-1.0015759980200376
3.936974124771951,-1.2094774446519432,1.2939626745269432,-0.5238473846909631,1.4858457911992449,-1.9031140511727145,-1.320305033036712,-1.908497918679909,1.5765187917447507,1.1486577924810817,1.78285899275332,-0.3650833393028946,0.08549887676925344,0.07573754056514193,0.35055159930701313
-0.226585963668749,1.2789268685163104,-1.1568394705590088,0.6796484726614873,0.38803626753250386,0.36562507764992647,1.2375966411344874,-0.6226145083819664,1.3560794924906188,0.7133906013164308,1.78285899275332,2.994129652669048,1.3675043809518026,-0.6272776936458,0.05007879990100188
-0.1840062028710006,-0.24959823593942765,0.8497070676198127,0.6726173381492043,1.000767164462779,0.25758988103932456,0.5067675913712875,-0.07152161825427683,-0.18699560228830392,-0.15714378101287094,-0.19250202198797847,-0.7054938746681985,-1.1965066274132958,1.4817680089870258,-0.400630399208015
-0.27657090025741016,0.6106213827974715,0.34341791732070936,-0.5090038784983656,-0.25022508343653194,-0.8227620850666949,-0.4067687208327123,-0.9900097684670929,-0.4074349015424357,-0.5924109721775218,-0.19250202198797847,2.994129652669048,1.3675043809518026,1.5358461039263291,-0.6510243987130244
0.2606746033733107,0.6106213827974715,0.34341791732070936,-0.5090038784983656,-0.25022508343653194,-1.6870436579515105,-1.320305033036712,-1.5411026585947825,1.135640193236487,1.1486577924810817,0.9927145868568007,0.006770415145578656,0.08549887676925344,0.7787527747760838,1.2018911976240452
-0.19807603687373487,1.2789268685163104,-1.1568394705590088,0.6796484726614873,0.38803626753250386,0.36562507764992647,1.2375966411344874,-0.6226145083819664,1.3560794924906188,0.7133906013164308,1.78285899275332,1.253919396708919,1.3675043809518026,-1.2221367379781356,0.05007879990100188
-0.025165182155921895,1.2789268685163104,-1.1568394705590088,0.6796484726614873,0.38803626753250386,0.5816954708711304,0.14135306648968757,0.8469665319585392,0.6947615947282234,0.27812341015177994,0.9927145868568007,-0.3650833393028946,0.08549887676925344,0.07573754056514193,-0.6009455988120226
-0.2906407342601444,-1.1693667737639242,-0.6710691076895581,-0.11330725289043549,-1.475686877297082,1.8781178301983537,1.4203039035752874,1.7654546821713553,-0.6278742007965675,-0.15714378101287094,-0.9826464278844979,0.006770415145578656,-1.1965066274132958,0.021659445625838693,1.60252159683206
-0.2469501970937591,0.6106213827974715,0.34341791732070936,-0.5090038784983656,-0.25022508343653194,-0.8227620850666949,-0.4067687208327123,-0.9900097684670929,-0.4074349015424357,-1.0276781633421728,0.20257018096028123,1.253919396708919,1.3675043809518026,-1.6547614974925613,0.851339598317032
-0.29249202820787257,-1.1693667737639242,-0.6710691076895581,-0.11330725289043549,-1.475686877297082,1.337941847145344,1.4203039035752874,0.8469665319585392,0.6947615947282234,0.7133906013164308,0.597642383908541,0.03559255019714171,0.08549887676925344,0.7246746798367807,-0.15023639970300565
-0.28138426452150345,-1.1104349419207578,-1.1601797382801151,-0.08713580776138195,-0.9395473424830896,1.337941847145344,1.4203039035752874,0.8469665319585392,0.25388299621995974,0.7133906013164308,-0.19250202198797847,0.03559255019714171,0.08549887676925344,-0.19465293413137422,-0.4507091991090169
0.7083174799339872,-1.1693667737639242,-0.6710691076895581,-0.11330725289043549,-1.475686877297082,1.6620474369771499,1.7857184284568872,1.0306641620011023,-0.18699560228830392,0.7133906013164308,-0.9826464278844979,-0.18044357397591915,-1.1965066274132958,0.18389373044374838,0.5508667989110206
0.2099491492055583,1.2789268685163104,-1.1568394705590088,0.6796484726614873,0.38803626753250386,0.5816954708711304,0.14135306648968757,0.8469665319585392,0.6947615947282234,0.27812341015177994,0.9927145868568007,-0.18044357397591915,0.08549887676925344,0.562440395018871,-0.6009455988120226
-0.16327171065644489,0.6106213827974715,0.34341791732070936,-0.5090038784983656,-0.25022508343653194,0.25758988103932456,0.5067675913712875,-0.07152161825427683,-0.4074349015424357,-1.0276781633421728,0.20257018096028123,-0.8727562352098543,0.08549887676925344,0.5083623000795677,-0.7011031986140263
-0.28434633483786853,0.6106213827974715,0.34341791732070936,-0.5090038784983656,-0.25022508343653194,-0.8227620850666949,-0.4067687208327123,-0.9900097684670929,-0.4074349015424357,-0.5924109721775218,-0.19250202198797847,-0.45330937043211694,1.3675043809518026,-0.8976681683423162,-0.6510243987130244
-0.0007281020459097804,1.2789268685163104,-1.1568394705590088,0.6796484726614873,0.38803626753250386,0.36562507764992647,1.2375966411344874,-0.6226145083819664,1.3560794924906188,0.7133906013164308,1.78285899275332,-0.7054938746681985,1.3675043809518026,-1.4384491177353484,0.05007879990100188
-0.24139631525057453,-1.1844854112524852,-1.1783126201946919,-0.8910288536657452,1.7156198775480973,-1.3629380681197047,-1.320305033036712,-0.9900097684670929,0.47432229547409155,1.1486577924810817,-0.19250202198797847,-0.8727562352098543,1.3675043809518026,-0.41096531388858715,0.3004727994060113
-0.25028252619966984,-1.1104349419207578,-1.1601797382801151,-0.08713580776138195,-0.9395473424830896,1.337941847145344,1.4203039035752874,0.8469665319585392,0.25388299621995974,0.7133906013164308,-0.19250202198797847,-0.45330937043211694,0.08549887676925344,1.3736118191084195,-0.4507091991090169
-0.14327773602098043,0.6106213827974715,0.34341791732070936,-0.5090038784983656,-0.25022508343653194,-1.0388324782878988,-1.6857195579183122,-0.07152161825427683,0.47432229547409155,0.27812341015177994,0.597642383908541,-0.18044357397591915,0.08549887676925344,0.6165184899581742,-1.1518123977230432
-0.29249202820787257,-1.1693667737639242,-0.6710691076895581,-0.11330725289043549,-1.475686877297082,0.04151948781812065,-1.320305033036712,1.3980594220862288,-0.18699560228830392,-0.15714378101287094,-0.19250202198797847,-0.18044357397591915,-1.1965066274132958,0.34612801526165804,1.3521275973270508
-0.10328978675005153,-1.1104349419207578,-1.1601797382801151,-0.08713580776138195,-0.9395473424830896,1.337941847145344,1.4203039035752874,0.8469665319585392,0.6947615947282234,0.7133906013164308,0.597642383908541,2.994129652669048,0.08549887676925344,1.5358461039263291,-1.4522851971290545
-0.2821247821005947,-1.1270962975203966,0.32289912989105674,-0.49181666080167363,1.2305412508116313,-0.28258610201368517,-0.4067687208327123,-0.07152161825427683,0.9152008939823552,0.7133906013164308,0.9927145868568007,-0.48522247572823496,0.08549887676925344,1.6980803887442388,0.6510243987130244
0.07036158554685273,0.6106213827974715,0.34341791732070936,-0.5090038784983656,-0.25022508343653194,-0.8227620850666949,-0.4067687208327123,-0.9900097684670929,-0.4074349015424357,-1.0276781633421728,0.20257018096028123,-0.48522247572823496,1.3675043809518026,1.6980803887442388,0.851339598317032
-0.22880751640602284,-0.24959823593942765,0.8497070676198127,0.6726173381492043,1.000767164462779,1.1218714539241401,1.0548893786936875,0.8469665319585392,-0.4074349015424357,0.27812341015177994,-0.9826464278844979,-0.66451343385658,-1.1965066274132958,-1.7088395924318647,-0.3004727994060113
-0.26361184262331283,-0.24959823593942765,0.8497070676198127,0.6726173381492043,1.000767164462779,0.5816954708711304,0.14135306648968757,0.8469665319585392,0.25388299621995974,-0.15714378101287094,0.597642383908541,0.5534877303040735,0.08549887676925344,-1.6006834025532581,1.0516547979210396
-0.13957514812552405,-1.1693667737639242,-0.6710691076895581,-0.11330725289043549,-1.475686877297082,0.25758988103932456,0.5067675913712875,-0.07152161825427683,-0.18699560228830392,-0.15714378101287094,-0.19250202198797847,-0.7539631269986905,-1.1965066274132958,1.319533724169116,1.7527579965350657
-0.24843123225194166,1.2789268685163104,-1.1568394705590088,0.6796484726614873,0.38803626753250386,0.36562507764992647,1.2375966411344874,-0.6226145083819664,1.3560794924906188,0.7133906013164308,1.78285899275332,1.3358760999740618,1.3675043809518026,-0.843590073403013,0.05007879990100188
0.5646570695902796,-1.1104349419207578,-1.1601797382801151,-0.08713580776138195,-0.9395473424830896,1.337941847145344,1.4203039035752874,0.8469665319585392,0.6947615947282234,0.7133906013164308,0.597642383908541,2.994129652669048,0.08549887676925344,1.5899241988656323,-1.4522851971290545
-0.24435838556693965,-1.1104349419207578,-1.1601797382801151,-0.08713580776138195,-0.9395473424830896,0.25758988103932456,0.5067675913712875,-0.07152161825427683,-0.18699560228830392,-0.15714378101287094,-0.19250202198797847,1.253919396708919,-1.1965066274132958,-1.6547614974925613,-0.5007879990100188
0.3114000575410631,1.2789268685163104,-1.1568394705590088,0.6796484726614873,0.38803626753250386,0.5816954708711304,0.14135306648968757,0.8469665319585392,0.6947615947282234,0.27812341015177994,0.9927145868568007,0.1260701194300788,0.08549887676925344,-1.059902453160226,-0.6009455988120226
-0.265463136571041,0.6106213827974715,0.34341791732070936,-0.5090038784983656,-0.25022508343653194,-0.8227620850666949,-0.4067687208327123,-0.9900097684670929,0.6947615947282234,0.7133906013164308,0.597642383908541,-0.45330937043211694,1.3675043809518026,1.1032213444119032,0.2503939995050094
-0.24843123225194166,0.6106213827974715,0.34341791732070936,-0.5090038784983656,-0.25022508343653194,-0.606691691845491,-0.9548905081551122,-0.07152161825427683,-0.18699560228830392,-0.5924109721775218,0.20257018096028123,-0.07416729677918882,0.08549887676925344,1.0491432494726,0.9514971981190357
-0.2821247821005947,-0.24959823593942765,0.8497070676198127,0.6726173381492043,1.000767164462779,0.5816954708711304,0.14135306648968757,0.8469665319585392,0.25388299621995974,-0.15714378101287094,0.597642383908541,0.1260701194300788,0.08549887676925344,-1.059902453160226,1.0516547979210396
-0.21621871756147115,0.6106213827974715,0.34341791732070936,-0.5090038784983656,-0.25022508343653194,0.25758988103932456,0.14135306648968757,0.2958736418308496,0.6947615947282234,0.27812341015177994,0.9927145868568007,-0.45330937043211694,1.3675043809518026,1.3736118191084195,-0.851339598317032
-0.191781637451459,-0.24959823593942765,0.8497070676198127,0.6726173381492043,1.000767164462779,0.25758988103932456,0.5067675913712875,-0.07152161825427683,-0.18699560228830392,-0.15714378101287094,-0.19250202198797847,1.253919396708919,-1.1965066274132958,-1.6547614974925613,-0.400630399208015
-0.2547256316742175,0.6106213827974715,0.34341791732070936,-0.5090038784983656,-0.25022508343653194,0.7977658640923343,0.5067675913712875,0.8469665319585392,1.5765187917447507,1.5839249836457325,1.3877867898050604,-0.48522247572823496,-1.1965066274132958,-0.9517462632816194,0.10015759980200376
-0.01664922999637222,0.6106213827974715,0.34341791732070936,-0.5090038784983656,-0.25022508343653194,-0.606691691845491,-0.9548905081551122,-0.07152161825427683,-0.18699560228830392,-0.5924109721775218,0.20257018096028123,-1.053108353035776,0.08549887676925344,0.8869089646546904,0.9514971981190357
-0.02738673489319572,1.2789268685163104,-1.1568394705590088,0.6796484726614873,0.38803626753250386,-0.17455090540308324,0.14135306648968757,-0.43891687833940324,0.6947615947282234,0.7133906013164308,0.597642383908541,0.006770415145578656,-1.1965066274132958,1.265455629229813,-0.10015759980200376
1.0889435155869032,0.6763411743293793,0.3023803424614041,0.27535823820521127,0.20932308926117313,0.4736602742605284,-0.9548905081551122,1.7654546821713553,0.033443696965827906,0.27812341015177994,-0.19250202198797847,-0.18044357397591915,-1.1965066274132958,0.6165184899581742,-1.652600396733062
-0.28730840515423367,0.6106213827974715,0.34341791732070936,-0.5090038784983656,-0.25022508343653194,-2.011149247783316,-2.233841345240712,-1.173707398509656,0.9152008939823552,1.1486577924810817,0.597642383908541,-0.18044357397591915,0.08549887676925344,0.34612801526165804,1.4522851971290545
-0.05478588531957294,1.2789268685163104,-1.1568394705590088,0.6796484726614873,0.38803626753250386,0.36562507764992647,1.2375966411344874,-0.6226145083819664,1.3560794924906188,0.7133906013164308,1.78285899275332,-0.48522247572823496,1.3675043809518026,-0.9517462632816194,0.05007879990100188
-0.27064675962467993,-1.1844854112524852,-1.1783126201946919,-0.8910288536657452,1.7156198775480973,0.7977658640923343,1.4203039035752874,-0.07152161825427683,0.6947615947282234,0.7133906013164308,0.597642383908541,-0.3650833393028946,-1.1965066274132958,0.07573754056514193,-0.2003151996040075
0.5676191399066447,1.8451044152818088,0.2384380746573705,-0.5179881059307273,1.434784883121723,-0.28258610201368517,-0.4067687208327123,-0.07152161825427683,0.25388299621995974,0.27812341015177994,0.20257018096028123,0.006770415145578656,0.08549887676925344,0.7787527747760838,1.251969997525047
0.15811291866916896,0.6106213827974715,0.34341791732070936,-0.5090038784983656,-0.25022508343653194,-0.714726888456093,-0.0413541959511124,-1.173707398509656,0.6947615947282234,0.7133906013164308,0.597642383908541,1.3358760999740618,1.3675043809518026,-0.843590073403013,1.5524427969310584
-0.19326267260964158,-0.24959823593942765,0.8497070676198127,0.6726173381492043,1.000767164462779,1.1218714539241401,1.0548893786936875,0.8469665319585392,-0.4074349015424357,0.27812341015177994,-0.9826464278844979,-0.18044357397591915,-1.1965066274132958,-1.0058243582209225,-0.3004727994060113
0.7708912153672,0.6106213827974715,0.34341791732070936,-0.5090038784983656,-0.25022508343653194,-1.0388324782878988,-1.6857195579183122,-0.07152161825427683,0.47432229547409155,0.27812341015177994,0.597642383908541,0.03559255019714171,0.08549887676925344,-0.5731995987064968,-1.1518123977230432
0.08665297228686081,0.6106213827974715,0.34341791732070936,-0.5090038784983656,-0.25022508343653194,-1.6870436579515105,-1.320305033036712,-1.5411026585947825,1.135640193236487,1.1486577924810817,0.9927145868568007,2.994129652669048,0.08549887676925344,1.5358461039263291,1.2018911976240452
-0.2517635613578524,1.2789268685163104,-1.1568394705590088,0.6796484726614873,0.38803626753250386,0.36562507764992647,1.2375966411344874,-0.6226145083819664,1.3560794924906188,0.7133906013164308,1.78285899275332,-0.8727562352098543,1.3675043809518026,0.12981563550444514,0.05007879990100188
-0.26398210141285844,-1.1270962975203966,0.32289912989105674,-0.49181666080167363,1.2305412508116313,0.7977658640923343,0.5067675913712875,0.8469665319585392,1.135640193236487,0.7133906013164308,1.3877867898050604,-0.48522247572823496,1.3675043809518026,1.6980803887442388,-0.35055159930701313
-0.25509589046376313,0.6106213827974715,0.34341791732070936,-0.5090038784983656,-0.25022508343653194,1.1218714539241401,0.5067675913712875,1.3980594220862288,-0.6278742007965675,0.27812341015177994,-1.3777186308327576,-0.66451343385658,0.08549887676925344,-0.24873102907067746,1.5023639970300564
-0.18104413255463553,-0.22886971441058448,0.5783211603049987,0.5987549149898665,0.31144490541621894,-0.8227620850666949,-1.320305033036712,-0.07152161825427683,0.6947615947282234,0.27812341015177994,0.9927145868568007,-0.18044357397591915,-1.1965066274132958,-0.7354338835244065,0.15023639970300565
0.34805567770608126,-1.1270962975203966,0.32289912989105674,-0.49181666080167363,1.2305412508116313,-0.28258610201368517,-0.4067687208327123,-0.07152161825427683,0.9152008939823552,0.7133906013164308,0.9927145868568007,-1.053108353035776,0.08549887676925344,0.8869089646546904,0.6510243987130244
-0.27064675962467993,-1.1693667737639242,-0.6710691076895581,-0.11330725289043549,-1.475686877297082,1.337941847145344,1.4203039035752874,0.8469665319585392,0.6947615947282234,0.7133906013164308,0.597642383908541,-0.66451343385658,0.08549887676925344,-1.7088395924318647,-0.15023639970300565
-0.23251010430147923,-1.1693667737639242,-0.6710691076895581,-0.11330725289043549,-1.475686877297082,0.25758988103932456,0.5067675913712875,-0.07152161825427683,-0.18699560228830392,-0.15714378101287094,-0.19250202198797847,0.1260701194300788,-1.1965066274132958,-1.3843710227960453,1.7527579965350657
-0.12217298501687907,-1.0734097072548943,4.356033812575339,6.534630428473198,-0.8118950722892828,0.25758988103932456,0.5067675913712875,-0.07152161825427683,-0.18699560228830392,-0.5924109721775218,0.20257018096028123,1.253919396708919,0.08549887676925344,-1.2221367379781356,-1.4022063972280525
-0.2391747625133007,-1.1693667737639242,-0.6710691076895581,-0.11330725289043549,-1.475686877297082,0.25758988103932456,0.5067675913712875,-0.07152161825427683,-0.18699560228830392,-0.15714378101287094,-0.19250202198797847,0.11588619232781792,-1.1965066274132958,-1.4925272126746516,-1.7527579965350657
-0.17363895676372276,0.6106213827974715,0.34341791732070936,-0.5090038784983656,-0.25022508343653194,0.25758988103932456,0.14135306648968757,0.2958736418308496,0.6947615947282234,0.27812341015177994,0.9927145868568007,-0.7054938746681985,1.3675043809518026,-1.4384491177353484,-0.851339598317032
-0.17734154465917915,0.6106213827974715,0.34341791732070936,-0.5090038784983656,-0.25022508343653194,-0.8227620850666949,-0.4067687208327123,-0.9900097684670929,-0.4074349015424357,-0.5924109721775218,-0.19250202198797847,-0.48522247572823496,1.3675043809518026,-0.9517462632816194,-0.6510243987130244
-0.25028252619966984,-1.1270962975203966,0.32289912989105674,-0.49181666080167363,1.2305412508116313,-0.28258610201368517,-0.4067687208327123,-0.07152161825427683,0.9152008939823552,0.7133906013164308,0.9927145868568007,-0.9654119228257313,0.08549887676925344,-1.1680586430388322,0.6510243987130244
-0.2684252068874061,-1.1693667737639242,-0.6710691076895581,-0.11330725289043549,-1.475686877297082,1.8781178301983537,1.4203039035752874,1.7654546821713553,-0.6278742007965675,-0.15714378101287094,-0.9826464278844979,-0.8727562352098543,-1.1965066274132958,-0.5191215037671936,1.60252159683206
-0.1673445573414469,1.8451044152818088,0.2384380746573705,-0.5179881059307273,1.434784883121723,-1.3629380681197047,-0.4067687208327123,-1.908497918679909,-0.4074349015424357,0.27812341015177994,-0.9826464278844979,-0.5008826302442834,0.08549887676925344,1.6440022938049355,1.652600396733062
-0.18548723802918318,-0.24959823593942765,0.8497070676198127,0.6726173381492043,1.000767164462779,0.25758988103932456,0.5067675913712875,-0.07152161825427683,-0.18699560228830392,-0.15714378101287094,-0.19250202198797847,-0.18044357397591915,-1.1965066274132958,0.6165184899581742,-0.400630399208015
-0.08773891758913473,1.2789268685163104,-1.1568394705590088,0.6796484726614873,0.38803626753250386,0.7977658640923343,0.5067675913712875,0.8469665319585392,0.033443696965827906,0.27812341015177994,-0.19250202198797847,-0.9654119228257313,0.08549887676925344,-0.08649674425276777,1.0015759980200376
-0.29323254578696384,0.6106213827974715,0.34341791732070936,-0.5090038784983656,-0.25022508343653194,-0.8227620850666949,-0.4067687208327123,-0.9900097684670929,-0.4074349015424357,-0.5924109721775218,-0.19250202198797847,-0.20265138455711335,1.3675043809518026,-1.330292927856742,-0.6510243987130244
0.040740882383201685,0.6106213827974715,0.34341791732070936,-0.5090038784983656,-0.25022508343653194,-0.714726888456093,-0.0413541959511124,-1.173707398509656,0.6947615947282234,0.7133906013164308,0.597642383908541,-1.053108353035776,1.3675043809518026,0.4542842051402645,1.5524427969310584
-0.25620666683240007,-1.0734097072548943,4.356033812575339,6.534630428473198,-0.8118950722892828,0.25758988103932456,0.5067675913712875,-0.07152161825427683,-0.18699560228830392,-0.5924109721775218,0.20257018096028123,2.994129652669048,0.08549887676925344,0.29204992032235483,-1.4022063972280525
-0.23843424493420942,-1.1844854112524852,-1.1783126201946919,-0.8910288536657452,1.7156198775480973,0.7977658640923343,1.4203039035752874,-0.07152161825427683,0.6947615947282234,0.7133906013164308,0.597642383908541,0.03559255019714171,-1.1965066274132958,-0.19465293413137422,-0.2003151996040075
-0.2839760760483229,0.6106213827974715,0.34341791732070936,-0.5090038784983656,-0.25022508343653194,0.6897306674817323,0.5067675913712875,0.663268901915976,0.033443696965827906,0.27812341015177994,-0.19250202198797847,-0.45330937043211694,-1.1965066274132958,-0.6813557885851033,0.400630399208015
0.0033447446390922385,-0.5538222474439407,1.2514935563585923,-0.5304879006192306,1.996454871974474,0.7977658640923343,0.5067675913712875,0.8469665319585392,-3.2731457918461495,-3.204014119165427,-2.9580074426257963,-0.48522247572823496,0.08549887676925344,1.6980803887442388,0.6009455988120226
0.11146031118641855,0.6106213827974715,0.34341791732070936,-0.5090038784983656,-0.25022508343653194,-0.714726888456093,-0.5894759832735124,-0.6226145083819664,-1.0687527993048311,-1.0276781633421728,-0.9826464278844979,-0.07416729677918882,1.3675043809518026,-0.46504340882789036,0.4507091991090169
-0.2891596991019618,-1.2063920084297877,-1.0733327775313528,0.2886392700617461,0.20932308926117313,-0.4986564952348891,-2.233841345240712,1.3980594220862288,0.9152008939823552,1.1486577924810817,0.597642383908541,-0.07416729677918882,-1.1965066274132958,-0.46504340882789036,-0.9014183982180338
-0.273608829941045,0.6106213827974715,0.34341791732070936,-0.5090038784983656,-0.25022508343653194,-0.8227620850666949,-0.4067687208327123,-0.9900097684670929,-0.4074349015424357,-0.5924109721775218,-0.19250202198797847,-0.66451343385658,1.3675043809518026,-0.24873102907067746,-0.6510243987130244
1.862414126947741,0.6106213827974715,0.34341791732070936,-0.5090038784983656,-0.25022508343653194,-0.28258610201368517,-0.4067687208327123,-0.07152161825427683,-1.0687527993048311,-1.0276781633421728,-0.9826464278844979,-0.20265138455711335,1.3675043809518026,-1.330292927856742,-1.0015759980200376
-0.27953297057377524,0.6106213827974715,0.34341791732070936,-0.5090038784983656,-0.25022508343653194,-0.0665157087924813,-0.4067687208327123,0.2958736418308496,-0.9805770796031784,-1.0276781633421728,-0.824617546705194,-0.45330937043211694,0.08549887676925344,-0.6813557885851033,0.80126079841603
-0.16660403976235563,-1.1693667737639242,-0.6710691076895581,-0.11330725289043549,-1.475686877297082,0.25758988103932456,0.5067675913712875,-0.07152161825427683,-0.18699560228830392,-0.15714378101287094,-0.19250202198797847,-0.7054938746681985,-1.1965066274132958,-1.4384491177353484,1.7527579965350657
-0.17660102708008787,1.2789268685163104,-1.1568394705590088,0.6796484726614873,0.38803626753250386,0.36562507764992647,1.2375966411344874,-0.6226145083819664,1.3560794924906188,0.7133906013164308,1.78285899275332,-0.18044357397591915,1.3675043809518026,0.6165184899581742,0.05007879990100188
2.7502947042781813,1.8451044152818088,0.2384380746573705,-0.5179881059307273,1.434784883121723,-1.3629380681197047,-0.4067687208327123,-1.908497918679909,-0.4074349015424357,0.27812341015177994,-0.9826464278844979,0.006770415145578656,0.08549887676925344,1.265455629229813,1.652600396733062
-0.07366908358640048,-1.1104349419207578,-1.1601797382801151,-0.08713580776138195,-0.9395473424830896,1.337941847145344,1.4203039035752874,0.8469665319585392,0.25388299621995974,0.7133906013164308,-0.19250202198797847,-1.053108353035776,0.08549887676925344,0.4542842051402645,-0.4507091991090169
-0.22251311698374698,-0.24959823593942765,0.8497070676198127,0.6726173381492043,1.000767164462779,1.1218714539241401,1.0548893786936875,0.8469665319585392,-0.4074349015424357,0.27812341015177994,-0.9826464278844979,0.006770415145578656,-1.1965066274132958,1.265455629229813,-0.3004727994060113
-0.1380941129673415,-0.22886971441058448,0.5783211603049987,0.5987549149898665,0.31144490541621894,-0.8227620850666949,-1.320305033036712,-0.07152161825427683,0.6947615947282234,0.27812341015177994,0.9927145868568007,2.406388753687064,-1.1965066274132958,-1.113980548099529,0.15023639970300565
-0.20140836597964562,0.6106213827974715,0.34341791732070936,-0.5090038784983656,-0.25022508343653194,0.25758988103932456,0.14135306648968757,0.2958736418308496,0.6947615947282234,0.27812341015177994,0.9927145868568007,-0.8727562352098543,1.3675043809518026,0.12981563550444514,-0.851339598317032
-0.24065579767148326,-0.551662442088432,1.2667633516550785,1.8397856671881925,2.532594406788464,0.7977658640923343,0.5067675913712875,0.8469665319585392,-3.2731457918461495,-3.204014119165427,-2.9580074426257963,-0.9654119228257313,0.08549887676925344,-1.1680586430388322,-0.5508667989110206
-0.21621871756147115,-0.5538222474439407,1.2514935563585923,-0.5304879006192306,1.996454871974474,0.7977658640923343,0.5067675913712875,0.8469665319585392,-3.2731457918461495,-3.204014119165427,-2.9580074426257963,0.5534877303040735,0.08549887676925344,-1.6006834025532581,0.6009455988120226
-0.26361184262331283,-1.1104349419207578,-1.1601797382801151,-0.08713580776138195,-0.9395473424830896,0.25758988103932456,0.5067675913712875,-0.07152161825427683,-0.18699560228830392,-0.15714378101287094,-0.19250202198797847,0.006770415145578656,-1.1965066274132958,0.021659445625838693,-0.5007879990100188
-0.2536148553055806,0.6106213827974715,0.34341791732070936,-0.5090038784983656,-0.25022508343653194,-0.606691691845491,-0.9548905081551122,-0.07152161825427683,-0.18699560228830392,-0.5924109721775218,0.20257018096028123,2.994129652669048,0.08549887676925344,-0.6272776936458,1.1017335978220413
0.14478360224552597,1.2789268685163104,-1.1568394705590088,0.6796484726614873,0.38803626753250386,-0.8227620850666949,-0.4067687208327123,-0.9900097684670929,-1.0687527993048311,-1.0276781633421728,-0.9826464278844979,-0.8727562352098543,1.3675043809518026,-0.41096531388858715,1.1518123977230432
-0.29286228699741823,-1.1409807605200954,0.2880649093709489,-0.5058789298262397,0.9497062563852547,1.337941847145344,1.4203039035752874,0.8469665319585392,-0.18699560228830392,-0.15714378101287094,-0.19250202198797847,0.1260701194300788,0.08549887676925344,-1.059902453160226,0.7011031986140263
-0.22917777519556848,1.8451044152818088,0.2384380746573705,-0.5179881059307273,1.434784883121723,1.554012240366548,1.7857184284568872,0.8469665319585392,-2.391388594829622,-2.7687469280007764,-1.7727908337810172,-0.48522247572823496,1.3675043809518026,1.6980803887442388,1.4022063972280525
-0.2839760760483229,0.6106213827974715,0.34341791732070936,-0.5090038784983656,-0.25022508343653194,-2.011149247783316,-2.233841345240712,-1.173707398509656,0.9152008939823552,1.1486577924810817,0.597642383908541,2.994129652669048,0.08549887676925344,0.29204992032235483,1.4522851971290545
0.09368788928822792,-0.22886971441058448,0.5783211603049987,0.5987549149898665,0.31144490541621894,-0.8227620850666949,-1.320305033036712,-0.07152161825427683,0.6947615947282234,0.27812341015177994,0.9927145868568007,0.1260701194300788,-1.1965066274132958,-1.3843710227960453,0.15023639970300565
-0.2895299578915075,-1.1270962975203966,0.32289912989105674,-0.49181666080167363,1.2305412508116313,0.7977658640923343,0.5067675913712875,0.8469665319585392,1.135640193236487,0.7133906013164308,1.3877867898050604,2.994129652669048,1.3675043809518026,1.5899241988656323,-0.35055159930701313
-0.2188105290882906,-0.24959823593942765,0.8497070676198127,0.6726173381492043,1.000767164462779,1.1218714539241401,1.0548893786936875,0.8469665319585392,-0.4074349015424357,0.27812341015177994,-0.9826464278844979,-0.9654119228257313,-1.1965066274132958,-1.1680586430388322,-0.3004727994060113
-0.28360581725877726,-1.1844854112524852,-1.1783126201946919,-0.8910288536657452,1.7156198775480973,-1.3629380681197047,-1.320305033036712,-0.9900097684670929,0.47432229547409155,1.1486577924810817,-0.19250202198797847,-0.3650833393028946,1.3675043809518026,0.07573754056514193,0.3004727994060113
-0.28434633483786853,-1.1693667737639242,-0.6710691076895581,-0.11330725289043549,-1.475686877297082,1.8781178301983537,1.4203039035752874,1.7654546821713553,-0.6278742007965675,-0.15714378101287094,-0.9826464278844979,-1.053108353035776,-1.1965066274132958,0.4542842051402645,1.60252159683206
-0.2499122674101242,-1.1270962975203966,0.32289912989105674,-0.49181666080167363,1.2305412508116313,0.7977658640923343,0.5067675913712875,0.8469665319585392,1.135640193236487,0.7133906013164308,1.3877867898050604,0.006770415145578656,1.3675043809518026,1.265455629229813,-0.35055159930701313
-0.17623076829054224,0.6106213827974715,0.34341791732070936,-0.5090038784983656,-0.25022508343653194,-0.606691691845491,-0.9548905081551122,-0.07152161825427683,-0.18699560228830392,-0.5924109721775218,0.20257018096028123,-0.48522247572823496,0.08549887676925344,1.6980803887442388,1.1017335978220413
-0.2236238933523839,0.6106213827974715,0.34341791732070936,-0.5090038784983656,-0.25022508343653194,0.7977658640923343,0.5067675913712875,0.8469665319585392,1.5765187917447507,1.5839249836457325,1.3877867898050604,0.03559255019714171,-1.1965066274132958,-0.5731995987064968,0.10015759980200376
-0.16586352218326436,-1.1844854112524852,-1.1783126201946919,-0.8910288536657452,1.7156198775480973,-1.3629380681197047,-1.320305033036712,-0.9900097684670929,0.47432229547409155,1.1486577924810817,-0.19250202198797847,-0.18044357397591915,1.3675043809518026,0.6165184899581742,0.3004727994060113
-0.16697429855190127,0.6106213827974715,0.34341791732070936,-0.5090038784983656,-0.25022508343653194,-0.606691691845491,-0.9548905081551122,-0.07152161825427683,-0.18699560228830392,-0.5924109721775218,0.20257018096028123,-1.053108353035776,0.08549887676925344,0.6705965848974774,1.1017335978220413
-0.07663115390276559,0.6106213827974715,0.34341791732070936,-0.5090038784983656,-0.25022508343653194,-0.8227620850666949,-0.4067687208327123,-0.9900097684670929,-0.4074349015424357,-0.5924109721775218,-0.19250202198797847,-0.18044357397591915,1.3675043809518026,-0.7354338835244065,-0.6510243987130244
-0.2617605486755846,-1.1693667737639242,-0.6710691076895581,-0.11330725289043549,-1.475686877297082,1.337941847145344,1.4203039035752874,0.8469665319585392,0.6947615947282234,0.7133906013164308,0.597642383908541,-0.45330937043211694,0.08549887676925344,1.3736118191084195,-0.15023639970300565
-0.07885270664003942,1.2789268685163104,-1.1568394705590088,0.6796484726614873,0.38803626753250386,-0.17455090540308324,0.14135306648968757,-0.43891687833940324,0.6947615947282234,0.7133906013164308,0.597642383908541,-1.053108353035776,-1.1965066274132958,1.1572994393512064,-0.10015759980200376
-0.2850868524169598,-1.2063920084297877,-1.0733327775313528,0.2886392700617461,0.20932308926117313,-0.4986564952348891,-2.233841345240712,1.3980594220862288,0.9152008939823552,1.1486577924810817,0.597642383908541,-0.07416729677918882,-1.1965066274132958,-1.546605307613955,-0.9014183982180338
-0.07255830721776356,1.2789268685163104,-1.1568394705590088,0.6796484726614873,0.38803626753250386,0.5816954708711304,0.14135306648968757,0.8469665319585392,0.6947615947282234,0.27812341015177994,0.9927145868568007,0.03559255019714171,0.08549887676925344,0.7246746798367807,-0.6009455988120226
-0.27027650083513427,-1.1844854112524852,-1.1783126201946919,-0.8910288536657452,1.7156198775480973,0.7977658640923343,1.4203039035752874,-0.07152161825427683,0.6947615947282234,0.7133906013164308,0.597642383908541,0.006770415145578656,-1.1965066274132958,-0.7895119784637097,-0.2003151996040075
-0.23880450372375506,-1.1104349419207578,-1.1601797382801151,-0.08713580776138195,-0.9395473424830896,1.337941847145344,1.4203039035752874,0.8469665319585392,0.25388299621995974,0.7133906013164308,-0.19250202198797847,2.994129652669048,0.08549887676925344,-0.6272776936458,-0.4507091991090169
-0.1651230046041731,-1.1844854112524852,-1.1783126201946919,-0.8910288536657452,1.7156198775480973,-1.3629380681197047,-1.320305033036712,-0.9900097684670929,0.47432229547409155,1.1486577924810817,-0.19250202198797847,-0.48522247572823496,1.3675043809518026,-0.9517462632816194,0.3004727994060113
-0.22584544608965773,-1.1693667737639242,-0.6710691076895581,-0.11330725289043549,-1.475686877297082,2.3102586166407617,0.8721821162528874,3.051338092469298,0.9152008939823552,1.1486577924810817,0.597642383908541,-0.45330937043211694,-1.1965066274132958,-0.6813557885851033,-0.2503939995050094
-0.24028553888193763,-1.1104349419207578,-1.1601797382801151,-0.08713580776138195,-0.9395473424830896,0.25758988103932456,0.5067675913712875,-0.07152161825427683,-0.18699560228830392,-0.15714378101287094,-0.19250202198797847,-0.18044357397591915,-1.1965066274132958,-1.0058243582209225,-0.5007879990100188
0.1740340466196314,1.2789268685163104,-1.1568394705590088,0.6796484726614873,0.38803626753250386,0.5816954708711304,0.14135306648968757,0.8469665319585392,0.6947615947282234,0.27812341015177994,0.9927145868568007,1.253919396708919,0.08549887676925344,-1.2221367379781356,-0.6009455988120226
-0.18585749681872882,-1.148385807453268,1.254833824079699,-0.4988477953139567,-1.5267477853746036,0.25758988103932456,0.5067675913712875,-0.07152161825427683,0.033443696965827906,0.27812341015177994,-0.19250202198797847,-0.66451343385658,0.08549887676925344,-0.24873102907067746,-1.5524427969310584
-0.28619762878559674,-1.2063920084297877,-1.0733327775313528,0.2886392700617461,0.20932308926117313,-0.4986564952348891,-2.233841345240712,1.3980594220862288,0.9152008939823552,1.1486577924810817,0.597642383908541,1.253919396708919,-1.1965066274132958,-1.6547614974925613,-0.9014183982180338
-0.049602262265934005,-1.148385807453268,1.254833824079699,-0.4988477953139567,-1.5267477853746036,-1.6870436579515105,-1.320305033036712,-1.5411026585947825,-0.4074349015424357,-0.5924109721775218,-0.19250202198797847,0.11588619232781792,-1.1965066274132958,-1.4925272126746516,-1.5023639970300564
0.006306814955457343,0.6106213827974715,0.34341791732070936,-0.5090038784983656,-0.25022508343653194,-0.714726888456093,-0.0413541959511124,-1.173707398509656,0.6947615947282234,0.7133906013164308,0.597642383908541,2.406388753687064,1.3675043809518026,-1.113980548099529,1.5524427969310584
-0.20770276540192145,0.6106213827974715,0.34341791732070936,-0.5090038784983656,-0.25022508343653194,-0.606691691845491,-0.9548905081551122,-0.07152161825427683,-0.18699560228830392,-0.5924109721775218,0.20257018096028123,-0.3650833393028946,0.08549887676925344,0.07573754056514193,0.9514971981190357
-0.29101099304969,-1.2063920084297877,-1.0733327775313528,0.2886392700617461,0.20932308926117313,-0.4986564952348891,-2.233841345240712,1.3980594220862288,0.9152008939823552,1.1486577924810817,0.597642383908541,-1.053108353035776,-1.1965066274132958,0.6705965848974774,-0.9014183982180338
0.8764149703877069,-1.1693667737639242,-0.6710691076895581,-0.11330725289043549,-1.475686877297082,1.6620474369771499,1.7857184284568872,1.0306641620011023,-0.18699560228830392,0.7133906013164308,-0.9826464278844979,-0.7539631269986905,-1.1965066274132958,1.319533724169116,0.5508667989110206
-0.28175452331104905,-1.1490028946976991,1.2639002650369873,-0.48947294929757934,-1.4246259692195578,0.9058010607029362,1.6030111660160873,-0.07152161825427683,-3.2731457918461495,-2.7687469280007764,-3.353079645574056,-0.45330937043211694,0.08549887676925344,1.1032213444119032,-1.702679196634064
-0.20474069508555637,-0.24959823593942765,0.8497070676198127,0.6726173381492043,1.000767164462779,1.1218714539241401,1.0548893786936875,0.8469665319585392,-0.4074349015424357,0.27812341015177994,-0.9826464278844979,-0.45330937043211694,-1.1965066274132958,-0.8976681683423162,-0.3004727994060113
-0.19918681324237178,-1.1844854112524852,-1.1783126201946919,-0.8910288536657452,1.7156198775480973,0.7977658640923343,1.4203039035752874,-0.07152161825427683,0.6947615947282234,0.7133906013164308,0.597642383908541,-1.053108353035776,-1.1965066274132958,1.1572994393512064,-0.2003151996040075
-0.12217298501687907,-1.2094774446519432,1.2939626745269432,-0.5238473846909631,1.4858457911992449,-1.9031140511727145,-1.320305033036712,-1.908497918679909,1.5765187917447507,1.1486577924810817,1.78285899275332,-0.48522247572823496,0.08549887676925344,1.6980803887442388,0.35055159930701313
-0.006281983889094352,-1.1693667737639242,-0.6710691076895581,-0.11330725289043549,-1.475686877297082,1.6620474369771499,1.7857184284568872,1.0306641620011023,-0.18699560228830392,0.7133906013164308,-0.9826464278844979,2.994129652669048,-1.1965066274132958,0.29204992032235483,0.5508667989110206
-0.2710170184142256,-0.24959823593942765,0.8497070676198127,0.6726173381492043,1.000767164462779,0.25758988103932456,0.5067675913712875,-0.07152161825427683,-0.18699560228830392,-0.15714378101287094,-0.19250202198797847,-0.7054938746681985,-1.1965066274132958,-0.3568872189492839,-0.400630399208015
-0.27175753599331687,0.6106213827974715,0.34341791732070936,-0.5090038784983656,-0.25022508343653194,0.7977658640923343,0.5067675913712875,0.8469665319585392,1.5765187917447507,1.5839249836457325,1.3877867898050604,2.994129652669048,-1.1965066274132958,1.5899241988656323,0.10015759980200376
-0.20066784840055435,1.2789268685163104,-1.1568394705590088,0.6796484726614873,0.38803626753250386,0.5816954708711304,0.14135306648968757,0.8469665319585392,0.25388299621995974,0.7133906013164308,-0.19250202198797847,0.006770415145578656,0.08549887676925344,0.021659445625838693,-0.9514971981190357
-0.2732385711514994,0.6106213827974715,0.34341791732070936,-0.5090038784983656,-0.25022508343653194,-0.0665157087924813,-0.4067687208327123,0.2958736418308496,-0.9805770796031784,-1.0276781633421728,-0.824617546705194,0.006770415145578656,0.08549887676925344,1.265455629229813,0.80126079841603
-0.15623679365507778,0.6763411743293793,0.3023803424614041,0.27535823820521127,0.20932308926117313,-1.3089204698144037,-0.31541508961231235,-1.908497918679909,-1.5096313978130949,-1.8982125456714745,-0.9826464278844979,-0.18044357397591915,1.3675043809518026,-1.0058243582209225,1.702679196634064
-0.1214324674377878,0.6106213827974715,0.34341791732070936,-0.5090038784983656,-0.25022508343653194,-2.011149247783316,-2.233841345240712,-1.173707398509656,0.9152008939823552,1.1486577924810817,0.597642383908541,-0.07416729677918882,0.08549887676925344,1.0491432494726,1.4522851971290545
-0.19030060229327647,-0.24959823593942765,0.8497070676198127,0.6726173381492043,1.000767164462779,1.1218714539241401,1.0548893786936875,0.8469665319585392,-0.4074349015424357,0.27812341015177994,-0.9826464278844979,-0.8727562352098543,-1.1965066274132958,0.12981563550444514,-0.3004727994060113
-0.18363594408145498,0.6106213827974715,0.34341791732070936,-0.5090038784983656,-0.25022508343653194,-1.4709732647303067,-1.320305033036712,-1.173707398509656,0.25388299621995974,0.7133906013164308,-0.19250202198797847,0.1260701194300788,0.08549887676925344,0.8328308697153871,-1.251969997525047
-0.19104111987236774,0.6106213827974715,0.34341791732070936,-0.5090038784983656,-0.25022508343653194,-0.8227620850666949,-0.4067687208327123,-0.9900097684670929,0.25388299621995974,-0.15714378101287094,0.597642383908541,-0.18044357397591915,1.3675043809518026,0.18389373044374838,0.2003151996040075
-0.07403934237594612,1.2789268685163104,-1.1568394705590088,0.6796484726614873,0.38803626753250386,0.5816954708711304,0.14135306648968757,0.8469665319585392,0.6947615947282234,0.27812341015177994,0.9927145868568007,0.481837613057126,0.08549887676925344,1.2113775342905098,-0.6009455988120226
0.03777881206683658,0.6106213827974715,0.34341791732070936,-0.5090038784983656,-0.25022508343653194,-0.28258610201368517,-0.4067687208327123,-0.07152161825427683,-1.0687527993048311,-1.0276781633421728,-0.9826464278844979,0.5534877303040735,1.3675043809518026,-1.6006834025532581,-1.0015759980200376
4.847810747054221,-1.2094774446519432,1.2939626745269432,-0.5238473846909631,1.4858457911992449,-1.9031140511727145,-1.320305033036712,-1.908497918679909,1.5765187917447507,1.1486577924810817,1.78285899275332,-0.8727562352098543,0.08549887676925344,0.5083623000795677,0.35055159930701313
-0.29212176941832696,-1.1490028946976991,1.2639002650369873,-0.48947294929757934,-1.4246259692195578,0.9058010607029362,1.6030111660160873,-0.07152161825427683,-3.2731457918461495,-2.7687469280007764,-3.353079645574056,-0.45330937043211694,0.08549887676925344,-0.8976681683423162,-1.702679196634064
-0.24435838556693965,-1.1104349419207578,-1.1601797382801151,-0.08713580776138195,-0.9395473424830896,0.25758988103932456,0.5067675913712875,-0.07152161825427683,-0.18699560228830392,-0.15714378101287094,-0.19250202198797847,-0.7054938746681985,-1.1965066274132958,-0.3568872189492839,-0.5007879990100188
-0.27657090025741016,0.6106213827974715,0.34341791732070936,-0.5090038784983656,-0.25022508343653194,-1.2549028715091026,-0.4067687208327123,-1.7248002886373457,-0.49561062124408845,0.3651768483847101,-1.2196897496534538,-0.18044357397591915,0.08549887676925344,0.562440395018871,-1.2018911976240452
-0.026275958524558808,0.6106213827974715,0.34341791732070936,-0.5090038784983656,-0.25022508343653194,-2.659360427446928,-1.6857195579183122,-2.826986068892725,0.47432229547409155,0.7133906013164308,0.20257018096028123,-0.7539631269986905,-1.1965066274132958,1.319533724169116,0.7511819985150282
0.0370382944877453,0.6106213827974715,0.34341791732070936,-0.5090038784983656,-0.25022508343653194,1.1218714539241401,0.5067675913712875,1.3980594220862288,-0.6278742007965675,0.27812341015177994,-1.3777186308327576,0.1260701194300788,0.08549887676925344,-1.059902453160226,1.5023639970300564
-0.2865678875751424,1.8451044152818088,0.2384380746573705,-0.5179881059307273,1.434784883121723,1.554012240366548,1.7857184284568872,0.8469665319585392,-2.391388594829622,-2.7687469280007764,-1.7727908337810172,2.994129652669048,1.3675043809518026,0.29204992032235483,1.4022063972280525
-0.28841918152287055,-1.1104349419207578,-1.1601797382801151,-0.08713580776138195,-0.9395473424830896,-0.8227620850666949,-0.4067687208327123,-0.9900097684670929,-1.0687527993048311,-1.0276781633421728,-0.9826464278844979,0.03559255019714171,1.3675043809518026,1.4276899140477226,0.9014183982180338
0.5261501554775332,-1.1104349419207578,-1.1601797382801151,-0.08713580776138195,-0.9395473424830896,-0.714726888456093,-2.051134082799912,0.8469665319585392,0.033443696965827906,0.27812341015177994,-0.19250202198797847,0.5534877303040735,-1.1965066274132958,-1.6006834025532581,-0.7511819985150282
-0.1925221550305503,-1.0734097072548943,4.356033812575339,6.534630428473198,-0.8118950722892828,0.25758988103932456,0.5067675913712875,-0.07152161825427683,-0.18699560228830392,-0.5924109721775218,0.20257018096028123,0.1260701194300788,0.08549887676925344,-1.3843710227960453,-1.4022063972280525
-0.2643523602024041,-1.0734097072548943,4.356033812575339,6.534630428473198,-0.8118950722892828,0.25758988103932456,0.5067675913712875,-0.07152161825427683,-0.18699560228830392,-0.5924109721775218,0.20257018096028123,-0.5008826302442834,0.08549887676925344,1.6440022938049355,-1.4022063972280525
-0.2821247821005947,0.6106213827974715,0.34341791732070936,-0.5090038784983656,-0.25022508343653194,0.7977658640923343,0.5067675913712875,0.8469665319585392,1.5765187917447507,1.5839249836457325,1.3877867898050604,-0.45330937043211694,-1.1965066274132958,1.3736118191084195,0.10015759980200376
0.408778119191566,0.6763411743293793,0.3023803424614041,0.27535823820521127,0.20932308926117313,-1.3089204698144037,-0.31541508961231235,-1.908497918679909,-1.5096313978130949,-1.8982125456714745,-0.9826464278844979,0.1260701194300788,1.3675043809518026,-1.3843710227960453,1.702679196634064
-0.2847165936274142,-1.1270962975203966,0.32289912989105674,-0.49181666080167363,1.2305412508116313,0.7977658640923343,0.5067675913712875,0.8469665319585392,1.135640193236487,0.7133906013164308,1.3877867898050604,-0.07416729677918882,1.3675043809518026,-0.46504340882789036,-0.35055159930701313
-0.2547256316742175,1.2789268685163104,-1.1568394705590088,0.6796484726614873,0.38803626753250386,0.7977658640923343,0.5067675913712875,0.8469665319585392,0.033443696965827906,0.27812341015177994,-0.19250202198797847,-0.66451343385658,0.08549887676925344,-0.24873102907067746,1.0015759980200376
0.2862224598519597,0.6106213827974715,0.34341791732070936,-0.5090038784983656,-0.25022508343653194,-1.0388324782878988,-1.6857195579183122,-0.07152161825427683,0.47432229547409155,0.27812341015177994,0.597642383908541,-1.053108353035776,0.08549887676925344,1.1572994393512064,-1.1518123977230432
0.05036761091138827,0.6106213827974715,0.34341791732070936,-0.5090038784983656,-0.25022508343653194,-1.0388324782878988,-1.6857195579183122,-0.07152161825427683,0.47432229547409155,0.27812341015177994,0.597642383908541,0.1260701194300788,0.08549887676925344,-1.3843710227960453,-1.1518123977230432
-0.26583339536058664,0.6106213827974715,0.34341791732070936,-0.5090038784983656,-0.25022508343653194,-0.8227620850666949,-0.4067687208327123,-0.9900097684670929,-0.4074349015424357,-0.5924109721775218,-0.19250202198797847,0.1260701194300788,1.3675043809518026,-1.3843710227960453,-0.6510243987130244
-0.14105618328370662,1.2789268685163104,-1.1568394705590088,0.6796484726614873,0.38803626753250386,0.5816954708711304,0.14135306648968757,0.8469665319585392,0.6947615947282234,0.27812341015177994,0.9927145868568007,-1.053108353035776,0.08549887676925344,0.4542842051402645,-0.6009455988120226
-0.28175452331104905,0.6106213827974715,0.34341791732070936,-0.5090038784983656,-0.25022508343653194,-2.011149247783316,-2.233841345240712,-1.173707398509656,0.9152008939823552,1.1486577924810817,0.597642383908541,0.03559255019714171,0.08549887676925344,-0.5731995987064968,1.4522851971290545
-0.21807001150919933,0.6106213827974715,0.34341791732070936,-0.5090038784983656,-0.25022508343653194,0.7977658640923343,0.5067675913712875,0.8469665319585392,1.5765187917447507,1.5839249836457325,1.3877867898050604,0.481837613057126,-1.1965066274132958,-0.30280912400998067,0.10015759980200376
-0.226585963668749,-1.1844854112524852,-1.1783126201946919,-0.8910288536657452,1.7156198775480973,0.7977658640923343,1.4203039035752874,-0.07152161825427683,0.6947615947282234,0.7133906013164308,0.597642383908541,-1.053108353035776,-1.1965066274132958,0.4542842051402645,-0.2003151996040075
-0.28323555846923165,-0.24959823593942765,0.8497070676198127,0.6726173381492043,1.000767164462779,1.337941847145344,1.4203039035752874,0.8469665319585392,0.6947615947282234,0.7133906013164308,0.597642383908541,-0.8727562352098543,-1.1965066274132958,0.5083623000795677,1.3020487974260488
-0.29027047547059875,-1.1270962975203966,0.32289912989105674,-0.49181666080167363,1.2305412508116313,-0.28258610201368517,-0.4067687208327123,-0.07152161825427683,0.9152008939823552,0.7133906013164308,0.9927145868568007,0.03559255019714171,0.08549887676925344,-0.19465293413137422,0.6510243987130244
-0.2750898650992276,0.6106213827974715,0.34341791732070936,-0.5090038784983656,-0.25022508343653194,0.7977658640923343,0.5067675913712875,0.8469665319585392,1.5765187917447507,1.5839249836457325,1.3877867898050604,-0.66451343385658,-1.1965066274132958,-1.7088395924318647,0.10015759980200376
-0.24065579767148326,-1.1844854112524852,-1.1783126201946919,-0.8910288536657452,1.7156198775480973,-1.3629380681197047,-1.320305033036712,-0.9900097684670929,0.47432229547409155,1.1486577924810817,-0.19250202198797847,0.006770415145578656,1.3675043809518026,0.7787527747760838,0.3004727994060113
0.0037150034286378766,-1.1104349419207578,-1.1601797382801151,-0.08713580776138195,-0.9395473424830896,-0.8227620850666949,-0.4067687208327123,-0.9900097684670929,-1.0687527993048311,-1.0276781633421728,-0.9826464278844979,-0.7539631269986905,1.3675043809518026,1.319533724169116,0.9014183982180338
-0.15327472333871267,-1.1844854112524852,-1.1783126201946919,-0.8910288536657452,1.7156198775480973,0.7977658640923343,1.4203039035752874,-0.07152161825427683,0.6947615947282234,0.7133906013164308,0.597642383908541,0.481837613057126,-1.1965066274132958,1.2113775342905098,-0.2003151996040075
1.0907948095346314,0.6106213827974715,0.34341791732070936,-0.5090038784983656,-0.25022508343653194,-0.8227620850666949,-0.4067687208327123,-0.9900097684670929,-0.4074349015424357,-1.0276781633421728,0.20257018096028123,0.03559255019714171,1.3675043809518026,-0.5731995987064968,0.851339598317032
-0.2243644109314752,0.6106213827974715,0.34341791732070936,-0.5090038784983656,-0.25022508343653194,-0.8227620850666949,-0.4067687208327123,-0.9900097684670929,-0.4074349015424357,-0.5924109721775218,-0.19250202198797847,-1.053108353035776,1.3675043809518026,0.4542842051402645,-0.6510243987130244
0.1303435094532461,0.6106213827974715,0.34341791732070936,-0.5090038784983656,-0.25022508343653194,-0.28258610201368517,-0.4067687208327123,-0.07152161825427683,-1.0687527993048311,-1.0276781633421728,-0.9826464278844979,0.481837613057126,1.3675043809518026,1.2113775342905098,-1.0015759980200376
-0.11884065591096833,1.2789268685163104,-1.1568394705590088,0.6796484726614873,0.38803626753250386,0.5816954708711304,0.14135306648968757,0.8469665319585392,0.25388299621995974,0.7133906013164308,-0.19250202198797847,0.1260701194300788,0.08549887676925344,-0.03241864931346453,-0.9514971981190357
-0.13624281901961333,-1.1693667737639242,-0.6710691076895581,-0.11330725289043549,-1.475686877297082,0.25758988103932456,0.5067675913712875,-0.07152161825427683,-0.18699560228830392,-0.15714378101287094,-0.19250202198797847,0.481837613057126,-1.1965066274132958,1.2113775342905098,1.7527579965350657
0.4750544425202352,0.6106213827974715,0.34341791732070936,-0.5090038784983656,-0.25022508343653194,0.25758988103932456,0.5067675913712875,-0.07152161825427683,-0.4074349015424357,-1.0276781633421728,0.20257018096028123,0.006770415145578656,0.08549887676925344,1.265455629229813,-0.7011031986140263
-0.21214587087646913,-1.1104349419207578,-1.1601797382801151,-0.08713580776138195,-0.9395473424830896,1.337941847145344,1.4203039035752874,0.8469665319585392,0.6947615947282234,0.7133906013164308,0.597642383908541,-0.7054938746681985,0.08549887676925344,-1.4384491177353484,-1.4522851971290545
-0.17178766281599456,-1.1693667737639242,-0.6710691076895581,-0.11330725289043549,-1.475686877297082,0.25758988103932456,0.5067675913712875,-0.07152161825427683,-0.18699560228830392,-0.15714378101287094,-0.19250202198797847,0.1260701194300788,-1.1965066274132958,-1.059902453160226,-1.7527579965350657
-0.2673144305187692,-1.2094774446519432,1.2939626745269432,-0.5238473846909631,1.4858457911992449,-1.9031140511727145,-1.320305033036712,-1.908497918679909,1.5765187917447507,1.1486577924810817,1.78285899275332,0.481837613057126,0.08549887676925344,1.2113775342905098,0.35055159930701313
-0.2391747625133007,1.2789268685163104,-1.1568394705590088,0.6796484726614873,0.38803626753250386,-0.28258610201368517,0.14135306648968757,-0.6226145083819664,0.25388299621995974,0.27812341015177994,0.20257018096028123,-0.8727562352098543,-1.1965066274132958,0.12981563550444514,-1.1017335978220413
0.5424415422175413,0.6106213827974715,0.34341791732070936,-0.5090038784983656,-0.25022508343653194,0.6897306674817323,0.5067675913712875,0.663268901915976,0.033443696965827906,0.27812341015177994,-0.19250202198797847,-1.053108353035776,-1.1965066274132958,-1.2762148329174388,0.400630399208015
-0.2313993279328423,-1.1409807605200954,0.2880649093709489,-0.5058789298262397,0.9497062563852547,1.337941847145344,1.4203039035752874,0.8469665319585392,-0.18699560228830392,-0.15714378101287094,-0.19250202198797847,-0.45330937043211694,0.08549887676925344,-0.6813557885851033,0.7011031986140263
-0.23954502130284633,-0.24959823593942765,0.8497070676198127,0.6726173381492043,1.000767164462779,1.337941847145344,1.4203039035752874,0.8469665319585392,0.6947615947282234,0.7133906013164308,0.597642383908541,-0.18044357397591915,-1.1965066274132958,0.6165184899581742,1.3020487974260488
-0.2625010662546759,-1.1104349419207578,-1.1601797382801151,-0.08713580776138195,-0.9395473424830896,1.337941847145344,1.4203039035752874,0.8469665319585392,0.25388299621995974,0.7133906013164308,-0.19250202198797847,2.994129652669048,0.08549887676925344,1.5358461039263291,-0.4507091991090169
-0.28730840515423367,1.2789268685163104,-1.1568394705590088,0.6796484726614873,0.38803626753250386,0.25758988103932456,0.5067675913712875,-0.07152161825427683,0.033443696965827906,0.27812341015177994,-0.19250202198797847,-0.9654119228257313,-1.1965066274132958,0.2379718253830516,0.0
-0.08959021153686292,-1.1844854112524852,-1.1783126201946919,-0.8910288536657452,1.7156198775480973,-1.3629380681197047,-1.320305033036712,-0.9900097684670929,0.47432229547409155,1.1486577924810817,-0.19250202198797847,-0.18044357397591915,1.3675043809518026,-1.0058243582209225,0.3004727994060113
-0.27175753599331687,-0.24959823593942765,0.8497070676198127,0.6726173381492043,1.000767164462779,1.337941847145344,1.4203039035752874,0.8469665319585392,0.6947615947282234,0.7133906013164308,0.597642383908541,0.03559255019714171,-1.1965066274132958,0.7246746798367807,1.3020487974260488
-0.2080730241914671,0.6106213827974715,0.34341791732070936,-0.5090038784983656,-0.25022508343653194,-2.659360427446928,-1.6857195579183122,-2.826986068892725,0.47432229547409155,0.7133906013164308,0.20257018096028123,-0.66451343385658,-1.1965066274132958,-1.7088395924318647,0.7511819985150282
-0.19141137866191338,-1.148385807453268,1.254833824079699,-0.4988477953139567,-1.5267477853746036,0.25758988103932456,0.5067675913712875,-0.07152161825427683,0.033443696965827906,0.27812341015177994,-0.19250202198797847,-0.45330937043211694,0.08549887676925344,1.1032213444119032,-1.5524427969310584
-0.27064675962467993,-1.1693667737639242,-0.6710691076895581,-0.11330725289043549,-1.475686877297082,0.25758988103932456,0.5067675913712875,-0.07152161825427683,-0.18699560228830392,-0.15714378101287094,-0.19250202198797847,-0.9654119228257313,-1.1965066274132958,0.2379718253830516,1.7527579965350657
-0.28434633483786853,1.2789268685163104,-1.1568394705590088,0.6796484726614873,0.38803626753250386,0.7977658640923343,0.5067675913712875,0.8469665319585392,0.033443696965827906,0.27812341015177994,-0.19250202198797847,2.994129652669048,0.08549887676925344,1.5899241988656323,1.0015759980200376
0.47764625404705463,-0.5538222474439407,1.2514935563585923,-0.5304879006192306,1.996454871974474,0.7977658640923343,0.5067675913712875,0.8469665319585392,-3.2731457918461495,-3.204014119165427,-2.9580074426257963,0.006770415145578656,0.08549887676925344,-0.14057483919207098,0.6009455988120226
-0.27694115904695576,-1.1693667737639242,-0.6710691076895581,-0.11330725289043549,-1.475686877297082,0.25758988103932456,0.5067675913712875,-0.07152161825427683,-0.18699560228830392,-0.15714378101287094,-0.19250202198797847,2.994129652669048,-1.1965066274132958,0.29204992032235483,1.7527579965350657
0.08443141954958698,-0.5538222474439407,1.2514935563585923,-0.5304879006192306,1.996454871974474,0.7977658640923343,0.5067675913712875,0.8469665319585392,-3.2731457918461495,-3.204014119165427,-2.9580074426257963,0.1260701194300788,0.08549887676925344,-1.3843710227960453,0.6009455988120226
0.06888055038867018,0.6106213827974715,0.34341791732070936,-0.5090038784983656,-0.25022508343653194,-0.8227620850666949,-0.4067687208327123,-0.9900097684670929,0.25388299621995974,-0.15714378101287094,0.597642383908541,0.006770415145578656,1.3675043809518026,1.265455629229813,0.2003151996040075
0.1751448229882683,0.6106213827974715,0.34341791732070936,-0.5090038784983656,-0.25022508343653194,-1.4709732647303067,-1.320305033036712,-1.173707398509656,0.25388299621995974,0.7133906013164308,-0.19250202198797847,0.03559255019714171,0.08549887676925344,-0.5731995987064968,-1.251969997525047
-0.2899002166810531,-1.1104349419207578,-1.1601797382801151,-0.08713580776138195,-0.9395473424830896,1.337941847145344,1.4203039035752874,0.8469665319585392,0.25388299621995974,0.7133906013164308,-0.19250202198797847,0.006770415145578656,0.08549887676925344,0.021659445625838693,-0.4507091991090169
0.9382481882418284,1.8451044152818088,0.2384380746573705,-0.5179881059307273,1.434784883121723,-0.28258610201368517,-0.4067687208327123,-0.07152161825427683,0.25388299621995974,0.27812341015177994,0.20257018096028123,-0.9654119228257313,0.08549887676925344,-0.08649674425276777,1.251969997525047
-0.2876786639437793,-1.1104349419207578,-1.1601797382801151,-0.08713580776138195,-0.9395473424830896,1.337941847145344,1.4203039035752874,0.8469665319585392,0.25388299621995974,0.7133906013164308,-0.19250202198797847,0.006770415145578656,0.08549887676925344,-0.7895119784637097,-0.4507091991090169
-0.27286831236195375,-1.1693667737639242,-0.6710691076895581,-0.11330725289043549,-1.475686877297082,1.8781178301983537,1.4203039035752874,1.7654546821713553,-0.6278742007965675,-0.15714378101287094,-0.9826464278844979,0.03559255019714171,-1.1965066274132958,1.4276899140477226,1.60252159683206
-0.2799032293633209,1.8451044152818088,0.2384380746573705,-0.5179881059307273,1.434784883121723,-0.28258610201368517,-0.4067687208327123,-0.07152161825427683,0.25388299621995974,0.27812341015177994,0.20257018096028123,0.1260701194300788,0.08549887676925344,0.8328308697153871,1.251969997525047
-0.23954502130284633,-0.24959823593942765,0.8497070676198127,0.6726173381492043,1.000767164462779,1.337941847145344,1.4203039035752874,0.8469665319585392,0.6947615947282234,0.7133906013164308,0.597642383908541,0.006770415145578656,-1.1965066274132958,-0.7895119784637097,1.3020487974260488
-0.2158484587719255,-1.1270962975203966,0.32289912989105674,-0.49181666080167363,1.2305412508116313,0.7977658640923343,0.5067675913712875,0.8469665319585392,1.135640193236487,0.7133906013164308,1.3877867898050604,0.1260701194300788,1.3675043809518026,-0.03241864931346453,-0.35055159930701313
-0.09773590490686695,0.6106213827974715,0.34341791732070936,-0.5090038784983656,-0.25022508343653194,-0.28258610201368517,-0.4067687208327123,-0.07152161825427683,-1.0687527993048311,-1.0276781633421728,-0.9826464278844979,-0.8727562352098543,1.3675043809518026,0.5083623000795677,-1.0015759980200376
0.3717522402370021,-0.551662442088432,1.2667633516550785,1.8397856671881925,2.532594406788464,0.7977658640923343,0.5067675913712875,0.8469665319585392,-3.2731457918461495,-3.204014119165427,-2.9580074426257963,-1.053108353035776,0.08549887676925344,-1.2762148329174388,-0.5508667989110206
-0.2895299578915075,-1.1490028946976991,1.2639002650369873,-0.48947294929757934,-1.4246259692195578,0.9058010607029362,1.6030111660160873,-0.07152161825427683,-3.2731457918461495,-2.7687469280007764,-3.353079645574056,-0.18044357397591915,0.08549887676925344,0.34612801526165804,-1.702679196634064
-0.2673144305187692,-1.1844854112524852,-1.1783126201946919,-0.8910288536657452,1.7156198775480973,0.7977658640923343,0.5067675913712875,0.8469665319585392,1.135640193236487,0.7133906013164308,1.3877867898050604,-0.18044357397591915,-1.1965066274132958,-0.7354338835244065,0.5007879990100188
-0.17215792160554022,1.2789268685163104,-1.1568394705590088,0.6796484726614873,0.38803626753250386,-0.28258610201368517,0.14135306648968757,-0.6226145083819664,0.25388299621995974,0.27812341015177994,0.20257018096028123,0.006770415145578656,-1.1965066274132958,-0.7895119784637097,-1.1017335978220413
0.05147838728002519,0.6106213827974715,0.34341791732070936,-0.5090038784983656,-0.25022508343653194,-1.4709732647303067,-1.320305033036712,-1.173707398509656,0.25388299621995974,0.7133906013164308,-0.19250202198797847,-0.18044357397591915,0.08549887676925344,-0.7354338835244065,-1.251969997525047
0.1595939538273515,-1.0734097072548943,4.356033812575339,6.534630428473198,-0.8118950722892828,0.25758988103932456,0.5067675913712875,-0.07152161825427683,-0.18699560228830392,-0.5924109721775218,0.20257018096028123,0.03559255019714171,0.08549887676925344,0.4002061102009613,-1.4022063972280525
0.33916946675698595,0.6106213827974715,0.34341791732070936,-0.5090038784983656,-0.25022508343653194,-0.714726888456093,-0.5894759832735124,-0.6226145083819664,-1.0687527993048311,-1.0276781633421728,-0.9826464278844979,-1.053108353035776,1.3675043809518026,0.8869089646546904,0.4507091991090169
-0.14994239423280192,0.6106213827974715,0.34341791732070936,-0.5090038784983656,-0.25022508343653194,-1.4709732647303067,-1.320305033036712,-1.173707398509656,0.25388299621995974,0.7133906013164308,-0.19250202198797847,-0.18044357397591915,0.08549887676925344,0.562440395018871,-1.251969997525047
-0.2743493475201363,0.6106213827974715,0.34341791732070936,-0.5090038784983656,-0.25022508343653194,-0.606691691845491,-0.9548905081551122,-0.07152161825427683,-0.18699560228830392,-0.5924109721775218,0.20257018096028123,2.994129652669048,0.08549887676925344,1.5358461039263291,0.9514971981190357
-0.2128863884555604,0.6106213827974715,0.34341791732070936,-0.5090038784983656,-0.25022508343653194,0.25758988103932456,0.14135306648968757,0.2958736418308496,0.6947615947282234,0.27812341015177994,0.9927145868568007,-0.48522247572823496,1.3675043809518026,0.9409870595939935,-0.80126079841603
-0.22103208182556444,1.2789268685163104,-1.1568394705590088,0.6796484726614873,0.38803626753250386,0.36562507764992647,1.2375966411344874,-0.6226145083819664,1.3560794924906188,0.7133906013164308,1.78285899275332,-0.7539631269986905,1.3675043809518026,1.319533724169116,0.05007879990100188
-0.21807001150919933,0.6106213827974715,0.34341791732070936,-0.5090038784983656,-0.25022508343653194,-0.8227620850666949,-0.4067687208327123,-0.9900097684670929,-0.4074349015424357,-0.5924109721775218,-0.19250202198797847,-0.18044357397591915,1.3675043809518026,0.6165184899581742,-0.6510243987130244
-0.13735359538825023,-0.5538222474439407,1.2514935563585923,-0.5304879006192306,1.996454871974474,0.7977658640923343,0.5067675913712875,0.8469665319585392,-3.2731457918461495,-3.204014119165427,-2.9580074426257963,0.1260701194300788,0.08549887676925344,-1.059902453160226,0.6009455988120226
0.9004817917081733,0.6106213827974715,0.34341791732070936,-0.5090038784983656,-0.25022508343653194,-0.28258610201368517,-0.4067687208327123,-0.07152161825427683,-1.0687527993048311,-1.0276781633421728,-0.9826464278844979,0.006770415145578656,1.3675043809518026,1.265455629229813,-1.0015759980200376
2.5792351435080962,0.6106213827974715,0.34341791732070936,-0.5090038784983656,-0.25022508343653194,-0.28258610201368517,-0.4067687208327123,-0.07152161825427683,-1.0687527993048311,-1.0276781633421728,-0.9826464278844979,0.1260701194300788,1.3675043809518026,0.8328308697153871,-1.0015759980200376
-0.18437646166054628,-1.1104349419207578,-1.1601797382801151,-0.08713580776138195,-0.9395473424830896,1.337941847145344,1.4203039035752874,0.8469665319585392,0.6947615947282234,0.7133906013164308,0.597642383908541,-0.8727562352098543,0.08549887676925344,-0.41096531388858715,-1.4522851971290545
-0.1547557584968952,-1.1693667737639242,-0.6710691076895581,-0.11330725289043549,-1.475686877297082,-0.8227620850666949,-0.4067687208327123,-0.9900097684670929,-1.0687527993048311,-1.0276781633421728,-0.9826464278844979,-0.18044357397591915,1.3675043809518026,0.6165184899581742,-1.3020487974260488
-0.23213984551193356,0.6763411743293793,0.3023803424614041,0.27535823820521127,0.20932308926117313,-1.3089204698144037,-0.31541508961231235,-1.908497918679909,-1.5096313978130949,-1.8982125456714745,-0.9826464278844979,-0.18044357397591915,1.3675043809518026,-0.7354338835244065,1.702679196634064
-0.286938146364688,-1.1693667737639242,-0.6710691076895581,-0.11330725289043549,-1.475686877297082,0.25758988103932456,0.5067675913712875,-0.07152161825427683,-0.18699560228830392,-0.15714378101287094,-0.19250202198797847,-0.48522247572823496,-1.1965066274132958,0.9409870595939935,-1.7527579965350657
-0.13735359538825023,-0.22886971441058448,0.5783211603049987,0.5987549149898665,0.31144490541621894,-0.8227620850666949,-1.320305033036712,-0.07152161825427683,0.6947615947282234,0.27812341015177994,0.9927145868568007,-0.07416729677918882,-1.1965066274132958,-1.546605307613955,0.15023639970300565
-0.24843123225194166,1.2789268685163104,-1.1568394705590088,0.6796484726614873,0.38803626753250386,0.25758988103932456,0.5067675913712875,-0.07152161825427683,0.033443696965827906,0.27812341015177994,-0.19250202198797847,0.03559255019714171,-1.1965066274132958,-0.5731995987064968,0.0
-0.1584583463923516,1.2789268685163104,-1.1568394705590088,0.6796484726614873,0.38803626753250386,-0.28258610201368517,0.14135306648968757,-0.6226145083819664,0.25388299621995974,0.27812341015177994,0.20257018096028123,0.03559255019714171,-1.1965066274132958,-0.19465293413137422,-1.1017335978220413
-0.205110953875102,-1.1844854112524852,-1.1783126201946919,-0.8910288536657452,1.7156198775480973,-1.3629380681197047,-1.320305033036712,-0.9900097684670929,0.47432229547409155,1.1486577924810817,-0.19250202198797847,-1.053108353035776,1.3675043809518026,0.6705965848974774,0.3004727994060113
0.07406417344230912,0.6106213827974715,0.34341791732070936,-0.5090038784983656,-0.25022508343653194,-1.4709732647303067,-1.320305033036712,-1.173707398509656,0.25388299621995974,0.7133906013164308,-0.19250202198797847,-0.9654119228257313,0.08549887676925344,-0.08649674425276777,-1.251969997525047
-0.2554661492533088,-1.1104349419207578,-1.1601797382801151,-0.08713580776138195,-0.9395473424830896,1.337941847145344,1.4203039035752874,0.8469665319585392,0.25388299621995974,0.7133906013164308,-0.19250202198797847,-0.9654119228257313,0.08549887676925344,-0.08649674425276777,-0.4507091991090169
0.06554822128275943,-1.148385807453268,1.254833824079699,-0.4988477953139567,-1.5267477853746036,0.25758988103932456,0.5067675913712875,-0.07152161825427683,0.033443696965827906,0.27812341015177994,-0.19250202198797847,0.481837613057126,0.08549887676925344,-0.30280912400998067,-1.5524427969310584
-0.26324158383376717,0.6106213827974715,0.34341791732070936,-0.5090038784983656,-0.25022508343653194,-2.659360427446928,-1.6857195579183122,-2.826986068892725,0.47432229547409155,0.7133906013164308,0.20257018096028123,-0.8727562352098543,-1.1965066274132958,0.12981563550444514,0.7511819985150282
-0.003690172362274885,1.2789268685163104,-1.1568394705590088,0.6796484726614873,0.38803626753250386,0.5816954708711304,0.14135306648968757,0.8469665319585392,0.6947615947282234,0.27812341015177994,0.9927145868568007,-0.18044357397591915,0.08549887676925344,0.18389373044374838,-0.6009455988120226
-0.2710170184142256,0.6106213827974715,0.34341791732070936,-0.5090038784983656,-0.25022508343653194,-0.0665157087924813,-0.4067687208327123,0.2958736418308496,-0.9805770796031784,-1.0276781633421728,-0.824617546705194,-1.053108353035776,0.08549887676925344,0.8869089646546904,0.80126079841603
-0.2936028045765095,-1.1104349419207578,-1.1601797382801151,-0.08713580776138195,-0.9395473424830896,1.337941847145344,1.4203039035752874,0.8469665319585392,0.25388299621995974,0.7133906013164308,-0.19250202198797847,2.994129652669048,0.08549887676925344,0.29204992032235483,-0.4507091991090169
8.489305942235571,0.6106213827974715,0.34341791732070936,-0.5090038784983656,-0.25022508343653194,-0.28258610201368517,-0.4067687208327123,-0.07152161825427683,-1.0687527993048311,-1.0276781633421728,-0.9826464278844979,0.11588619232781792,1.3675043809518026,-1.4925272126746516,-1.0015759980200376
-0.27064675962467993,0.6106213827974715,0.34341791732070936,-0.5090038784983656,-0.25022508343653194,-1.2549028715091026,-0.4067687208327123,-1.7248002886373457,-0.49561062124408845,0.3651768483847101,-1.2196897496534538,-1.053108353035776,0.08549887676925344,0.6705965848974774,-1.2018911976240452
0.07258313828412656,1.3039189019157686,1.945314880142661,0.6730079567332199,-0.9395473424830896,0.25758988103932456,-0.4067687208327123,0.8469665319585392,0.6947615947282234,0.27812341015177994,0.9927145868568007,-0.20265138455711335,1.3675043809518026,-1.330292927856742,-1.60252159683206
-0.22917777519556848,-0.24959823593942765,0.8497070676198127,0.6726173381492043,1.000767164462779,1.337941847145344,1.4203039035752874,0.8469665319585392,0.6947615947282234,0.7133906013164308,0.597642383908541,-1.053108353035776,-1.1965066274132958,1.1572994393512064,1.3020487974260488
-0.187708790766457,0.6106213827974715,0.34341791732070936,-0.5090038784983656,-0.25022508343653194,-1.0388324782878988,-1.6857195579183122,-0.07152161825427683,0.47432229547409155,0.27812341015177994,0.597642383908541,-0.20265138455711335,0.08549887676925344,-1.330292927856742,-1.1518123977230432
0.3417612782838054,0.6106213827974715,0.34341791732070936,-0.5090038784983656,-0.25022508343653194,-1.0388324782878988,-1.6857195579183122,-0.07152161825427683,0.47432229547409155,0.27812341015177994,0.597642383908541,-1.053108353035776,0.08549887676925344,0.8869089646546904,-1.1518123977230432
-0.2865678875751424,-1.1490028946976991,1.2639002650369873,-0.48947294929757934,-1.4246259692195578,0.9058010607029362,1.6030111660160873,-0.07152161825427683,-3.2731457918461495,-2.7687469280007764,-3.353079645574056,-0.7054938746681985,0.08549887676925344,-0.3568872189492839,-1.702679196634064
-0.20696224782283018,-1.1844854112524852,-1.1783126201946919,-0.8910288536657452,1.7156198775480973,-1.3629380681197047,-1.320305033036712,-0.9900097684670929,0.47432229547409155,1.1486577924810817,-0.19250202198797847,2.994129652669048,1.3675043809518026,1.5899241988656323,0.3004727994060113
-0.17437947434281403,0.6106213827974715,0.34341791732070936,-0.5090038784983656,-0.25022508343653194,-1.0388324782878988,-1.6857195579183122,-0.07152161825427683,0.47432229547409155,0.27812341015177994,0.597642383908541,-0.7054938746681985,0.08549887676925344,-0.3568872189492839,-1.1518123977230432
-0.08996047032640855,-1.2094774446519432,1.2939626745269432,-0.5238473846909631,1.4858457911992449,-1.9031140511727145,-1.320305033036712,-1.908497918679909,1.5765187917447507,1.1486577924810817,1.78285899275332,-0.20265138455711335,0.08549887676925344,-1.330292927856742,0.35055159930701313
-0.17734154465917915,0.6106213827974715,0.34341791732070936,-0.5090038784983656,-0.25022508343653194,-0.28258610201368517,-0.4067687208327123,-0.07152161825427683,-1.0687527993048311,-1.0276781633421728,-0.9826464278844979,2.994129652669048,1.3675043809518026,0.29204992032235483,-1.0015759980200376
-0.28619762878559674,0.6106213827974715,0.34341791732070936,-0.5090038784983656,-0.25022508343653194,-1.2549028715091026,-0.4067687208327123,-1.7248002886373457,-0.49561062124408845,0.3651768483847101,-1.2196897496534538,0.1260701194300788,0.08549887676925344,-1.3843710227960453,-1.2018911976240452
-0.2821247821005947,0.6106213827974715,0.34341791732070936,-0.5090038784983656,-0.25022508343653194,-2.011149247783316,-2.233841345240712,-1.173707398509656,0.9152008939823552,1.1486577924810817,0.597642383908541,-0.9654119228257313,0.08549887676925344,-1.1680586430388322,1.4522851971290545
-0.02220311183955679,0.6106213827974715,0.34341791732070936,-0.5090038784983656,-0.25022508343653194,1.1218714539241401,0.5067675913712875,1.3980594220862288,-0.6278742007965675,0.27812341015177994,-1.3777186308327576,-0.45330937043211694,0.08549887676925344,-0.6813557885851033,1.5023639970300564
-0.28841918152287055,-1.1693667737639242,-0.6710691076895581,-0.11330725289043549,-1.475686877297082,0.25758988103932456,0.5067675913712875,-0.07152161825427683,-0.18699560228830392,-0.15714378101287094,-0.19250202198797847,-0.18044357397591915,-1.1965066274132958,0.34612801526165804,-1.7527579965350657
-0.11476780922596631,0.6303681746192655,0.2680233030443114,0.2800456612134002,0.9752367104240179,1.337941847145344,0.5067675913712875,1.7654546821713553,0.25388299621995974,-0.15714378101287094,0.597642383908541,0.1260701194300788,-1.1965066274132958,-0.03241864931346453,-0.05007879990100188
-0.024054405787284978,0.6106213827974715,0.34341791732070936,-0.5090038784983656,-0.25022508343653194,0.25758988103932456,0.5067675913712875,-0.07152161825427683,-0.4074349015424357,-1.0276781633421728,0.20257018096028123,0.006770415145578656,0.08549887676925344,-0.7895119784637097,-0.7011031986140263
-0.16253119307735361,1.2789268685163104,-1.1568394705590088,0.6796484726614873,0.38803626753250386,-0.8227620850666949,-0.4067687208327123,-0.9900097684670929,-1.0687527993048311,-1.0276781633421728,-0.9826464278844979,-0.18044357397591915,1.3675043809518026,-0.7354338835244065,1.1518123977230432
-0.20474069508555637,0.6763411743293793,0.3023803424614041,0.27535823820521127,0.20932308926117313,-1.3089204698144037,-0.31541508961231235,-1.908497918679909,-1.5096313978130949,-1.8982125456714745,-0.9826464278844979,-0.18044357397591915,1.3675043809518026,0.6165184899581742,1.702679196634064
0.32546989154379735,0.6106213827974715,0.34341791732070936,-0.5090038784983656,-0.25022508343653194,0.25758988103932456,0.5067675913712875,-0.07152161825427683,-0.4074349015424357,-1.0276781633421728,0.20257018096028123,-0.18044357397591915,0.08549887676925344,-1.0058243582209225,-0.7011031986140263
-0.2887894403124162,0.6106213827974715,0.34341791732070936,-0.5090038784983656,-0.25022508343653194,-0.0665157087924813,-0.4067687208327123,0.2958736418308496,-0.9805770796031784,-1.0276781633421728,-0.824617546705194,0.03559255019714171,0.08549887676925344,-0.5731995987064968,0.80126079841603
-0.21362690603465168,-1.1409807605200954,0.2880649093709489,-0.5058789298262397,0.9497062563852547,1.337941847145344,1.4203039035752874,0.8469665319585392,-0.18699560228830392,-0.15714378101287094,-0.19250202198797847,-0.66451343385658,0.08549887676925344,-0.24873102907067746,0.7011031986140263
-0.28804892273332494,-1.1270962975203966,0.32289912989105674,-0.49181666080167363,1.2305412508116313,-0.28258610201368517,-0.4067687208327123,-0.07152161825427683,0.9152008939823552,0.7133906013164308,0.9927145868568007,2.994129652669048,0.08549887676925344,0.29204992032235483,0.6510243987130244
-0.2887894403124162,-1.1844854112524852,-1.1783126201946919,-0.8910288536657452,1.7156198775480973,0.7977658640923343,1.4203039035752874,-0.07152161825427683,0.6947615947282234,0.7133906013164308,0.597642383908541,-0.18044357397591915,-1.1965066274132958,0.562440395018871,-0.2003151996040075
-0.21918078787783624,-1.1693667737639242,-0.6710691076895581,-0.11330725289043549,-1.475686877297082,2.3102586166407617,0.8721821162528874,3.051338092469298,0.9152008939823552,1.1486577924810817,0.597642383908541,-0.66451343385658,-1.1965066274132958,-0.24873102907067746,-0.2503939995050094
-0.09588461095913876,-1.1104349419207578,-1.1601797382801151,-0.08713580776138195,-0.9395473424830896,-0.8227620850666949,-0.4067687208327123,-0.9900097684670929,-1.0687527993048311,-1.0276781633421728,-0.9826464278844979,-0.07416729677918882,1.3675043809518026,-1.546605307613955,0.9014183982180338
-0.18104413255463553,1.2789268685163104,-1.1568394705590088,0.6796484726614873,0.38803626753250386,0.7977658640923343,0.5067675913712875,0.8469665319585392,0.033443696965827906,0.27812341015177994,-0.19250202198797847,0.006770415145578656,0.08549887676925344,0.021659445625838693,1.0015759980200376
-0.2750898650992276,-1.1693667737639242,-0.6710691076895581,-0.11330725289043549,-1.475686877297082,1.8781178301983537,1.4203039035752874,1.7654546821713553,-0.6278742007965675,-0.15714378101287094,-0.9826464278844979,-0.9654119228257313,-1.1965066274132958,-0.08649674425276777,1.60252159683206
0.03296544780274328,0.6106213827974715,0.34341791732070936,-0.5090038784983656,-0.25022508343653194,-1.0388324782878988,-1.6857195579183122,-0.07152161825427683,0.47432229547409155,0.27812341015177994,0.597642383908541,-0.48522247572823496,0.08549887676925344,0.9409870595939935,-1.1518123977230432
0.08998530139277154,1.2789268685163104,-1.1568394705590088,0.6796484726614873,0.38803626753250386,-0.17455090540308324,0.14135306648968757,-0.43891687833940324,0.6947615947282234,0.7133906013164308,0.597642383908541,0.03559255019714171,-1.1965066274132958,0.4002061102009613,-0.10015759980200376
0.014452508325461381,1.2789268685163104,-1.1568394705590088,0.6796484726614873,0.38803626753250386,0.5816954708711304,0.14135306648968757,0.8469665319585392,0.6947615947282234,0.27812341015177994,0.9927145868568007,-0.45330937043211694,0.08549887676925344,1.1032213444119032,-0.6009455988120226
-0.21251612966601477,1.2789268685163104,-1.1568394705590088,0.6796484726614873,0.38803626753250386,0.25758988103932456,0.5067675913712875,-0.07152161825427683,0.033443696965827906,0.27812341015177994,-0.19250202198797847,0.03559255019714171,-1.1965066274132958,-0.19465293413137422,0.0
-0.010725089363642009,0.6106213827974715,0.34341791732070936,-0.5090038784983656,-0.25022508343653194,-1.6870436579515105,-1.320305033036712,-1.5411026585947825,1.135640193236487,1.1486577924810817,0.9927145868568007,2.994129652669048,0.08549887676925344,0.29204992032235483,1.2018911976240452
-0.18104413255463553,1.3039189019157686,1.945314880142661,0.6730079567332199,-0.9395473424830896,0.25758988103932456,-0.4067687208327123,0.8469665319585392,0.6947615947282234,0.27812341015177994,0.9927145868568007,0.5534877303040735,1.3675043809518026,-1.6006834025532581,-1.60252159683206
-0.08588762364140654,0.6106213827974715,0.34341791732070936,-0.5090038784983656,-0.25022508343653194,-0.606691691845491,-0.9548905081551122,-0.07152161825427683,-0.18699560228830392,-0.5924109721775218,0.20257018096028123,-0.48522247572823496,0.08549887676925344,-0.9517462632816194,1.1017335978220413
-0.09884668127550388,-1.148385807453268,1.254833824079699,-0.4988477953139567,-1.5267477853746036,-1.6870436579515105,-1.320305033036712,-1.5411026585947825,-0.4074349015424357,-0.5924109721775218,-0.19250202198797847,-0.66451343385658,-1.1965066274132958,-1.7088395924318647,-1.5023639970300564
0.018895613800009037,0.6106213827974715,0.34341791732070936,-0.5090038784983656,-0.25022508343653194,-1.0388324782878988,-1.6857195579183122,-0.07152161825427683,0.47432229547409155,0.27812341015177994,0.597642383908541,-0.7054938746681985,0.08549887676925344,1.4817680089870258,-1.1518123977230432
-0.12957816080779183,1.2789268685163104,-1.1568394705590088,0.6796484726614873,0.38803626753250386,-0.8227620850666949,-0.4067687208327123,-0.9900097684670929,-1.0687527993048311,-1.0276781633421728,-0.9826464278844979,0.03559255019714171,1.3675043809518026,0.7246746798367807,1.1518123977230432
0.38063845118609746,0.6106213827974715,0.34341791732070936,-0.5090038784983656,-0.25022508343653194,-1.0388324782878988,-1.6857195579183122,-0.07152161825427683,0.47432229547409155,0.27812341015177994,0.597642383908541,-0.5008826302442834,0.08549887676925344,1.6440022938049355,-1.1518123977230432
-0.18030361497554426,0.6106213827974715,0.34341791732070936,-0.5090038784983656,-0.25022508343653194,-0.8227620850666949,-0.4067687208327123,-0.9900097684670929,-0.4074349015424357,-1.0276781633421728,0.20257018096028123,-0.66451343385658,1.3675043809518026,-0.24873102907067746,0.851339598317032
-0.27731141783650143,-1.1104349419207578,-1.1601797382801151,-0.08713580776138195,-0.9395473424830896,-0.8227620850666949,-0.4067687208327123,-0.9900097684670929,-1.0687527993048311,-1.0276781633421728,-0.9826464278844979,-0.18044357397591915,1.3675043809518026,0.18389373044374838,0.9014183982180338
-0.22880751640602284,-1.1693667737639242,-0.6710691076895581,-0.11330725289043549,-1.475686877297082,0.25758988103932456,0.5067675913712875,-0.07152161825427683,-0.18699560228830392,-0.15714378101287094,-0.19250202198797847,-0.18044357397591915,-1.1965066274132958,-1.0058243582209225,1.7527579965350657
-0.2743493475201363,0.6106213827974715,0.34341791732070936,-0.5090038784983656,-0.25022508343653194,0.7977658640923343,0.5067675913712875,0.8469665319585392,1.5765187917447507,1.5839249836457325,1.3877867898050604,-0.7054938746681985,-1.1965066274132958,-1.4384491177353484,0.10015759980200376
-0.2139971648241973,0.6106213827974715,0.34341791732070936,-0.5090038784983656,-0.25022508343653194,-1.6870436579515105,-1.320305033036712,-1.5411026585947825,1.135640193236487,1.1486577924810817,0.9927145868568007,0.5534877303040735,0.08549887676925344,0.9950651545332968,1.2018911976240452
-0.2139971648241973,0.6106213827974715,0.34341791732070936,-0.5090038784983656,-0.25022508343653194,0.25758988103932456,0.14135306648968757,0.2958736418308496,0.6947615947282234,0.27812341015177994,0.9927145868568007,2.994129652669048,1.3675043809518026,-0.6272776936458,-0.851339598317032
4.747840873876899,-1.1409807605200954,0.2880649093709489,-0.5058789298262397,0.9497062563852547,1.337941847145344,1.4203039035752874,0.8469665319585392,-0.18699560228830392,-0.15714378101287094,-0.19250202198797847,0.5534877303040735,0.08549887676925344,-1.6006834025532581,0.7011031986140263
-0.2206618230360188,0.6106213827974715,0.34341791732070936,-0.5090038784983656,-0.25022508343653194,-0.8227620850666949,-0.4067687208327123,-0.9900097684670929,0.25388299621995974,-0.15714378101287094,0.597642383908541,-0.7054938746681985,1.3675043809518026,-0.3568872189492839,0.2003151996040075
-0.2517635613578524,-0.24959823593942765,0.8497070676198127,0.6726173381492043,1.000767164462779,1.337941847145344,1.4203039035752874,0.8469665319585392,0.6947615947282234,0.7133906013164308,0.597642383908541,-0.45330937043211694,-1.1965066274132958,-0.6813557885851033,1.3020487974260488
0.5779863860139226,-1.1693667737639242,-0.6710691076895581,-0.11330725289043549,-1.475686877297082,1.6620474369771499,1.7857184284568872,1.0306641620011023,-0.18699560228830392,0.7133906013164308,-0.9826464278844979,0.03559255019714171,-1.1965066274132958,1.4276899140477226,0.5508667989110206
-0.2517635613578524,1.2789268685163104,-1.1568394705590088,0.6796484726614873,0.38803626753250386,-0.28258610201368517,0.14135306648968757,-0.6226145083819664,0.25388299621995974,0.27812341015177994,0.20257018096028123,0.5534877303040735,-1.1965066274132958,-1.6006834025532581,-1.1017335978220413
-0.2691657244664974,-1.1104349419207578,-1.1601797382801151,-0.08713580776138195,-0.9395473424830896,1.337941847145344,1.4203039035752874,0.8469665319585392,0.25388299621995974,0.7133906013164308,-0.19250202198797847,-0.45330937043211694,0.08549887676925344,1.1032213444119032,-0.4507091991090169
-0.03145958157819774,-1.148385807453268,1.254833824079699,-0.4988477953139567,-1.5267477853746036,-1.6870436579515105,-1.320305033036712,-1.5411026585947825,-0.4074349015424357,-0.5924109721775218,-0.19250202198797847,-0.07416729677918882,-1.1965066274132958,-0.46504340882789036,-1.5023639970300564
-0.14512902996870863,-1.148385807453268,1.254833824079699,-0.4988477953139567,-1.5267477853746036,0.25758988103932456,0.5067675913712875,-0.07152161825427683,0.033443696965827906,0.27812341015177994,-0.19250202198797847,-1.053108353035776,0.08549887676925344,0.6705965848974774,-1.5524427969310584
-0.15697731123416905,0.6106213827974715,0.34341791732070936,-0.5090038784983656,-0.25022508343653194,0.25758988103932456,0.14135306648968757,0.2958736418308496,0.6947615947282234,0.27812341015177994,0.9927145868568007,1.253919396708919,1.3675043809518026,-1.2221367379781356,-0.851339598317032
-0.1214324674377878,0.6106213827974715,0.34341791732070936,-0.5090038784983656,-0.25022508343653194,-0.606691691845491,-0.9548905081551122,-0.07152161825427683,-0.18699560228830392,-0.5924109721775218,0.20257018096028123,0.481837613057126,0.08549887676925344,1.2113775342905098,1.1017335978220413
-0.11587858559460322,0.6106213827974715,0.34341791732070936,-0.5090038784983656,-0.25022508343653194,1.1218714539241401,0.5067675913712875,1.3980594220862288,-0.6278742007965675,0.27812341015177994,-1.3777186308327576,-0.8727562352098543,0.08549887676925344,-0.5191215037671936,1.5023639970300564
-0.2917515106287813,-1.2063920084297877,-1.0733327775313528,0.2886392700617461,0.20932308926117313,-0.4986564952348891,-2.233841345240712,1.3980594220862288,0.9152008939823552,1.1486577924810817,0.597642383908541,0.03559255019714171,-1.1965066274132958,-0.5731995987064968,-0.9014183982180338
2.2149004945951885,-1.1104349419207578,-1.1601797382801151,-0.08713580776138195,-0.9395473424830896,1.337941847145344,1.4203039035752874,0.8469665319585392,0.6947615947282234,0.7133906013164308,0.597642383908541,-0.07416729677918882,0.08549887676925344,1.0491432494726,-1.4522851971290545
-0.2580579607801282,-1.1693667737639242,-0.6710691076895581,-0.11330725289043549,-1.475686877297082,0.25758988103932456,0.5067675913712875,-0.07152161825427683,-0.18699560228830392,-0.15714378101287094,-0.19250202198797847,-0.8727562352098543,-1.1965066274132958,-0.41096531388858715,-1.7527579965350657
-0.21547819998237985,0.6106213827974715,0.34341791732070936,-0.5090038784983656,-0.25022508343653194,0.6897306674817323,0.5067675913712875,0.663268901915976,0.033443696965827906,0.27812341015177994,-0.19250202198797847,-0.8727562352098543,-1.1965066274132958,-0.41096531388858715,0.400630399208015
-0.2913812518392357,-1.1693667737639242,-0.6710691076895581,-0.11330725289043549,-1.475686877297082,1.8781178301983537,1.4203039035752874,1.7654546821713553,-0.6278742007965675,-0.15714378101287094,-0.9826464278844979,-0.9654119228257313,-1.1965066274132958,-1.1680586430388322,1.60252159683206
-0.17808206223827042,-1.1104349419207578,-1.1601797382801151,-0.08713580776138195,-0.9395473424830896,0.25758988103932456,0.5067675913712875,-0.07152161825427683,-0.18699560228830392,-0.15714378101287094,-0.19250202198797847,0.03559255019714171,-1.1965066274132958,-0.19465293413137422,-0.5007879990100188
-0.1973355192946436,0.6106213827974715,0.34341791732070936,-0.5090038784983656,-0.25022508343653194,0.25758988103932456,0.14135306648968757,0.2958736418308496,0.6947615947282234,0.27812341015177994,0.9927145868568007,0.006770415145578656,1.3675043809518026,1.265455629229813,-0.851339598317032
-0.1358725602300677,0.6106213827974715,0.34341791732070936,-0.5090038784983656,-0.25022508343653194,-0.8227620850666949,-0.4067687208327123,-0.9900097684670929,0.25388299621995974,-0.15714378101287094,0.597642383908541,-0.48522247572823496,1.3675043809518026,-0.9517462632816194,0.2003151996040075
-0.22991829277465975,1.2789268685163104,-1.1568394705590088,0.6796484726614873,0.38803626753250386,-0.17455090540308324,0.14135306648968757,-0.43891687833940324,0.6947615947282234,0.7133906013164308,0.597642383908541,0.5534877303040735,-1.1965066274132958,0.9950651545332968,-0.10015759980200376
-0.19511396655736976,-0.5538222474439407,1.2514935563585923,-0.5304879006192306,1.996454871974474,0.7977658640923343,0.5067675913712875,0.8469665319585392,-3.2731457918461495,-3.204014119165427,-2.9580074426257963,2.994129652669048,0.08549887676925344,0.29204992032235483,0.6009455988120226
-0.1806738737650899,0.6106213827974715,0.34341791732070936,-0.5090038784983656,-0.25022508343653194,-1.6870436579515105,-1.320305033036712,-1.5411026585947825,1.135640193236487,1.1486577924810817,0.9927145868568007,-0.07416729677918882,0.08549887676925344,1.0491432494726,1.2018911976240452
-0.2599092547278564,-1.2094774446519432,1.2939626745269432,-0.5238473846909631,1.4858457911992449,-1.9031140511727145,-1.320305033036712,-1.908497918679909,1.5765187917447507,1.1486577924810817,1.78285899275332,0.03559255019714171,0.08549887676925344,0.7246746798367807,0.35055159930701313
-0.2939730633660551,-1.1693667737639242,-0.6710691076895581,-0.11330725289043549,-1.475686877297082,0.04151948781812065,-1.320305033036712,1.3980594220862288,-0.18699560228830392,-0.15714378101287094,-0.19250202198797847,-0.5008826302442834,-1.1965066274132958,1.6440022938049355,1.3521275973270508
0.008528367692731171,1.2789268685163104,-1.1568394705590088,0.6796484726614873,0.38803626753250386,-0.8227620850666949,-0.4067687208327123,-0.9900097684670929,-1.0687527993048311,-1.0276781633421728,-0.9826464278844979,-0.48522247572823496,1.3675043809518026,1.6980803887442388,1.1518123977230432
-0.28175452331104905,1.8451044152818088,0.2384380746573705,-0.5179881059307273,1.434784883121723,-1.3629380681197047,-0.4067687208327123,-1.908497918679909,-0.4074349015424357,0.27812341015177994,-0.9826464278844979,0.03559255019714171,0.08549887676925344,-0.5731995987064968,1.652600396733062
-0.23251010430147923,0.6106213827974715,0.34341791732070936,-0.5090038784983656,-0.25022508343653194,-0.606691691845491,-0.9548905081551122,-0.07152161825427683,-0.18699560228830392,-0.5924109721775218,0.20257018096028123,0.5534877303040735,0.08549887676925344,0.9950651545332968,1.1017335978220413
-0.09403331701141057,-1.1104349419207578,-1.1601797382801151,-0.08713580776138195,-0.9395473424830896,1.337941847145344,1.4203039035752874,0.8469665319585392,0.6947615947282234,0.7133906013164308,0.597642383908541,0.006770415145578656,0.08549887676925344,1.265455629229813,-1.4522851971290545
0.1762555993569052,0.6106213827974715,0.34341791732070936,-0.5090038784983656,-0.25022508343653194,-0.28258610201368517,-0.4067687208327123,-0.07152161825427683,-1.0687527993048311,-1.0276781633421728,-0.9826464278844979,0.006770415145578656,1.3675043809518026,-0.7895119784637097,-1.0015759980200376
-0.23954502130284633,1.2789268685163104,-1.1568394705590088,0.6796484726614873,0.38803626753250386,0.5816954708711304,0.14135306648968757,0.8469665319585392,0.6947615947282234,0.27812341015177994,0.9927145868568007,0.5534877303040735,0.08549887676925344,-1.6006834025532581,-0.6009455988120226
-0.0621910611104857,0.6106213827974715,0.34341791732070936,-0.5090038784983656,-0.25022508343653194,-1.4709732647303067,-1.320305033036712,-1.173707398509656,0.25388299621995974,0.7133906013164308,-0.19250202198797847,-0.45330937043211694,0.08549887676925344,-0.6813557885851033,-1.251969997525047
-0.24028553888193763,0.6106213827974715,0.34341791732070936,-0.5090038784983656,-0.25022508343653194,-0.606691691845491,-0.9548905081551122,-0.07152161825427683,-0.18699560228830392,-0.5924109721775218,0.20257018096028123,1.3358760999740618,0.08549887676925344,-0.843590073403013,1.1017335978220413
-0.2188105290882906,0.6106213827974715,0.34341791732070936,-0.5090038784983656,-0.25022508343653194,-0.8227620850666949,-0.4067687208327123,-0.9900097684670929,0.6947615947282234,0.7133906013164308,0.597642383908541,-1.053108353035776,1.3675043809518026,0.6705965848974774,0.2503939995050094
-0.23843424493420942,-1.1409807605200954,0.2880649093709489,-0.5058789298262397,0.9497062563852547,1.337941847145344,1.4203039035752874,0.8469665319585392,-0.18699560228830392,-0.15714378101287094,-0.19250202198797847,-0.45330937043211694,0.08549887676925344,1.1032213444119032,0.7011031986140263
-0.26879546567695173,0.6106213827974715,0.34341791732070936,-0.5090038784983656,-0.25022508343653194,0.7977658640923343,0.5067675913712875,0.8469665319585392,1.5765187917447507,1.5839249836457325,1.3877867898050604,2.994129652669048,-1.1965066274132958,0.29204992032235483,0.10015759980200376
-0.2739790887305907,0.6106213827974715,0.34341791732070936,-0.5090038784983656,-0.25022508343653194,-0.0665157087924813,-0.4067687208327123,0.2958736418308496,-0.9805770796031784,-1.0276781633421728,-0.824617546705194,-1.053108353035776,0.08549887676925344,-1.2762148329174388,0.80126079841603
-0.2236238933523839,-0.551662442088432,1.2667633516550785,1.8397856671881925,2.532594406788464,0.7977658640923343,0.5067675913712875,0.8469665319585392,-3.2731457918461495,-3.204014119165427,-2.9580074426257963,-1.053108353035776,0.08549887676925344,0.4542842051402645,-0.5508667989110206
-0.28545711120650546,-1.1693667737639242,-0.6710691076895581,-0.11330725289043549,-1.475686877297082,1.337941847145344,1.4203039035752874,0.8469665319585392,0.6947615947282234,0.7133906013164308,0.597642383908541,-0.18044357397591915,0.08549887676925344,-1.0058243582209225,-0.15023639970300565
1.5251083696716647,1.8451044152818088,0.2384380746573705,-0.5179881059307273,1.434784883121723,-0.28258610201368517,-0.4067687208327123,-0.07152161825427683,0.25388299621995974,0.27812341015177994,0.20257018096028123,0.006770415145578656,0.08549887676925344,-0.7895119784637097,1.251969997525047
-0.22399415214192953,-1.1270962975203966,0.32289912989105674,-0.49181666080167363,1.2305412508116313,0.7977658640923343,0.5067675913712875,0.8469665319585392,1.135640193236487,0.7133906013164308,1.3877867898050604,0.5534877303040735,1.3675043809518026,-1.6006834025532581,-0.35055159930701313
0.10220384144777761,1.2789268685163104,-1.1568394705590088,0.6796484726614873,0.38803626753250386,0.5816954708711304,0.14135306648968757,0.8469665319585392,0.6947615947282234,0.27812341015177994,0.9927145868568007,2.994129652669048,0.08549887676925344,1.5899241988656323,-0.6009455988120226
-0.20288940113782816,0.6106213827974715,0.34341791732070936,-0.5090038784983656,-0.25022508343653194,-0.8227620850666949,-0.4067687208327123,-0.9900097684670929,0.6947615947282234,0.7133906013164308,0.597642383908541,0.1260701194300788,1.3675043809518026,-1.3843710227960453,0.2503939995050094
-0.24250709161921144,1.2789268685163104,-1.1568394705590088,0.6796484726614873,0.38803626753250386,0.25758988103932456,0.5067675913712875,-0.07152161825427683,0.033443696965827906,0.27812341015177994,-0.19250202198797847,0.03559255019714171,-1.1965066274132958,1.4276899140477226,0.0
-0.28730840515423367,-1.1409807605200954,0.2880649093709489,-0.5058789298262397,0.9497062563852547,1.337941847145344,1.4203039035752874,0.8469665319585392,-0.18699560228830392,-0.15714378101287094,-0.19250202198797847,-0.7054938746681985,0.08549887676925344,-0.3568872189492839,0.7011031986140263
-0.15549627607598648,0.6106213827974715,0.34341791732070936,-0.5090038784983656,-0.25022508343653194,-0.0665157087924813,-0.4067687208327123,0.2958736418308496,-0.9805770796031784,-1.0276781633421728,-0.824617546705194,0.481837613057126,0.08549887676925344,-0.30280912400998067,0.80126079841603
-0.2758303826783189,0.6106213827974715,0.34341791732070936,-0.5090038784983656,-0.25022508343653194,0.25758988103932456,0.5067675913712875,-0.07152161825427683,-0.4074349015424357,-1.0276781633421728,0.20257018096028123,0.481837613057126,0.08549887676925344,1.2113775342905098,-0.7011031986140263
-0.11661910317369449,0.6106213827974715,0.34341791732070936,-0.5090038784983656,-0.25022508343653194,-0.606691691845491,-0.9548905081551122,-0.07152161825427683,-0.18699560228830392,-0.5924109721775218,0.20257018096028123,-0.48522247572823496,0.08549887676925344,0.9409870595939935,0.9514971981190357
-0.08625788243095217,1.3039189019157686,1.945314880142661,0.6730079567332199,-0.9395473424830896,0.25758988103932456,-0.4067687208327123,0.8469665319585392,0.6947615947282234,0.27812341015177994,0.9927145868568007,0.5534877303040735,1.3675043809518026,0.9950651545332968,-1.60252159683206
0.021487425326828503,0.6106213827974715,0.34341791732070936,-0.5090038784983656,-0.25022508343653194,1.1218714539241401,0.5067675913712875,1.3980594220862288,-0.6278742007965675,0.27812341015177994,-1.3777186308327576,-0.66451343385658,0.08549887676925344,-1.7088395924318647,1.5023639970300564
-0.29212176941832696,-1.1844854112524852,-1.1783126201946919,-0.8910288536657452,1.7156198775480973,0.7977658640923343,0.5067675913712875,0.8469665319585392,1.135640193236487,0.7133906013164308,1.3877867898050604,-1.053108353035776,-1.1965066274132958,0.8869089646546904,0.5007879990100188
-0.2099243181391953,0.6106213827974715,0.34341791732070936,-0.5090038784983656,-0.25022508343653194,-0.8227620850666949,-0.4067687208327123,-0.9900097684670929,0.6947615947282234,0.7133906013164308,0.597642383908541,0.5534877303040735,1.3675043809518026,-1.6006834025532581,0.2503939995050094
-0.14142644207325225,1.8451044152818088,0.2384380746573705,-0.5179881059307273,1.434784883121723,-0.28258610201368517,-0.4067687208327123,-0.07152161825427683,0.25388299621995974,0.27812341015177994,0.20257018096028123,-0.07416729677918882,0.08549887676925344,-0.46504340882789036,1.251969997525047
-0.1740092155532684,-0.22886971441058448,0.5783211603049987,0.5987549149898665,0.31144490541621894,-0.8227620850666949,-1.320305033036712,-0.07152161825427683,0.6947615947282234,0.27812341015177994,0.9927145868568007,-0.8727562352098543,-1.1965066274132958,0.5083623000795677,0.15023639970300565
-0.1506829118118932,0.6106213827974715,0.34341791732070936,-0.5090038784983656,-0.25022508343653194,-0.8227620850666949,-0.4067687208327123,-0.9900097684670929,0.25388299621995974,-0.15714378101287094,0.597642383908541,0.006770415145578656,1.3675043809518026,0.021659445625838693,0.2003151996040075
-0.2421368328296658,0.6763411743293793,0.3023803424614041,0.27535823820521127,0.20932308926117313,-1.3089204698144037,-0.31541508961231235,-1.908497918679909,-1.5096313978130949,-1.8982125456714745,-0.9826464278844979,-0.18044357397591915,1.3675043809518026,0.562440395018871,1.702679196634064
-0.2506527849892155,0.6106213827974715,0.34341791732070936,-0.5090038784983656,-0.25022508343653194,0.25758988103932456,0.14135306648968757,0.2958736418308496,0.6947615947282234,0.27812341015177994,0.9927145868568007,-0.20265138455711335,1.3675043809518026,-1.330292927856742,-0.80126079841603
0.020746907747737228,-1.1693667737639242,-0.6710691076895581,-0.11330725289043549,-1.475686877297082,2.3102586166407617,0.8721821162528874,3.051338092469298,0.9152008939823552,1.1486577924810817,0.597642383908541,-0.18044357397591915,-1.1965066274132958,0.18389373044374838,-0.2503939995050094
1.1659573438123958,0.6763411743293793,0.3023803424614041,0.27535823820521127,0.20932308926117313,0.4736602742605284,-0.9548905081551122,1.7654546821713553,0.033443696965827906,0.27812341015177994,-0.19250202198797847,-0.18044357397591915,-1.1965066274132958,-0.7354338835244065,-1.652600396733062
-0.17326869797417713,-1.148385807453268,1.254833824079699,-0.4988477953139567,-1.5267477853746036,-1.6870436579515105,-1.320305033036712,-1.5411026585947825,-0.4074349015424357,-0.5924109721775218,-0.19250202198797847,-0.07416729677918882,-1.1965066274132958,1.0491432494726,-1.5023639970300564
-0.2547256316742175,-1.1104349419207578,-1.1601797382801151,-0.08713580776138195,-0.9395473424830896,0.25758988103932456,0.5067675913712875,-0.07152161825427683,-0.18699560228830392,-0.15714378101287094,-0.19250202198797847,-1.053108353035776,-1.1965066274132958,-1.2762148329174388,-0.5007879990100188
0.5646570695902796,-1.1104349419207578,-1.1601797382801151,-0.08713580776138195,-0.9395473424830896,-0.714726888456093,-2.051134082799912,0.8469665319585392,0.033443696965827906,0.27812341015177994,-0.19250202198797847,-0.45330937043211694,-1.1965066274132958,-0.6813557885851033,-0.7511819985150282
-0.040345792527293055,0.6106213827974715,0.34341791732070936,-0.5090038784983656,-0.25022508343653194,-1.6870436579515105,-1.320305033036712,-1.5411026585947825,1.135640193236487,1.1486577924810817,0.9927145868568007,0.006770415145578656,0.08549887676925344,0.021659445625838693,1.2018911976240452
-0.021092335470919873,-1.1693667737639242,-0.6710691076895581,-0.11330725289043549,-1.475686877297082,2.3102586166407617,0.8721821162528874,3.051338092469298,0.9152008939823552,1.1486577924810817,0.597642383908541,0.006770415145578656,-1.1965066274132958,-0.14057483919207098,-0.2503939995050094
-0.17474973313235967,-1.1844854112524852,-1.1783126201946919,-0.8910288536657452,1.7156198775480973,0.7977658640923343,0.5067675913712875,0.8469665319585392,1.135640193236487,0.7133906013164308,1.3877867898050604,-1.053108353035776,-1.1965066274132958,1.1572994393512064,0.5007879990100188
-0.24509890314603092,0.6106213827974715,0.34341791732070936,-0.5090038784983656,-0.25022508343653194,-0.8227620850666949,-0.4067687208327123,-0.9900097684670929,0.6947615947282234,0.7133906013164308,0.597642383908541,2.994129652669048,1.3675043809518026,1.5899241988656323,0.2503939995050094
-0.048121227107751456,1.2789268685163104,-1.1568394705590088,0.6796484726614873,0.38803626753250386,0.7977658640923343,0.5067675913712875,0.8469665319585392,0.033443696965827906,0.27812341015177994,-0.19250202198797847,-0.48522247572823496,0.08549887676925344,1.6980803887442388,1.0015759980200376
-0.2876786639437793,-0.24959823593942765,0.8497070676198127,0.6726173381492043,1.000767164462779,0.5816954708711304,0.14135306648968757,0.8469665319585392,0.25388299621995974,-0.15714378101287094,0.597642383908541,-0.66451343385658,0.08549887676925344,-0.24873102907067746,1.0516547979210396
-0.06108028474184879,1.2789268685163104,-1.1568394705590088,0.6796484726614873,0.38803626753250386,0.7977658640923343,0.5067675913712875,0.8469665319585392,0.033443696965827906,0.27812341015177994,-0.19250202198797847,0.006770415145578656,0.08549887676925344,-0.14057483919207098,1.0015759980200376
-0.08699840001004346,0.6106213827974715,0.34341791732070936,-0.5090038784983656,-0.25022508343653194,-0.8227620850666949,-0.4067687208327123,-0.9900097684670929,0.25388299621995974,-0.15714378101287094,0.597642383908541,-0.66451343385658,1.3675043809518026,-1.7088395924318647,0.2003151996040075
-0.28619762878559674,0.6106213827974715,0.34341791732070936,-0.5090038784983656,-0.25022508343653194,-1.2549028715091026,-0.4067687208327123,-1.7248002886373457,-0.49561062124408845,0.3651768483847101,-1.2196897496534538,-0.20265138455711335,0.08549887676925344,-1.330292927856742,-1.2018911976240452
-0.22880751640602284,-1.1104349419207578,-1.1601797382801151,-0.08713580776138195,-0.9395473424830896,1.337941847145344,1.4203039035752874,0.8469665319585392,0.6947615947282234,0.7133906013164308,0.597642383908541,-1.053108353035776,0.08549887676925344,0.8869089646546904,-1.4522851971290545
-0.17474973313235967,-0.24959823593942765,0.8497070676198127,0.6726173381492043,1.000767164462779,1.1218714539241401,1.0548893786936875,0.8469665319585392,-0.4074349015424357,0.27812341015177994,-0.9826464278844979,2.994129652669048,-1.1965066274132958,0.29204992032235483,-0.3004727994060113
-0.26324158383376717,1.2789268685163104,-1.1568394705590088,0.6796484726614873,0.38803626753250386,0.25758988103932456,0.5067675913712875,-0.07152161825427683,0.033443696965827906,0.27812341015177994,-0.19250202198797847,-0.18044357397591915,-1.1965066274132958,0.18389373044374838,0.0
-0.28841918152287055,-1.1270962975203966,0.32289912989105674,-0.49181666080167363,1.2305412508116313,0.7977658640923343,0.5067675913712875,0.8469665319585392,1.135640193236487,0.7133906013164308,1.3877867898050604,2.994129652669048,1.3675043809518026,-0.6272776936458,-0.35055159930701313
0.12293833366233334,0.6106213827974715,0.34341791732070936,-0.5090038784983656,-0.25022508343653194,-2.659360427446928,-1.6857195579183122,-2.826986068892725,0.47432229547409155,0.7133906013164308,0.20257018096028123,1.253919396708919,-1.1965066274132958,-1.2221367379781356,0.7511819985150282
-0.23991528009239196,0.6106213827974715,0.34341791732070936,-0.5090038784983656,-0.25022508343653194,-0.8227620850666949,-0.4067687208327123,-0.9900097684670929,0.6947615947282234,0.7133906013164308,0.597642383908541,0.03559255019714171,1.3675043809518026,-0.19465293413137422,0.2503939995050094
-0.29249202820787257,0.6106213827974715,0.34341791732070936,-0.5090038784983656,-0.25022508343653194,0.7977658640923343,0.5067675913712875,0.8469665319585392,1.5765187917447507,1.5839249836457325,1.3877867898050604,-0.18044357397591915,-1.1965066274132958,0.6165184899581742,0.10015759980200376
-0.265463136571041,0.6106213827974715,0.34341791732070936,-0.5090038784983656,-0.25022508343653194,0.25758988103932456,0.14135306648968757,0.2958736418308496,0.6947615947282234,0.27812341015177994,0.9927145868568007,-0.9654119228257313,1.3675043809518026,0.2379718253830516,-0.80126079841603
-0.1865980143978201,0.6106213827974715,0.34341791732070936,-0.5090038784983656,-0.25022508343653194,-0.8227620850666949,-0.4067687208327123,-0.9900097684670929,0.25388299621995974,-0.15714378101287094,0.597642383908541,0.006770415145578656,1.3675043809518026,0.7787527747760838,0.2003151996040075
-0.2080730241914671,1.2789268685163104,-1.1568394705590088,0.6796484726614873,0.38803626753250386,0.36562507764992647,1.2375966411344874,-0.6226145083819664,1.3560794924906188,0.7133906013164308,1.78285899275332,-0.18044357397591915,1.3675043809518026,0.562440395018871,0.05007879990100188
-0.20918380056010402,0.6763411743293793,0.3023803424614041,0.27535823820521127,0.20932308926117313,-0.606691691845491,-0.0413541959511124,-0.9900097684670929,-0.8483135000506994,0.27812341015177994,-1.7727908337810172,-0.7054938746681985,1.3675043809518026,1.4817680089870258,-1.0516547979210396
-0.2821247821005947,0.6106213827974715,0.34341791732070936,-0.5090038784983656,-0.25022508343653194,-2.011149247783316,-2.233841345240712,-1.173707398509656,0.9152008939823552,1.1486577924810817,0.597642383908541,-0.45330937043211694,0.08549887676925344,1.1032213444119032,1.4522851971290545
-0.2847165936274142,0.6106213827974715,0.34341791732070936,-0.5090038784983656,-0.25022508343653194,-1.2549028715091026,-0.4067687208327123,-1.7248002886373457,-0.49561062124408845,0.3651768483847101,-1.2196897496534538,0.1260701194300788,0.08549887676925344,0.8328308697153871,-1.2018911976240452
-0.191781637451459,1.2789268685163104,-1.1568394705590088,0.6796484726614873,0.38803626753250386,-0.17455090540308324,0.14135306648968757,-0.43891687833940324,0.6947615947282234,0.7133906013164308,0.597642383908541,-0.7054938746681985,-1.1965066274132958,-1.4384491177353484,-0.10015759980200376
-0.2499122674101242,1.2789268685163104,-1.1568394705590088,0.6796484726614873,0.38803626753250386,0.5816954708711304,0.14135306648968757,0.8469665319585392,0.25388299621995974,0.7133906013164308,-0.19250202198797847,-0.45330937043211694,0.08549887676925344,1.3736118191084195,-0.9514971981190357
0.07813702012731114,-1.1844854112524852,-1.1783126201946919,-0.8910288536657452,1.7156198775480973,-1.3629380681197047,-1.320305033036712,-0.9900097684670929,0.47432229547409155,1.1486577924810817,-0.19250202198797847,-0.07416729677918882,1.3675043809518026,-1.546605307613955,0.3004727994060113
-0.2021488835587369,0.6106213827974715,0.34341791732070936,-0.5090038784983656,-0.25022508343653194,0.25758988103932456,0.14135306648968757,0.2958736418308496,0.6947615947282234,0.27812341015177994,0.9927145868568007,0.006770415145578656,1.3675043809518026,-0.7895119784637097,-0.851339598317032
-0.02590569973501317,1.2789268685163104,-1.1568394705590088,0.6796484726614873,0.38803626753250386,-0.28258610201368517,0.14135306648968757,-0.6226145083819664,0.25388299621995974,0.27812341015177994,0.20257018096028123,-1.053108353035776,-1.1965066274132958,1.1572994393512064,-1.1017335978220413
-0.28730840515423367,1.2789268685163104,-1.1568394705590088,0.6796484726614873,0.38803626753250386,0.25758988103932456,0.5067675913712875,-0.07152161825427683,0.033443696965827906,0.27812341015177994,-0.19250202198797847,0.5534877303040735,-1.1965066274132958,0.9950651545332968,0.0
-0.2913812518392357,-1.1490028946976991,1.2639002650369873,-0.48947294929757934,-1.4246259692195578,0.9058010607029362,1.6030111660160873,-0.07152161825427683,-3.2731457918461495,-2.7687469280007764,-3.353079645574056,-1.053108353035776,0.08549887676925344,0.8869089646546904,-1.702679196634064
-0.25879847835921954,0.6106213827974715,0.34341791732070936,-0.5090038784983656,-0.25022508343653194,0.25758988103932456,0.14135306648968757,0.2958736418308496,0.6947615947282234,0.27812341015177994,0.9927145868568007,0.006770415145578656,1.3675043809518026,0.021659445625838693,-0.80126079841603
-0.15586653486553212,-1.148385807453268,1.254833824079699,-0.4988477953139567,-1.5267477853746036,0.25758988103932456,0.5067675913712875,-0.07152161825427683,0.033443696965827906,0.27812341015177994,-0.19250202198797847,-0.48522247572823496,0.08549887676925344,0.9409870595939935,-1.5524427969310584
2.3015410513488677,-1.2094774446519432,1.2939626745269432,-0.5238473846909631,1.4858457911992449,-1.9031140511727145,-1.320305033036712,-1.908497918679909,1.5765187917447507,1.1486577924810817,1.78285899275332,-0.7054938746681985,0.08549887676925344,1.4817680089870258,0.35055159930701313
2.9002495140441646,1.8451044152818088,0.2384380746573705,-0.5179881059307273,1.434784883121723,1.554012240366548,1.7857184284568872,0.8469665319585392,-2.391388594829622,-2.7687469280007764,-1.7727908337810172,-1.053108353035776,1.3675043809518026,0.8869089646546904,1.4022063972280525
-0.2850868524169598,-1.1693667737639242,-0.6710691076895581,-0.11330725289043549,-1.475686877297082,1.337941847145344,1.4203039035752874,0.8469665319585392,0.6947615947282234,0.7133906013164308,0.597642383908541,-0.7054938746681985,0.08549887676925344,-0.3568872189492839,-0.15023639970300565
-0.2158484587719255,1.2789268685163104,-1.1568394705590088,0.6796484726614873,0.38803626753250386,-0.17455090540308324,0.14135306648968757,-0.43891687833940324,0.6947615947282234,0.7133906013164308,0.597642383908541,-0.07416729677918882,-1.1965066274132958,-0.46504340882789036,-0.10015759980200376
0.2380888172110268,1.2789268685163104,-1.1568394705590088,0.6796484726614873,0.38803626753250386,-0.8227620850666949,-0.4067687208327123,-0.9900097684670929,-1.0687527993048311,-1.0276781633421728,-0.9826464278844979,2.994129652669048,1.3675043809518026,1.5899241988656323,1.1518123977230432
0.02259820169546542,1.3039189019157686,1.945314880142661,0.6730079567332199,-0.9395473424830896,0.25758988103932456,-0.4067687208327123,0.8469665319585392,0.6947615947282234,0.27812341015177994,0.9927145868568007,2.994129652669048,1.3675043809518026,1.5899241988656323,-1.60252159683206
-0.2743493475201363,-1.1104349419207578,-1.1601797382801151,-0.08713580776138195,-0.9395473424830896,1.337941847145344,1.4203039035752874,0.8469665319585392,0.6947615947282234,0.7133906013164308,0.597642383908541,-0.18044357397591915,0.08549887676925344,0.562440395018871,-1.4522851971290545
-0.20770276540192145,0.6106213827974715,0.34341791732070936,-0.5090038784983656,-0.25022508343653194,0.25758988103932456,0.14135306648968757,0.2958736418308496,0.6947615947282234,0.27812341015177994,0.9927145868568007,-0.7539631269986905,1.3675043809518026,1.319533724169116,-0.80126079841603
0.2973302235383289,-1.1693667737639242,-0.6710691076895581,-0.11330725289043549,-1.475686877297082,0.25758988103932456,0.5067675913712875,-0.07152161825427683,-0.18699560228830392,-0.15714378101287094,-0.19250202198797847,0.5534877303040735,-1.1965066274132958,-1.6006834025532581,-1.7527579965350657
-0.13291048991370258,0.6106213827974715,0.34341791732070936,-0.5090038784983656,-0.25022508343653194,-1.4709732647303067,-1.320305033036712,-1.173707398509656,0.25388299621995974,0.7133906013164308,-0.19250202198797847,2.994129652669048,0.08549887676925344,0.29204992032235483,-1.251969997525047
-0.23658295098648124,-1.1844854112524852,-1.1783126201946919,-0.8910288536657452,1.7156198775480973,0.7977658640923343,1.4203039035752874,-0.07152161825427683,0.6947615947282234,0.7133906013164308,0.597642383908541,-0.5008826302442834,-1.1965066274132958,1.6440022938049355,-0.2003151996040075
-0.25731744320103694,-1.1693667737639242,-0.6710691076895581,-0.11330725289043549,-1.475686877297082,1.337941847145344,1.4203039035752874,0.8469665319585392,0.6947615947282234,0.7133906013164308,0.597642383908541,0.1260701194300788,0.08549887676925344,-1.059902453160226,-0.15023639970300565
-0.15142342939098447,-1.1409807605200954,0.2880649093709489,-0.5058789298262397,0.9497062563852547,1.337941847145344,1.4203039035752874,0.8469665319585392,-0.18699560228830392,-0.15714378101287094,-0.19250202198797847,-0.8727562352098543,0.08549887676925344,0.5083623000795677,0.7011031986140263
-0.24176657404012017,-1.1693667737639242,-0.6710691076895581,-0.11330725289043549,-1.475686877297082,0.25758988103932456,0.5067675913712875,-0.07152161825427683,-0.18699560228830392,-0.15714378101287094,-0.19250202198797847,2.994129652669048,-1.1965066274132958,-0.6272776936458,-1.7527579965350657
-0.2917515106287813,-1.1490028946976991,1.2639002650369873,-0.48947294929757934,-1.4246259692195578,0.9058010607029362,1.6030111660160873,-0.07152161825427683,-3.2731457918461495,-2.7687469280007764,-3.353079645574056,-0.7054938746681985,0.08549887676925344,-1.4384491177353484,-1.702679196634064
-0.28360581725877726,-1.1270962975203966,0.32289912989105674,-0.49181666080167363,1.2305412508116313,-0.28258610201368517,-0.4067687208327123,-0.07152161825427683,0.9152008939823552,0.7133906013164308,0.9927145868568007,-0.07416729677918882,0.08549887676925344,-0.46504340882789036,0.6510243987130244
-0.2732385711514994,1.2789268685163104,-1.1568394705590088,0.6796484726614873,0.38803626753250386,0.25758988103932456,0.5067675913712875,-0.07152161825427683,0.033443696965827906,0.27812341015177994,-0.19250202198797847,-0.9654119228257313,-1.1965066274132958,-1.1680586430388322,0.0
-0.16956611007872074,0.6106213827974715,0.34341791732070936,-0.5090038784983656,-0.25022508343653194,-0.8227620850666949,-0.4067687208327123,-0.9900097684670929,0.25388299621995974,-0.15714378101287094,0.597642383908541,-0.07416729677918882,1.3675043809518026,1.0491432494726,0.2003151996040075
-0.21029457692874093,-0.22886971441058448,0.5783211603049987,0.5987549149898665,0.31144490541621894,-0.8227620850666949,-1.320305033036712,-0.07152161825427683,0.6947615947282234,0.27812341015177994,0.9927145868568007,1.253919396708919,-1.1965066274132958,-1.6547614974925613,0.15023639970300565
0.06814003280957891,0.6106213827974715,0.34341791732070936,-0.5090038784983656,-0.25022508343653194,-1.6870436579515105,-1.320305033036712,-1.5411026585947825,1.135640193236487,1.1486577924810817,0.9927145868568007,-0.18044357397591915,0.08549887676925344,0.18389373044374838,1.2018911976240452
-0.27731141783650143,-1.1844854112524852,-1.1783126201946919,-0.8910288536657452,1.7156198775480973,0.7977658640923343,1.4203039035752874,-0.07152161825427683,0.6947615947282234,0.7133906013164308,0.597642383908541,0.1260701194300788,-1.1965066274132958,0.8328308697153871,-0.2003151996040075
-0.1828954265023637,1.2789268685163104,-1.1568394705590088,0.6796484726614873,0.38803626753250386,-0.17455090540308324,0.14135306648968757,-0.43891687833940324,0.6947615947282234,0.7133906013164308,0.597642383908541,0.03559255019714171,-1.1965066274132958,1.4276899140477226,-0.10015759980200376
-0.27249805357240814,0.6106213827974715,0.34341791732070936,-0.5090038784983656,-0.25022508343653194,0.7977658640923343,0.5067675913712875,0.8469665319585392,1.5765187917447507,1.5839249836457325,1.3877867898050604,-0.48522247572823496,-1.1965066274132958,1.6980803887442388,0.10015759980200376
-0.27842219420513836,1.2789268685163104,-1.1568394705590088,0.6796484726614873,0.38803626753250386,0.25758988103932456,0.5067675913712875,-0.07152161825427683,0.033443696965827906,0.27812341015177994,-0.19250202198797847,-0.45330937043211694,-1.1965066274132958,-0.6813557885851033,0.0
-0.2513933025683068,1.2789268685163104,-1.1568394705590088,0.6796484726614873,0.38803626753250386,0.25758988103932456,0.5067675913712875,-0.07152161825427683,0.033443696965827906,0.27812341015177994,-0.19250202198797847,-0.7054938746681985,-1.1965066274132958,-0.3568872189492839,0.0
0.05407019880684465,-1.1104349419207578,-1.1601797382801151,-0.08713580776138195,-0.9395473424830896,0.25758988103932456,0.5067675913712875,-0.07152161825427683,-0.18699560228830392,-0.15714378101287094,-0.19250202198797847,-0.3650833393028946,-1.1965066274132958,0.07573754056514193,-0.5007879990100188
-0.04997252105547964,1.2789268685163104,-1.1568394705590088,0.6796484726614873,0.38803626753250386,0.5816954708711304,0.14135306648968757,0.8469665319585392,0.6947615947282234,0.27812341015177994,0.9927145868568007,0.11588619232781792,0.08549887676925344,-1.4925272126746516,-0.6009455988120226
0.17181249388235756,1.2789268685163104,-1.1568394705590088,0.6796484726614873,0.38803626753250386,-0.8227620850666949,-0.4067687208327123,-0.9900097684670929,-1.0687527993048311,-1.0276781633421728,-0.9826464278844979,0.1260701194300788,1.3675043809518026,0.8328308697153871,1.1518123977230432
-0.1828954265023637,1.2789268685163104,-1.1568394705590088,0.6796484726614873,0.38803626753250386,0.25758988103932456,0.5067675913712875,-0.07152161825427683,0.033443696965827906,0.27812341015177994,-0.19250202198797847,0.1260701194300788,-1.1965066274132958,-1.059902453160226,0.0
-0.2895299578915075,-1.1104349419207578,-1.1601797382801151,-0.08713580776138195,-0.9395473424830896,1.337941847145344,1.4203039035752874,0.8469665319585392,0.6947615947282234,0.7133906013164308,0.597642383908541,-1.053108353035776,0.08549887676925344,-1.2762148329174388,-1.4522851971290545
-0.29212176941832696,-1.2063920084297877,-1.0733327775313528,0.2886392700617461,0.20932308926117313,-0.4986564952348891,-2.233841345240712,1.3980594220862288,0.9152008939823552,1.1486577924810817,0.597642383908541,2.994129652669048,-1.1965066274132958,0.29204992032235483,-0.9014183982180338
-0.21473768240328858,-1.1104349419207578,-1.1601797382801151,-0.08713580776138195,-0.9395473424830896,1.337941847145344,1.4203039035752874,0.8469665319585392,0.6947615947282234,0.7133906013164308,0.597642383908541,2.994129652669048,0.08549887676925344,-0.6272776936458,-1.4522851971290545
2.004593502133266,1.8451044152818088,0.2384380746573705,-0.5179881059307273,1.434784883121723,1.554012240366548,1.7857184284568872,0.8469665319585392,-2.391388594829622,-2.7687469280007764,-1.7727908337810172,-0.8727562352098543,1.3675043809518026,-0.5191215037671936,1.4022063972280525
-0.19104111987236774,-0.5538222474439407,1.2514935563585923,-0.5304879006192306,1.996454871974474,0.7977658640923343,0.5067675913712875,0.8469665319585392,-3.2731457918461495,-3.204014119165427,-2.9580074426257963,2.994129652669048,0.08549887676925344,1.5358461039263291,0.6009455988120226
-0.08996047032640855,-1.148385807453268,1.254833824079699,-0.4988477953139567,-1.5267477853746036,-1.6870436579515105,-1.320305033036712,-1.5411026585947825,-0.4074349015424357,-0.5924109721775218,-0.19250202198797847,-0.18044357397591915,-1.1965066274132958,0.34612801526165804,-1.5023639970300564
0.21735432499647103,-1.1409807605200954,0.2880649093709489,-0.5058789298262397,0.9497062563852547,1.337941847145344,1.4203039035752874,0.8469665319585392,-0.18699560228830392,-0.15714378101287094,-0.19250202198797847,1.3358760999740618,0.08549887676925344,-0.843590073403013,0.7011031986140263
-0.24028553888193763,-1.1270962975203966,0.32289912989105674,-0.49181666080167363,1.2305412508116313,0.7977658640923343,0.5067675913712875,0.8469665319585392,1.135640193236487,0.7133906013164308,1.3877867898050604,-0.18044357397591915,1.3675043809518026,0.34612801526165804,-0.35055159930701313
-0.18215490892327243,1.2789268685163104,-1.1568394705590088,0.6796484726614873,0.38803626753250386,0.5816954708711304,0.14135306648968757,0.8469665319585392,0.6947615947282234,0.27812341015177994,0.9927145868568007,-0.9654119228257313,0.08549887676925344,0.2379718253830516,-0.6009455988120226
-0.2595389959383108,0.6106213827974715,0.34341791732070936,-0.5090038784983656,-0.25022508343653194,-1.2549028715091026,-0.4067687208327123,-1.7248002886373457,-0.49561062124408845,0.3651768483847101,-1.2196897496534538,-0.9654119228257313,0.08549887676925344,-0.08649674425276777,-1.2018911976240452
-0.18696827318736572,0.6106213827974715,0.34341791732070936,-0.5090038784983656,-0.25022508343653194,1.1218714539241401,0.5067675913712875,1.3980594220862288,-0.6278742007965675,0.27812341015177994,-1.3777186308327576,0.006770415145578656,0.08549887676925344,0.021659445625838693,1.5023639970300564
-0.07033675448048973,0.6106213827974715,0.34341791732070936,-0.5090038784983656,-0.25022508343653194,-1.0388324782878988,-1.6857195579183122,-0.07152161825427683,0.47432229547409155,0.27812341015177994,0.597642383908541,-0.66451343385658,0.08549887676925344,-0.24873102907067746,-1.1518123977230432
-0.09181176427413675,0.6106213827974715,0.34341791732070936,-0.5090038784983656,-0.25022508343653194,-0.606691691845491,-0.9548905081551122,-0.07152161825427683,-0.18699560228830392,-0.5924109721775218,0.20257018096028123,-0.45330937043211694,0.08549887676925344,1.1032213444119032,0.9514971981190357
-0.1943734489782785,-1.1104349419207578,-1.1601797382801151,-0.08713580776138195,-0.9395473424830896,0.25758988103932456,0.5067675913712875,-0.07152161825427683,-0.18699560228830392,-0.15714378101287094,-0.19250202198797847,2.994129652669048,-1.1965066274132958,0.29204992032235483,-0.5007879990100188
-0.18881956713509393,1.2789268685163104,-1.1568394705590088,0.6796484726614873,0.38803626753250386,0.5816954708711304,0.14135306648968757,0.8469665319585392,0.25388299621995974,0.7133906013164308,-0.19250202198797847,-0.18044357397591915,0.08549887676925344,-0.7354338835244065,-0.9514971981190357
-0.2899002166810531,-1.1270962975203966,0.32289912989105674,-0.49181666080167363,1.2305412508116313,-0.28258610201368517,-0.4067687208327123,-0.07152161825427683,0.9152008939823552,0.7133906013164308,0.9927145868568007,0.03559255019714171,0.08549887676925344,1.4276899140477226,0.6510243987130244
-0.2754601238887732,-1.1490028946976991,1.2639002650369873,-0.48947294929757934,-1.4246259692195578,0.9058010607029362,1.6030111660160873,-0.07152161825427683,-3.2731457918461495,-2.7687469280007764,-3.353079645574056,-1.053108353035776,0.08549887676925344,-1.2762148329174388,-1.702679196634064
-0.24546916193557655,-1.1104349419207578,-1.1601797382801151,-0.08713580776138195,-0.9395473424830896,1.337941847145344,1.4203039035752874,0.8469665319585392,0.6947615947282234,0.7133906013164308,0.597642383908541,1.253919396708919,0.08549887676925344,-1.6547614974925613,-1.4522851971290545
-0.16586352218326436,1.2789268685163104,-1.1568394705590088,0.6796484726614873,0.38803626753250386,-0.8227620850666949,-0.4067687208327123,-0.9900097684670929,-1.0687527993048311,-1.0276781633421728,-0.9826464278844979,-1.053108353035776,1.3675043809518026,-1.2762148329174388,1.1518123977230432
-0.042197086475021246,-1.1693667737639242,-0.6710691076895581,-0.11330725289043549,-1.475686877297082,-0.8227620850666949,-0.4067687208327123,-0.9900097684670929,-1.0687527993048311,-1.0276781633421728,-0.9826464278844979,2.994129652669048,1.3675043809518026,1.5899241988656323,-1.3020487974260488
-0.23213984551193356,0.6106213827974715,0.34341791732070936,-0.5090038784983656,-0.25022508343653194,-0.606691691845491,-0.9548905081551122,-0.07152161825427683,-0.18699560228830392,-0.5924109721775218,0.20257018096028123,2.994129652669048,0.08549887676925344,0.29204992032235483,1.1017335978220413
0.4080376016124747,-1.1104349419207578,-1.1601797382801151,-0.08713580776138195,-0.9395473424830896,1.337941847145344,1.4203039035752874,0.8469665319585392,0.6947615947282234,0.7133906013164308,0.597642383908541,-0.07416729677918882,0.08549887676925344,-0.46504340882789036,-1.4522851971290545
-0.00665224267863999,1.8451044152818088,0.2384380746573705,-0.5179881059307273,1.434784883121723,1.554012240366548,1.7857184284568872,0.8469665319585392,-2.391388594829622,-2.7687469280007764,-1.7727908337810172,-0.18044357397591915,1.3675043809518026,0.6165184899581742,1.4022063972280525
9.875184591504894,-1.1693667737639242,-0.6710691076895581,-0.11330725289043549,-1.475686877297082,1.6620474369771499,1.7857184284568872,1.0306641620011023,-0.18699560228830392,0.7133906013164308,-0.9826464278844979,-0.07416729677918882,-1.1965066274132958,-1.546605307613955,0.5508667989110206
-0.27916271178422963,0.6106213827974715,0.34341791732070936,-0.5090038784983656,-0.25022508343653194,-1.2549028715091026,-0.4067687208327123,-1.7248002886373457,-0.49561062124408845,0.3651768483847101,-1.2196897496534538,0.03559255019714171,0.08549887676925344,-0.19465293413137422,-1.2018911976240452
-0.2510230437787611,0.6106213827974715,0.34341791732070936,-0.5090038784983656,-0.25022508343653194,0.25758988103932456,0.14135306648968757,0.2958736418308496,0.6947615947282234,0.27812341015177994,0.9927145868568007,0.1260701194300788,1.3675043809518026,0.8328308697153871,-0.80126079841603
-0.18437646166054628,-1.148385807453268,1.254833824079699,-0.4988477953139567,-1.5267477853746036,0.25758988103932456,0.5067675913712875,-0.07152161825427683,0.033443696965827906,0.27812341015177994,-0.19250202198797847,-0.7054938746681985,0.08549887676925344,-1.4384491177353484,-1.5524427969310584
-0.19955707203191742,-1.1104349419207578,-1.1601797382801151,-0.08713580776138195,-0.9395473424830896,1.337941847145344,1.4203039035752874,0.8469665319585392,0.6947615947282234,0.7133906013164308,0.597642383908541,-0.18044357397591915,0.08549887676925344,-1.0058243582209225,-1.4522851971290545
-0.2606497723069477,-1.1844854112524852,-1.1783126201946919,-0.8910288536657452,1.7156198775480973,0.7977658640923343,0.5067675913712875,0.8469665319585392,1.135640193236487,0.7133906013164308,1.3877867898050604,0.481837613057126,-1.1965066274132958,1.2113775342905098,0.5007879990100188
-0.24954200862057857,1.2789268685163104,-1.1568394705590088,0.6796484726614873,0.38803626753250386,0.25758988103932456,0.5067675913712875,-0.07152161825427683,0.033443696965827906,0.27812341015177994,-0.19250202198797847,-0.48522247572823496,-1.1965066274132958,-0.9517462632816194,0.0
-0.005171207520457437,-1.1693667737639242,-0.6710691076895581,-0.11330725289043549,-1.475686877297082,-0.8227620850666949,-0.4067687208327123,-0.9900097684670929,-1.0687527993048311,-1.0276781633421728,-0.9826464278844979,-1.053108353035776,1.3675043809518026,-1.2762148329174388,-1.3020487974260488
-0.29212176941832696,-0.551662442088432,1.2667633516550785,1.8397856671881925,2.532594406788464,0.7977658640923343,0.5067675913712875,0.8469665319585392,-3.2731457918461495,-3.204014119165427,-2.9580074426257963,0.03559255019714171,0.08549887676925344,-0.19465293413137422,-0.5508667989110206
-0.2643523602024041,-1.0734097072548943,4.356033812575339,6.534630428473198,-0.8118950722892828,0.25758988103932456,0.5067675913712875,-0.07152161825427683,-0.18699560228830392,-0.5924109721775218,0.20257018096028123,-0.8727562352098543,0.08549887676925344,0.5083623000795677,-1.4022063972280525
-0.1429074772314348,0.6106213827974715,0.34341791732070936,-0.5090038784983656,-0.25022508343653194,-0.606691691845491,-0.9548905081551122,-0.07152161825427683,-0.18699560228830392,-0.5924109721775218,0.20257018096028123,-0.66451343385658,0.08549887676925344,-0.24873102907067746,1.1017335978220413
-0.23843424493420942,-1.1104349419207578,-1.1601797382801151,-0.08713580776138195,-0.9395473424830896,-0.714726888456093,-2.051134082799912,0.8469665319585392,0.033443696965827906,0.27812341015177994,-0.19250202198797847,-0.18044357397591915,-1.1965066274132958,0.6165184899581742,-0.7511819985150282
-0.2532445965160349,-1.1844854112524852,-1.1783126201946919,-0.8910288536657452,1.7156198775480973,-1.3629380681197047,-1.320305033036712,-0.9900097684670929,0.47432229547409155,1.1486577924810817,-0.19250202198797847,-0.45330937043211694,1.3675043809518026,-0.8976681683423162,0.3004727994060113
-0.27027650083513427,0.6106213827974715,0.34341791732070936,-0.5090038784983656,-0.25022508343653194,-0.8227620850666949,-0.4067687208327123,-0.9900097684670929,0.6947615947282234,0.7133906013164308,0.597642383908541,2.994129652669048,1.3675043809518026,-0.6272776936458,0.2503939995050094
-0.16993636886826638,1.2789268685163104,-1.1568394705590088,0.6796484726614873,0.38803626753250386,0.36562507764992647,1.2375966411344874,-0.6226145083819664,1.3560794924906188,0.7133906013164308,1.78285899275332,-0.07416729677918882,1.3675043809518026,-0.46504340882789036,0.05007879990100188
-0.2895299578915075,0.6106213827974715,0.34341791732070936,-0.5090038784983656,-0.25022508343653194,0.25758988103932456,0.14135306648968757,0.2958736418308496,0.6947615947282234,0.27812341015177994,0.9927145868568007,-0.3650833393028946,1.3675043809518026,0.07573754056514193,-0.80126079841603
-0.24954200862057857,-0.24959823593942765,0.8497070676198127,0.6726173381492043,1.000767164462779,1.337941847145344,1.4203039035752874,0.8469665319585392,0.6947615947282234,0.7133906013164308,0.597642383908541,0.5534877303040735,-1.1965066274132958,0.9950651545332968,1.3020487974260488
-0.29323254578696384,-1.1104349419207578,-1.1601797382801151,-0.08713580776138195,-0.9395473424830896,-0.8227620850666949,-0.4067687208327123,-0.9900097684670929,-1.0687527993048311,-1.0276781633421728,-0.9826464278844979,2.994129652669048,1.3675043809518026,0.29204992032235483,0.9014183982180338
-0.16327171065644489,1.2789268685163104,-1.1568394705590088,0.6796484726614873,0.38803626753250386,0.36562507764992647,1.2375966411344874,-0.6226145083819664,1.3560794924906188,0.7133906013164308,1.78285899275332,-0.18044357397591915,1.3675043809518026,-0.7354338835244065,0.05007879990100188
-0.2506527849892155,-1.1693667737639242,-0.6710691076895581,-0.11330725289043549,-1.475686877297082,0.25758988103932456,0.5067675913712875,-0.07152161825427683,-0.18699560228830392,-0.15714378101287094,-0.19250202198797847,-0.07416729677918882,-1.1965066274132958,1.0491432494726,1.7527579965350657
-0.27842219420513836,-0.551662442088432,1.2667633516550785,1.8397856671881925,2.532594406788464,0.7977658640923343,0.5067675913712875,0.8469665319585392,-3.2731457918461495,-3.204014119165427,-2.9580074426257963,0.5534877303040735,0.08549887676925344,-1.6006834025532581,-0.5508667989110206
-0.15512601728644085,0.6106213827974715,0.34341791732070936,-0.5090038784983656,-0.25022508343653194,-1.0388324782878988,-1.6857195579183122,-0.07152161825427683,0.47432229547409155,0.27812341015177994,0.597642383908541,2.994129652669048,0.08549887676925344,0.29204992032235483,-1.1518123977230432
-0.032570357946834654,0.6106213827974715,0.34341791732070936,-0.5090038784983656,-0.25022508343653194,-1.0388324782878988,-1.6857195579183122,-0.07152161825427683,0.47432229547409155,0.27812341015177994,0.597642383908541,-1.053108353035776,0.08549887676925344,0.6705965848974774,-1.1518123977230432
-0.19030060229327647,0.6106213827974715,0.34341791732070936,-0.5090038784983656,-0.25022508343653194,-0.606691691845491,-0.9548905081551122,-0.07152161825427683,-0.18699560228830392,-0.5924109721775218,0.20257018096028123,1.3358760999740618,0.08549887676925344,-0.843590073403013,0.9514971981190357
-0.2850868524169598,-1.1844854112524852,-1.1783126201946919,-0.8910288536657452,1.7156198775480973,0.7977658640923343,0.5067675913712875,0.8469665319585392,1.135640193236487,0.7133906013164308,1.3877867898050604,0.006770415145578656,-1.1965066274132958,0.7787527747760838,0.5007879990100188
0.39396776760974045,-1.1104349419207578,-1.1601797382801151,-0.08713580776138195,-0.9395473424830896,0.25758988103932456,0.5067675913712875,-0.07152161825427683,-0.18699560228830392,-0.15714378101287094,-0.19250202198797847,0.481837613057126,-1.1965066274132958,1.2113775342905098,-0.5007879990100188
0.30695695206651546,0.6106213827974715,0.34341791732070936,-0.5090038784983656,-0.25022508343653194,-0.714726888456093,-0.0413541959511124,-1.173707398509656,0.6947615947282234,0.7133906013164308,0.597642383908541,-0.5008826302442834,1.3675043809518026,1.6440022938049355,1.5524427969310584
-0.2528743377264893,0.6106213827974715,0.34341791732070936,-0.5090038784983656,-0.25022508343653194,-0.8227620850666949,-0.4067687208327123,-0.9900097684670929,0.6947615947282234,0.7133906013164308,0.597642383908541,1.3358760999740618,1.3675043809518026,-0.843590073403013,0.2503939995050094
-0.11032470375141865,-1.148385807453268,1.254833824079699,-0.4988477953139567,-1.5267477853746036,-1.6870436579515105,-1.320305033036712,-1.5411026585947825,-0.4074349015424357,-0.5924109721775218,-0.19250202198797847,-0.45330937043211694,-1.1965066274132958,-0.8976681683423162,-1.5023639970300564
-0.2758303826783189,0.6106213827974715,0.34341791732070936,-0.5090038784983656,-0.25022508343653194,0.6897306674817323,0.5067675913712875,0.663268901915976,0.033443696965827906,0.27812341015177994,-0.19250202198797847,-0.9654119228257313,-1.1965066274132958,-1.1680586430388322,0.400630399208015
-0.26583339536058664,-1.1693667737639242,-0.6710691076895581,-0.11330725289043549,-1.475686877297082,1.8781178301983537,1.4203039035752874,1.7654546821713553,-0.6278742007965675,-0.15714378101287094,-0.9826464278844979,-0.07416729677918882,-1.1965066274132958,1.0491432494726,1.60252159683206
-0.042197086475021246,-0.22886971441058448,0.5783211603049987,0.5987549149898665,0.31144490541621894,-0.8227620850666949,-1.320305033036712,-0.07152161825427683,0.6947615947282234,0.27812341015177994,0.9927145868568007,0.03559255019714171,-1.1965066274132958,1.4276899140477226,0.15023639970300565
0.21920561894419924,0.6106213827974715,0.34341791732070936,-0.5090038784983656,-0.25022508343653194,-0.28258610201368517,-0.4067687208327123,-0.07152161825427683,-1.0687527993048311,-1.0276781633421728,-0.9826464278844979,0.006770415145578656,1.3675043809518026,-0.14057483919207098,-1.0015759980200376
0.42543976472111966,-1.1270962975203966,0.32289912989105674,-0.49181666080167363,1.2305412508116313,0.7977658640923343,0.5067675913712875,0.8469665319585392,1.135640193236487,0.7133906013164308,1.3877867898050604,1.3358760999740618,1.3675043809518026,-0.843590073403013,-0.35055159930701313
0.15033748408871056,-1.1693667737639242,-0.6710691076895581,-0.11330725289043549,-1.475686877297082,-0.8227620850666949,-0.4067687208327123,-0.9900097684670929,-1.0687527993048311,-1.0276781633421728,-0.9826464278844979,-0.45330937043211694,1.3675043809518026,1.3736118191084195,-1.3020487974260488
-0.29286228699741823,0.6106213827974715,0.34341791732070936,-0.5090038784983656,-0.25022508343653194,-2.011149247783316,-2.233841345240712,-1.173707398509656,0.9152008939823552,1.1486577924810817,0.597642383908541,0.1260701194300788,0.08549887676925344,-1.059902453160226,1.4522851971290545
1.4729018803457299,-1.1844854112524852,-1.1783126201946919,-0.8910288536657452,1.7156198775480973,0.7977658640923343,0.5067675913712875,0.8469665319585392,1.135640193236487,0.7133906013164308,1.3877867898050604,-0.8727562352098543,-1.1965066274132958,0.12981563550444514,0.5007879990100188
-0.052194073792753475,-0.24959823593942765,0.8497070676198127,0.6726173381492043,1.000767164462779,1.1218714539241401,1.0548893786936875,0.8469665319585392,-0.4074349015424357,0.27812341015177994,-0.9826464278844979,0.1260701194300788,-1.1965066274132958,-1.3843710227960453,-0.3004727994060113
-0.18030361497554426,-0.22886971441058448,0.5783211603049987,0.5987549149898665,0.31144490541621894,-0.8227620850666949,-1.320305033036712,-0.07152161825427683,0.6947615947282234,0.27812341015177994,0.9927145868568007,0.11588619232781792,-1.1965066274132958,-1.4925272126746516,0.15023639970300565
-0.19918681324237178,-1.1693667737639242,-0.6710691076895581,-0.11330725289043549,-1.475686877297082,0.25758988103932456,0.5067675913712875,-0.07152161825427683,-0.18699560228830392,-0.15714378101287094,-0.19250202198797847,-0.7054938746681985,-1.1965066274132958,1.4817680089870258,1.7527579965350657
-0.27249805357240814,-1.1693667737639242,-0.6710691076895581,-0.11330725289043549,-1.475686877297082,0.04151948781812065,-1.320305033036712,1.3980594220862288,-0.18699560228830392,-0.15714378101287094,-0.19250202198797847,-0.66451343385658,-1.1965066274132958,-1.7088395924318647,1.3521275973270508
-0.21807001150919933,-1.1104349419207578,-1.1601797382801151,-0.08713580776138195,-0.9395473424830896,1.337941847145344,1.4203039035752874,0.8469665319585392,0.25388299621995974,0.7133906013164308,-0.19250202198797847,-0.8727562352098543,0.08549887676925344,-0.5191215037671936,-0.4507091991090169
-0.2380639861446638,-1.1693667737639242,-0.6710691076895581,-0.11330725289043549,-1.475686877297082,0.25758988103932456,0.5067675913712875,-0.07152161825427683,-0.18699560228830392,-0.15714378101287094,-0.19250202198797847,-0.07416729677918882,-1.1965066274132958,-0.46504340882789036,1.7527579965350657
0.051848646069570827,-1.1104349419207578,-1.1601797382801151,-0.08713580776138195,-0.9395473424830896,-0.714726888456093,-2.051134082799912,0.8469665319585392,0.033443696965827906,0.27812341015177994,-0.19250202198797847,0.1260701194300788,-1.1965066274132958,-1.059902453160226,-0.7511819985150282
-0.24361786798784835,1.2789268685163104,-1.1568394705590088,0.6796484726614873,0.38803626753250386,-0.17455090540308324,0.14135306648968757,-0.43891687833940324,0.6947615947282234,0.7133906013164308,0.597642383908541,0.1260701194300788,-1.1965066274132958,-0.03241864931346453,-0.10015759980200376
-0.1865980143978201,0.6106213827974715,0.34341791732070936,-0.5090038784983656,-0.25022508343653194,0.25758988103932456,0.14135306648968757,0.2958736418308496,0.6947615947282234,0.27812341015177994,0.9927145868568007,-0.7054938746681985,1.3675043809518026,1.4817680089870258,-0.851339598317032
-0.18733853197691136,-0.24959823593942765,0.8497070676198127,0.6726173381492043,1.000767164462779,1.1218714539241401,1.0548893786936875,0.8469665319585392,-0.4074349015424357,0.27812341015177994,-0.9826464278844979,0.006770415145578656,-1.1965066274132958,-0.7895119784637097,-0.3004727994060113
-0.24176657404012017,0.6106213827974715,0.34341791732070936,-0.5090038784983656,-0.25022508343653194,0.25758988103932456,0.14135306648968757,0.2958736418308496,0.6947615947282234,0.27812341015177994,0.9927145868568007,-0.18044357397591915,1.3675043809518026,0.6165184899581742,-0.80126079841603
-0.28804892273332494,-1.1693667737639242,-0.6710691076895581,-0.11330725289043549,-1.475686877297082,0.25758988103932456,0.5067675913712875,-0.07152161825427683,-0.18699560228830392,-0.15714378101287094,-0.19250202198797847,-0.48522247572823496,-1.1965066274132958,1.6980803887442388,-1.7527579965350657
-0.0514535562136622,-1.1270962975203966,0.32289912989105674,-0.49181666080167363,1.2305412508116313,-0.28258610201368517,-0.4067687208327123,-0.07152161825427683,0.9152008939823552,0.7133906013164308,0.9927145868568007,-0.8727562352098543,0.08549887676925344,-0.5191215037671936,0.6510243987130244
0.9863818308827613,1.8451044152818088,0.2384380746573705,-0.5179881059307273,1.434784883121723,1.554012240366548,1.7857184284568872,0.8469665319585392,-2.391388594829622,-2.7687469280007764,-1.7727908337810172,-0.48522247572823496,1.3675043809518026,0.9409870595939935,1.4022063972280525
-0.20437043629601073,-1.1844854112524852,-1.1783126201946919,-0.8910288536657452,1.7156198775480973,0.7977658640923343,1.4203039035752874,-0.07152161825427683,0.6947615947282234,0.7133906013164308,0.597642383908541,0.03559255019714171,-1.1965066274132958,0.7246746798367807,-0.2003151996040075
-0.012206124521824561,-0.22886971441058448,0.5783211603049987,0.5987549149898665,0.31144490541621894,-0.8227620850666949,-1.320305033036712,-0.07152161825427683,0.6947615947282234,0.27812341015177994,0.9927145868568007,-0.45330937043211694,-1.1965066274132958,1.1032213444119032,0.15023639970300565
-0.28841918152287055,-1.1490028946976991,1.2639002650369873,-0.48947294929757934,-1.4246259692195578,0.9058010607029362,1.6030111660160873,-0.07152161825427683,-3.2731457918461495,-2.7687469280007764,-3.353079645574056,-0.48522247572823496,0.08549887676925344,-0.9517462632816194,-1.702679196634064
-0.2021488835587369,-0.22886971441058448,0.5783211603049987,0.5987549149898665,0.31144490541621894,-0.8227620850666949,-1.320305033036712,-0.07152161825427683,0.6947615947282234,0.27812341015177994,0.9927145868568007,2.994129652669048,-1.1965066274132958,1.5899241988656323,0.15023639970300565
-0.2821247821005947,1.8451044152818088,0.2384380746573705,-0.5179881059307273,1.434784883121723,1.554012240366548,1.7857184284568872,0.8469665319585392,-2.391388594829622,-2.7687469280007764,-1.7727908337810172,0.03559255019714171,1.3675043809518026,-0.19465293413137422,1.4022063972280525
-0.273608829941045,1.2789268685163104,-1.1568394705590088,0.6796484726614873,0.38803626753250386,0.7977658640923343,0.5067675913712875,0.8469665319585392,0.033443696965827906,0.27812341015177994,-0.19250202198797847,0.1260701194300788,0.08549887676925344,-1.059902453160226,1.0015759980200376
-0.2617605486755846,1.2789268685163104,-1.1568394705590088,0.6796484726614873,0.38803626753250386,0.25758988103932456,0.5067675913712875,-0.07152161825427683,0.033443696965827906,0.27812341015177994,-0.19250202198797847,2.994129652669048,-1.1965066274132958,1.5899241988656323,0.0
-0.20177862476919126,1.2789268685163104,-1.1568394705590088,0.6796484726614873,0.38803626753250386,-0.28258610201368517,0.14135306648968757,-0.6226145083819664,0.25388299621995974,0.27812341015177994,0.20257018096028123,-1.053108353035776,-1.1965066274132958,-1.2762148329174388,-1.1017335978220413
0.07221287949458093,-1.1844854112524852,-1.1783126201946919,-0.8910288536657452,1.7156198775480973,0.7977658640923343,1.4203039035752874,-0.07152161825427683,0.6947615947282234,0.7133906013164308,0.597642383908541,1.253919396708919,-1.1965066274132958,-1.6547614974925613,-0.2003151996040075
0.6868424701403402,0.6106213827974715,0.34341791732070936,-0.5090038784983656,-0.25022508343653194,0.25758988103932456,0.5067675913712875,-0.07152161825427683,-0.4074349015424357,-1.0276781633421728,0.20257018096028123,-0.8727562352098543,0.08549887676925344,0.12981563550444514,-0.7011031986140263
0.455800985463862,0.6106213827974715,0.34341791732070936,-0.5090038784983656,-0.25022508343653194,-1.4709732647303067,-1.320305033036712,-1.173707398509656,0.25388299621995974,0.7133906013164308,-0.19250202198797847,1.253919396708919,0.08549887676925344,-1.2221367379781356,-1.251969997525047
-0.28730840515423367,-1.1693667737639242,-0.6710691076895581,-0.11330725289043549,-1.475686877297082,0.25758988103932456,0.5067675913712875,-0.07152161825427683,-0.18699560228830392,-0.15714378101287094,-0.19250202198797847,-0.18044357397591915,-1.1965066274132958,0.18389373044374838,-1.7527579965350657
7.5355193003660075,-1.2094774446519432,1.2939626745269432,-0.5238473846909631,1.4858457911992449,-1.9031140511727145,-1.320305033036712,-1.908497918679909,1.5765187917447507,1.1486577924810817,1.78285899275332,-0.9654119228257313,0.08549887676925344,-0.08649674425276777,0.35055159930701313
-0.2913812518392357,-0.551662442088432,1.2667633516550785,1.8397856671881925,2.532594406788464,0.7977658640923343,0.5067675913712875,0.8469665319585392,-3.2731457918461495,-3.204014119165427,-2.9580074426257963,-0.66451343385658,0.08549887676925344,-1.7088395924318647,-0.5508667989110206
0.12182755729369642,0.6106213827974715,0.34341791732070936,-0.5090038784983656,-0.25022508343653194,-0.8227620850666949,-0.4067687208327123,-0.9900097684670929,0.25388299621995974,-0.15714378101287094,0.597642383908541,-0.8727562352098543,1.3675043809518026,-0.5191215037671936,0.2003151996040075
-0.2380639861446638,-1.1490028946976991,1.2639002650369873,-0.48947294929757934,-1.4246259692195578,0.9058010607029362,1.6030111660160873,-0.07152161825427683,-3.2731457918461495,-2.7687469280007764,-3.353079645574056,0.481837613057126,0.08549887676925344,1.2113775342905098,-1.702679196634064
-0.08033374179822196,0.6106213827974715,0.34341791732070936,-0.5090038784983656,-0.25022508343653194,-0.606691691845491,-0.9548905081551122,-0.07152161825427683,-0.18699560228830392,-0.5924109721775218,0.20257018096028123,-0.45330937043211694,0.08549887676925344,1.1032213444119032,1.1017335978220413
-0.1458695475477999,-1.1693667737639242,-0.6710691076895581,-0.11330725289043549,-1.475686877297082,-0.8227620850666949,-0.4067687208327123,-0.9900097684670929,-1.0687527993048311,-1.0276781633421728,-0.9826464278844979,0.03559255019714171,1.3675043809518026,1.4276899140477226,-1.3020487974260488
-0.2721277947828625,-1.1844854112524852,-1.1783126201946919,-0.8910288536657452,1.7156198775480973,0.7977658640923343,1.4203039035752874,-0.07152161825427683,0.6947615947282234,0.7133906013164308,0.597642383908541,1.3358760999740618,-1.1965066274132958,-0.843590073403013,-0.2003151996040075
-0.2780519354155927,-1.1104349419207578,-1.1601797382801151,-0.08713580776138195,-0.9395473424830896,0.25758988103932456,0.5067675913712875,-0.07152161825427683,-0.18699560228830392,-0.15714378101287094,-0.19250202198797847,-0.18044357397591915,-1.1965066274132958,0.562440395018871,-0.5007879990100188
0.1340460973487025,1.2789268685163104,-1.1568394705590088,0.6796484726614873,0.38803626753250386,0.5816954708711304,0.14135306648968757,0.8469665319585392,0.25388299621995974,0.7133906013164308,-0.19250202198797847,1.253919396708919,0.08549887676925344,-1.2221367379781356,-0.9514971981190357
-0.24250709161921144,1.2789268685163104,-1.1568394705590088,0.6796484726614873,0.38803626753250386,0.36562507764992647,1.2375966411344874,-0.6226145083819664,1.3560794924906188,0.7133906013164308,1.78285899275332,0.1260701194300788,1.3675043809518026,-0.03241864931346453,0.05007879990100188
-0.19326267260964158,0.6106213827974715,0.34341791732070936,-0.5090038784983656,-0.25022508343653194,-0.606691691845491,-0.9548905081551122,-0.07152161825427683,-0.18699560228830392,-0.5924109721775218,0.20257018096028123,0.1260701194300788,0.08549887676925344,0.8328308697153871,0.9514971981190357
-0.24287735040875708,-1.1693667737639242,-0.6710691076895581,-0.11330725289043549,-1.475686877297082,1.337941847145344,1.4203039035752874,0.8469665319585392,0.6947615947282234,0.7133906013164308,0.597642383908541,0.11588619232781792,0.08549887676925344,-1.4925272126746516,-0.15023639970300565
-0.1525342057596214,0.6106213827974715,0.34341791732070936,-0.5090038784983656,-0.25022508343653194,-0.714726888456093,-0.0413541959511124,-1.173707398509656,0.6947615947282234,0.7133906013164308,0.597642383908541,1.253919396708919,1.3675043809518026,-1.6547614974925613,1.5524427969310584
-0.25028252619966984,-1.1409807605200954,0.2880649093709489,-0.5058789298262397,0.9497062563852547,1.337941847145344,1.4203039035752874,0.8469665319585392,-0.18699560228830392,-0.15714378101287094,-0.19250202198797847,0.006770415145578656,0.08549887676925344,0.021659445625838693,0.7011031986140263
-0.29286228699741823,-0.551662442088432,1.2667633516550785,1.8397856671881925,2.532594406788464,0.7977658640923343,0.5067675913712875,0.8469665319585392,-3.2731457918461495,-3.204014119165427,-2.9580074426257963,-0.18044357397591915,0.08549887676925344,0.6165184899581742,-0.5508667989110206
-0.2780519354155927,-1.1693667737639242,-0.6710691076895581,-0.11330725289043549,-1.475686877297082,1.8781178301983537,1.4203039035752874,1.7654546821713553,-0.6278742007965675,-0.15714378101287094,-0.9826464278844979,-0.20265138455711335,-1.1965066274132958,-1.330292927856742,1.60252159683206
0.4643169376234117,-1.1270962975203966,0.32289912989105674,-0.49181666080167363,1.2305412508116313,-0.28258610201368517,-0.4067687208327123,-0.07152161825427683,0.9152008939823552,0.7133906013164308,0.9927145868568007,-1.053108353035776,0.08549887676925344,0.6705965848974774,0.6510243987130244
0.018155096220917762,-0.24959823593942765,0.8497070676198127,0.6726173381492043,1.000767164462779,1.1218714539241401,1.0548893786936875,0.8469665319585392,-0.4074349015424357,0.27812341015177994,-0.9826464278844979,1.253919396708919,-1.1965066274132958,-1.6547614974925613,-0.3004727994060113
-0.04701045073911454,0.6106213827974715,0.34341791732070936,-0.5090038784983656,-0.25022508343653194,-0.8227620850666949,-0.4067687208327123,-0.9900097684670929,0.6947615947282234,0.7133906013164308,0.597642383908541,0.03559255019714171,1.3675043809518026,-0.5731995987064968,0.2503939995050094
-0.2876786639437793,-1.1270962975203966,0.32289912989105674,-0.49181666080167363,1.2305412508116313,0.7977658640923343,0.5067675913712875,0.8469665319585392,1.135640193236487,0.7133906013164308,1.3877867898050604,-0.8727562352098543,1.3675043809518026,-0.5191215037671936,-0.35055159930701313
-0.05478588531957294,0.6106213827974715,0.34341791732070936,-0.5090038784983656,-0.25022508343653194,0.25758988103932456,0.14135306648968757,0.2958736418308496,0.6947615947282234,0.27812341015177994,0.9927145868568007,-0.18044357397591915,1.3675043809518026,0.562440395018871,-0.851339598317032
0.18477155151645488,0.6106213827974715,0.34341791732070936,-0.5090038784983656,-0.25022508343653194,-0.8227620850666949,-0.4067687208327123,-0.9900097684670929,0.25388299621995974,-0.15714378101287094,0.597642383908541,0.1260701194300788,1.3675043809518026,-1.059902453160226,0.2003151996040075
-0.2847165936274142,-1.1844854112524852,-1.1783126201946919,-0.8910288536657452,1.7156198775480973,0.7977658640923343,1.4203039035752874,-0.07152161825427683,0.6947615947282234,0.7133906013164308,0.597642383908541,-0.18044357397591915,-1.1965066274132958,0.34612801526165804,-0.2003151996040075
-0.269535983256043,-1.1844854112524852,-1.1783126201946919,-0.8910288536657452,1.7156198775480973,0.7977658640923343,1.4203039035752874,-0.07152161825427683,0.6947615947282234,0.7133906013164308,0.597642383908541,-1.053108353035776,-1.1965066274132958,0.8869089646546904,-0.2003151996040075
0.09813099476277559,0.6106213827974715,0.34341791732070936,-0.5090038784983656,-0.25022508343653194,-1.6870436579515105,-1.320305033036712,-1.5411026585947825,1.135640193236487,1.1486577924810817,0.9927145868568007,-0.18044357397591915,0.08549887676925344,-1.0058243582209225,1.2018911976240452
1.0167430516255036,0.6106213827974715,0.34341791732070936,-0.5090038784983656,-0.25022508343653194,-0.28258610201368517,-0.4067687208327123,-0.07152161825427683,-1.0687527993048311,-1.0276781633421728,-0.9826464278844979,0.03559255019714171,1.3675043809518026,0.4002061102009613,-1.0015759980200376
-0.22325363456283825,1.2789268685163104,-1.1568394705590088,0.6796484726614873,0.38803626753250386,0.36562507764992647,1.2375966411344874,-0.6226145083819664,1.3560794924906188,0.7133906013164308,1.78285899275332,-0.3650833393028946,1.3675043809518026,0.07573754056514193,0.05007879990100188
-0.16179067549826234,-0.24959823593942765,0.8497070676198127,0.6726173381492043,1.000767164462779,1.1218714539241401,1.0548893786936875,0.8469665319585392,-0.4074349015424357,0.27812341015177994,-0.9826464278844979,-0.66451343385658,-1.1965066274132958,-0.24873102907067746,-0.3004727994060113
-0.08921995274731728,-1.1270962975203966,0.32289912989105674,-0.49181666080167363,1.2305412508116313,0.7977658640923343,0.5067675913712875,0.8469665319585392,1.135640193236487,0.7133906013164308,1.3877867898050604,-0.7054938746681985,1.3675043809518026,-1.4384491177353484,-0.35055159930701313
-0.28175452331104905,-1.1693667737639242,-0.6710691076895581,-0.11330725289043549,-1.475686877297082,0.04151948781812065,-1.320305033036712,1.3980594220862288,-0.18699560228830392,-0.15714378101287094,-0.19250202198797847,-0.45330937043211694,-1.1965066274132958,1.3736118191084195,1.3521275973270508
-0.13772385417779587,-1.1104349419207578,-1.1601797382801151,-0.08713580776138195,-0.9395473424830896,1.337941847145344,1.4203039035752874,0.8469665319585392,0.6947615947282234,0.7133906013164308,0.597642383908541,-0.3650833393028946,0.08549887676925344,0.07573754056514193,-1.4522851971290545
3.140177209669738,1.8451044152818088,0.2384380746573705,-0.5179881059307273,1.434784883121723,-0.28258610201368517,-0.4067687208327123,-0.07152161825427683,0.25388299621995974,0.27812341015177994,0.20257018096028123,0.006770415145578656,0.08549887676925344,-0.14057483919207098,1.251969997525047
-0.05108329742411656,-1.1104349419207578,-1.1601797382801151,-0.08713580776138195,-0.9395473424830896,0.25758988103932456,0.5067675913712875,-0.07152161825427683,-0.18699560228830392,-0.15714378101287094,-0.19250202198797847,0.481837613057126,-1.1965066274132958,-0.30280912400998067,-0.5007879990100188
-0.2110350945078322,0.6106213827974715,0.34341791732070936,-0.5090038784983656,-0.25022508343653194,0.25758988103932456,0.14135306648968757,0.2958736418308496,0.6947615947282234,0.27812341015177994,0.9927145868568007,2.994129652669048,1.3675043809518026,1.5899241988656323,-0.80126079841603
-0.1136570328573294,0.6106213827974715,0.34341791732070936,-0.5090038784983656,-0.25022508343653194,-1.0388324782878988,-1.6857195579183122,-0.07152161825427683,0.47432229547409155,0.27812341015177994,0.597642383908541,0.006770415145578656,0.08549887676925344,-0.7895119784637097,-1.1518123977230432
-0.14883161786416502,-1.1693667737639242,-0.6710691076895581,-0.11330725289043549,-1.475686877297082,0.04151948781812065,-1.320305033036712,1.3980594220862288,-0.18699560228830392,-0.15714378101287094,-0.19250202198797847,-0.7539631269986905,-1.1965066274132958,1.319533724169116,1.3521275973270508
1.0937568798509965,-1.1693667737639242,-0.6710691076895581,-0.11330725289043549,-1.475686877297082,1.6620474369771499,1.7857184284568872,1.0306641620011023,-0.18699560228830392,0.7133906013164308,-0.9826464278844979,0.481837613057126,-1.1965066274132958,1.2113775342905098,0.5508667989110206
-0.29027047547059875,-1.1693667737639242,-0.6710691076895581,-0.11330725289043549,-1.475686877297082,1.8781178301983537,1.4203039035752874,1.7654546821713553,-0.6278742007965675,-0.15714378101287094,-0.9826464278844979,-0.48522247572823496,-1.1965066274132958,0.9409870595939935,1.60252159683206
0.11368186392369238,-1.1844854112524852,-1.1783126201946919,-0.8910288536657452,1.7156198775480973,-1.3629380681197047,-1.320305033036712,-0.9900097684670929,0.47432229547409155,1.1486577924810817,-0.19250202198797847,2.994129652669048,1.3675043809518026,0.29204992032235483,0.3004727994060113
-0.27842219420513836,1.2789268685163104,-1.1568394705590088,0.6796484726614873,0.38803626753250386,0.7977658640923343,0.5067675913712875,0.8469665319585392,0.033443696965827906,0.27812341015177994,-0.19250202198797847,-0.45330937043211694,0.08549887676925344,1.3736118191084195,1.0015759980200376
-0.15623679365507778,-0.22886971441058448,0.5783211603049987,0.5987549149898665,0.31144490541621894,-0.8227620850666949,-1.320305033036712,-0.07152161825427683,0.6947615947282234,0.27812341015177994,0.9927145868568007,-0.18044357397591915,-1.1965066274132958,0.18389373044374838,0.15023639970300565
-0.25028252619966984,0.6106213827974715,0.34341791732070936,-0.5090038784983656,-0.25022508343653194,-0.8227620850666949,-0.4067687208327123,-0.9900097684670929,0.25388299621995974,-0.15714378101287094,0.597642383908541,-0.8727562352098543,1.3675043809518026,0.12981563550444514,0.2003151996040075
2.0512461096160166,1.8451044152818088,0.2384380746573705,-0.5179881059307273,1.434784883121723,-0.28258610201368517,-0.4067687208327123,-0.07152161825427683,0.25388299621995974,0.27812341015177994,0.20257018096028123,-0.45330937043211694,0.08549887676925344,-0.6813557885851033,1.251969997525047
-0.20844328298101275,-1.148385807453268,1.254833824079699,-0.4988477953139567,-1.5267477853746036,-1.6870436579515105,-1.320305033036712,-1.5411026585947825,-0.4074349015424357,-0.5924109721775218,-0.19250202198797847,-1.053108353035776,-1.1965066274132958,-1.2762148329174388,-1.5023639970300564
-0.08996047032640855,-1.1693667737639242,-0.6710691076895581,-0.11330725289043549,-1.475686877297082,-0.8227620850666949,-0.4067687208327123,-0.9900097684670929,-1.0687527993048311,-1.0276781633421728,-0.9826464278844979,0.481837613057126,1.3675043809518026,1.2113775342905098,-1.3020487974260488
-0.05330485016139039,-1.1693667737639242,-0.6710691076895581,-0.11330725289043549,-1.475686877297082,-0.8227620850666949,-0.4067687208327123,-0.9900097684670929,-1.0687527993048311,-1.0276781633421728,-0.9826464278844979,0.006770415145578656,1.3675043809518026,0.7787527747760838,-1.3020487974260488
-0.17067688644735765,-1.1104349419207578,-1.1601797382801151,-0.08713580776138195,-0.9395473424830896,0.25758988103932456,0.5067675913712875,-0.07152161825427683,-0.18699560228830392,-0.15714378101287094,-0.19250202198797847,-0.45330937043211694,-1.1965066274132958,-0.6813557885851033,-0.5007879990100188
-0.22103208182556444,1.2789268685163104,-1.1568394705590088,0.6796484726614873,0.38803626753250386,-0.17455090540308324,0.14135306648968757,-0.43891687833940324,0.6947615947282234,0.7133906013164308,0.597642383908541,-0.18044357397591915,-1.1965066274132958,0.562440395018871,-0.10015759980200376
-0.28175452331104905,1.2789268685163104,-1.1568394705590088,0.6796484726614873,0.38803626753250386,0.25758988103932456,0.5067675913712875,-0.07152161825427683,0.033443696965827906,0.27812341015177994,-0.19250202198797847,0.5534877303040735,-1.1965066274132958,-1.6006834025532581,0.0
-0.26398210141285844,0.6106213827974715,0.34341791732070936,-0.5090038784983656,-0.25022508343653194,0.7977658640923343,0.5067675913712875,0.8469665319585392,1.5765187917447507,1.5839249836457325,1.3877867898050604,2.406388753687064,-1.1965066274132958,-1.113980548099529,0.10015759980200376
-0.29323254578696384,0.6106213827974715,0.34341791732070936,-0.5090038784983656,-0.25022508343653194,-0.0665157087924813,-0.4067687208327123,0.2958736418308496,-0.9805770796031784,-1.0276781633421728,-0.824617546705194,0.006770415145578656,0.08549887676925344,-0.14057483919207098,0.80126079841603
-0.1984462956632805,0.6106213827974715,0.34341791732070936,-0.5090038784983656,-0.25022508343653194,-0.0665157087924813,-0.4067687208327123,0.2958736418308496,-0.9805770796031784,-1.0276781633421728,-0.824617546705194,-0.9654119228257313,0.08549887676925344,-0.08649674425276777,0.80126079841603
-0.2821247821005947,-0.24959823593942765,0.8497070676198127,0.6726173381492043,1.000767164462779,0.5816954708711304,0.14135306648968757,0.8469665319585392,0.25388299621995974,-0.15714378101287094,0.597642383908541,2.994129652669048,0.08549887676925344,1.5358461039263291,1.0516547979210396
-0.2673144305187692,-0.24959823593942765,0.8497070676198127,0.6726173381492043,1.000767164462779,1.337941847145344,1.4203039035752874,0.8469665319585392,0.6947615947282234,0.7133906013164308,0.597642383908541,0.006770415145578656,-1.1965066274132958,0.7787527747760838,1.3020487974260488
-0.13624281901961333,1.2789268685163104,-1.1568394705590088,0.6796484726614873,0.38803626753250386,-0.28258610201368517,0.14135306648968757,-0.6226145083819664,0.25388299621995974,0.27812341015177994,0.20257018096028123,-0.45330937043211694,-1.1965066274132958,-0.8976681683423162,-1.1017335978220413
0.021487425326828503,0.6106213827974715,0.34341791732070936,-0.5090038784983656,-0.25022508343653194,-1.4709732647303067,-1.320305033036712,-1.173707398509656,0.25388299621995974,0.7133906013164308,-0.19250202198797847,-0.18044357397591915,0.08549887676925344,-1.0058243582209225,-1.251969997525047
0.16885042356599245,-1.1844854112524852,-1.1783126201946919,-0.8910288536657452,1.7156198775480973,-1.3629380681197047,-1.320305033036712,-0.9900097684670929,0.47432229547409155,1.1486577924810817,-0.19250202198797847,-0.45330937043211694,1.3675043809518026,-0.6813557885851033,0.3004727994060113
0.49430789957660837,1.8451044152818088,0.2384380746573705,-0.5179881059307273,1.434784883121723,-0.28258610201368517,-0.4067687208327123,-0.07152161825427683,0.25388299621995974,0.27812341015177994,0.20257018096028123,0.11588619232781792,0.08549887676925344,-1.4925272126746516,1.251969997525047
-0.24509890314603092,0.6106213827974715,0.34341791732070936,-0.5090038784983656,-0.25022508343653194,0.25758988103932456,0.14135306648968757,0.2958736418308496,0.6947615947282234,0.27812341015177994,0.9927145868568007,-0.18044357397591915,1.3675043809518026,0.34612801526165804,-0.80126079841603
-0.24769071467285037,0.6106213827974715,0.34341791732070936,-0.5090038784983656,-0.25022508343653194,-2.011149247783316,-2.233841345240712,-1.173707398509656,0.9152008939823552,1.1486577924810817,0.597642383908541,-0.8727562352098543,0.08549887676925344,-0.41096531388858715,1.4522851971290545
1.7176429402353965,-1.2094774446519432,1.2939626745269432,-0.5238473846909631,1.4858457911992449,-1.9031140511727145,-1.320305033036712,-1.908497918679909,1.5765187917447507,1.1486577924810817,1.78285899275332,-0.45330937043211694,0.08549887676925344,1.3736118191084195,0.35055159930701313
-0.2284372576164772,0.6106213827974715,0.34341791732070936,-0.5090038784983656,-0.25022508343653194,0.25758988103932456,0.14135306648968757,0.2958736418308496,0.6947615947282234,0.27812341015177994,0.9927145868568007,2.994129652669048,1.3675043809518026,-0.6272776936458,-0.80126079841603
-0.27471960630968195,-0.24959823593942765,0.8497070676198127,0.6726173381492043,1.000767164462779,1.337941847145344,1.4203039035752874,0.8469665319585392,0.6947615947282234,0.7133906013164308,0.597642383908541,-0.07416729677918882,-1.1965066274132958,1.0491432494726,1.3020487974260488
-0.2617605486755846,-0.24959823593942765,0.8497070676198127,0.6726173381492043,1.000767164462779,1.1218714539241401,1.0548893786936875,0.8469665319585392,-0.4074349015424357,0.27812341015177994,-0.9826464278844979,-0.18044357397591915,-1.1965066274132958,0.34612801526165804,-0.3004727994060113
-0.27731141783650143,0.6106213827974715,0.34341791732070936,-0.5090038784983656,-0.25022508343653194,0.25758988103932456,0.14135306648968757,0.2958736418308496,0.6947615947282234,0.27812341015177994,0.9927145868568007,0.03559255019714171,1.3675043809518026,1.4276899140477226,-0.80126079841603
-0.14105618328370662,-1.1844854112524852,-1.1783126201946919,-0.8910288536657452,1.7156198775480973,-1.3629380681197047,-1.320305033036712,-0.9900097684670929,0.47432229547409155,1.1486577924810817,-0.19250202198797847,-0.8727562352098543,1.3675043809518026,0.5083623000795677,0.3004727994060113
-0.20029758961100871,1.2789268685163104,-1.1568394705590088,0.6796484726614873,0.38803626753250386,-0.17455090540308324,0.14135306648968757,-0.43891687833940324,0.6947615947282234,0.7133906013164308,0.597642383908541,-0.7539631269986905,-1.1965066274132958,1.319533724169116,-0.10015759980200376
-0.27694115904695576,-1.1693667737639242,-0.6710691076895581,-0.11330725289043549,-1.475686877297082,1.8781178301983537,1.4203039035752874,1.7654546821713553,-0.6278742007965675,-0.15714378101287094,-0.9826464278844979,0.03559255019714171,-1.1965066274132958,-0.19465293413137422,1.60252159683206
-0.1088436685932361,0.6106213827974715,0.34341791732070936,-0.5090038784983656,-0.25022508343653194,0.6897306674817323,0.5067675913712875,0.663268901915976,0.033443696965827906,0.27812341015177994,-0.19250202198797847,0.481837613057126,-1.1965066274132958,1.2113775342905098,0.400630399208015
-0.1118057389096012,0.6106213827974715,0.34341791732070936,-0.5090038784983656,-0.25022508343653194,-1.4709732647303067,-1.320305033036712,-1.173707398509656,0.25388299621995974,0.7133906013164308,-0.19250202198797847,0.006770415145578656,0.08549887676925344,-0.7895119784637097,-1.251969997525047
-0.27916271178422963,-1.1693667737639242,-0.6710691076895581,-0.11330725289043549,-1.475686877297082,1.8781178301983537,1.4203039035752874,1.7654546821713553,-0.6278742007965675,-0.15714378101287094,-0.9826464278844979,2.994129652669048,-1.1965066274132958,0.29204992032235483,1.60252159683206
-0.29286228699741823,-1.1104349419207578,-1.1601797382801151,-0.08713580776138195,-0.9395473424830896,-0.8227620850666949,-0.4067687208327123,-0.9900097684670929,-1.0687527993048311,-1.0276781633421728,-0.9826464278844979,-0.7054938746681985,1.3675043809518026,1.4817680089870258,0.9014183982180338
-0.29249202820787257,-1.1693667737639242,-0.6710691076895581,-0.11330725289043549,-1.475686877297082,1.337941847145344,1.4203039035752874,0.8469665319585392,0.6947615947282234,0.7133906013164308,0.597642383908541,-1.053108353035776,0.08549887676925344,0.4542842051402645,-0.15023639970300565
-0.22991829277465975,0.6106213827974715,0.34341791732070936,-0.5090038784983656,-0.25022508343653194,0.25758988103932456,0.14135306648968757,0.2958736418308496,0.6947615947282234,0.27812341015177994,0.9927145868568007,-0.7054938746681985,1.3675043809518026,1.4817680089870258,-0.80126079841603
-0.27842219420513836,-1.1104349419207578,-1.1601797382801151,-0.08713580776138195,-0.9395473424830896,-0.714726888456093,-2.051134082799912,0.8469665319585392,0.033443696965827906,0.27812341015177994,-0.19250202198797847,0.1260701194300788,-1.1965066274132958,-1.3843710227960453,-0.7511819985150282
-0.2606497723069477,-0.24959823593942765,0.8497070676198127,0.6726173381492043,1.000767164462779,1.337941847145344,1.4203039035752874,0.8469665319585392,0.6947615947282234,0.7133906013164308,0.597642383908541,-0.45330937043211694,-1.1965066274132958,1.1032213444119032,1.3020487974260488
-0.27694115904695576,0.6106213827974715,0.34341791732070936,-0.5090038784983656,-0.25022508343653194,-1.2549028715091026,-0.4067687208327123,-1.7248002886373457,-0.49561062124408845,0.3651768483847101,-1.2196897496534538,-0.7054938746681985,0.08549887676925344,-0.3568872189492839,-1.2018911976240452
-0.28804892273332494,-1.1693667737639242,-0.6710691076895581,-0.11330725289043549,-1.475686877297082,0.04151948781812065,-1.320305033036712,1.3980594220862288,-0.18699560228830392,-0.15714378101287094,-0.19250202198797847,-1.053108353035776,-1.1965066274132958,1.1572994393512064,1.3521275973270508
-0.19215189624100468,-0.22886971441058448,0.5783211603049987,0.5987549149898665,0.31144490541621894,-0.8227620850666949,-1.320305033036712,-0.07152161825427683,0.6947615947282234,0.27812341015177994,0.9927145868568007,-0.3650833393028946,-1.1965066274132958,0.07573754056514193,0.15023639970300565
0.3817492275547344,1.2789268685163104,-1.1568394705590088,0.6796484726614873,0.38803626753250386,0.5816954708711304,0.14135306648968757,0.8469665319585392,0.6947615947282234,0.27812341015177994,0.9927145868568007,0.03559255019714171,0.08549887676925344,0.4002061102009613,-0.6009455988120226
0.27585521374468186,0.6106213827974715,0.34341791732070936,-0.5090038784983656,-0.25022508343653194,-0.714726888456093,-0.0413541959511124,-1.173707398509656,0.6947615947282234,0.7133906013164308,0.597642383908541,0.5534877303040735,1.3675043809518026,-1.6006834025532581,1.5524427969310584
-0.2643523602024041,-1.1104349419207578,-1.1601797382801151,-0.08713580776138195,-0.9395473424830896,1.337941847145344,1.4203039035752874,0.8469665319585392,0.6947615947282234,0.7133906013164308,0.597642383908541,-0.18044357397591915,0.08549887676925344,0.6165184899581742,-1.4522851971290545
-0.06256131990003135,1.2789268685163104,-1.1568394705590088,0.6796484726614873,0.38803626753250386,0.36562507764992647,1.2375966411344874,-0.6226145083819664,1.3560794924906188,0.7133906013164308,1.78285899275332,0.481837613057126,1.3675043809518026,-0.30280912400998067,0.05007879990100188
-0.28138426452150345,-0.24959823593942765,0.8497070676198127,0.6726173381492043,1.000767164462779,0.5816954708711304,0.14135306648968757,0.8469665319585392,0.25388299621995974,-0.15714378101287094,0.597642383908541,0.03559255019714171,0.08549887676925344,0.7246746798367807,1.0516547979210396
-0.27916271178422963,-1.1693667737639242,-0.6710691076895581,-0.11330725289043549,-1.475686877297082,0.25758988103932456,0.5067675913712875,-0.07152161825427683,-0.18699560228830392,-0.15714378101287094,-0.19250202198797847,-0.18044357397591915,-1.1965066274132958,-0.7354338835244065,-1.7527579965350657
1.2503763478288012,1.8451044152818088,0.2384380746573705,-0.5179881059307273,1.434784883121723,-0.28258610201368517,-0.4067687208327123,-0.07152161825427683,0.25388299621995974,0.27812341015177994,0.20257018096028123,-1.053108353035776,0.08549887676925344,0.6705965848974774,1.251969997525047
-0.25509589046376313,-1.1844854112524852,-1.1783126201946919,-0.8910288536657452,1.7156198775480973,0.7977658640923343,1.4203039035752874,-0.07152161825427683,0.6947615947282234,0.7133906013164308,0.597642383908541,-0.48522247572823496,-1.1965066274132958,1.6980803887442388,-0.2003151996040075
0.07480469102140039,-1.1693667737639242,-0.6710691076895581,-0.11330725289043549,-1.475686877297082,1.6620474369771499,1.7857184284568872,1.0306641620011023,-0.18699560228830392,0.7133906013164308,-0.9826464278844979,-0.18044357397591915,-1.1965066274132958,0.6165184899581742,0.5508667989110206
-0.007392760257731266,-1.0734097072548943,4.356033812575339,6.534630428473198,-0.8118950722892828,0.25758988103932456,0.5067675913712875,-0.07152161825427683,-0.18699560228830392,-0.5924109721775218,0.20257018096028123,0.03559255019714171,0.08549887676925344,-0.5731995987064968,-1.4022063972280525
-0.28360581725877726,1.2789268685163104,-1.1568394705590088,0.6796484726614873,0.38803626753250386,0.25758988103932456,0.5067675913712875,-0.07152161825427683,0.033443696965827906,0.27812341015177994,-0.19250202198797847,-0.45330937043211694,-1.1965066274132958,-0.8976681683423162,0.0
-0.14772084149552808,0.6106213827974715,0.34341791732070936,-0.5090038784983656,-0.25022508343653194,-2.659360427446928,-1.6857195579183122,-2.826986068892725,0.47432229547409155,0.7133906013164308,0.20257018096028123,0.006770415145578656,-1.1965066274132958,-0.7895119784637097,0.7511819985150282
0.12553014518915281,1.8451044152818088,0.2384380746573705,-0.5179881059307273,1.434784883121723,-0.28258610201368517,-0.4067687208327123,-0.07152161825427683,0.25388299621995974,0.27812341015177994,0.20257018096028123,0.006770415145578656,0.08549887676925344,0.021659445625838693,1.251969997525047
-0.15808808760280596,0.6106213827974715,0.34341791732070936,-0.5090038784983656,-0.25022508343653194,-0.0665157087924813,-0.4067687208327123,0.2958736418308496,-0.9805770796031784,-1.0276781633421728,-0.824617546705194,-0.9654119228257313,0.08549887676925344,-1.1680586430388322,0.80126079841603
-0.10773289222459918,-1.1104349419207578,-1.1601797382801151,-0.08713580776138195,-0.9395473424830896,1.337941847145344,1.4203039035752874,0.8469665319585392,0.25388299621995974,0.7133906013164308,-0.19250202198797847,-0.07416729677918882,0.08549887676925344,-0.46504340882789036,-0.4507091991090169
-0.067004425374579,0.6106213827974715,0.34341791732070936,-0.5090038784983656,-0.25022508343653194,1.1218714539241401,0.5067675913712875,1.3980594220862288,-0.6278742007965675,0.27812341015177994,-1.3777186308327576,2.406388753687064,0.08549887676925344,-1.113980548099529,1.5023639970300564
-0.28434633483786853,0.6106213827974715,0.34341791732070936,-0.5090038784983656,-0.25022508343653194,0.7977658640923343,0.5067675913712875,0.8469665319585392,1.5765187917447507,1.5839249836457325,1.3877867898050604,-1.053108353035776,-1.1965066274132958,0.8869089646546904,0.10015759980200376
-0.2858273699960511,-1.1104349419207578,-1.1601797382801151,-0.08713580776138195,-0.9395473424830896,-0.8227620850666949,-0.4067687208327123,-0.9900097684670929,-1.0687527993048311,-1.0276781633421728,-0.9826464278844979,-0.9654119228257313,1.3675043809518026,0.2379718253830516,0.9014183982180338
-0.00665224267863999,1.2789268685163104,-1.1568394705590088,0.6796484726614873,0.38803626753250386,-0.28258610201368517,0.14135306648968757,-0.6226145083819664,0.25388299621995974,0.27812341015177994,0.20257018096028123,-0.18044357397591915,-1.1965066274132958,-1.0058243582209225,-1.1017335978220413
-0.2532445965160349,-1.1104349419207578,-1.1601797382801151,-0.08713580776138195,-0.9395473424830896,-0.714726888456093,-2.051134082799912,0.8469665319585392,0.033443696965827906,0.27812341015177994,-0.19250202198797847,0.481837613057126,-1.1965066274132958,-0.30280912400998067,-0.7511819985150282
-0.2939730633660551,-1.1693667737639242,-0.6710691076895581,-0.11330725289043549,-1.475686877297082,1.337941847145344,1.4203039035752874,0.8469665319585392,0.6947615947282234,0.7133906013164308,0.597642383908541,0.006770415145578656,0.08549887676925344,1.265455629229813,-0.15023639970300565
0.08591245470776952,0.6106213827974715,0.34341791732070936,-0.5090038784983656,-0.25022508343653194,-0.606691691845491,-0.9548905081551122,-0.07152161825427683,-0.18699560228830392,-0.5924109721775218,0.20257018096028123,-1.053108353035776,0.08549887676925344,1.1572994393512064,0.9514971981190357
-0.17030662765781202,1.2789268685163104,-1.1568394705590088,0.6796484726614873,0.38803626753250386,0.36562507764992647,1.2375966411344874,-0.6226145083819664,1.3560794924906188,0.7133906013164308,1.78285899275332,1.253919396708919,1.3675043809518026,-1.6547614974925613,0.05007879990100188
-0.24732045588330473,-0.24959823593942765,0.8497070676198127,0.6726173381492043,1.000767164462779,1.337941847145344,1.4203039035752874,0.8469665319585392,0.6947615947282234,0.7133906013164308,0.597642383908541,-0.9654119228257313,-1.1965066274132958,-0.08649674425276777,1.3020487974260488
-0.21325664724510604,1.2789268685163104,-1.1568394705590088,0.6796484726614873,0.38803626753250386,-0.8227620850666949,-0.4067687208327123,-0.9900097684670929,-1.0687527993048311,-1.0276781633421728,-0.9826464278844979,2.406388753687064,1.3675043809518026,-1.113980548099529,1.1518123977230432
-0.205110953875102,-1.1693667737639242,-0.6710691076895581,-0.11330725289043549,-1.475686877297082,0.04151948781812065,-1.320305033036712,1.3980594220862288,-0.18699560228830392,-0.15714378101287094,-0.19250202198797847,-0.8727562352098543,-1.1965066274132958,0.5083623000795677,1.3521275973270508
-0.2713872772037712,0.6106213827974715,0.34341791732070936,-0.5090038784983656,-0.25022508343653194,-2.011149247783316,-2.233841345240712,-1.173707398509656,0.9152008939823552,1.1486577924810817,0.597642383908541,-0.18044357397591915,0.08549887676925344,-0.7354338835244065,1.4522851971290545
-0.25250407893694365,0.6106213827974715,0.34341791732070936,-0.5090038784983656,-0.25022508343653194,-1.2549028715091026,-0.4067687208327123,-1.7248002886373457,-0.49561062124408845,0.3651768483847101,-1.2196897496534538,-1.053108353035776,0.08549887676925344,1.1572994393512064,-1.2018911976240452
2.0253279943478217,0.6763411743293793,0.3023803424614041,0.27535823820521127,0.20932308926117313,-1.3089204698144037,-0.31541508961231235,-1.908497918679909,-1.5096313978130949,-1.8982125456714745,-0.9826464278844979,-0.7054938746681985,1.3675043809518026,-1.4384491177353484,1.702679196634064
-0.28360581725877726,0.6106213827974715,0.34341791732070936,-0.5090038784983656,-0.25022508343653194,-2.659360427446928,-1.6857195579183122,-2.826986068892725,0.47432229547409155,0.7133906013164308,0.20257018096028123,0.1260701194300788,-1.1965066274132958,0.8328308697153871,0.7511819985150282
-0.27064675962467993,0.6106213827974715,0.34341791732070936,-0.5090038784983656,-0.25022508343653194,-2.011149247783316,-2.233841345240712,-1.173707398509656,0.9152008939823552,1.1486577924810817,0.597642383908541,-0.18044357397591915,0.08549887676925344,0.6165184899581742,1.4522851971290545
-0.06256131990003135,1.8451044152818088,0.2384380746573705,-0.5179881059307273,1.434784883121723,1.554012240366548,1.7857184284568872,0.8469665319585392,-2.391388594829622,-2.7687469280007764,-1.7727908337810172,-0.07416729677918882,1.3675043809518026,-0.46504340882789036,1.4022063972280525
-0.25916873714876515,1.2789268685163104,-1.1568394705590088,0.6796484726614873,0.38803626753250386,0.25758988103932456,0.5067675913712875,-0.07152161825427683,0.033443696965827906,0.27812341015177994,-0.19250202198797847,-0.8727562352098543,-1.1965066274132958,0.5083623000795677,0.0
-0.10995444496187301,-1.1693667737639242,-0.6710691076895581,-0.11330725289043549,-1.475686877297082,0.25758988103932456,0.5067675913712875,-0.07152161825427683,-0.18699560228830392,-0.15714378101287094,-0.19250202198797847,-0.5008826302442834,-1.1965066274132958,1.6440022938049355,1.7527579965350657
-0.29101099304969,-1.1693667737639242,-0.6710691076895581,-0.11330725289043549,-1.475686877297082,0.04151948781812065,-1.320305033036712,1.3980594220862288,-0.18699560228830392,-0.15714378101287094,-0.19250202198797847,-0.9654119228257313,-1.1965066274132958,-0.08649674425276777,1.3521275973270508
0.7116498090398979,-1.2094774446519432,1.2939626745269432,-0.5238473846909631,1.4858457911992449,-1.9031140511727145,-1.320305033036712,-1.908497918679909,1.5765187917447507,1.1486577924810817,1.78285899275332,-0.5008826302442834,0.08549887676925344,1.6440022938049355,0.35055159930701313
-0.23843424493420942,0.6106213827974715,0.34341791732070936,-0.5090038784983656,-0.25022508343653194,-1.0388324782878988,-1.6857195579183122,-0.07152161825427683,0.47432229547409155,0.27812341015177994,0.597642383908541,0.5534877303040735,0.08549887676925344,-1.6006834025532581,-1.1518123977230432
-0.27731141783650143,-0.5538222474439407,1.2514935563585923,-0.5304879006192306,1.996454871974474,0.7977658640923343,0.5067675913712875,0.8469665319585392,-3.2731457918461495,-3.204014119165427,-2.9580074426257963,-0.18044357397591915,0.08549887676925344,0.562440395018871,0.6009455988120226
-0.04701045073911454,0.6106213827974715,0.34341791732070936,-0.5090038784983656,-0.25022508343653194,-0.8227620850666949,-0.4067687208327123,-0.9900097684670929,0.6947615947282234,0.7133906013164308,0.597642383908541,0.1260701194300788,1.3675043809518026,-1.059902453160226,0.2503939995050094
-0.2517635613578524,-1.1844854112524852,-1.1783126201946919,-0.8910288536657452,1.7156198775480973,0.7977658640923343,1.4203039035752874,-0.07152161825427683,0.6947615947282234,0.7133906013164308,0.597642383908541,0.006770415145578656,-1.1965066274132958,1.265455629229813,-0.2003151996040075
-0.2539851140951262,-0.24959823593942765,0.8497070676198127,0.6726173381492043,1.000767164462779,0.25758988103932456,0.5067675913712875,-0.07152161825427683,-0.18699560228830392,-0.15714378101287094,-0.19250202198797847,0.03559255019714171,-1.1965066274132958,-0.19465293413137422,-0.400630399208015
-0.2669441717292236,-1.1693667737639242,-0.6710691076895581,-0.11330725289043549,-1.475686877297082,1.337941847145344,1.4203039035752874,0.8469665319585392,0.6947615947282234,0.7133906013164308,0.597642383908541,-0.07416729677918882,0.08549887676925344,1.0491432494726,-0.15023639970300565
-0.1740092155532684,1.2789268685163104,-1.1568394705590088,0.6796484726614873,0.38803626753250386,0.36562507764992647,1.2375966411344874,-0.6226145083819664,1.3560794924906188,0.7133906013164308,1.78285899275332,-0.7054938746681985,1.3675043809518026,1.4817680089870258,0.05007879990100188
-0.24546916193557655,1.2789268685163104,-1.1568394705590088,0.6796484726614873,0.38803626753250386,0.5816954708711304,0.14135306648968757,0.8469665319585392,0.25388299621995974,0.7133906013164308,-0.19250202198797847,-0.7054938746681985,0.08549887676925344,-0.3568872189492839,-0.9514971981190357
-0.00665224267863999,-1.148385807453268,1.254833824079699,-0.4988477953139567,-1.5267477853746036,-1.6870436579515105,-1.320305033036712,-1.5411026585947825,-0.4074349015424357,-0.5924109721775218,-0.19250202198797847,-0.9654119228257313,-1.1965066274132958,-1.1680586430388322,-1.5023639970300564
-0.29101099304969,-1.2063920084297877,-1.0733327775313528,0.2886392700617461,0.20932308926117313,-0.4986564952348891,-2.233841345240712,1.3980594220862288,0.9152008939823552,1.1486577924810817,0.597642383908541,0.1260701194300788,-1.1965066274132958,-0.03241864931346453,-0.9014183982180338
-0.1828954265023637,-0.24959823593942765,0.8497070676198127,0.6726173381492043,1.000767164462779,0.25758988103932456,0.5067675913712875,-0.07152161825427683,-0.18699560228830392,-0.15714378101287094,-0.19250202198797847,-0.9654119228257313,-1.1965066274132958,-0.08649674425276777,-0.400630399208015
0.15292929561553,1.8451044152818088,0.2384380746573705,-0.5179881059307273,1.434784883121723,-0.28258610201368517,-0.4067687208327123,-0.07152161825427683,0.25388299621995974,0.27812341015177994,0.20257018096028123,1.3358760999740618,0.08549887676925344,-0.843590073403013,1.251969997525047
-0.2806437469424122,1.8451044152818088,0.2384380746573705,-0.5179881059307273,1.434784883121723,1.554012240366548,1.7857184284568872,0.8469665319585392,-2.391388594829622,-2.7687469280007764,-1.7727908337810172,-0.07416729677918882,1.3675043809518026,1.0491432494726,1.4022063972280525
0.0007529331122727719,1.2789268685163104,-1.1568394705590088,0.6796484726614873,0.38803626753250386,0.5816954708711304,0.14135306648968757,0.8469665319585392,0.6947615947282234,0.27812341015177994,0.9927145868568007,0.481837613057126,0.08549887676925344,-0.30280912400998067,-0.6009455988120226
-0.21510794119283422,-1.1270962975203966,0.32289912989105674,-0.49181666080167363,1.2305412508116313,0.7977658640923343,0.5067675913712875,0.8469665319585392,1.135640193236487,0.7133906013164308,1.3877867898050604,-1.053108353035776,1.3675043809518026,0.4542842051402645,-0.35055159930701313
-0.24657993830421346,-1.1693667737639242,-0.6710691076895581,-0.11330725289043549,-1.475686877297082,0.25758988103932456,0.5067675913712875,-0.07152161825427683,-0.18699560228830392,-0.15714378101287094,-0.19250202198797847,1.253919396708919,-1.1965066274132958,-1.6547614974925613,-1.7527579965350657
-0.26213080746513023,0.6106213827974715,0.34341791732070936,-0.5090038784983656,-0.25022508343653194,-0.606691691845491,-0.9548905081551122,-0.07152161825427683,-0.18699560228830392,-0.5924109721775218,0.20257018096028123,0.5534877303040735,0.08549887676925344,-1.6006834025532581,0.9514971981190357
-0.19030060229327647,-1.1693667737639242,-0.6710691076895581,-0.11330725289043549,-1.475686877297082,0.25758988103932456,0.5067675913712875,-0.07152161825427683,-0.18699560228830392,-0.15714378101287094,-0.19250202198797847,-0.18044357397591915,-1.1965066274132958,0.6165184899581742,1.7527579965350657
-0.22214285819420135,-1.148385807453268,1.254833824079699,-0.4988477953139567,-1.5267477853746036,0.25758988103932456,0.5067675913712875,-0.07152161825427683,0.033443696965827906,0.27812341015177994,-0.19250202198797847,-0.18044357397591915,0.08549887676925344,0.18389373044374838,-1.5524427969310584
-0.2510230437787611,-1.1693667737639242,-0.6710691076895581,-0.11330725289043549,-1.475686877297082,2.3102586166407617,0.8721821162528874,3.051338092469298,0.9152008939823552,1.1486577924810817,0.597642383908541,-0.9654119228257313,-1.1965066274132958,0.2379718253830516,-0.2503939995050094
-0.20140836597964562,0.6106213827974715,0.34341791732070936,-0.5090038784983656,-0.25022508343653194,-0.606691691845491,-0.9548905081551122,-0.07152161825427683,-0.18699560228830392,-0.5924109721775218,0.20257018096028123,0.006770415145578656,0.08549887676925344,0.021659445625838693,0.9514971981190357
0.013341731956824466,0.6106213827974715,0.34341791732070936,-0.5090038784983656,-0.25022508343653194,-1.4709732647303067,-1.320305033036712,-1.173707398509656,0.25388299621995974,0.7133906013164308,-0.19250202198797847,-1.053108353035776,0.08549887676925344,-1.2762148329174388,-1.251969997525047
-0.05774795563593804,1.3039189019157686,1.945314880142661,0.6730079567332199,-0.9395473424830896,0.25758988103932456,-0.4067687208327123,0.8469665319585392,0.6947615947282234,0.27812341015177994,0.9927145868568007,-0.8727562352098543,1.3675043809518026,0.5083623000795677,-1.60252159683206
-0.05626692047775549,-0.22886971441058448,0.5783211603049987,0.5987549149898665,0.31144490541621894,-0.8227620850666949,-1.320305033036712,-0.07152161825427683,0.6947615947282234,0.27812341015177994,0.9927145868568007,0.1260701194300788,-1.1965066274132958,-0.03241864931346453,0.15023639970300565
-0.15586653486553212,0.6106213827974715,0.34341791732070936,-0.5090038784983656,-0.25022508343653194,-0.714726888456093,-0.5894759832735124,-0.6226145083819664,-1.0687527993048311,-1.0276781633421728,-0.9826464278844979,1.253919396708919,1.3675043809518026,-1.6547614974925613,0.4507091991090169
-0.29212176941832696,0.6106213827974715,0.34341791732070936,-0.5090038784983656,-0.25022508343653194,-0.8227620850666949,-0.4067687208327123,-0.9900097684670929,-0.4074349015424357,-0.5924109721775218,-0.19250202198797847,-0.45330937043211694,1.3675043809518026,1.1032213444119032,-0.6510243987130244
-0.22732648124784027,1.2789268685163104,-1.1568394705590088,0.6796484726614873,0.38803626753250386,0.5816954708711304,0.14135306648968757,0.8469665319585392,0.25388299621995974,0.7133906013164308,-0.19250202198797847,-0.18044357397591915,0.08549887676925344,0.34612801526165804,-0.9514971981190357
-0.13402126628233949,0.6106213827974715,0.34341791732070936,-0.5090038784983656,-0.25022508343653194,-1.6870436579515105,-1.320305033036712,-1.5411026585947825,1.135640193236487,1.1486577924810817,0.9927145868568007,1.3358760999740618,0.08549887676925344,-0.843590073403013,1.2018911976240452
-0.2380639861446638,-1.1104349419207578,-1.1601797382801151,-0.08713580776138195,-0.9395473424830896,1.337941847145344,1.4203039035752874,0.8469665319585392,0.25388299621995974,0.7133906013164308,-0.19250202198797847,-1.053108353035776,0.08549887676925344,1.1572994393512064,-0.4507091991090169
-0.1392048893359784,0.6106213827974715,0.34341791732070936,-0.5090038784983656,-0.25022508343653194,-1.0388324782878988,-1.6857195579183122,-0.07152161825427683,0.47432229547409155,0.27812341015177994,0.597642383908541,-0.8727562352098543,0.08549887676925344,0.5083623000795677,-1.1518123977230432
0.08035857286458496,0.6106213827974715,0.34341791732070936,-0.5090038784983656,-0.25022508343653194,-0.28258610201368517,-0.4067687208327123,-0.07152161825427683,-1.0687527993048311,-1.0276781633421728,-0.9826464278844979,0.03559255019714171,1.3675043809518026,0.7246746798367807,-1.0015759980200376
-0.2754601238887732,0.6106213827974715,0.34341791732070936,-0.5090038784983656,-0.25022508343653194,0.25758988103932456,0.14135306648968757,0.2958736418308496,0.6947615947282234,0.27812341015177994,0.9927145868568007,1.3358760999740618,1.3675043809518026,-0.843590073403013,-0.80126079841603
-0.19289241382009595,0.6106213827974715,0.34341791732070936,-0.5090038784983656,-0.25022508343653194,-0.606691691845491,-0.9548905081551122,-0.07152161825427683,-0.18699560228830392,-0.5924109721775218,0.20257018096028123,-0.7054938746681985,0.08549887676925344,-1.4384491177353484,1.1017335978220413
0.9923059715154916,1.8451044152818088,0.2384380746573705,-0.5179881059307273,1.434784883121723,-0.28258610201368517,-0.4067687208327123,-0.07152161825427683,0.25388299621995974,0.27812341015177994,0.20257018096028123,-0.18044357397591915,0.08549887676925344,-0.7354338835244065,1.251969997525047
-0.10736263343505355,0.6106213827974715,0.34341791732070936,-0.5090038784983656,-0.25022508343653194,-1.6870436579515105,-1.320305033036712,-1.5411026585947825,1.135640193236487,1.1486577924810817,0.9927145868568007,-0.7054938746681985,0.08549887676925344,-0.3568872189492839,1.2018911976240452
0.5868725969630179,0.6106213827974715,0.34341791732070936,-0.5090038784983656,-0.25022508343653194,-1.6870436579515105,-1.320305033036712,-1.5411026585947825,1.135640193236487,1.1486577924810817,0.9927145868568007,0.03559255019714171,0.08549887676925344,-0.5731995987064968,1.2018911976240452
-0.21436742361374295,-1.2094774446519432,1.2939626745269432,-0.5238473846909631,1.4858457911992449,-1.9031140511727145,-1.320305033036712,-1.908497918679909,1.5765187917447507,1.1486577924810817,1.78285899275332,0.006770415145578656,0.08549887676925344,1.265455629229813,0.35055159930701313
-0.22732648124784027,-1.148385807453268,1.254833824079699,-0.4988477953139567,-1.5267477853746036,0.25758988103932456,0.5067675913712875,-0.07152161825427683,0.033443696965827906,0.27812341015177994,-0.19250202198797847,-0.07416729677918882,0.08549887676925344,-0.46504340882789036,-1.5524427969310584
-0.2565769256219457,1.2789268685163104,-1.1568394705590088,0.6796484726614873,0.38803626753250386,-0.28258610201368517,0.14135306648968757,-0.6226145083819664,0.25388299621995974,0.27812341015177994,0.20257018096028123,-0.8727562352098543,-1.1965066274132958,0.5083623000795677,-1.1017335978220413
0.37286301660563903,1.8451044152818088,0.2384380746573705,-0.5179881059307273,1.434784883121723,1.554012240366548,1.7857184284568872,0.8469665319585392,-2.391388594829622,-2.7687469280007764,-1.7727908337810172,0.1260701194300788,1.3675043809518026,-1.059902453160226,1.4022063972280525
-0.19326267260964158,1.2789268685163104,-1.1568394705590088,0.6796484726614873,0.38803626753250386,-0.28258610201368517,0.14135306648968757,-0.6226145083819664,0.25388299621995974,0.27812341015177994,0.20257018096028123,0.1260701194300788,-1.1965066274132958,0.8328308697153871,-1.1017335978220413
0.1943982800446415,0.6106213827974715,0.34341791732070936,-0.5090038784983656,-0.25022508343653194,-1.6870436579515105,-1.320305033036712,-1.5411026585947825,1.135640193236487,1.1486577924810817,0.9927145868568007,-0.7054938746681985,0.08549887676925344,1.4817680089870258,1.2018911976240452
-0.27768167662604704,0.6106213827974715,0.34341791732070936,-0.5090038784983656,-0.25022508343653194,-0.8227620850666949,-0.4067687208327123,-0.9900097684670929,0.6947615947282234,0.7133906013164308,0.597642383908541,-0.8727562352098543,1.3675043809518026,0.12981563550444514,0.2503939995050094
-0.2217725994046557,1.3039189019157686,1.945314880142661,0.6730079567332199,-0.9395473424830896,0.25758988103932456,-0.4067687208327123,0.8469665319585392,0.6947615947282234,0.27812341015177994,0.9927145868568007,-0.18044357397591915,1.3675043809518026,0.562440395018871,-1.60252159683206
-0.17178766281599456,-0.24959823593942765,0.8497070676198127,0.6726173381492043,1.000767164462779,1.337941847145344,1.4203039035752874,0.8469665319585392,0.6947615947282234,0.7133906013164308,0.597642383908541,-1.053108353035776,-1.1965066274132958,0.6705965848974774,1.3020487974260488
-0.18881956713509393,1.2789268685163104,-1.1568394705590088,0.6796484726614873,0.38803626753250386,-0.8227620850666949,-0.4067687208327123,-0.9900097684670929,-1.0687527993048311,-1.0276781633421728,-0.9826464278844979,0.03559255019714171,1.3675043809518026,1.4276899140477226,1.1518123977230432
-0.19955707203191742,-0.22886971441058448,0.5783211603049987,0.5987549149898665,0.31144490541621894,-0.8227620850666949,-1.320305033036712,-0.07152161825427683,0.6947615947282234,0.27812341015177994,0.9927145868568007,0.006770415145578656,-1.1965066274132958,-0.7895119784637097,0.15023639970300565
-0.24398812677739398,1.2789268685163104,-1.1568394705590088,0.6796484726614873,0.38803626753250386,-0.28258610201368517,0.14135306648968757,-0.6226145083819664,0.25388299621995974,0.27812341015177994,0.20257018096028123,2.406388753687064,-1.1965066274132958,-1.113980548099529,-1.1017335978220413
-0.27879245299468397,-1.1104349419207578,-1.1601797382801151,-0.08713580776138195,-0.9395473424830896,1.337941847145344,1.4203039035752874,0.8469665319585392,0.6947615947282234,0.7133906013164308,0.597642383908541,-1.053108353035776,0.08549887676925344,0.4542842051402645,-1.4522851971290545
-0.29212176941832696,-1.1693667737639242,-0.6710691076895581,-0.11330725289043549,-1.475686877297082,1.8781178301983537,1.4203039035752874,1.7654546821713553,-0.6278742007965675,-0.15714378101287094,-0.9826464278844979,0.006770415145578656,-1.1965066274132958,0.7787527747760838,1.60252159683206
-0.19400319018873285,-1.1104349419207578,-1.1601797382801151,-0.08713580776138195,-0.9395473424830896,-0.714726888456093,-2.051134082799912,0.8469665319585392,0.033443696965827906,0.27812341015177994,-0.19250202198797847,-0.18044357397591915,-1.1965066274132958,0.34612801526165804,-0.7511819985150282
2.7436300460663596,-0.5538222474439407,1.2514935563585923,-0.5304879006192306,1.996454871974474,0.7977658640923343,0.5067675913712875,0.8469665319585392,-3.2731457918461495,-3.204014119165427,-2.9580074426257963,-1.053108353035776,0.08549887676925344,1.1572994393512064,0.6009455988120226
2.5162911492853377,1.8451044152818088,0.2384380746573705,-0.5179881059307273,1.434784883121723,-0.28258610201368517,-0.4067687208327123,-0.07152161825427683,0.25388299621995974,0.27812341015177994,0.20257018096028123,0.1260701194300788,0.08549887676925344,-1.059902453160226,1.251969997525047
-0.2617605486755846,-1.1409807605200954,0.2880649093709489,-0.5058789298262397,0.9497062563852547,1.337941847145344,1.4203039035752874,0.8469665319585392,-0.18699560228830392,-0.15714378101287094,-0.19250202198797847,0.03559255019714171,0.08549887676925344,-0.5731995987064968,0.7011031986140263
-0.1547557584968952,-1.148385807453268,1.254833824079699,-0.4988477953139567,-1.5267477853746036,-1.6870436579515105,-1.320305033036712,-1.5411026585947825,-0.4074349015424357,-0.5924109721775218,-0.19250202198797847,-0.48522247572823496,-1.1965066274132958,1.6980803887442388,-1.5023639970300564
-0.20362991871691943,-0.24959823593942765,0.8497070676198127,0.6726173381492043,1.000767164462779,0.25758988103932456,0.5067675913712875,-0.07152161825427683,-0.18699560228830392,-0.15714378101287094,-0.19250202198797847,-1.053108353035776,-1.1965066274132958,-1.2762148329174388,-0.400630399208015
-0.28360581725877726,-1.1409807605200954,0.2880649093709489,-0.5058789298262397,0.9497062563852547,1.337941847145344,1.4203039035752874,0.8469665319585392,-0.18699560228830392,-0.15714378101287094,-0.19250202198797847,-0.18044357397591915,0.08549887676925344,0.6165184899581742,0.7011031986140263
-0.27657090025741016,-1.1270962975203966,0.32289912989105674,-0.49181666080167363,1.2305412508116313,-0.28258610201368517,-0.4067687208327123,-0.07152161825427683,0.9152008939823552,0.7133906013164308,0.9927145868568007,0.006770415145578656,0.08549887676925344,-0.14057483919207098,0.6510243987130244
-0.2558364080428544,-1.1844854112524852,-1.1783126201946919,-0.8910288536657452,1.7156198775480973,-1.3629380681197047,-1.320305033036712,-0.9900097684670929,0.47432229547409155,1.1486577924810817,-0.19250202198797847,0.1260701194300788,1.3675043809518026,0.8328308697153871,0.3004727994060113
-0.19659500171555233,-1.1693667737639242,-0.6710691076895581,-0.11330725289043549,-1.475686877297082,1.337941847145344,1.4203039035752874,0.8469665319585392,0.6947615947282234,0.7133906013164308,0.597642383908541,0.5534877303040735,0.08549887676925344,0.9950651545332968,-0.15023639970300565
-0.28138426452150345,0.6106213827974715,0.34341791732070936,-0.5090038784983656,-0.25022508343653194,0.6897306674817323,0.5067675913712875,0.663268901915976,0.033443696965827906,0.27812341015177994,-0.19250202198797847,-0.45330937043211694,-1.1965066274132958,1.1032213444119032,0.400630399208015
0.4147022598242962,-1.1270962975203966,0.32289912989105674,-0.49181666080167363,1.2305412508116313,0.7977658640923343,0.5067675913712875,0.8469665319585392,1.135640193236487,0.7133906013164308,1.3877867898050604,0.03559255019714171,1.3675043809518026,-0.19465293413137422,-0.35055159930701313
0.20069267946691732,-1.1693667737639242,-0.6710691076895581,-0.11330725289043549,-1.475686877297082,1.6620474369771499,1.7857184284568872,1.0306641620011023,-0.18699560228830392,0.7133906013164308,-0.9826464278844979,-0.66451343385658,-1.1965066274132958,-0.24873102907067746,0.5508667989110206
-0.11624884438414886,1.2789268685163104,-1.1568394705590088,0.6796484726614873,0.38803626753250386,-0.8227620850666949,-0.4067687208327123,-0.9900097684670929,-1.0687527993048311,-1.0276781633421728,-0.9826464278844979,0.006770415145578656,1.3675043809518026,-0.14057483919207098,1.1518123977230432
-0.012206124521824561,1.2789268685163104,-1.1568394705590088,0.6796484726614873,0.38803626753250386,-0.8227620850666949,-0.4067687208327123,-0.9900097684670929,-1.0687527993048311,-1.0276781633421728,-0.9826464278844979,-0.07416729677918882,1.3675043809518026,-1.546605307613955,1.1518123977230432
0.14774567256189108,0.6106213827974715,0.34341791732070936,-0.5090038784983656,-0.25022508343653194,-0.714726888456093,-0.0413541959511124,-1.173707398509656,0.6947615947282234,0.7133906013164308,0.597642383908541,0.03559255019714171,1.3675043809518026,0.4002061102009613,1.5524427969310584
-0.14809110028507375,-0.24959823593942765,0.8497070676198127,0.6726173381492043,1.000767164462779,0.25758988103932456,0.5067675913712875,-0.07152161825427683,-0.18699560228830392,-0.15714378101287094,-0.19250202198797847,-0.5008826302442834,-1.1965066274132958,1.6440022938049355,-0.400630399208015
-0.2850868524169598,-1.2063920084297877,-1.0733327775313528,0.2886392700617461,0.20932308926117313,-0.4986564952348891,-2.233841345240712,1.3980594220862288,0.9152008939823552,1.1486577924810817,0.597642383908541,-0.18044357397591915,-1.1965066274132958,-0.7354338835244065,-0.9014183982180338
0.12553014518915281,0.6106213827974715,0.34341791732070936,-0.5090038784983656,-0.25022508343653194,-1.4709732647303067,-1.320305033036712,-1.173707398509656,0.25388299621995974,0.7133906013164308,-0.19250202198797847,0.1260701194300788,0.08549887676925344,-1.059902453160226,-1.251969997525047
-0.18030361497554426,0.6106213827974715,0.34341791732070936,-0.5090038784983656,-0.25022508343653194,-0.606691691845491,-0.9548905081551122,-0.07152161825427683,-0.18699560228830392,-0.5924109721775218,0.20257018096028123,-0.48522247572823496,0.08549887676925344,1.6980803887442388,0.9514971981190357
-0.2625010662546759,0.6106213827974715,0.34341791732070936,-0.5090038784983656,-0.25022508343653194,-2.011149247783316,-2.233841345240712,-1.173707398509656,0.9152008939823552,1.1486577924810817,0.597642383908541,1.253919396708919,0.08549887676925344,-1.2221367379781356,1.4522851971290545
-0.07366908358640048,-1.148385807453268,1.254833824079699,-0.4988477953139567,-1.5267477853746036,-1.6870436579515105,-1.320305033036712,-1.5411026585947825,-0.4074349015424357,-0.5924109721775218,-0.19250202198797847,0.03559255019714171,-1.1965066274132958,0.7246746798367807,-1.5023639970300564
-0.046269933160023265,-1.148385807453268,1.254833824079699,-0.4988477953139567,-1.5267477853746036,-1.6870436579515105,-1.320305033036712,-1.5411026585947825,-0.4074349015424357,-0.5924109721775218,-0.19250202198797847,-0.9654119228257313,-1.1965066274132958,0.2379718253830516,-1.5023639970300564
-0.2506527849892155,-0.22886971441058448,0.5783211603049987,0.5987549149898665,0.31144490541621894,-0.8227620850666949,-1.320305033036712,-0.07152161825427683,0.6947615947282234,0.27812341015177994,0.9927145868568007,0.5534877303040735,-1.1965066274132958,0.9950651545332968,0.15023639970300565
-0.22473466972102082,0.6106213827974715,0.34341791732070936,-0.5090038784983656,-0.25022508343653194,0.25758988103932456,0.14135306648968757,0.2958736418308496,0.6947615947282234,0.27812341015177994,0.9927145868568007,-0.48522247572823496,1.3675043809518026,1.6980803887442388,-0.80126079841603
-0.2691657244664974,-1.1104349419207578,-1.1601797382801151,-0.08713580776138195,-0.9395473424830896,0.25758988103932456,0.5067675913712875,-0.07152161825427683,-0.18699560228830392,-0.15714378101287094,-0.19250202198797847,-0.18044357397591915,-1.1965066274132958,0.34612801526165804,-0.5007879990100188
-0.2899002166810531,-1.2063920084297877,-1.0733327775313528,0.2886392700617461,0.20932308926117313,-0.4986564952348891,-2.233841345240712,1.3980594220862288,0.9152008939823552,1.1486577924810817,0.597642383908541,0.5534877303040735,-1.1965066274132958,0.9950651545332968,-0.9014183982180338
-0.22288337577329262,0.6106213827974715,0.34341791732070936,-0.5090038784983656,-0.25022508343653194,-0.606691691845491,-0.9548905081551122,-0.07152161825427683,-0.18699560228830392,-0.5924109721775218,0.20257018096028123,1.253919396708919,0.08549887676925344,-1.6547614974925613,1.1017335978220413
-0.00035784325636414237,0.6106213827974715,0.34341791732070936,-0.5090038784983656,-0.25022508343653194,-0.606691691845491,-0.9548905081551122,-0.07152161825427683,-0.18699560228830392,-0.5924109721775218,0.20257018096028123,-0.9654119228257313,0.08549887676925344,-0.08649674425276777,0.9514971981190357
-0.2936028045765095,-1.1693667737639242,-0.6710691076895581,-0.11330725289043549,-1.475686877297082,0.04151948781812065,-1.320305033036712,1.3980594220862288,-0.18699560228830392,-0.15714378101287094,-0.19250202198797847,0.1260701194300788,-1.1965066274132958,0.8328308697153871,1.3521275973270508
0.08887452502413463,1.8451044152818088,0.2384380746573705,-0.5179881059307273,1.434784883121723,-0.28258610201368517,-0.4067687208327123,-0.07152161825427683,0.25388299621995974,0.27812341015177994,0.20257018096028123,1.253919396708919,0.08549887676925344,-1.2221367379781356,1.251969997525047
0.05110812849047955,1.2789268685163104,-1.1568394705590088,0.6796484726614873,0.38803626753250386,0.36562507764992647,1.2375966411344874,-0.6226145083819664,1.3560794924906188,0.7133906013164308,1.78285899275332,0.006770415145578656,1.3675043809518026,1.265455629229813,0.05007879990100188
-0.23843424493420942,-0.24959823593942765,0.8497070676198127,0.6726173381492043,1.000767164462779,1.337941847145344,1.4203039035752874,0.8469665319585392,0.6947615947282234,0.7133906013164308,0.597642383908541,0.1260701194300788,-1.1965066274132958,0.8328308697153871,1.3020487974260488
-0.2810140057319578,1.8451044152818088,0.2384380746573705,-0.5179881059307273,1.434784883121723,1.554012240366548,1.7857184284568872,0.8469665319585392,-2.391388594829622,-2.7687469280007764,-1.7727908337810172,-0.48522247572823496,1.3675043809518026,-0.9517462632816194,1.4022063972280525
0.36804965234154574,1.2789268685163104,-1.1568394705590088,0.6796484726614873,0.38803626753250386,-0.8227620850666949,-0.4067687208327123,-0.9900097684670929,-1.0687527993048311,-1.0276781633421728,-0.9826464278844979,-0.9654119228257313,1.3675043809518026,-1.1680586430388322,1.1518123977230432
-0.29323254578696384,-1.1693667737639242,-0.6710691076895581,-0.11330725289043549,-1.475686877297082,0.04151948781812065,-1.320305033036712,1.3980594220862288,-0.18699560228830392,-0.15714378101287094,-0.19250202198797847,1.3358760999740618,-1.1965066274132958,-0.843590073403013,1.3521275973270508
-0.2936028045765095,-1.2063920084297877,-1.0733327775313528,0.2886392700617461,0.20932308926117313,-0.4986564952348891,-2.233841345240712,1.3980594220862288,0.9152008939823552,1.1486577924810817,0.597642383908541,1.3358760999740618,-1.1965066274132958,-0.843590073403013,-0.9014183982180338
0.6524084027125958,0.6106213827974715,0.34341791732070936,-0.5090038784983656,-0.25022508343653194,-0.8227620850666949,-0.4067687208327123,-0.9900097684670929,-0.4074349015424357,-1.0276781633421728,0.20257018096028123,0.006770415145578656,1.3675043809518026,0.7787527747760838,0.851339598317032
-0.28545711120650546,0.6106213827974715,0.34341791732070936,-0.5090038784983656,-0.25022508343653194,-0.8227620850666949,-0.4067687208327123,-0.9900097684670929,-0.4074349015424357,-0.5924109721775218,-0.19250202198797847,-1.053108353035776,1.3675043809518026,0.8869089646546904,-0.6510243987130244
-0.14142644207325225,1.2789268685163104,-1.1568394705590088,0.6796484726614873,0.38803626753250386,-0.17455090540308324,0.14135306648968757,-0.43891687833940324,0.6947615947282234,0.7133906013164308,0.597642383908541,-0.48522247572823496,-1.1965066274132958,0.9409870595939935,-0.10015759980200376
-0.21510794119283422,0.6106213827974715,0.34341791732070936,-0.5090038784983656,-0.25022508343653194,-0.606691691845491,-0.9548905081551122,-0.07152161825427683,-0.18699560228830392,-0.5924109721775218,0.20257018096028123,0.006770415145578656,0.08549887676925344,-0.7895119784637097,0.9514971981190357
-0.2332506218805705,0.6106213827974715,0.34341791732070936,-0.5090038784983656,-0.25022508343653194,0.25758988103932456,0.14135306648968757,0.2958736418308496,0.6947615947282234,0.27812341015177994,0.9927145868568007,-0.66451343385658,1.3675043809518026,-1.7088395924318647,-0.80126079841603
0.1607047301959884,-1.1104349419207578,-1.1601797382801151,-0.08713580776138195,-0.9395473424830896,0.25758988103932456,0.5067675913712875,-0.07152161825427683,-0.18699560228830392,-0.15714378101287094,-0.19250202198797847,0.1260701194300788,-1.1965066274132958,-1.059902453160226,-0.5007879990100188
-0.2099243181391953,-1.1844854112524852,-1.1783126201946919,-0.8910288536657452,1.7156198775480973,0.7977658640923343,1.4203039035752874,-0.07152161825427683,0.6947615947282234,0.7133906013164308,0.597642383908541,-0.8727562352098543,-1.1965066274132958,0.5083623000795677,-0.2003151996040075
-0.10254926917096024,1.2789268685163104,-1.1568394705590088,0.6796484726614873,0.38803626753250386,-0.28258610201368517,0.14135306648968757,-0.6226145083819664,0.25388299621995974,0.27812341015177994,0.20257018096028123,-0.66451343385658,-1.1965066274132958,-1.7088395924318647,-1.1017335978220413
-0.13661307780915896,-1.1844854112524852,-1.1783126201946919,-0.8910288536657452,1.7156198775480973,-1.3629380681197047,-1.320305033036712,-0.9900097684670929,0.47432229547409155,1.1486577924810817,-0.19250202198797847,0.03559255019714171,1.3675043809518026,-0.5731995987064968,0.3004727994060113
-0.013316900890461475,0.6106213827974715,0.34341791732070936,-0.5090038784983656,-0.25022508343653194,0.25758988103932456,0.14135306648968757,0.2958736418308496,0.6947615947282234,0.27812341015177994,0.9927145868568007,0.03559255019714171,1.3675043809518026,-0.5731995987064968,-0.851339598317032
0.31399186906788257,-1.1844854112524852,-1.1783126201946919,-0.8910288536657452,1.7156198775480973,-1.3629380681197047,-1.320305033036712,-0.9900097684670929,0.47432229547409155,1.1486577924810817,-0.19250202198797847,0.1260701194300788,1.3675043809518026,-1.059902453160226,0.3004727994060113
-0.2802734881528665,1.2789268685163104,-1.1568394705590088,0.6796484726614873,0.38803626753250386,0.25758988103932456,0.5067675913712875,-0.07152161825427683,0.033443696965827906,0.27812341015177994,-0.19250202198797847,-0.7054938746681985,-1.1965066274132958,1.4817680089870258,0.0
-0.23288036309102486,-0.24959823593942765,0.8497070676198127,0.6726173381492043,1.000767164462779,1.337941847145344,1.4203039035752874,0.8469665319585392,0.6947615947282234,0.7133906013164308,0.597642383908541,0.1260701194300788,-1.1965066274132958,-0.03241864931346453,1.3020487974260488
0.09442840686731921,1.2789268685163104,-1.1568394705590088,0.6796484726614873,0.38803626753250386,0.7977658640923343,0.5067675913712875,0.8469665319585392,0.033443696965827906,0.27812341015177994,-0.19250202198797847,-0.7539631269986905,0.08549887676925344,1.319533724169116,1.0015759980200376
-0.2062217302437389,-1.0734097072548943,4.356033812575339,6.534630428473198,-0.8118950722892828,0.25758988103932456,0.5067675913712875,-0.07152161825427683,-0.18699560228830392,-0.5924109721775218,0.20257018096028123,0.03559255019714171,0.08549887676925344,1.4276899140477226,-1.4022063972280525
-0.2602795135174021,-1.1844854112524852,-1.1783126201946919,-0.8910288536657452,1.7156198775480973,0.7977658640923343,1.4203039035752874,-0.07152161825427683,0.6947615947282234,0.7133906013164308,0.597642383908541,-0.9654119228257313,-1.1965066274132958,-0.08649674425276777,-0.2003151996040075
-0.26768468930831485,0.6106213827974715,0.34341791732070936,-0.5090038784983656,-0.25022508343653194,-0.8227620850666949,-0.4067687208327123,-0.9900097684670929,0.6947615947282234,0.7133906013164308,0.597642383908541,-0.18044357397591915,1.3675043809518026,0.18389373044374838,0.2503939995050094
0.013341731956824466,-1.1104349419207578,-1.1601797382801151,-0.08713580776138195,-0.9395473424830896,1.337941847145344,1.4203039035752874,0.8469665319585392,0.6947615947282234,0.7133906013164308,0.597642383908541,-0.7539631269986905,0.08549887676925344,1.319533724169116,-1.4522851971290545
0.05444045759639029,0.6106213827974715,0.34341791732070936,-0.5090038784983656,-0.25022508343653194,-0.8227620850666949,-0.4067687208327123,-0.9900097684670929,0.6947615947282234,0.7133906013164308,0.597642383908541,-0.07416729677918882,1.3675043809518026,-1.546605307613955,0.2503939995050094
-0.2176997527196537,1.2789268685163104,-1.1568394705590088,0.6796484726614873,0.38803626753250386,0.36562507764992647,1.2375966411344874,-0.6226145083819664,1.3560794924906188,0.7133906013164308,1.78285899275332,0.1260701194300788,1.3675043809518026,-1.3843710227960453,0.05007879990100188
0.12367885124142461,0.6106213827974715,0.34341791732070936,-0.5090038784983656,-0.25022508343653194,-1.6870436579515105,-1.320305033036712,-1.5411026585947825,1.135640193236487,1.1486577924810817,0.9927145868568007,0.006770415145578656,0.08549887676925344,1.265455629229813,1.2018911976240452
-0.20400017750646507,-1.1104349419207578,-1.1601797382801151,-0.08713580776138195,-0.9395473424830896,-0.8227620850666949,-0.4067687208327123,-0.9900097684670929,-1.0687527993048311,-1.0276781633421728,-0.9826464278844979,-0.66451343385658,1.3675043809518026,-0.24873102907067746,0.9014183982180338
-0.2669441717292236,-1.1104349419207578,-1.1601797382801151,-0.08713580776138195,-0.9395473424830896,1.337941847145344,1.4203039035752874,0.8469665319585392,0.25388299621995974,0.7133906013164308,-0.19250202198797847,-1.053108353035776,0.08549887676925344,-1.2762148329174388,-0.4507091991090169
0.07702624375867421,0.6106213827974715,0.34341791732070936,-0.5090038784983656,-0.25022508343653194,-1.6870436579515105,-1.320305033036712,-1.5411026585947825,1.135640193236487,1.1486577924810817,0.9927145868568007,-0.9654119228257313,0.08549887676925344,-0.08649674425276777,1.2018911976240452
0.07702624375867421,-1.1104349419207578,-1.1601797382801151,-0.08713580776138195,-0.9395473424830896,1.337941847145344,1.4203039035752874,0.8469665319585392,0.25388299621995974,0.7133906013164308,-0.19250202198797847,0.1260701194300788,0.08549887676925344,-1.059902453160226,-0.4507091991090169
-0.1680850749205382,1.2789268685163104,-1.1568394705590088,0.6796484726614873,0.38803626753250386,-0.28258610201368517,0.14135306648968757,-0.6226145083819664,0.25388299621995974,0.27812341015177994,0.20257018096028123,-0.18044357397591915,-1.1965066274132958,-0.7354338835244065,-1.1017335978220413
0.6172338177057602,1.8451044152818088,0.2384380746573705,-0.5179881059307273,1.434784883121723,-0.28258610201368517,-0.4067687208327123,-0.07152161825427683,0.25388299621995974,0.27812341015177994,0.20257018096028123,0.03559255019714171,0.08549887676925344,0.7246746798367807,1.251969997525047
-0.24139631525057453,-0.24959823593942765,0.8497070676198127,0.6726173381492043,1.000767164462779,0.25758988103932456,0.5067675913712875,-0.07152161825427683,-0.18699560228830392,-0.15714378101287094,-0.19250202198797847,-1.053108353035776,-1.1965066274132958,0.4542842051402645,-0.400630399208015
0.10590642934323398,1.2789268685163104,-1.1568394705590088,0.6796484726614873,0.38803626753250386,-0.17455090540308324,0.14135306648968757,-0.43891687833940324,0.6947615947282234,0.7133906013164308,0.597642383908541,-0.45330937043211694,-1.1965066274132958,1.1032213444119032,-0.10015759980200376
-0.273608829941045,-0.24959823593942765,0.8497070676198127,0.6726173381492043,1.000767164462779,1.337941847145344,1.4203039035752874,0.8469665319585392,0.6947615947282234,0.7133906013164308,0.597642383908541,2.994129652669048,-1.1965066274132958,1.5899241988656323,1.3020487974260488
-0.26879546567695173,1.2789268685163104,-1.1568394705590088,0.6796484726614873,0.38803626753250386,0.25758988103932456,0.5067675913712875,-0.07152161825427683,0.033443696965827906,0.27812341015177994,-0.19250202198797847,2.994129652669048,-1.1965066274132958,0.29204992032235483,0.0
-0.28323555846923165,0.6106213827974715,0.34341791732070936,-0.5090038784983656,-0.25022508343653194,-0.0665157087924813,-0.4067687208327123,0.2958736418308496,-0.9805770796031784,-1.0276781633421728,-0.824617546705194,0.006770415145578656,0.08549887676925344,0.7787527747760838,0.80126079841603
9.132445459676344,-1.1409807605200954,0.2880649093709489,-0.5058789298262397,0.9497062563852547,1.337941847145344,1.4203039035752874,0.8469665319585392,-0.18699560228830392,-0.15714378101287094,-0.19250202198797847,0.11588619232781792,0.08549887676925344,-1.4925272126746516,0.7011031986140263
-0.23584243340738995,0.6106213827974715,0.34341791732070936,-0.5090038784983656,-0.25022508343653194,-0.606691691845491,-0.9548905081551122,-0.07152161825427683,-0.18699560228830392,-0.5924109721775218,0.20257018096028123,-0.7054938746681985,0.08549887676925344,-0.3568872189492839,1.1017335978220413
-0.25694718441149134,-1.1844854112524852,-1.1783126201946919,-0.8910288536657452,1.7156198775480973,0.7977658640923343,1.4203039035752874,-0.07152161825427683,0.6947615947282234,0.7133906013164308,0.597642383908541,-0.45330937043211694,-1.1965066274132958,-0.8976681683423162,-0.2003151996040075
-0.18696827318736572,0.6106213827974715,0.34341791732070936,-0.5090038784983656,-0.25022508343653194,1.1218714539241401,0.5067675913712875,1.3980594220862288,-0.6278742007965675,0.27812341015177994,-1.3777186308327576,0.006770415145578656,0.08549887676925344,0.7787527747760838,1.5023639970300564
-0.04738070952866018,-0.22886971441058448,0.5783211603049987,0.5987549149898665,0.31144490541621894,-0.8227620850666949,-1.320305033036712,-0.07152161825427683,0.6947615947282234,0.27812341015177994,0.9927145868568007,-1.053108353035776,-1.1965066274132958,0.6705965848974774,0.15023639970300565
-0.17252818039508586,1.2789268685163104,-1.1568394705590088,0.6796484726614873,0.38803626753250386,0.5816954708711304,0.14135306648968757,0.8469665319585392,0.6947615947282234,0.27812341015177994,0.9927145868568007,0.006770415145578656,0.08549887676925344,0.7787527747760838,-0.6009455988120226
-0.01664922999637222,1.2789268685163104,-1.1568394705590088,0.6796484726614873,0.38803626753250386,0.7977658640923343,0.5067675913712875,0.8469665319585392,0.033443696965827906,0.27812341015177994,-0.19250202198797847,-0.7054938746681985,0.08549887676925344,-1.4384491177353484,1.0015759980200376
0.7123903266189892,0.6106213827974715,0.34341791732070936,-0.5090038784983656,-0.25022508343653194,-1.6870436579515105,-1.320305033036712,-1.5411026585947825,1.135640193236487,1.1486577924810817,0.9927145868568007,-0.5008826302442834,0.08549887676925344,1.6440022938049355,1.2018911976240452
-0.19215189624100468,0.6106213827974715,0.34341791732070936,-0.5090038784983656,-0.25022508343653194,-0.606691691845491,-0.9548905081551122,-0.07152161825427683,-0.18699560228830392,-0.5924109721775218,0.20257018096028123,0.006770415145578656,0.08549887676925344,0.021659445625838693,1.1017335978220413
-0.2643523602024041,-1.1104349419207578,-1.1601797382801151,-0.08713580776138195,-0.9395473424830896,-0.714726888456093,-2.051134082799912,0.8469665319585392,0.033443696965827906,0.27812341015177994,-0.19250202198797847,2.406388753687064,-1.1965066274132958,-1.113980548099529,-0.7511819985150282
-0.28804892273332494,-1.1104349419207578,-1.1601797382801151,-0.08713580776138195,-0.9395473424830896,-0.8227620850666949,-0.4067687208327123,-0.9900097684670929,-1.0687527993048311,-1.0276781633421728,-0.9826464278844979,0.006770415145578656,1.3675043809518026,1.265455629229813,0.9014183982180338
-0.1429074772314348,0.6106213827974715,0.34341791732070936,-0.5090038784983656,-0.25022508343653194,0.25758988103932456,0.14135306648968757,0.2958736418308496,0.6947615947282234,0.27812341015177994,0.9927145868568007,0.03559255019714171,1.3675043809518026,-0.5731995987064968,-0.80126079841603
0.28955478895787046,-1.148385807453268,1.254833824079699,-0.4988477953139567,-1.5267477853746036,-1.6870436579515105,-1.320305033036712,-1.5411026585947825,-0.4074349015424357,-0.5924109721775218,-0.19250202198797847,-0.8727562352098543,-1.1965066274132958,-0.41096531388858715,-1.5023639970300564
0.22994312384102275,0.6106213827974715,0.34341791732070936,-0.5090038784983656,-0.25022508343653194,-0.606691691845491,-0.9548905081551122,-0.07152161825427683,-0.18699560228830392,-0.5924109721775218,0.20257018096028123,-0.8727562352098543,0.08549887676925344,-0.5191215037671936,0.9514971981190357
-0.1536449821282583,0.6106213827974715,0.34341791732070936,-0.5090038784983656,-0.25022508343653194,0.25758988103932456,0.14135306648968757,0.2958736418308496,0.6947615947282234,0.27812341015177994,0.9927145868568007,-0.18044357397591915,1.3675043809518026,0.6165184899581742,-0.851339598317032
-0.015538453627735304,-0.24959823593942765,0.8497070676198127,0.6726173381492043,1.000767164462779,0.25758988103932456,0.5067675913712875,-0.07152161825427683,-0.18699560228830392,-0.15714378101287094,-0.19250202198797847,-0.8727562352098543,-1.1965066274132958,0.12981563550444514,-0.400630399208015
-0.2554661492533088,-1.1693667737639242,-0.6710691076895581,-0.11330725289043549,-1.475686877297082,0.25758988103932456,0.5067675913712875,-0.07152161825427683,-0.18699560228830392,-0.15714378101287094,-0.19250202198797847,-0.18044357397591915,-1.1965066274132958,0.34612801526165804,1.7527579965350657
-0.2380639861446638,0.6106213827974715,0.34341791732070936,-0.5090038784983656,-0.25022508343653194,0.7977658640923343,0.5067675913712875,0.8469665319585392,1.5765187917447507,1.5839249836457325,1.3877867898050604,0.1260701194300788,-1.1965066274132958,-1.3843710227960453,0.10015759980200376
-0.15808808760280596,0.6106213827974715,0.34341791732070936,-0.5090038784983656,-0.25022508343653194,-1.6870436579515105,-1.320305033036712,-1.5411026585947825,1.135640193236487,1.1486577924810817,0.9927145868568007,-0.9654119228257313,0.08549887676925344,0.2379718253830516,1.2018911976240452
-0.22917777519556848,1.2789268685163104,-1.1568394705590088,0.6796484726614873,0.38803626753250386,0.5816954708711304,0.14135306648968757,0.8469665319585392,0.25388299621995974,0.7133906013164308,-0.19250202198797847,0.03559255019714171,0.08549887676925344,-0.19465293413137422,-0.9514971981190357
-0.08959021153686292,1.2789268685163104,-1.1568394705590088,0.6796484726614873,0.38803626753250386,0.5816954708711304,0.14135306648968757,0.8469665319585392,0.6947615947282234,0.27812341015177994,0.9927145868568007,-0.7539631269986905,0.08549887676925344,1.319533724169116,-0.6009455988120226
-0.09921694006504951,1.8451044152818088,0.2384380746573705,-0.5179881059307273,1.434784883121723,1.554012240366548,1.7857184284568872,0.8469665319585392,-2.391388594829622,-2.7687469280007764,-1.7727908337810172,-0.18044357397591915,1.3675043809518026,0.34612801526165804,1.4022063972280525
-0.16549326339371873,-0.22886971441058448,0.5783211603049987,0.5987549149898665,0.31144490541621894,-0.8227620850666949,-1.320305033036712,-0.07152161825427683,0.6947615947282234,0.27812341015177994,0.9927145868568007,-1.053108353035776,-1.1965066274132958,-1.2762148329174388,0.15023639970300565
-0.2499122674101242,-1.1693667737639242,-0.6710691076895581,-0.11330725289043549,-1.475686877297082,0.04151948781812065,-1.320305033036712,1.3980594220862288,-0.18699560228830392,-0.15714378101287094,-0.19250202198797847,0.5534877303040735,-1.1965066274132958,-1.6006834025532581,1.3521275973270508
-0.23991528009239196,-1.0734097072548943,4.356033812575339,6.534630428473198,-0.8118950722892828,0.25758988103932456,0.5067675913712875,-0.07152161825427683,-0.18699560228830392,-0.5924109721775218,0.20257018096028123,-0.3650833393028946,0.08549887676925344,0.07573754056514193,-1.4022063972280525
-0.22732648124784027,1.2789268685163104,-1.1568394705590088,0.6796484726614873,0.38803626753250386,0.7977658640923343,0.5067675913712875,0.8469665319585392,0.033443696965827906,0.27812341015177994,-0.19250202198797847,-0.45330937043211694,0.08549887676925344,-0.8976681683423162,1.0015759980200376
-0.20918380056010402,-1.1844854112524852,-1.1783126201946919,-0.8910288536657452,1.7156198775480973,0.7977658640923343,1.4203039035752874,-0.07152161825427683,0.6947615947282234,0.7133906013164308,0.597642383908541,-1.053108353035776,-1.1965066274132958,0.6705965848974774,-0.2003151996040075
0.2680797791642235,-0.24959823593942765,0.8497070676198127,0.6726173381492043,1.000767164462779,1.1218714539241401,1.0548893786936875,0.8469665319585392,-0.4074349015424357,0.27812341015177994,-0.9826464278844979,0.1260701194300788,-1.1965066274132958,-1.059902453160226,-0.3004727994060113
0.07073184433639837,0.6106213827974715,0.34341791732070936,-0.5090038784983656,-0.25022508343653194,-1.0388324782878988,-1.6857195579183122,-0.07152161825427683,0.47432229547409155,0.27812341015177994,0.597642383908541,-0.18044357397591915,0.08549887676925344,-1.0058243582209225,-1.1518123977230432
-0.2532445965160349,1.8451044152818088,0.2384380746573705,-0.5179881059307273,1.434784883121723,1.554012240366548,1.7857184284568872,0.8469665319585392,-2.391388594829622,-2.7687469280007764,-1.7727908337810172,-0.18044357397591915,1.3675043809518026,-0.7354338835244065,1.4022063972280525
-0.21325664724510604,-1.1693667737639242,-0.6710691076895581,-0.11330725289043549,-1.475686877297082,0.25758988103932456,0.5067675913712875,-0.07152161825427683,-0.18699560228830392,-0.15714378101287094,-0.19250202198797847,-0.8727562352098543,-1.1965066274132958,0.5083623000795677,-1.7527579965350657
-0.1358725602300677,-0.22886971441058448,0.5783211603049987,0.5987549149898665,0.31144490541621894,-0.8227620850666949,-1.320305033036712,-0.07152161825427683,0.6947615947282234,0.27812341015177994,0.9927145868568007,-1.053108353035776,-1.1965066274132958,0.4542842051402645,0.15023639970300565
-0.2762006414678645,0.6106213827974715,0.34341791732070936,-0.5090038784983656,-0.25022508343653194,0.25758988103932456,0.5067675913712875,-0.07152161825427683,-0.4074349015424357,-1.0276781633421728,0.20257018096028123,0.481837613057126,0.08549887676925344,-0.30280912400998067,-0.7011031986140263
-0.0014686196250010566,1.2789268685163104,-1.1568394705590088,0.6796484726614873,0.38803626753250386,0.5816954708711304,0.14135306648968757,0.8469665319585392,0.6947615947282234,0.27812341015177994,0.9927145868568007,-0.07416729677918882,0.08549887676925344,-1.546605307613955,-0.6009455988120226
-0.17808206223827042,0.6106213827974715,0.34341791732070936,-0.5090038784983656,-0.25022508343653194,-1.4709732647303067,-1.320305033036712,-1.173707398509656,0.25388299621995974,0.7133906013164308,-0.19250202198797847,2.406388753687064,0.08549887676925344,-1.113980548099529,-1.251969997525047
-0.2713872772037712,-1.1490028946976991,1.2639002650369873,-0.48947294929757934,-1.4246259692195578,0.9058010607029362,1.6030111660160873,-0.07152161825427683,-3.2731457918461495,-2.7687469280007764,-3.353079645574056,0.006770415145578656,0.08549887676925344,-0.14057483919207098,-1.702679196634064
0.16551809446008173,0.6106213827974715,0.34341791732070936,-0.5090038784983656,-0.25022508343653194,-0.8227620850666949,-0.4067687208327123,-0.9900097684670929,-0.4074349015424357,-1.0276781633421728,0.20257018096028123,0.006770415145578656,1.3675043809518026,0.021659445625838693,0.851339598317032
-0.2643523602024041,1.2789268685163104,-1.1568394705590088,0.6796484726614873,0.38803626753250386,0.25758988103932456,0.5067675913712875,-0.07152161825427683,0.033443696965827906,0.27812341015177994,-0.19250202198797847,2.994129652669048,-1.1965066274132958,-0.6272776936458,0.0
-0.29249202820787257,-1.1693667737639242,-0.6710691076895581,-0.11330725289043549,-1.475686877297082,0.04151948781812065,-1.320305033036712,1.3980594220862288,-0.18699560228830392,-0.15714378101287094,-0.19250202198797847,0.03559255019714171,-1.1965066274132958,-0.19465293413137422,1.3521275973270508
-0.1399454069150697,1.3039189019157686,1.945314880142661,0.6730079567332199,-0.9395473424830896,0.25758988103932456,-0.4067687208327123,0.8469665319585392,0.6947615947282234,0.27812341015177994,0.9927145868568007,-0.7054938746681985,1.3675043809518026,-0.3568872189492839,-1.60252159683206
0.4583927969906815,-1.1693667737639242,-0.6710691076895581,-0.11330725289043549,-1.475686877297082,-0.8227620850666949,-0.4067687208327123,-0.9900097684670929,-1.0687527993048311,-1.0276781633421728,-0.9826464278844979,0.03559255019714171,1.3675043809518026,0.4002061102009613,-1.3020487974260488
-0.23695320977602688,-1.148385807453268,1.254833824079699,-0.4988477953139567,-1.5267477853746036,0.25758988103932456,0.5067675913712875,-0.07152161825427683,0.033443696965827906,0.27812341015177994,-0.19250202198797847,-0.18044357397591915,0.08549887676925344,0.562440395018871,-1.5524427969310584
-0.22214285819420135,1.2789268685163104,-1.1568394705590088,0.6796484726614873,0.38803626753250386,0.25758988103932456,0.5067675913712875,-0.07152161825427683,0.033443696965827906,0.27812341015177994,-0.19250202198797847,-0.5008826302442834,-1.1965066274132958,1.6440022938049355,0.0
-0.27471960630968195,-1.1104349419207578,-1.1601797382801151,-0.08713580776138195,-0.9395473424830896,-0.714726888456093,-2.051134082799912,0.8469665319585392,0.033443696965827906,0.27812341015177994,-0.19250202198797847,-1.053108353035776,-1.1965066274132958,-1.2762148329174388,-0.7511819985150282
-0.24250709161921144,0.6106213827974715,0.34341791732070936,-0.5090038784983656,-0.25022508343653194,1.1218714539241401,0.5067675913712875,1.3980594220862288,-0.6278742007965675,0.27812341015177994,-1.3777186308327576,-0.18044357397591915,0.08549887676925344,-1.0058243582209225,1.5023639970300564
-0.10180875159186897,1.2789268685163104,-1.1568394705590088,0.6796484726614873,0.38803626753250386,0.36562507764992647,1.2375966411344874,-0.6226145083819664,1.3560794924906188,0.7133906013164308,1.78285899275332,0.03559255019714171,1.3675043809518026,-0.19465293413137422,0.05007879990100188
-0.29323254578696384,0.6106213827974715,0.34341791732070936,-0.5090038784983656,-0.25022508343653194,-0.0665157087924813,-0.4067687208327123,0.2958736418308496,-0.9805770796031784,-1.0276781633421728,-0.824617546705194,-0.7054938746681985,0.08549887676925344,-1.4384491177353484,0.80126079841603
-0.27249805357240814,-0.551662442088432,1.2667633516550785,1.8397856671881925,2.532594406788464,0.7977658640923343,0.5067675913712875,0.8469665319585392,-3.2731457918461495,-3.204014119165427,-2.9580074426257963,0.03559255019714171,0.08549887676925344,1.4276899140477226,-0.5508667989110206
-0.055526402898664215,1.2789268685163104,-1.1568394705590088,0.6796484726614873,0.38803626753250386,-0.28258610201368517,0.14135306648968757,-0.6226145083819664,0.25388299621995974,0.27812341015177994,0.20257018096028123,0.1260701194300788,-1.1965066274132958,-1.059902453160226,-1.1017335978220413
-0.19807603687373487,1.2789268685163104,-1.1568394705590088,0.6796484726614873,0.38803626753250386,-0.28258610201368517,0.14135306648968757,-0.6226145083819664,0.25388299621995974,0.27812341015177994,0.20257018096028123,2.994129652669048,-1.1965066274132958,-0.6272776936458,-1.1017335978220413
-0.23732346856557252,-1.148385807453268,1.254833824079699,-0.4988477953139567,-1.5267477853746036,0.25758988103932456,0.5067675913712875,-0.07152161825427683,0.033443696965827906,0.27812341015177994,-0.19250202198797847,0.006770415145578656,0.08549887676925344,-0.7895119784637097,-1.5524427969310584
-0.226585963668749,0.6106213827974715,0.34341791732070936,-0.5090038784983656,-0.25022508343653194,-0.8227620850666949,-0.4067687208327123,-0.9900097684670929,0.6947615947282234,0.7133906013164308,0.597642383908541,1.253919396708919,1.3675043809518026,-1.6547614974925613,0.2503939995050094
-0.10069797522323207,1.2789268685163104,-1.1568394705590088,0.6796484726614873,0.38803626753250386,0.36562507764992647,1.2375966411344874,-0.6226145083819664,1.3560794924906188,0.7133906013164308,1.78285899275332,-0.18044357397591915,1.3675043809518026,0.34612801526165804,0.05007879990100188
-0.2780519354155927,-1.1270962975203966,0.32289912989105674,-0.49181666080167363,1.2305412508116313,-0.28258610201368517,-0.4067687208327123,-0.07152161825427683,0.9152008939823552,0.7133906013164308,0.9927145868568007,0.1260701194300788,0.08549887676925344,-1.059902453160226,0.6510243987130244
0.6946179047207985,-1.1104349419207578,-1.1601797382801151,-0.08713580776138195,-0.9395473424830896,-0.714726888456093,-2.051134082799912,0.8469665319585392,0.033443696965827906,0.27812341015177994,-0.19250202198797847,-0.3650833393028946,-1.1965066274132958,0.07573754056514193,-0.7511819985150282
0.2491965808973959,1.2789268685163104,-1.1568394705590088,0.6796484726614873,0.38803626753250386,0.7977658640923343,0.5067675913712875,0.8469665319585392,0.033443696965827906,0.27812341015177994,-0.19250202198797847,-1.053108353035776,0.08549887676925344,0.4542842051402645,1.0015759980200376
-0.22880751640602284,-0.24959823593942765,0.8497070676198127,0.6726173381492043,1.000767164462779,1.1218714539241401,1.0548893786936875,0.8469665319585392,-0.4074349015424357,0.27812341015177994,-0.9826464278844979,-0.20265138455711335,-1.1965066274132958,-1.330292927856742,-0.3004727994060113
-0.28804892273332494,-1.1693667737639242,-0.6710691076895581,-0.11330725289043549,-1.475686877297082,0.04151948781812065,-1.320305033036712,1.3980594220862288,-0.18699560228830392,-0.15714378101287094,-0.19250202198797847,-0.18044357397591915,-1.1965066274132958,-1.0058243582209225,1.3521275973270508
-0.2276967400373859,-1.1104349419207578,-1.1601797382801151,-0.08713580776138195,-0.9395473424830896,0.25758988103932456,0.5067675913712875,-0.07152161825427683,-0.18699560228830392,-0.15714378101287094,-0.19250202198797847,-0.9654119228257313,-1.1965066274132958,-1.1680586430388322,-0.5007879990100188
-0.2899002166810531,-0.551662442088432,1.2667633516550785,1.8397856671881925,2.532594406788464,0.7977658640923343,0.5067675913712875,0.8469665319585392,-3.2731457918461495,-3.204014119165427,-2.9580074426257963,0.1260701194300788,0.08549887676925344,-0.03241864931346453,-0.5508667989110206
-0.04145656889592997,1.2789268685163104,-1.1568394705590088,0.6796484726614873,0.38803626753250386,0.5816954708711304,0.14135306648968757,0.8469665319585392,0.6947615947282234,0.27812341015177994,0.9927145868568007,0.1260701194300788,0.08549887676925344,-0.03241864931346453,-0.6009455988120226
-0.19104111987236774,0.6106213827974715,0.34341791732070936,-0.5090038784983656,-0.25022508343653194,-1.0388324782878988,-1.6857195579183122,-0.07152161825427683,0.47432229547409155,0.27812341015177994,0.597642383908541,1.253919396708919,0.08549887676925344,-1.6547614974925613,-1.1518123977230432
-0.23176958672238793,-0.24959823593942765,0.8497070676198127,0.6726173381492043,1.000767164462779,0.25758988103932456,0.5067675913712875,-0.07152161825427683,-0.18699560228830392,-0.15714378101287094,-0.19250202198797847,0.006770415145578656,-1.1965066274132958,0.021659445625838693,-0.400630399208015
0.3539798183388115,0.6106213827974715,0.34341791732070936,-0.5090038784983656,-0.25022508343653194,-0.8227620850666949,-0.4067687208327123,-0.9900097684670929,-0.4074349015424357,-0.5924109721775218,-0.19250202198797847,1.253919396708919,1.3675043809518026,-1.2221367379781356,-0.6510243987130244
-0.2839760760483229,0.6106213827974715,0.34341791732070936,-0.5090038784983656,-0.25022508343653194,0.25758988103932456,0.5067675913712875,-0.07152161825427683,-0.4074349015424357,-1.0276781633421728,0.20257018096028123,-0.07416729677918882,0.08549887676925344,-0.46504340882789036,-0.7011031986140263
-0.11106522133050993,0.6106213827974715,0.34341791732070936,-0.5090038784983656,-0.25022508343653194,-1.4709732647303067,-1.320305033036712,-1.173707398509656,0.25388299621995974,0.7133906013164308,-0.19250202198797847,-0.18044357397591915,0.08549887676925344,0.34612801526165804,-1.251969997525047
-0.19659500171555233,-0.24959823593942765,0.8497070676198127,0.6726173381492043,1.000767164462779,0.25758988103932456,0.5067675913712875,-0.07152161825427683,-0.18699560228830392,-0.15714378101287094,-0.19250202198797847,2.994129652669048,-1.1965066274132958,0.29204992032235483,-0.400630399208015
0.07850727891685677,0.6106213827974715,0.34341791732070936,-0.5090038784983656,-0.25022508343653194,-0.8227620850666949,-0.4067687208327123,-0.9900097684670929,-0.4074349015424357,-0.5924109721775218,-0.19250202198797847,0.006770415145578656,1.3675043809518026,1.265455629229813,-0.6510243987130244
-0.25731744320103694,-1.1693667737639242,-0.6710691076895581,-0.11330725289043549,-1.475686877297082,0.25758988103932456,0.5067675913712875,-0.07152161825427683,-0.18699560228830392,-0.15714378101287094,-0.19250202198797847,-0.9654119228257313,-1.1965066274132958,-1.1680586430388322,1.7527579965350657
0.399521649452925,0.6106213827974715,0.34341791732070936,-0.5090038784983656,-0.25022508343653194,-1.0388324782878988,-1.6857195579183122,-0.07152161825427683,0.47432229547409155,0.27812341015177994,0.597642383908541,-0.9654119228257313,0.08549887676925344,-1.1680586430388322,-1.1518123977230432
-0.16438248702508182,-1.1693667737639242,-0.6710691076895581,-0.11330725289043549,-1.475686877297082,-0.8227620850666949,-0.4067687208327123,-0.9900097684670929,-1.0687527993048311,-1.0276781633421728,-0.9826464278844979,-0.7054938746681985,1.3675043809518026,1.4817680089870258,-1.3020487974260488
0.4935673819975171,-1.148385807453268,1.254833824079699,-0.4988477953139567,-1.5267477853746036,-1.6870436579515105,-1.320305033036712,-1.5411026585947825,-0.4074349015424357,-0.5924109721775218,-0.19250202198797847,0.03559255019714171,-1.1965066274132958,0.4002061102009613,-1.5023639970300564
0.7834800142117517,1.3039189019157686,1.945314880142661,0.6730079567332199,-0.9395473424830896,0.25758988103932456,-0.4067687208327123,0.8469665319585392,0.6947615947282234,0.27812341015177994,0.9927145868568007,-0.07416729677918882,1.3675043809518026,-0.46504340882789036,-1.60252159683206
-0.13365100749279385,0.6106213827974715,0.34341791732070936,-0.5090038784983656,-0.25022508343653194,-0.8227620850666949,-0.4067687208327123,-0.9900097684670929,0.6947615947282234,0.7133906013164308,0.597642383908541,0.481837613057126,1.3675043809518026,-0.30280912400998067,0.2503939995050094
0.21439225468010595,-0.24959823593942765,0.8497070676198127,0.6726173381492043,1.000767164462779,0.25758988103932456,0.5067675913712875,-0.07152161825427683,-0.18699560228830392,-0.15714378101287094,-0.19250202198797847,-0.07416729677918882,-1.1965066274132958,-1.546605307613955,-0.400630399208015
-0.28804892273332494,-1.0734097072548943,4.356033812575339,6.534630428473198,-0.8118950722892828,0.25758988103932456,0.5067675913712875,-0.07152161825427683,-0.18699560228830392,-0.5924109721775218,0.20257018096028123,-0.18044357397591915,0.08549887676925344,0.34612801526165804,-1.4022063972280525
-0.29249202820787257,-1.1104349419207578,-1.1601797382801151,-0.08713580776138195,-0.9395473424830896,1.337941847145344,1.4203039035752874,0.8469665319585392,0.25388299621995974,0.7133906013164308,-0.19250202198797847,2.406388753687064,0.08549887676925344,-1.113980548099529,-0.4507091991090169
-0.07218804842821792,1.8451044152818088,0.2384380746573705,-0.5179881059307273,1.434784883121723,1.554012240366548,1.7857184284568872,0.8469665319585392,-2.391388594829622,-2.7687469280007764,-1.7727908337810172,-0.3650833393028946,1.3675043809518026,0.07573754056514193,1.4022063972280525
-0.2895299578915075,0.6106213827974715,0.34341791732070936,-0.5090038784983656,-0.25022508343653194,0.6897306674817323,0.5067675913712875,0.663268901915976,0.033443696965827906,0.27812341015177994,-0.19250202198797847,0.03559255019714171,-1.1965066274132958,-0.5731995987064968,0.400630399208015
-0.25509589046376313,1.8451044152818088,0.2384380746573705,-0.5179881059307273,1.434784883121723,1.554012240366548,1.7857184284568872,0.8469665319585392,-2.391388594829622,-2.7687469280007764,-1.7727908337810172,0.006770415145578656,1.3675043809518026,0.021659445625838693,1.4022063972280525
-0.07959322421913069,-0.5538222474439407,1.2514935563585923,-0.5304879006192306,1.996454871974474,0.7977658640923343,0.5067675913712875,0.8469665319585392,-3.2731457918461495,-3.204014119165427,-2.9580074426257963,-1.053108353035776,0.08549887676925344,0.4542842051402645,0.6009455988120226
